Periods,Solar PV
1,0.0
2,0.0
3,0.0
4,0.0
5,0.0
6,0.0
7,0.0
8,60.779714818256714
9,97.60485028848973
10,330.3971914734943
11,528.7159938196487
12,682.9377642921716
13,762.6411043307686
14,806.3243999602038
15,777.8144711229888
16,675.9452966990565
17,493.24390597256235
18,286.59489026431663
19,66.83370840017798
20,0.0
21,0.0
22,0.0
23,0.0
24,0.0
25,0.0
26,0.0
27,0.0
28,0.0
29,0.0
30,0.0
31,0.0
32,62.37669830985729
33,291.02131511577556
34,506.2630635480838
35,680.662640604623
36,798.4815656211529
37,862.7136944514701
38,852.3906419184849
39,796.3798185712753
40,681.0423989576974
41,499.95816792754
42,288.651481720128
43,68.67453286539072
44,0.0
45,0.0
46,0.0
47,0.0
48,0.0
49,0.0
50,0.0
51,0.0
52,0.0
53,0.0
54,0.0
55,0.0
56,59.49423274279041
57,290.01717421978753
58,507.6034885720872
59,677.9577016704936
60,794.6434333212464
61,859.1086103412837
62,848.9136017137938
63,791.434323151897
64,675.6015036645287
65,496.98965287037163
66,290.11366581237274
67,70.62771491499863
68,0.0
69,0.0
70,0.0
71,0.0
72,0.0
73,0.0
74,0.0
75,0.0
76,0.0
77,0.0
78,0.0
79,0.0
80,57.27119995920238
81,220.92452721321166
82,425.07169326233486
83,668.0101444179859
84,787.1680374303578
85,848.626037576579
86,840.4011847757517
87,784.7439919914744
88,667.7042551906212
89,491.49119959467043
90,288.6007972004827
91,70.67713775686188
92,0.0
93,0.0
94,0.0
95,0.0
96,0.0
97,0.0
98,0.0
99,0.0
100,0.0
101,0.0
102,0.0
103,0.0
104,55.151086548982605
105,256.43142928647853
106,472.38990422236304
107,631.6443582226334
108,785.4285177518276
109,844.4920761052908
110,839.1013986070498
111,783.5219558474595
112,667.646958215451
113,493.2696416336352
114,286.28520263315744
115,75.16948658226532
116,0.0
117,0.0
118,0.0
119,0.0
120,0.0
121,0.0
122,0.0
123,0.0
124,0.0
125,0.0
126,0.0
127,0.0
128,45.1274231682325
129,285.78585130547907
130,502.40839026503636
131,675.206717763135
132,795.255402595687
133,855.8934047632882
134,851.2176575308076
135,790.2833593900231
136,676.2630226936618
137,499.28635398956646
138,294.00142939587596
139,74.57015118374538
140,0.0
141,0.0
142,0.0
143,0.0
144,0.0
145,0.0
146,0.0
147,0.0
148,0.0
149,0.0
150,0.0
151,0.0
152,45.43702166451091
153,285.4247602470409
154,502.71152766101216
155,676.0104580213089
156,794.183830312779
157,855.7714658510354
158,847.2315694420263
159,790.010023986457
160,673.5581770973268
161,500.3671261683255
162,295.57351144281375
163,76.74321893037383
164,0.0
165,0.0
166,0.0
167,0.0
168,0.0
169,0.0
170,0.0
171,0.0
172,0.0
173,0.0
174,0.0
175,0.0
176,44.35343514874431
177,284.45800769622366
178,500.78092753777145
179,674.1122563702642
180,795.5427975956882
181,854.8070310111381
182,850.5865043248484
183,794.0498101619031
184,677.7630849474507
185,504.38799479557423
186,296.40325397740787
187,78.17288898606535
188,0.0
189,0.0
190,0.0
191,0.0
192,0.0
193,0.0
194,0.0
195,0.0
196,0.0
197,0.0
198,0.0
199,0.0
200,45.196001735689784
201,275.21252282022346
202,493.0504392607968
203,665.7690653799785
204,785.1879894216163
205,831.6120263329097
206,806.0738739021823
207,733.6015596772808
208,658.8640302554587
209,474.3544256852606
210,291.1976966486155
211,74.9839085586663
212,0.0
213,0.0
214,0.0
215,0.0
216,0.0
217,0.0
218,0.0
219,0.0
220,0.0
221,0.0
222,0.0
223,0.0
224,42.12865867405928
225,219.69348377802103
226,415.37798235674353
227,574.325183150203
228,699.7802384665623
229,765.5272334779661
230,796.3468803704886
231,696.1538760537811
232,273.4803458073631
233,458.33008867250015
234,281.79675611668915
235,79.69620869134776
236,0.0
237,0.0
238,0.0
239,0.0
240,0.0
241,0.0
242,0.0
243,0.0
244,0.0
245,0.0
246,0.0
247,0.0
248,30.835157402276664
249,122.95386068503554
250,303.3042333281377
251,547.6633626238811
252,698.5442072920671
253,767.857785283674
254,672.7443822155367
255,731.629894763633
256,598.8152928084907
257,436.03831572974786
258,276.21673603251685
259,84.94822597234503
260,0.0
261,0.0
262,0.0
263,0.0
264,0.0
265,0.0
266,0.0
267,0.0
268,0.0
269,0.0
270,0.0
271,0.0
272,39.98671088814123
273,163.32623653601817
274,360.44903663707015
275,613.199255033446
276,758.8050700258522
277,791.4046437746877
278,784.7521103151745
279,770.9739403858811
280,658.4278763805904
281,497.71446939247056
282,302.7794920205455
283,83.60040086263334
284,0.0
285,0.0
286,0.0
287,0.0
288,0.0
289,0.0
290,0.0
291,0.0
292,0.0
293,0.0
294,0.0
295,0.0
296,42.99851941229265
297,263.4373311745307
298,487.23641981782305
299,665.7147599275692
300,785.4816530216682
301,847.6164993138317
302,821.4036273815292
303,692.5504491244072
304,634.5036310732078
305,477.99314477329966
306,284.9541554243516
307,75.26905253979929
308,0.0
309,0.0
310,0.0
311,0.0
312,0.0
313,0.0
314,0.0
315,0.0
316,0.0
317,0.0
318,0.0
319,0.0
320,28.710276709444788
321,201.00179040867937
322,446.15268599877834
323,532.4605742663879
324,478.2442707956879
325,791.5425394350124
326,833.2925360345524
327,763.5346953301539
328,659.0451739490464
329,459.962965172341
330,178.21770173703362
331,85.03198164258752
332,0.0
333,0.0
334,0.0
335,0.0
336,0.0
337,0.0
338,0.0
339,0.0
340,0.0
341,0.0
342,0.0
343,0.0
344,31.78187664942676
345,206.67075745068374
346,398.14628579983975
347,484.23231061711573
348,700.6942317432673
349,796.3574868493295
350,684.359858983512
351,668.4384118040498
352,678.3557861690239
353,517.7555933143132
354,307.2571338131014
355,88.36300900358106
356,0.0
357,0.0
358,0.0
359,0.0
360,0.0
361,0.0
362,0.0
363,0.0
364,0.0
365,0.0
366,0.0
367,0.0
368,20.52708735086157
369,28.644375632142502
370,109.94279833120675
371,85.90570887830624
372,453.2431472288984
373,682.9543759530113
374,790.7206107263753
375,345.18816031946574
376,618.8003882553993
377,478.34517457818856
378,276.99307915615503
379,91.30963842776829
380,0.0
381,0.0
382,0.0
383,0.0
384,0.0
385,0.0
386,0.0
387,0.0
388,0.0
389,0.0
390,0.0
391,0.0
392,15.452977143757778
393,162.43155118791304
394,327.33409460272657
395,520.281542701633
396,537.461190026743
397,599.2889419529919
398,787.6202802041042
399,762.8058242157699
400,675.7796331137547
401,524.7173168097155
402,310.9557532529933
403,92.29653165497744
404,0.0
405,0.0
406,0.0
407,0.0
408,0.0
409,0.0
410,0.0
411,0.0
412,0.0
413,0.0
414,0.0
415,0.0
416,29.84694607234441
417,47.10444718949867
418,105.80944143443283
419,135.71711335314433
420,588.079953172875
421,643.5410558510137
422,792.1786014201649
423,806.5023959063732
424,362.439156436709
425,451.57963838380493
426,262.4209731303533
427,53.75982651246388
428,0.0
429,0.0
430,0.0
431,0.0
432,0.0
433,0.0
434,0.0
435,0.0
436,0.0
437,0.0
438,0.0
439,0.0
440,25.839489510343935
441,135.90933439542945
442,386.6280143128625
443,518.4710534999277
444,419.90179763883947
445,567.6310503258153
446,646.5172942352243
447,573.1720119402394
448,520.379363626003
449,505.3509658465391
450,309.9965144955321
451,37.3440249330484
452,0.0
453,0.0
454,0.0
455,0.0
456,0.0
457,0.0
458,0.0
459,0.0
460,0.0
461,0.0
462,0.0
463,0.0
464,27.794237153814496
465,41.96559662163976
466,151.40952539699853
467,221.52828872005608
468,516.9614486066466
469,561.3994087911151
470,759.07117589941
471,298.8176016656231
472,415.9314263393558
473,242.94710877420354
474,181.27669874481722
475,66.81450119536495
476,0.0
477,0.0
478,0.0
479,0.0
480,0.0
481,0.0
482,0.0
483,0.0
484,0.0
485,0.0
486,0.0
487,0.0
488,17.488859618887933
489,269.6715133566561
490,492.5069084509178
491,668.1309754359065
492,743.4492673799924
493,719.1856791157384
494,588.2624346315718
495,751.6115788736909
496,702.7077121544619
497,0.0
498,0.0
499,86.2187803924113
500,0.0
501,0.0
502,0.0
503,0.0
504,0.0
505,0.0
506,0.0
507,0.0
508,0.0
509,0.0
510,0.0
511,0.0
512,36.930294110739965
513,264.01299720614264
514,491.12343202387655
515,672.0211140035674
516,794.1438344332967
517,830.3165580175231
518,785.2259612094468
519,0.0
520,0.0
521,0.0
522,0.0
523,0.0
524,0.0
525,0.0
526,0.0
527,0.0
528,0.0
529,0.0
530,0.0
531,0.0
532,0.0
533,0.0
534,0.0
535,0.0
536,0.0
537,0.0
538,0.0
539,0.0
540,0.0
541,0.0
542,0.0
543,0.0
544,0.0
545,0.0
546,0.0
547,0.0
548,0.0
549,0.0
550,0.0
551,0.0
552,0.0
553,0.0
554,0.0
555,0.0
556,0.0
557,0.0
558,0.0
559,0.0
560,32.882630359221466
561,217.07193406759578
562,370.1267873907131
563,658.759880206762
564,759.4427823902877
565,661.1553973991606
566,863.8104560106638
567,817.8014287405252
568,708.2358040791975
569,541.4303293577244
570,320.7661061255852
571,100.2985185924588
572,0.0
573,0.0
574,0.0
575,0.0
576,0.0
577,0.0
578,0.0
579,0.0
580,0.0
581,0.0
582,0.0
583,0.0
584,37.05208227879963
585,218.2825121497675
586,450.7024074147235
587,666.2324801978211
588,795.8062203626812
589,875.2594416567024
590,822.6121953297454
591,804.5132739462272
592,699.9564855351629
593,532.8064208777753
594,277.5836008949331
595,104.57684541449974
596,0.0
597,0.0
598,0.0
599,0.0
600,0.0
601,0.0
602,0.0
603,0.0
604,0.0
605,0.0
606,0.0
607,0.0
608,30.85763328826499
609,261.7600399415703
610,487.9009143341956
611,672.9092625246477
612,798.6636250366681
613,871.8804446533798
614,868.9972579275277
615,817.9561842689944
616,705.3653045357152
617,553.8550131666827
618,244.52670413182832
619,66.34434224051488
620,0.0
621,0.0
622,0.0
623,0.0
624,0.0
625,0.0
626,0.0
627,0.0
628,0.0
629,0.0
630,0.0
631,0.0
632,9.24651162424791
633,220.58836148835013
634,245.12383081521
635,458.7332378614964
636,595.7124386327463
637,616.8530305003405
638,585.8516055071123
639,562.3374422169494
640,285.9383145791195
641,79.22411643630517
642,124.79245690501028
643,89.97550482245089
644,0.0
645,0.0
646,0.0
647,0.0
648,0.0
649,0.0
650,0.0
651,0.0
652,0.0
653,0.0
654,0.0
655,0.0
656,35.96946208047171
657,190.0790231979
658,413.5399471464687
659,632.2484899319933
660,785.1795116441562
661,844.1872426708535
662,871.3359145889576
663,701.0101518684542
664,708.8717017601887
665,538.8812871853308
666,336.7960007159914
667,103.91716089911291
668,0.0
669,0.0
670,0.0
671,0.0
672,0.0
673,0.0
674,0.0
675,0.0
676,0.0
677,0.0
678,0.0
679,0.0
680,34.922327332736344
681,262.714792661702
682,482.7033007164093
683,617.1080304512245
684,790.5853124856225
685,849.8927399337707
686,817.6212489600274
687,803.3747853068675
688,712.5432930378952
689,535.4381634130693
690,331.19377101940836
691,100.01458699070005
692,0.0
693,0.0
694,0.0
695,0.0
696,0.0
697,0.0
698,0.0
699,0.0
700,0.0
701,0.0
702,0.0
703,0.0
704,35.089048575686874
705,268.3842753957921
706,494.655572864392
707,682.5975705035133
708,815.4677998905264
709,887.6058921238689
710,885.6722283231585
711,837.9516933718132
712,723.4830562528838
713,547.5606220955824
714,342.4734060335774
715,107.67057670238525
716,0.0
717,0.0
718,0.0
719,0.0
720,0.0
721,0.0
722,0.0
723,0.0
724,0.0
725,0.0
726,0.0
727,0.0
728,34.92201536815556
729,265.15372990760454
730,490.67689006349127
731,675.8779519701328
732,807.6602373838361
733,875.2614964966417
734,877.0903466488033
735,826.2528980370586
736,711.4340027899893
737,535.5465874483247
738,328.53631049702847
739,112.1613086853696
740,0.0
741,0.0
742,0.0
743,0.0
744,0.0
745,0.0
746,0.0
747,0.0
748,0.0
749,0.0
750,0.0
751,0.0
752,0.0
753,44.791401299846555
754,356.9417509755402
755,331.489094669186
756,411.0000938795806
757,582.662659187073
758,759.5924173781274
759,637.2400917452001
760,478.9450322965611
761,525.3664517274635
762,326.3456327453125
763,150.4822531712791
764,0.0
765,0.0
766,0.0
767,0.0
768,0.0
769,0.0
770,0.0
771,0.0
772,0.0
773,0.0
774,0.0
775,0.0
776,0.0
777,171.53416406146755
778,409.8607362431385
779,619.3501672842052
780,768.8600568410784
781,868.2239431304652
782,902.2715815563529
783,867.3387292381854
784,785.200509274053
785,634.0466264682633
786,427.96787451415975
787,189.0168445480758
788,0.0
789,0.0
790,0.0
791,0.0
792,0.0
793,0.0
794,0.0
795,0.0
796,0.0
797,0.0
798,0.0
799,0.0
800,0.0
801,171.06823388608132
802,390.1176285571843
803,604.7509761269865
804,764.229292390695
805,859.1492669802258
806,897.7045634504233
807,854.9275215541733
808,777.9942114634713
809,630.8177519484738
810,420.2988922870203
811,188.95761423260564
812,0.0
813,0.0
814,0.0
815,0.0
816,0.0
817,0.0
818,0.0
819,0.0
820,0.0
821,0.0
822,0.0
823,0.0
824,0.0
825,173.79625675987415
826,413.10129985772664
827,617.5950754350882
828,765.8292232713068
829,857.3996108103607
830,893.8297280492851
831,863.5277931256877
832,777.444072200979
833,628.6143041994198
834,425.2925807123638
835,189.403751374217
836,0.0
837,0.0
838,0.0
839,0.0
840,0.0
841,0.0
842,0.0
843,0.0
844,0.0
845,0.0
846,0.0
847,0.0
848,0.0
849,183.45789486769104
850,422.959826447301
851,589.939291756892
852,680.0234440062248
853,734.1653737241734
854,889.4831994484132
855,868.5692045922194
856,787.5233362835497
857,631.8669159468379
858,433.24302150692944
859,189.56284496491006
860,0.0
861,0.0
862,0.0
863,0.0
864,0.0
865,0.0
866,0.0
867,0.0
868,0.0
869,0.0
870,0.0
871,0.0
872,0.0
873,178.6802586039866
874,387.32092724667604
875,596.9908533034287
876,735.1886073379719
877,822.9800425784543
878,871.6622982133089
879,831.7572873528617
880,779.8756168444891
881,632.9577856118259
882,440.6644673084424
883,190.9463209069263
884,0.0
885,0.0
886,0.0
887,0.0
888,0.0
889,0.0
890,0.0
891,0.0
892,0.0
893,0.0
894,0.0
895,0.0
896,0.0
897,106.7750280565382
898,326.1649143579623
899,554.0849703904194
900,694.2797330674151
901,505.7079816503999
902,530.3783007249384
903,827.9135220495539
904,760.7056648192681
905,645.2054502348509
906,432.2888123380638
907,195.977565831215
908,0.0
909,0.0
910,0.0
911,0.0
912,0.0
913,0.0
914,0.0
915,0.0
916,0.0
917,0.0
918,0.0
919,0.0
920,0.0
921,76.10121390366223
922,254.46988076725
923,609.0057611884135
924,781.5567205765011
925,876.9193008440266
926,900.9808604549079
927,872.1858399529406
928,782.9182585664691
929,634.9701436630348
930,435.39779263198636
931,194.99084116102495
932,0.0
933,0.0
934,0.0
935,0.0
936,0.0
937,0.0
938,0.0
939,0.0
940,0.0
941,0.0
942,0.0
943,0.0
944,0.0
945,182.13086452106694
946,430.1311308097929
947,623.7087324994142
948,786.0650565167251
949,882.993415343236
950,906.1068251382584
951,874.7256242861251
952,787.386166106128
953,635.6109908614096
954,425.33932007723195
955,192.4586541473052
956,0.0
957,0.0
958,0.0
959,0.0
960,0.0
961,0.0
962,0.0
963,0.0
964,0.0
965,0.0
966,0.0
967,0.0
968,0.0
969,184.3470343176496
970,429.8796063086944
971,641.9774857644798
972,795.0141050375332
973,884.1130109200159
974,915.0346871081362
975,883.7122307344977
976,795.9800065242637
977,645.5504416686158
978,442.03727357549735
979,199.7929972792287
980,0.0
981,0.0
982,0.0
983,0.0
984,0.0
985,0.0
986,0.0
987,0.0
988,0.0
989,0.0
990,0.0
991,0.0
992,0.0
993,189.6385723357039
994,435.21045187843066
995,641.0476105518758
996,792.3712863803603
997,882.7529988184002
998,917.9889403753766
999,883.6312346605737
1000,778.893873544105
1001,645.70386643833
1002,431.69601060460855
1003,204.2503904347214
1004,0.0
1005,0.0
1006,0.0
1007,0.0
1008,0.0
1009,0.0
1010,0.0
1011,0.0
1012,0.0
1013,0.0
1014,0.0
1015,0.0
1016,0.0
1017,184.03508753175623
1018,413.57277722628754
1019,635.4336358650254
1020,792.3620704260966
1021,878.5460853967911
1022,902.0406286211538
1023,872.1351213183043
1024,785.656752051982
1025,634.8124211527457
1026,437.77283603258627
1027,208.59790931235284
1028,0.0
1029,0.0
1030,0.0
1031,0.0
1032,0.0
1033,0.0
1034,0.0
1035,0.0
1036,0.0
1037,0.0
1038,0.0
1039,0.0
1040,0.0
1041,114.44326073288838
1042,374.0417355188972
1043,624.6109742316784
1044,761.2278602533125
1045,862.9471716127249
1046,862.8874529526249
1047,838.5257123336121
1048,776.5373519969968
1049,628.7585391586819
1050,427.805837285849
1051,196.83798740109182
1052,0.0
1053,0.0
1054,0.0
1055,0.0
1056,0.0
1057,0.0
1058,0.0
1059,0.0
1060,0.0
1061,0.0
1062,0.0
1063,0.0
1064,0.0
1065,146.61773976536534
1066,391.5176622985468
1067,619.8235861468651
1068,768.3485827192517
1069,858.4959751310419
1070,903.080588774484
1071,661.7954328711515
1072,756.2218368913249
1073,602.5973952541356
1074,339.3326713071735
1075,43.76552158309173
1076,0.0
1077,0.0
1078,0.0
1079,0.0
1080,0.0
1081,0.0
1082,0.0
1083,0.0
1084,0.0
1085,0.0
1086,0.0
1087,0.0
1088,0.0
1089,67.99950195451345
1090,209.38762691674052
1091,290.332103869222
1092,720.0932135906158
1093,571.3730874537446
1094,755.240588126174
1095,586.8245962092961
1096,629.4175714788588
1097,458.08739179974896
1098,308.025354901769
1099,109.7316422243369
1100,0.0
1101,0.0
1102,0.0
1103,0.0
1104,0.0
1105,0.0
1106,0.0
1107,0.0
1108,0.0
1109,0.0
1110,0.0
1111,0.0
1112,0.0
1113,150.79046367650747
1114,390.2250465607785
1115,558.5774255783336
1116,625.7734609097847
1117,752.212555903102
1118,780.1277973360171
1119,753.9339958598432
1120,727.1515187073053
1121,562.9797665610669
1122,397.69426049361897
1123,108.64149007666721
1124,0.0
1125,0.0
1126,0.0
1127,0.0
1128,0.0
1129,0.0
1130,0.0
1131,0.0
1132,0.0
1133,0.0
1134,0.0
1135,0.0
1136,0.0
1137,172.1511817554411
1138,399.9090523996825
1139,636.8751151235997
1140,757.0788250235385
1141,827.9471594921571
1142,843.6621372873647
1143,808.2037062141044
1144,713.0192556374752
1145,504.6992635407321
1146,419.27120856892583
1147,187.8043376896746
1148,0.0
1149,0.0
1150,0.0
1151,0.0
1152,0.0
1153,0.0
1154,0.0
1155,0.0
1156,0.0
1157,0.0
1158,0.0
1159,0.0
1160,0.0
1161,184.80049210482906
1162,428.89244553174836
1163,639.842981601431
1164,791.3033807327008
1165,879.4740312930224
1166,914.0472645843732
1167,879.7994265594575
1168,789.5184498900844
1169,632.3785204551331
1170,438.40729486328047
1171,202.38638509135055
1172,0.0
1173,0.0
1174,0.0
1175,0.0
1176,0.0
1177,0.0
1178,0.0
1179,0.0
1180,0.0
1181,0.0
1182,0.0
1183,0.0
1184,0.0
1185,185.6610111061159
1186,426.95572784815755
1187,638.5717648461073
1188,788.4168813043864
1189,876.7688164883982
1190,915.4329323720523
1191,884.5329854478385
1192,712.374631401061
1193,639.4456818744095
1194,446.43258451493824
1195,203.30996796554592
1196,0.0
1197,0.0
1198,0.0
1199,0.0
1200,0.0
1201,0.0
1202,0.0
1203,0.0
1204,0.0
1205,0.0
1206,0.0
1207,0.0
1208,0.0
1209,190.60078770774643
1210,438.12042519912075
1211,651.9916829822874
1212,803.444437552412
1213,900.3821402816101
1214,926.4109034729337
1215,892.3537629405968
1216,801.1950455342343
1217,642.5282409272139
1218,447.3010626315975
1219,206.76755764015635
1220,0.0
1221,0.0
1222,0.0
1223,0.0
1224,0.0
1225,0.0
1226,0.0
1227,0.0
1228,0.0
1229,0.0
1230,0.0
1231,0.0
1232,0.0
1233,197.38426918041964
1234,440.0523491297808
1235,653.3703692045609
1236,805.5554807881846
1237,894.8439558857306
1238,929.8410307459399
1239,891.7603324351984
1240,797.574902656703
1241,646.4770832799201
1242,443.9471006260102
1243,208.99253726869492
1244,0.0
1245,0.0
1246,0.0
1247,0.0
1248,0.0
1249,0.0
1250,0.0
1251,0.0
1252,0.0
1253,0.0
1254,0.0
1255,0.0
1256,0.0
1257,193.442123697466
1258,436.17408775575393
1259,643.4420674058612
1260,800.8793660556777
1261,889.3510087022361
1262,923.7985805489149
1263,889.3431488717957
1264,791.084139553693
1265,643.5994452826017
1266,446.3838067837777
1267,212.64943835897787
1268,0.0
1269,0.0
1270,0.0
1271,0.0
1272,0.0
1273,0.0
1274,0.0
1275,0.0
1276,0.0
1277,0.0
1278,0.0
1279,0.0
1280,0.0
1281,196.2927653320184
1282,442.8143447775882
1283,650.68843110681
1284,797.428551337443
1285,896.8886341252844
1286,926.3576343837635
1287,895.8571236252791
1288,805.0671893415887
1289,655.0794185699912
1290,449.99218440088083
1291,204.95899392856683
1292,0.0
1293,0.0
1294,0.0
1295,0.0
1296,0.0
1297,0.0
1298,0.0
1299,0.0
1300,0.0
1301,0.0
1302,0.0
1303,0.0
1304,0.0
1305,178.12692843698045
1306,421.198711984843
1307,626.0364880280385
1308,786.2404714075641
1309,873.2221943668587
1310,911.7501243749028
1311,873.3445427649351
1312,779.4586794947772
1313,629.9937677579867
1314,435.20761901115736
1315,206.5774084024672
1316,0.0
1317,0.0
1318,0.0
1319,0.0
1320,0.0
1321,0.0
1322,0.0
1323,0.0
1324,0.0
1325,0.0
1326,0.0
1327,0.0
1328,0.0
1329,171.69451542937267
1330,410.08052194577806
1331,618.4199631664032
1332,769.1010363140427
1333,858.1036625882099
1334,886.680244351302
1335,860.2706977422183
1336,767.1463388763716
1337,628.0714515952848
1338,432.4688391920316
1339,209.12115848146783
1340,0.0
1341,0.0
1342,0.0
1343,0.0
1344,0.0
1345,0.0
1346,0.0
1347,0.0
1348,0.0
1349,0.0
1350,0.0
1351,0.0
1352,0.0
1353,65.62595743482905
1354,373.21868500032775
1355,560.2250588220803
1356,739.232782040773
1357,825.5062071640747
1358,851.2084460949796
1359,809.7877896326838
1360,734.9236267905051
1361,591.8251262134937
1362,406.2376468590807
1363,185.36523052903922
1364,0.0
1365,0.0
1366,0.0
1367,0.0
1368,0.0
1369,0.0
1370,0.0
1371,0.0
1372,0.0
1373,0.0
1374,0.0
1375,0.0
1376,0.0
1377,173.55890117468007
1378,420.0760985310115
1379,629.5470097186801
1380,782.2645821317763
1381,869.9691484568675
1382,908.8793549035687
1383,871.525774539407
1384,780.5037105262094
1385,632.6556136632071
1386,436.1145513180337
1387,201.04887617076497
1388,0.0
1389,0.0
1390,0.0
1391,0.0
1392,0.0
1393,0.0
1394,0.0
1395,0.0
1396,0.0
1397,0.0
1398,0.0
1399,0.0
1400,0.0
1401,20.301287900729847
1402,86.91531877823753
1403,292.1414444008659
1404,534.7613628748821
1405,658.9643774224216
1406,657.6524674006067
1407,688.2045000012369
1408,663.4260932157898
1409,440.5899623440748
1410,268.771145325357
1411,55.400338860086876
1412,0.0
1413,0.0
1414,0.0
1415,0.0
1416,0.0
1417,0.0
1418,0.0
1419,0.0
1420,0.0
1421,0.0
1422,0.0
1423,0.0
1424,0.0
1425,46.40240948542463
1426,75.44627916256988
1427,394.7340059357076
1428,566.3274553028857
1429,648.0123616328992
1430,685.7589747995116
1431,691.152923835982
1432,787.3702238508802
1433,629.1236258714121
1434,334.9357485819071
1435,209.39615776840037
1436,0.0
1437,0.0
1438,0.0
1439,0.0
1440,0.0
1441,0.0
1442,0.0
1443,0.0
1444,0.0
1445,0.0
1446,0.0
1447,0.0
1448,0.0
1449,171.9822477742711
1450,421.74010123798405
1451,614.5273858442266
1452,759.271183785837
1453,866.1867338354773
1454,900.2083913811272
1455,863.180123227269
1456,767.4434651104904
1457,595.9803756119268
1458,438.31987022849177
1459,200.49567349782515
1460,0.0
1461,0.0
1462,0.0
1463,0.0
1464,0.0
1465,0.0
1466,0.0
1467,0.0
1468,0.0
1469,0.0
1470,0.0
1471,0.0
1472,0.0
1473,76.48047967234541
1474,299.78508008659156
1475,454.5334766859304
1476,672.290702301608
1477,786.140062822622
1478,847.2100591816146
1479,858.2988117517342
1480,784.9272185714518
1481,610.8733010610716
1482,433.2860398761542
1483,166.25983874728064
1484,0.0
1485,0.0
1486,0.0
1487,0.0
1488,0.0
1489,0.0
1490,0.0
1491,0.0
1492,0.0
1493,0.0
1494,0.0
1495,0.0
1496,0.0
1497,177.30023232541987
1498,439.6817250832255
1499,658.3888016597834
1500,815.7521812622083
1501,916.7447466268037
1502,930.0064111605801
1503,911.5318835063324
1504,825.7475216148674
1505,662.659527817035
1506,442.3036288062112
1507,198.0518265501771
1508,0.0
1509,0.0
1510,0.0
1511,0.0
1512,0.0
1513,0.0
1514,0.0
1515,0.0
1516,0.0
1517,0.0
1518,0.0
1519,0.0
1520,0.0
1521,176.6435940392102
1522,412.0558308993476
1523,655.7384392366105
1524,729.609860783411
1525,871.8673559564778
1526,858.1432226166011
1527,747.0590871410172
1528,771.0108783829087
1529,607.1169878058337
1530,434.0503892646112
1531,178.22070020214164
1532,0.0
1533,0.0
1534,0.0
1535,0.0
1536,0.0
1537,0.0
1538,0.0
1539,0.0
1540,0.0
1541,0.0
1542,0.0
1543,0.0
1544,0.0
1545,178.3262519401983
1546,297.86377743809527
1547,636.2755392183689
1548,759.1398942003455
1549,891.0522745776542
1550,910.9514188137261
1551,899.5496575571
1552,809.9413277525866
1553,666.4561590394949
1554,445.5024635034935
1555,205.32507056391046
1556,0.0
1557,0.0
1558,0.0
1559,0.0
1560,0.0
1561,0.0
1562,0.0
1563,0.0
1564,0.0
1565,0.0
1566,0.0
1567,0.0
1568,0.0
1569,132.5494932500526
1570,369.3171723344468
1571,608.6204540733877
1572,802.4329836156172
1573,918.6793095520047
1574,943.6574855956036
1575,908.8864464714486
1576,822.3609649801922
1577,657.6603706703188
1578,443.06776082353787
1579,203.89214919949617
1580,0.0
1581,0.0
1582,0.0
1583,0.0
1584,0.0
1585,0.0
1586,0.0
1587,0.0
1588,0.0
1589,0.0
1590,0.0
1591,0.0
1592,0.0
1593,175.8283938470303
1594,423.6790172347846
1595,511.7656777763668
1596,672.6571800324748
1597,869.6470256628451
1598,881.153492176377
1599,857.8239553976698
1600,785.9874094994235
1601,627.2332745530068
1602,420.6984828586286
1603,190.4292596793711
1604,0.0
1605,0.0
1606,0.0
1607,0.0
1608,0.0
1609,0.0
1610,0.0
1611,0.0
1612,0.0
1613,0.0
1614,0.0
1615,0.0
1616,0.0
1617,128.85380715826227
1618,184.91130930991815
1619,563.5993707259906
1620,666.7774525704187
1621,825.5049453668071
1622,516.0918993312591
1623,711.4407430243912
1624,740.5366567720353
1625,486.8088507558739
1626,138.10560854051104
1627,168.9569546797063
1628,0.0
1629,0.0
1630,0.0
1631,0.0
1632,0.0
1633,0.0
1634,0.0
1635,0.0
1636,0.0
1637,0.0
1638,0.0
1639,0.0
1640,0.0
1641,56.06375309192995
1642,334.5021013042512
1643,590.3987341447731
1644,756.1657803620816
1645,928.1167755192148
1646,956.7516204035778
1647,925.0839992380651
1648,835.134299424832
1649,658.3153349437364
1650,453.7529169755635
1651,204.43304371209805
1652,0.0
1653,0.0
1654,0.0
1655,0.0
1656,0.0
1657,0.0
1658,0.0
1659,0.0
1660,0.0
1661,0.0
1662,0.0
1663,0.0
1664,0.0
1665,185.13096939872614
1666,447.30013459476044
1667,627.4697772212147
1668,818.5438917452159
1669,886.9727416826015
1670,918.8436473303352
1671,893.2577727543919
1672,798.941305063425
1673,649.7675673468251
1674,439.19733425856333
1675,174.43939114780625
1676,0.0
1677,0.0
1678,0.0
1679,0.0
1680,0.0
1681,0.0
1682,0.0
1683,0.0
1684,0.0
1685,0.0
1686,0.0
1687,0.0
1688,0.0
1689,91.05325087077874
1690,107.31641762169846
1691,0.0
1692,731.3749067428505
1693,926.1409642491841
1694,938.3100758206663
1695,885.5733554615473
1696,777.7877020367187
1697,631.3907459300563
1698,424.7684037942489
1699,181.39342622205356
1700,0.0
1701,0.0
1702,0.0
1703,0.0
1704,0.0
1705,0.0
1706,0.0
1707,0.0
1708,0.0
1709,0.0
1710,0.0
1711,0.0
1712,0.0
1713,30.543435684210902
1714,290.85412917192286
1715,584.2235920317
1716,701.6634894470819
1717,841.4955272946493
1718,870.6285718622505
1719,784.0671040464025
1720,561.2517409467246
1721,458.2632551490354
1722,284.9857991370691
1723,196.6290561042859
1724,0.0
1725,0.0
1726,0.0
1727,0.0
1728,0.0
1729,0.0
1730,0.0
1731,0.0
1732,0.0
1733,0.0
1734,0.0
1735,0.0
1736,0.0
1737,87.98148159993411
1738,150.74871264139318
1739,560.1591237489332
1740,762.8817493524614
1741,744.5358125276224
1742,851.6140284249194
1743,808.5437395067966
1744,705.592558261824
1745,632.9659113002073
1746,327.34417815429265
1747,202.60285594134444
1748,0.0
1749,0.0
1750,0.0
1751,0.0
1752,0.0
1753,0.0
1754,0.0
1755,0.0
1756,0.0
1757,0.0
1758,0.0
1759,0.0
1760,0.0
1761,70.9662092586205
1762,322.5416115550711
1763,602.5155504255036
1764,752.964579141128
1765,879.7607747587707
1766,815.2485420667989
1767,874.1478350697416
1768,785.561014395581
1769,586.3647098708292
1770,438.85836075740224
1771,167.8836700080101
1772,0.0
1773,0.0
1774,0.0
1775,0.0
1776,0.0
1777,0.0
1778,0.0
1779,0.0
1780,0.0
1781,0.0
1782,0.0
1783,0.0
1784,0.0
1785,206.39504895629054
1786,466.63629369432635
1787,671.6042324877338
1788,777.4027053227795
1789,849.6482655919123
1790,913.8455171233336
1791,901.0240998333882
1792,770.975895866369
1793,629.556747716731
1794,361.04068470975784
1795,195.35184814088217
1796,0.0
1797,0.0
1798,0.0
1799,0.0
1800,0.0
1801,0.0
1802,0.0
1803,0.0
1804,0.0
1805,0.0
1806,0.0
1807,0.0
1808,0.0
1809,201.13403877417113
1810,450.67179657871117
1811,512.885318318572
1812,729.5879184430368
1813,909.7228543920263
1814,867.257958510467
1815,804.6107855924878
1816,719.5476854428806
1817,617.6958325743342
1818,417.71685345114037
1819,201.02551612713148
1820,0.0
1821,0.0
1822,0.0
1823,0.0
1824,0.0
1825,0.0
1826,0.0
1827,0.0
1828,0.0
1829,0.0
1830,0.0
1831,0.0
1832,0.0
1833,223.40774559302685
1834,460.7903646097144
1835,599.6010694802007
1836,775.9538165567503
1837,908.9829118305796
1838,927.6392704919956
1839,900.6290364779071
1840,808.2703726737216
1841,629.2472131808937
1842,440.79146860499156
1843,199.12278862221544
1844,0.0
1845,0.0
1846,0.0
1847,0.0
1848,0.0
1849,0.0
1850,0.0
1851,0.0
1852,0.0
1853,0.0
1854,0.0
1855,0.0
1856,0.0
1857,73.89132723961049
1858,316.1840223628135
1859,584.3100699349243
1860,563.6905742792693
1861,821.2986446832767
1862,706.2464770544481
1863,632.9154913349278
1864,778.8317783097518
1865,509.1189674586651
1866,105.97166917823345
1867,134.01425620813794
1868,0.0
1869,0.0
1870,0.0
1871,0.0
1872,0.0
1873,0.0
1874,0.0
1875,0.0
1876,0.0
1877,0.0
1878,0.0
1879,0.0
1880,0.0
1881,20.341740570948886
1882,43.35136699152613
1883,134.66631105520443
1884,425.3057193873735
1885,352.7994424800197
1886,686.9045624112733
1887,472.71340503322557
1888,426.4941882368725
1889,521.2332145352214
1890,323.5101190629622
1891,176.7241966976049
1892,0.0
1893,0.0
1894,0.0
1895,0.0
1896,0.0
1897,0.0
1898,0.0
1899,0.0
1900,0.0
1901,0.0
1902,0.0
1903,0.0
1904,0.0
1905,75.81586946775292
1906,285.78515121439733
1907,635.923366844652
1908,772.621567685228
1909,804.5168807718122
1910,851.6558571682275
1911,822.6616934457119
1912,718.038886225235
1913,558.269915495577
1914,448.9229782558793
1915,200.349776587875
1916,0.0
1917,0.0
1918,0.0
1919,0.0
1920,0.0
1921,0.0
1922,0.0
1923,0.0
1924,0.0
1925,0.0
1926,0.0
1927,0.0
1928,0.0
1929,182.56376488607404
1930,337.46982450562143
1931,669.3923711684924
1932,788.7312468799765
1933,865.1707567122288
1934,924.4984435163678
1935,859.08020710122
1936,605.3375219578885
1937,495.2922438545686
1938,205.8435688320627
1939,109.87140247977922
1940,0.0
1941,0.0
1942,0.0
1943,0.0
1944,0.0
1945,0.0
1946,0.0
1947,0.0
1948,0.0
1949,0.0
1950,0.0
1951,0.0
1952,0.0
1953,30.615147235962834
1954,53.77989992134688
1955,292.0705580137184
1956,826.5454378627561
1957,930.6859153358192
1958,677.4769257709485
1959,455.0283249469645
1960,327.78452828203996
1961,258.8824417641813
1962,186.13118499114296
1963,55.39622004275548
1964,0.0
1965,0.0
1966,0.0
1967,0.0
1968,0.0
1969,0.0
1970,0.0
1971,0.0
1972,0.0
1973,0.0
1974,0.0
1975,0.0
1976,0.0
1977,155.77431174527854
1978,464.41727052006655
1979,672.4024643817
1980,799.3524148845186
1981,892.5934378158747
1982,915.6039368111306
1983,895.4719947727685
1984,568.7130455388348
1985,521.9387859888808
1986,323.72904909054245
1987,60.280553388682954
1988,0.0
1989,0.0
1990,0.0
1991,0.0
1992,0.0
1993,0.0
1994,0.0
1995,0.0
1996,0.0
1997,0.0
1998,0.0
1999,0.0
2000,0.0
2001,201.58684503273062
2002,464.4403542332462
2003,648.6768002752775
2004,805.204942405445
2005,900.1309319775504
2006,825.493656826844
2007,874.0255370980556
2008,785.7601026237583
2009,623.4620113613681
2010,306.4871828807105
2011,188.126041041763
2012,0.0
2013,0.0
2014,0.0
2015,0.0
2016,0.0
2017,0.0
2018,0.0
2019,0.0
2020,0.0
2021,0.0
2022,0.0
2023,0.0
2024,0.0
2025,171.36450524367692
2026,427.31395643253825
2027,377.996859355052
2028,790.134721229931
2029,879.1191379142488
2030,869.5418532480371
2031,906.6739608435685
2032,780.4940652668874
2033,636.1429441757269
2034,445.54108704842236
2035,196.4735659076487
2036,0.0
2037,0.0
2038,0.0
2039,0.0
2040,0.0
2041,0.0
2042,0.0
2043,0.0
2044,0.0
2045,0.0
2046,0.0
2047,0.0
2048,0.0
2049,224.14190542752917
2050,485.8661318901933
2051,691.4098280426388
2052,844.7575050313582
2053,928.1586368092893
2054,952.903870390336
2055,923.6588796055639
2056,833.0220886537477
2057,654.8680270989248
2058,449.3958086189259
2059,198.62909595399816
2060,0.0
2061,0.0
2062,0.0
2063,0.0
2064,0.0
2065,0.0
2066,0.0
2067,0.0
2068,0.0
2069,0.0
2070,0.0
2071,0.0
2072,0.0
2073,220.18915487779373
2074,479.15442543345955
2075,699.5932218930179
2076,839.376845165164
2077,909.5777502878852
2078,935.0015767025332
2079,919.0723053952212
2080,824.9225824008656
2081,670.7367514395602
2082,444.7855398944292
2083,196.2449616732471
2084,0.0
2085,0.0
2086,0.0
2087,0.0
2088,0.0
2089,0.0
2090,0.0
2091,0.0
2092,0.0
2093,0.0
2094,0.0
2095,0.0
2096,0.0
2097,208.82849764374353
2098,477.6452602203912
2099,696.3240184103934
2100,843.6783518694284
2101,943.1224502004858
2102,958.9852311398337
2103,921.4946818080901
2104,826.0470517835257
2105,667.7262832362751
2106,447.8587760377732
2107,197.59479854338645
2108,0.0
2109,0.0
2110,0.0
2111,0.0
2112,0.0
2113,0.0
2114,0.0
2115,0.0
2116,0.0
2117,0.0
2118,0.0
2119,0.0
2120,0.0
2121,68.85661003165683
2122,259.23339786012787
2123,570.6295092696879
2124,749.3936467173266
2125,906.9566377449701
2126,890.7467075445336
2127,844.8304006349397
2128,829.8566598802988
2129,654.2091157738912
2130,448.37528023505206
2131,181.84110870691148
2132,0.0
2133,0.0
2134,0.0
2135,0.0
2136,0.0
2137,0.0
2138,0.0
2139,0.0
2140,0.0
2141,0.0
2142,0.0
2143,0.0
2144,0.0
2145,58.892871034541216
2146,456.8575357462549
2147,667.6214721699125
2148,792.5318043386962
2149,931.5647337587085
2150,932.4013207353333
2151,895.9018038278488
2152,797.2914779872875
2153,676.8010384919919
2154,454.3996707597941
2155,195.20741430598926
2156,0.0
2157,0.0
2158,0.0
2159,0.0
2160,0.0
2161,0.0
2162,0.0
2163,0.0
2164,0.0
2165,0.0
2166,0.0
2167,0.0
2168,24.444135971790715
2169,192.7802115676297
2170,409.51208560273926
2171,687.3623715843361
2172,733.970628155334
2173,928.5009999178972
2174,867.886466660184
2175,818.171422054951
2176,744.7821510584808
2177,540.9822264230851
2178,347.41467648548564
2179,85.7507434879619
2180,0.0
2181,0.0
2182,0.0
2183,0.0
2184,0.0
2185,0.0
2186,0.0
2187,0.0
2188,0.0
2189,0.0
2190,0.0
2191,0.0
2192,47.87940705054509
2193,298.10194329108936
2194,487.20347392937157
2195,676.1648173061841
2196,783.601373103005
2197,758.3389381156352
2198,811.4517096113677
2199,638.2210633390962
2200,573.8595058521813
2201,286.90178866729724
2202,330.5280968875525
2203,94.16103680006209
2204,0.0
2205,0.0
2206,0.0
2207,0.0
2208,0.0
2209,0.0
2210,0.0
2211,0.0
2212,0.0
2213,0.0
2214,0.0
2215,0.0
2216,13.262166528661043
2217,120.59802118003486
2218,269.810792942531
2219,558.7616552123078
2220,891.0386819968386
2221,843.0943208345592
2222,918.844048555369
2223,702.0462937628785
2224,639.1231577161351
2225,562.3418338638671
2226,317.24365213973607
2227,84.48551618291897
2228,0.0
2229,0.0
2230,0.0
2231,0.0
2232,0.0
2233,0.0
2234,0.0
2235,0.0
2236,0.0
2237,0.0
2238,0.0
2239,0.0
2240,42.10743902170938
2241,272.0593496077806
2242,382.28731505581425
2243,345.8719637713715
2244,837.0376905691651
2245,904.5054726223871
2246,879.9533995356352
2247,715.8892745616506
2248,458.98171929934006
2249,223.7876904162305
2250,215.76374751478104
2251,25.114099583007082
2252,0.0
2253,0.0
2254,0.0
2255,0.0
2256,0.0
2257,0.0
2258,0.0
2259,0.0
2260,0.0
2261,0.0
2262,0.0
2263,0.0
2264,51.767710539012015
2265,188.72402921871097
2266,397.1047083032239
2267,519.2349806143598
2268,786.1105965070349
2269,859.6533374337645
2270,812.1778841248337
2271,764.0235650197291
2272,592.342610522252
2273,492.65823502776254
2274,240.83780647886945
2275,83.86465087065429
2276,0.0
2277,0.0
2278,0.0
2279,0.0
2280,0.0
2281,0.0
2282,0.0
2283,0.0
2284,0.0
2285,0.0
2286,0.0
2287,0.0
2288,96.30952790349826
2289,259.8255732230015
2290,268.5582868568647
2291,492.62531833192867
2292,816.3912546566007
2293,821.8471397005038
2294,740.1792438992159
2295,660.1636190429007
2296,519.0922883829822
2297,528.9306298931104
2298,343.87038409907314
2299,78.18917095627666
2300,0.0
2301,0.0
2302,0.0
2303,0.0
2304,0.0
2305,0.0
2306,0.0
2307,0.0
2308,0.0
2309,0.0
2310,0.0
2311,0.0
2312,30.630592800955558
2313,340.98616965724665
2314,586.5134558102775
2315,784.7950049572611
2316,902.9853785075197
2317,927.112243963207
2318,918.1895844704296
2319,847.8405682687625
2320,736.8120259463955
2321,564.9941551439447
2322,327.790504392592
2323,44.12560005173014
2324,0.0
2325,0.0
2326,0.0
2327,0.0
2328,0.0
2329,0.0
2330,0.0
2331,0.0
2332,0.0
2333,0.0
2334,0.0
2335,0.0
2336,13.310452306840679
2337,288.3113019401958
2338,471.8090966386231
2339,744.2033317813858
2340,882.5214772684589
2341,910.4648212193214
2342,905.2460280907969
2343,862.1468653391588
2344,732.1943684925677
2345,542.0958071727208
2346,51.60270425927226
2347,68.79275943144313
2348,0.0
2349,0.0
2350,0.0
2351,0.0
2352,0.0
2353,0.0
2354,0.0
2355,0.0
2356,0.0
2357,0.0
2358,0.0
2359,0.0
2360,56.541501413696984
2361,286.90092302888013
2362,191.61894176578807
2363,699.7873549472836
2364,530.3299025552059
2365,833.2178905436378
2366,504.27809787489116
2367,582.6263915343717
2368,686.8959552645842
2369,501.2539496368463
2370,327.1434307781641
2371,63.8762874842699
2372,0.0
2373,0.0
2374,0.0
2375,0.0
2376,0.0
2377,0.0
2378,0.0
2379,0.0
2380,0.0
2381,0.0
2382,0.0
2383,0.0
2384,11.265607867897517
2385,136.10928270745652
2386,390.47573454160556
2387,653.2834042585482
2388,873.9524423770303
2389,784.7070653408036
2390,747.8803822451208
2391,696.79953647601
2392,547.9997497832801
2393,503.493383363622
2394,318.22654580728465
2395,73.43804868801404
2396,0.0
2397,0.0
2398,0.0
2399,0.0
2400,0.0
2401,0.0
2402,0.0
2403,0.0
2404,0.0
2405,0.0
2406,0.0
2407,0.0
2408,15.346513070772215
2409,256.187163535959
2410,468.495769204948
2411,713.1837639616411
2412,765.1228308675649
2413,812.6773111298481
2414,934.2544113496172
2415,794.4858454194467
2416,736.4804695255643
2417,489.2455120747822
2418,244.34348149009884
2419,73.73826515486795
2420,0.0
2421,0.0
2422,0.0
2423,0.0
2424,0.0
2425,0.0
2426,0.0
2427,0.0
2428,0.0
2429,0.0
2430,0.0
2431,0.0
2432,105.86640447735691
2433,114.7490512151928
2434,436.2233506882172
2435,687.1540787802412
2436,889.7974631119486
2437,973.5207884288717
2438,956.314678157716
2439,876.2012517197828
2440,747.453521082789
2441,564.3856903826692
2442,336.88117831799
2443,69.19224442894202
2444,0.0
2445,0.0
2446,0.0
2447,0.0
2448,0.0
2449,0.0
2450,0.0
2451,0.0
2452,0.0
2453,0.0
2454,0.0
2455,0.0
2456,51.90663485772351
2457,174.95179559007508
2458,362.99685584579566
2459,665.388723604708
2460,794.2156007221544
2461,914.3374666233408
2462,888.2483542544601
2463,748.5021638695904
2464,655.0819579551613
2465,483.9754761801354
2466,308.218271367771
2467,44.96130596713698
2468,0.0
2469,0.0
2470,0.0
2471,0.0
2472,0.0
2473,0.0
2474,0.0
2475,0.0
2476,0.0
2477,0.0
2478,0.0
2479,0.0
2480,57.36671848221146
2481,285.2447468062775
2482,516.8535609936049
2483,656.9700136614687
2484,716.9447668869653
2485,866.8545774617974
2486,774.5911954960238
2487,587.2960206010594
2488,496.1571001910174
2489,271.1083716519067
2490,269.2593736072082
2491,72.23139855066943
2492,0.0
2493,0.0
2494,0.0
2495,0.0
2496,0.0
2497,0.0
2498,0.0
2499,0.0
2500,0.0
2501,0.0
2502,0.0
2503,0.0
2504,16.342485051900205
2505,181.18294830922133
2506,391.3556869469637
2507,681.5031259045305
2508,775.7194058035798
2509,923.0007003937808
2510,576.6923549258154
2511,607.0824852455945
2512,566.8313084791349
2513,552.655682169935
2514,317.43259130034676
2515,63.918758833368365
2516,0.0
2517,0.0
2518,0.0
2519,0.0
2520,0.0
2521,0.0
2522,0.0
2523,0.0
2524,0.0
2525,0.0
2526,0.0
2527,0.0
2528,29.59688834423381
2529,249.08761037818044
2530,373.52639146752443
2531,656.0538302404364
2532,703.314956634627
2533,590.1229055044334
2534,653.1923316895903
2535,456.0580305361629
2536,488.3825742201211
2537,243.00238278354857
2538,315.8997764839976
2539,54.84303905926624
2540,0.0
2541,0.0
2542,0.0
2543,0.0
2544,0.0
2545,0.0
2546,0.0
2547,0.0
2548,0.0
2549,0.0
2550,0.0
2551,0.0
2552,27.62742505189308
2553,209.01949234001808
2554,325.3863722639401
2555,178.26786349366418
2556,176.41512452046862
2557,354.5770558827217
2558,387.0577397797694
2559,537.8786729555205
2560,398.59878909480295
2561,310.1965129164451
2562,225.09508346668193
2563,36.611069337157076
2564,0.0
2565,0.0
2566,0.0
2567,0.0
2568,0.0
2569,0.0
2570,0.0
2571,0.0
2572,0.0
2573,0.0
2574,0.0
2575,0.0
2576,77.3768744109742
2577,216.3055752284378
2578,223.91284343192282
2579,532.3143958744176
2580,592.9712132154825
2581,724.6584029847078
2582,391.94091011378924
2583,436.95335755381325
2584,563.5891431027462
2585,543.9199386814415
2586,133.6196637138576
2587,69.12902794782376
2588,0.0
2589,0.0
2590,0.0
2591,0.0
2592,0.0
2593,0.0
2594,0.0
2595,0.0
2596,0.0
2597,0.0
2598,0.0
2599,0.0
2600,48.60196183588267
2601,336.3981127267882
2602,581.0088966848964
2603,730.0777900760042
2604,815.4748292023876
2605,927.0085287400987
2606,919.9173160410187
2607,864.3614207828565
2608,568.9378840032072
2609,161.2091623800343
2610,304.89415781495194
2611,59.069872230921135
2612,0.0
2613,0.0
2614,0.0
2615,0.0
2616,0.0
2617,0.0
2618,0.0
2619,0.0
2620,0.0
2621,0.0
2622,0.0
2623,0.0
2624,29.608619618597334
2625,232.02953939991897
2626,519.9006979011035
2627,723.5916841905286
2628,788.8077318240761
2629,834.0918305011728
2630,786.219811219613
2631,535.2727391677007
2632,396.40863134426235
2633,265.4225591687262
2634,187.0342681696836
2635,58.16988425441867
2636,0.0
2637,0.0
2638,0.0
2639,0.0
2640,0.0
2641,0.0
2642,0.0
2643,0.0
2644,0.0
2645,0.0
2646,0.0
2647,0.0
2648,9.219040583653708
2649,196.16342286051662
2650,442.59542973945474
2651,479.4293161786777
2652,671.684301998881
2653,673.0566258916581
2654,912.340307097533
2655,843.7091922920962
2656,709.0596812285237
2657,554.1228873530001
2658,329.1484612146763
2659,63.85446357776544
2660,0.0
2661,0.0
2662,0.0
2663,0.0
2664,0.0
2665,0.0
2666,0.0
2667,0.0
2668,0.0
2669,0.0
2670,0.0
2671,0.0
2672,17.419464901884908
2673,169.8234357092169
2674,364.771245850721
2675,665.4252447487642
2676,840.6302295670241
2677,758.6694141117516
2678,834.9114366646712
2679,550.067019038366
2680,685.0994643936277
2681,483.4327531487865
2682,185.11618492800008
2683,12.020513122702443
2684,0.0
2685,0.0
2686,0.0
2687,0.0
2688,0.0
2689,0.0
2690,0.0
2691,0.0
2692,0.0
2693,0.0
2694,0.0
2695,0.0
2696,115.23122356820942
2697,356.43411663755353
2698,547.3034098955903
2699,765.3789044810422
2700,870.9271275370853
2701,904.2250481848251
2702,795.0820157782916
2703,764.3152559045373
2704,255.45122451675329
2705,56.36635038762107
2706,56.75414439440268
2707,69.41843449814863
2708,0.0
2709,0.0
2710,0.0
2711,0.0
2712,0.0
2713,0.0
2714,0.0
2715,0.0
2716,0.0
2717,0.0
2718,0.0
2719,0.0
2720,31.61729081286812
2721,238.24525203577878
2722,187.62880094379824
2723,604.0567837001585
2724,837.8693682025274
2725,846.2629016365594
2726,507.0809894330021
2727,348.17845770342433
2728,256.14605181473826
2729,305.1950915766239
2730,310.20854030146046
2731,66.50535321461005
2732,0.0
2733,0.0
2734,0.0
2735,0.0
2736,0.0
2737,0.0
2738,0.0
2739,0.0
2740,0.0
2741,0.0
2742,0.0
2743,0.0
2744,22.46635707433118
2745,271.44465633647434
2746,583.7408284849489
2747,751.9956739123811
2748,729.9779216631041
2749,761.523401541815
2750,520.9616593225255
2751,306.86986910438424
2752,252.1053242687429
2753,302.517819057442
2754,162.13085730502493
2755,59.14817086286701
2756,0.0
2757,0.0
2758,0.0
2759,0.0
2760,0.0
2761,0.0
2762,0.0
2763,0.0
2764,0.0
2765,0.0
2766,0.0
2767,0.0
2768,52.0217840760564
2769,59.71058954405405
2770,210.40044605995166
2771,534.2160335027489
2772,591.7957792754394
2773,720.9765383509314
2774,816.593923235395
2775,722.8213535129566
2776,562.4441526320273
2777,183.4905216525483
2778,27.02670289914035
2779,17.13188319178229
2780,0.0
2781,0.0
2782,0.0
2783,0.0
2784,0.0
2785,0.0
2786,0.0
2787,0.0
2788,0.0
2789,0.0
2790,0.0
2791,0.0
2792,52.11784618017242
2793,258.58920731874616
2794,281.7792883102094
2795,325.84333597149987
2796,372.86950186148226
2797,663.7301204221558
2798,512.4086971667778
2799,789.8138844527072
2800,428.6723852203495
2801,343.8316027448397
2802,159.63288229581883
2803,33.261032291046895
2804,0.0
2805,0.0
2806,0.0
2807,0.0
2808,0.0
2809,0.0
2810,0.0
2811,0.0
2812,0.0
2813,0.0
2814,0.0
2815,0.0
2816,125.89316740254573
2817,358.2418169459857
2818,581.0053585344176
2819,661.388592674643
2820,0.0
2821,582.6828651636371
2822,259.67485416638993
2823,174.25896709980267
2824,0.0
2825,48.71269341420211
2826,39.05969404220373
2827,40.33836634711528
2828,0.0
2829,0.0
2830,0.0
2831,0.0
2832,0.0
2833,0.0
2834,0.0
2835,0.0
2836,0.0
2837,0.0
2838,0.0
2839,0.0
2840,111.58463310766541
2841,379.5661791692071
2842,569.5459610080942
2843,737.7505421606903
2844,794.8684548296073
2845,943.6232069681771
2846,894.0180791446898
2847,807.9030889394277
2848,473.41014890300175
2849,296.25339263709645
2850,197.954833289425
2851,66.96271200157194
2852,0.0
2853,0.0
2854,0.0
2855,0.0
2856,0.0
2857,0.0
2858,0.0
2859,0.0
2860,0.0
2861,0.0
2862,0.0
2863,0.0
2864,17.385705309829383
2865,162.85294010113427
2866,179.56095036491098
2867,372.80051332378605
2868,438.3919864260582
2869,462.32232731349205
2870,348.875192681615
2871,720.5055071400835
2872,107.57377963771559
2873,381.75049613208466
2874,281.11145160480044
2875,51.41561888630651
2876,0.0
2877,0.0
2878,0.0
2879,0.0
2880,0.0
2881,0.0
2882,0.0
2883,0.0
2884,0.0
2885,0.0
2886,0.0
2887,0.0
2888,47.57980537781613
2889,349.398198633286
2890,507.16154596647243
2891,749.6849483424506
2892,878.7529336524808
2893,890.9037584017407
2894,784.2518383140431
2895,657.8535237527726
2896,481.8298136199339
2897,487.3326536043857
2898,266.2274956737501
2899,21.946135735314346
2900,0.0
2901,0.0
2902,0.0
2903,0.0
2904,0.0
2905,0.0
2906,0.0
2907,0.0
2908,0.0
2909,0.0
2910,0.0
2911,0.0
2912,41.18789056783967
2913,125.26399681088814
2914,333.2359481294394
2915,721.9282371789263
2916,480.3675303694025
2917,760.14520960322
2918,443.3562833255705
2919,747.758217989585
2920,471.9472165716192
2921,292.46258521390087
2922,152.9651848162871
2923,61.27946801284566
2924,0.0
2925,0.0
2926,0.0
2927,0.0
2928,0.0
2929,0.0
2930,0.0
2931,0.0
2932,0.0
2933,0.0
2934,0.0
2935,0.0
2936,9.225991087900434
2937,37.750868469987694
2938,253.6699693176359
2939,588.6622149821085
2940,834.2182878183996
2941,352.5746850291862
2942,772.7174329141336
2943,451.0793001300984
2944,504.47871390488564
2945,460.68059117921376
2946,303.52519098112424
2947,51.548570616054555
2948,0.0
2949,0.0
2950,0.0
2951,0.0
2952,0.0
2953,0.0
2954,0.0
2955,0.0
2956,0.0
2957,0.0
2958,0.0
2959,0.0
2960,9.222019371188019
2961,313.2141003744206
2962,513.530184254621
2963,680.9907844035816
2964,783.4501007964657
2965,909.7628244720755
2966,931.9540932561034
2967,769.6190048949018
2968,691.600350633694
2969,457.61101688320235
2970,278.8038229148492
2971,42.08561057921182
2972,0.0
2973,0.0
2974,0.0
2975,0.0
2976,0.0
2977,0.0
2978,0.0
2979,0.0
2980,0.0
2981,0.0
2982,0.0
2983,0.0
2984,104.61058637446877
2985,339.59506141996826
2986,458.0945264997402
2987,703.9457118695362
2988,768.5626919425068
2989,899.0201667459527
2990,891.5654475413797
2991,774.9422447355734
2992,624.2340894627326
2993,455.8380731569116
2994,258.726305988899
2995,52.0865268271394
2996,0.0
2997,0.0
2998,0.0
2999,0.0
3000,0.0
3001,0.0
3002,0.0
3003,0.0
3004,0.0
3005,0.0
3006,0.0
3007,0.0
3008,52.141205504582715
3009,182.29789732103765
3010,334.57954628763815
3011,511.93617184912586
3012,772.8603305012027
3013,672.2851793045741
3014,664.0397723443255
3015,714.9981401851894
3016,269.29140029806996
3017,159.0885410391217
3018,152.07965570550985
3019,31.244160775498074
3020,0.0
3021,0.0
3022,0.0
3023,0.0
3024,0.0
3025,0.0
3026,0.0
3027,0.0
3028,0.0
3029,0.0
3030,0.0
3031,0.0
3032,15.341548424881696
3033,158.60098558897735
3034,414.4691981755206
3035,686.5223266972661
3036,836.7830386851404
3037,859.9803506366484
3038,848.5634507523868
3039,751.8434748977643
3040,430.07024698147956
3041,162.31373864123464
3042,300.50789414266825
3043,55.63657863208416
3044,0.0
3045,0.0
3046,0.0
3047,0.0
3048,0.0
3049,0.0
3050,0.0
3051,0.0
3052,0.0
3053,0.0
3054,0.0
3055,0.0
3056,9.231948662969057
3057,73.97454941479748
3058,428.16607898896854
3059,600.6063605432278
3060,750.8718826246491
3061,804.4127062254302
3062,821.3932147399922
3063,843.7949550255521
3064,688.4527511701452
3065,511.3672373540802
3066,275.08044046441637
3067,58.99361102473858
3068,0.0
3069,0.0
3070,0.0
3071,0.0
3072,0.0
3073,0.0
3074,0.0
3075,0.0
3076,0.0
3077,0.0
3078,0.0
3079,0.0
3080,97.08741458843265
3081,336.55440384092907
3082,490.55794651268076
3083,664.4621028963304
3084,768.6059580748123
3085,808.7773861643066
3086,888.178369346622
3087,801.3801836230573
3088,702.14136079994
3089,545.7970889288309
3090,307.1289353784033
3091,54.45578076498508
3092,0.0
3093,0.0
3094,0.0
3095,0.0
3096,0.0
3097,0.0
3098,0.0
3099,0.0
3100,0.0
3101,0.0
3102,0.0
3103,0.0
3104,9.210435197443477
3105,258.69084866662433
3106,420.74753842065803
3107,695.5855120220592
3108,617.5085818505978
3109,835.4956630389918
3110,667.3290502190598
3111,695.4482608795989
3112,578.1885014390307
3113,481.61353920561646
3114,281.40735337417414
3115,45.945256650216905
3116,0.0
3117,0.0
3118,0.0
3119,0.0
3120,0.0
3121,0.0
3122,0.0
3123,0.0
3124,0.0
3125,0.0
3126,0.0
3127,0.0
3128,12.281763822007946
3129,66.99454995825126
3130,297.7171767460629
3131,625.701723493375
3132,720.5567285334372
3133,741.3712512668405
3134,596.7119089398834
3135,539.9211769297033
3136,530.7444477556274
3137,417.17411171008314
3138,260.5101497188789
3139,59.28377508340622
3140,0.0
3141,0.0
3142,0.0
3143,0.0
3144,0.0
3145,0.0
3146,0.0
3147,0.0
3148,0.0
3149,0.0
3150,0.0
3151,0.0
3152,9.228969875434744
3153,30.63169605559789
3154,403.03744963530556
3155,545.4260462166579
3156,622.7654277149289
3157,839.071340387312
3158,499.6141401936573
3159,610.1813329237038
3160,626.5192597171217
3161,492.41489972435966
3162,81.38476561239636
3163,15.198676948699001
3164,0.0
3165,0.0
3166,0.0
3167,0.0
3168,0.0
3169,0.0
3170,0.0
3171,0.0
3172,0.0
3173,0.0
3174,0.0
3175,0.0
3176,26.624367683091513
3177,146.98485674120383
3178,467.2183600687849
3179,523.0968307987681
3180,619.2293933596513
3181,419.6137248825023
3182,546.1968352210286
3183,633.7732652154967
3184,694.0917678167098
3185,45.69868012423233
3186,294.9259215655776
3187,56.26046727636501
3188,0.0
3189,0.0
3190,0.0
3191,0.0
3192,0.0
3193,0.0
3194,0.0
3195,0.0
3196,0.0
3197,0.0
3198,0.0
3199,0.0
3200,21.47767658096149
3201,83.12197785971284
3202,257.9064107284738
3203,723.6799066429636
3204,466.49364679386514
3205,272.0248502585698
3206,553.3083163491913
3207,568.0944142762504
3208,637.0650164891827
3209,540.3177281279009
3210,112.5029128908745
3211,54.59977397512442
3212,0.0
3213,0.0
3214,0.0
3215,0.0
3216,0.0
3217,0.0
3218,0.0
3219,0.0
3220,0.0
3221,0.0
3222,0.0
3223,0.0
3224,88.599985012879
3225,280.8513109266784
3226,594.5372775044921
3227,738.4352383508437
3228,690.5697648881179
3229,689.0812435698293
3230,776.2056727073616
3231,530.6355448837761
3232,433.6546705987417
3233,187.58240745166222
3234,237.44498336873247
3235,58.444266041429564
3236,0.0
3237,0.0
3238,0.0
3239,0.0
3240,0.0
3241,0.0
3242,0.0
3243,0.0
3244,0.0
3245,0.0
3246,0.0
3247,0.0
3248,23.687926825652713
3249,64.05665436122624
3250,124.18974708425402
3251,325.133901278532
3252,603.4756003091225
3253,503.66615347615067
3254,811.920357279239
3255,417.69053856214566
3256,175.33107206618934
3257,286.89325219827407
3258,210.7824078778331
3259,37.04980343595079
3260,0.0
3261,0.0
3262,0.0
3263,0.0
3264,0.0
3265,0.0
3266,0.0
3267,0.0
3268,0.0
3269,0.0
3270,0.0
3271,0.0
3272,108.85459672148752
3273,300.41731583643775
3274,547.4873848733458
3275,756.4673950901936
3276,652.8678303940186
3277,595.6329952874559
3278,434.1921827128401
3279,743.8853514477214
3280,601.7463837070311
3281,400.6921666414409
3282,102.78373534152672
3283,49.05735206114959
3284,0.0
3285,0.0
3286,0.0
3287,0.0
3288,0.0
3289,0.0
3290,0.0
3291,0.0
3292,0.0
3293,0.0
3294,0.0
3295,0.0
3296,130.30392291488099
3297,358.99899595911864
3298,584.4630692278884
3299,753.401191593667
3300,869.3561518368897
3301,898.7480844117637
3302,851.1165824655997
3303,712.0167269206188
3304,455.74377071588515
3305,235.02150178350044
3306,153.50253584015888
3307,60.104015128070394
3308,0.0
3309,0.0
3310,0.0
3311,0.0
3312,0.0
3313,0.0
3314,0.0
3315,0.0
3316,0.0
3317,0.0
3318,0.0
3319,0.0
3320,39.3041132283559
3321,323.1974063743863
3322,290.46714393541345
3323,659.7472494743267
3324,695.9673914579981
3325,757.289559587039
3326,561.7524113332563
3327,553.1105518748528
3328,389.45946965665746
3329,508.3926639974704
3330,179.48997111037153
3331,41.98323788829521
3332,0.0
3333,0.0
3334,0.0
3335,0.0
3336,0.0
3337,0.0
3338,0.0
3339,0.0
3340,0.0
3341,0.0
3342,0.0
3343,0.0
3344,15.390091629144544
3345,62.15145261115875
3346,105.78241169569556
3347,110.02060760463515
3348,300.27464281610656
3349,315.1935922897982
3350,153.3852121226815
3351,306.07780650287026
3352,279.0594053950466
3353,331.45524727786824
3354,163.5648714635857
3355,55.75456178811348
3356,0.0
3357,0.0
3358,0.0
3359,0.0
3360,0.0
3361,0.0
3362,0.0
3363,0.0
3364,0.0
3365,0.0
3366,0.0
3367,0.0
3368,64.25126781972126
3369,81.21585881727165
3370,189.7269390219314
3371,492.9530903755004
3372,310.46249948483256
3373,188.73479484563876
3374,246.08781651964168
3375,389.07303472980436
3376,63.65630398521582
3377,81.44230944190888
3378,50.96126803744046
3379,10.076380238513494
3380,0.0
3381,0.0
3382,0.0
3383,0.0
3384,0.0
3385,0.0
3386,0.0
3387,0.0
3388,0.0
3389,0.0
3390,0.0
3391,0.0
3392,15.469525963392838
3393,71.3909622959204
3394,254.68905156186048
3395,630.5942159019176
3396,305.856660080204
3397,431.55842353663525
3398,350.83765127982923
3399,789.3504194047041
3400,590.3870492431467
3401,304.1699736385953
3402,108.70007283655495
3403,27.06029904286562
3404,0.0
3405,0.0
3406,0.0
3407,0.0
3408,0.0
3409,0.0
3410,0.0
3411,0.0
3412,0.0
3413,0.0
3414,0.0
3415,0.0
3416,31.968419990369377
3417,363.16720413157964
3418,550.4167362771384
3419,757.3322106631756
3420,836.0236394148653
3421,651.8064437098227
3422,855.300224380643
3423,751.8855938435714
3424,614.094350717643
3425,323.7539923549481
3426,39.85659885737859
3427,52.199792733001765
3428,0.0
3429,0.0
3430,0.0
3431,0.0
3432,0.0
3433,0.0
3434,0.0
3435,0.0
3436,0.0
3437,0.0
3438,0.0
3439,0.0
3440,26.796475407296146
3441,95.57560569431205
3442,494.4887066793545
3443,707.313785679247
3444,739.3583066274167
3445,876.0546777628474
3446,894.124889613024
3447,814.9878755707658
3448,708.7796357418189
3449,507.79272436855814
3450,198.47129503409937
3451,60.16918370941517
3452,0.0
3453,0.0
3454,0.0
3455,0.0
3456,0.0
3457,0.0
3458,0.0
3459,0.0
3460,0.0
3461,0.0
3462,0.0
3463,0.0
3464,8.238275712425507
3465,37.71821213257451
3466,89.4723592264836
3467,259.79013688578624
3468,503.06372675917856
3469,535.6267751578761
3470,446.3523230961868
3471,521.9489100379988
3472,477.1798320467631
3473,382.8563967748923
3474,223.4777637212132
3475,36.138392113159334
3476,0.0
3477,0.0
3478,0.0
3479,0.0
3480,0.0
3481,0.0
3482,0.0
3483,0.0
3484,0.0
3485,0.0
3486,0.0
3487,0.0
3488,20.599902157255837
3489,220.0948142264034
3490,288.6427450437164
3491,488.56097818464997
3492,535.4624673061079
3493,620.8259905346415
3494,623.7930567063661
3495,172.599724516664
3496,62.24720642232863
3497,44.85434536655581
3498,24.023134000274755
3499,38.618077758696614
3500,0.0
3501,0.0
3502,0.0
3503,0.0
3504,0.0
3505,0.0
3506,0.0
3507,0.0
3508,0.0
3509,0.0
3510,0.0
3511,0.0
3512,23.69384762556659
3513,157.96883197136893
3514,219.99554370760376
3515,589.2962511255331
3516,257.81335073443046
3517,753.2754342769491
3518,689.7227287768603
3519,333.00125287462504
3520,62.44645421073477
3521,174.06159834305123
3522,99.99039141640661
3523,30.05773370679377
3524,0.0
3525,0.0
3526,0.0
3527,0.0
3528,0.0
3529,0.0
3530,0.0
3531,0.0
3532,0.0
3533,0.0
3534,0.0
3535,0.0
3536,11.282193462687323
3537,75.22164800088827
3538,105.85963952065917
3539,307.1517315871725
3540,346.59700624277633
3541,323.3820287684374
3542,138.48589165206636
3543,779.609621173196
3544,299.8342750248052
3545,57.2551323274881
3546,36.370612759117485
3547,4.064920104174563
3548,0.0
3549,0.0
3550,0.0
3551,0.0
3552,0.0
3553,0.0
3554,0.0
3555,0.0
3556,0.0
3557,0.0
3558,0.0
3559,0.0
3560,25.679517587205012
3561,83.29989605836714
3562,217.27054670984577
3563,278.40304587909964
3564,330.79274390524193
3565,810.3717863262915
3566,895.9108938914108
3567,699.7217697714037
3568,405.9482467068005
3569,414.28016777582593
3570,215.393481560752
3571,34.435354340942936
3572,0.0
3573,0.0
3574,0.0
3575,0.0
3576,0.0
3577,0.0
3578,0.0
3579,0.0
3580,0.0
3581,0.0
3582,0.0
3583,0.0
3584,8.23709890747368
3585,93.31950075748738
3586,463.5769635873291
3587,661.5299652654868
3588,817.2955804559797
3589,891.4540306183557
3590,868.9550103675505
3591,842.9090143971896
3592,674.4343308583092
3593,450.57028453307805
3594,214.2793793828533
3595,41.57021456800752
3596,0.0
3597,0.0
3598,0.0
3599,0.0
3600,0.0
3601,0.0
3602,0.0
3603,0.0
3604,0.0
3605,0.0
3606,0.0
3607,0.0
3608,111.41846372028593
3609,374.83159033973436
3610,577.3190841618899
3611,746.0328818807628
3612,861.1935955192118
3613,898.9407116528503
3614,876.9821688410087
3615,722.0832629601051
3616,524.0219521319378
3617,487.0256981576492
3618,233.46957343019636
3619,54.16526254202982
3620,0.0
3621,0.0
3622,0.0
3623,0.0
3624,0.0
3625,0.0
3626,0.0
3627,0.0
3628,0.0
3629,0.0
3630,0.0
3631,0.0
3632,17.379453533522806
3633,238.68673422220917
3634,569.3142950567101
3635,617.3531652386491
3636,741.7359781172321
3637,845.7164560134347
3638,725.4462720750485
3639,671.8105167728254
3640,569.5806251805917
3641,431.27815245622565
3642,299.1840932543757
3643,6.033344604732666
3644,0.0
3645,0.0
3646,0.0
3647,0.0
3648,0.0
3649,0.0
3650,0.0
3651,0.0
3652,0.0
3653,0.0
3654,0.0
3655,0.0
3656,27.77934321614294
3657,134.36768257410404
3658,555.5018644467386
3659,725.8543045070411
3660,722.8972994340414
3661,768.9548983465986
3662,681.9611529703428
3663,449.8987652163232
3664,481.9315413095182
3665,490.6825892201704
3666,254.01165832703268
3667,45.818870558247944
3668,0.0
3669,0.0
3670,0.0
3671,0.0
3672,0.0
3673,0.0
3674,0.0
3675,0.0
3676,0.0
3677,0.0
3678,0.0
3679,0.0
3680,31.964999900978132
3681,127.40828695709403
3682,261.070316543056
3683,257.07048377222736
3684,414.99106988409625
3685,365.23813935388773
3686,361.54240140556857
3687,373.45695782311844
3688,534.0153070630454
3689,466.14393179192786
3690,209.76677080932885
3691,58.613113758356654
3692,0.0
3693,0.0
3694,0.0
3695,0.0
3696,0.0
3697,0.0
3698,0.0
3699,0.0
3700,0.0
3701,0.0
3702,0.0
3703,0.0
3704,8.235627901283896
3705,28.697920257450612
3706,106.4234026428936
3707,229.9156769521618
3708,427.7702037037725
3709,154.7453390874711
3710,533.5481842451114
3711,153.22655204119047
3712,394.4499044513277
3713,193.3856346209857
3714,223.59150298096247
3715,52.084147902487054
3716,0.0
3717,0.0
3718,0.0
3719,0.0
3720,0.0
3721,0.0
3722,0.0
3723,0.0
3724,0.0
3725,0.0
3726,0.0
3727,0.0
3728,43.45181491860903
3729,276.51193591215855
3730,534.3562107593484
3731,720.400478935143
3732,539.2471393499678
3733,818.9940276158331
3734,766.4962721990194
3735,576.602037113484
3736,563.1869776580253
3737,412.92452046451456
3738,188.14674258083897
3739,51.19981405608837
3740,0.0
3741,0.0
3742,0.0
3743,0.0
3744,0.0
3745,0.0
3746,0.0
3747,0.0
3748,0.0
3749,0.0
3750,0.0
3751,0.0
3752,37.82178378311146
3753,138.09967981190886
3754,396.4142741380597
3755,593.6885450922035
3756,794.512347960554
3757,700.4280934890628
3758,726.1231759192326
3759,730.665280082773
3760,651.4757274000415
3761,467.46207722593346
3762,171.51287837516375
3763,64.7228724021298
3764,0.0
3765,0.0
3766,0.0
3767,0.0
3768,0.0
3769,0.0
3770,0.0
3771,0.0
3772,0.0
3773,0.0
3774,0.0
3775,0.0
3776,21.660706526125267
3777,192.80497537890383
3778,330.7001751034956
3779,710.881064264956
3780,830.2801622995465
3781,724.5714994472806
3782,727.24568185828
3783,479.10433170807084
3784,68.11807312254199
3785,221.58932811976806
3786,40.879994053579736
3787,8.042043486708424
3788,0.0
3789,0.0
3790,0.0
3791,0.0
3792,0.0
3793,0.0
3794,0.0
3795,0.0
3796,0.0
3797,0.0
3798,0.0
3799,0.0
3800,88.06667595764306
3801,122.86349186399129
3802,317.31097623885984
3803,570.9679728343972
3804,667.6070856115953
3805,898.435479084833
3806,790.7732176183614
3807,95.54627153346979
3808,61.295878188656374
3809,43.71050595159384
3810,24.052259922832466
3811,40.85198871103378
3812,0.0
3813,0.0
3814,0.0
3815,0.0
3816,0.0
3817,0.0
3818,0.0
3819,0.0
3820,0.0
3821,0.0
3822,0.0
3823,0.0
3824,41.476093221934164
3825,189.32912602527819
3826,494.62033674694885
3827,500.91934539263195
3828,741.7780124282771
3829,784.4022314930029
3830,864.5222335827067
3831,619.6451403399875
3832,282.1676068589187
3833,48.13709810338106
3834,103.19973327772293
3835,25.790393684259666
3836,0.0
3837,0.0
3838,0.0
3839,0.0
3840,0.0
3841,0.0
3842,0.0
3843,0.0
3844,0.0
3845,0.0
3846,0.0
3847,0.0
3848,24.717743123090397
3849,85.3927281484189
3850,104.70652251242598
3851,117.96201304661564
3852,223.13231591730752
3853,531.1460923861248
3854,836.3192583825601
3855,799.6047649551599
3856,708.5068442306489
3857,510.101392624711
3858,199.11046439616837
3859,54.90162800118446
3860,0.0
3861,0.0
3862,0.0
3863,0.0
3864,0.0
3865,0.0
3866,0.0
3867,0.0
3868,0.0
3869,0.0
3870,0.0
3871,0.0
3872,22.69127392074904
3873,82.3945745865278
3874,392.9761632718758
3875,329.59497883148043
3876,589.4642045896629
3877,521.7842152897683
3878,601.2128306631271
3879,457.9903624993493
3880,285.5865363816918
3881,355.68118088305766
3882,179.98054955986896
3883,58.09697180957856
3884,0.0
3885,0.0
3886,0.0
3887,0.0
3888,0.0
3889,0.0
3890,0.0
3891,0.0
3892,0.0
3893,0.0
3894,0.0
3895,0.0
3896,46.15628164549399
3897,130.70243109481189
3898,258.42555037384875
3899,678.7721905467902
3900,793.1989121100415
3901,682.780074967223
3902,756.4228214529356
3903,715.9346418546606
3904,604.5084556776643
3905,440.83205906610283
3906,176.89501650151746
3907,34.79365778929276
3908,0.0
3909,0.0
3910,0.0
3911,0.0
3912,0.0
3913,0.0
3914,0.0
3915,0.0
3916,0.0
3917,0.0
3918,0.0
3919,0.0
3920,15.535721241933084
3921,43.1619743487138
3922,108.41820125784609
3923,339.2385246595958
3924,328.0527859956724
3925,445.08516399719156
3926,410.3894731896177
3927,431.5300355032884
3928,431.14279882321193
3929,407.6782813994926
3930,214.50279894818442
3931,48.930021413063166
3932,0.0
3933,0.0
3934,0.0
3935,0.0
3936,0.0
3937,0.0
3938,0.0
3939,0.0
3940,0.0
3941,0.0
3942,0.0
3943,0.0
3944,44.62164867340045
3945,290.1298151382881
3946,514.4688637560536
3947,569.579581725155
3948,634.5601183586549
3949,652.589489010891
3950,637.0096180201077
3951,665.6853753141231
3952,461.11046485234664
3953,418.13369219976863
3954,217.78654889158446
3955,44.01868120486947
3956,0.0
3957,0.0
3958,0.0
3959,0.0
3960,0.0
3961,0.0
3962,0.0
3963,0.0
3964,0.0
3965,0.0
3966,0.0
3967,0.0
3968,47.28915358577523
3969,231.05713398609123
3970,322.7006667985642
3971,505.4476200631858
3972,706.6966247466491
3973,550.3269908904217
3974,734.0651466792101
3975,534.154125326299
3976,419.2672362508268
3977,434.91676771451284
3978,235.35196349082088
3979,46.6677466738063
3980,0.0
3981,0.0
3982,0.0
3983,0.0
3984,0.0
3985,0.0
3986,0.0
3987,0.0
3988,0.0
3989,0.0
3990,0.0
3991,0.0
3992,16.60020533635023
3993,51.40380847981432
3994,157.17731897932367
3995,242.6274726441806
3996,276.817735852377
3997,401.56193808375576
3998,245.44120822216354
3999,371.85821557612985
4000,281.36698952377316
4001,436.0254938489013
4002,292.98684411190874
4003,61.980238417235256
4004,0.0
4005,0.0
4006,0.0
4007,0.0
4008,0.0
4009,0.0
4010,0.0
4011,0.0
4012,0.0
4013,0.0
4014,0.0
4015,0.0
4016,15.527998459436722
4017,121.70391849951793
4018,166.91055943399775
4019,330.1068793518503
4020,505.71590929412156
4021,534.0863251543242
4022,258.2015433868414
4023,300.24307656961884
4024,305.1945072019974
4025,386.78811381276677
4026,225.82453477145216
4027,47.84040844964648
4028,0.0
4029,0.0
4030,0.0
4031,0.0
4032,0.0
4033,0.0
4034,0.0
4035,0.0
4036,0.0
4037,0.0
4038,0.0
4039,0.0
4040,37.17604358949585
4041,107.36942588935602
4042,222.43570360338478
4043,280.08768241069214
4044,422.23422821097734
4045,244.80303645058817
4046,215.2553471699988
4047,165.71061282608332
4048,106.82848486854736
4049,74.14671022770416
4050,85.10860739921748
4051,41.11728927768507
4052,0.0
4053,0.0
4054,0.0
4055,0.0
4056,0.0
4057,0.0
4058,0.0
4059,0.0
4060,0.0
4061,0.0
4062,0.0
4063,0.0
4064,43.157504793464156
4065,145.90341495505658
4066,119.65006619970136
4067,284.7799691187005
4068,275.37405630561693
4069,816.9036204998989
4070,601.5513166063964
4071,381.6778086776678
4072,309.39312439527794
4073,321.6982638981507
4074,139.3738107010589
4075,33.448921906240905
4076,0.0
4077,0.0
4078,0.0
4079,0.0
4080,0.0
4081,0.0
4082,0.0
4083,0.0
4084,0.0
4085,0.0
4086,0.0
4087,0.0
4088,35.954375158970805
4089,110.00541604790487
4090,133.35805457342977
4091,237.12446197928335
4092,427.4438850376112
4093,623.4636826721841
4094,346.42699257868736
4095,262.0659791129056
4096,158.4512880035935
4097,145.71431367631254
4098,68.1639132168879
4099,34.942631977086315
4100,0.0
4101,0.0
4102,0.0
4103,0.0
4104,0.0
4105,0.0
4106,0.0
4107,0.0
4108,0.0
4109,0.0
4110,0.0
4111,0.0
4112,35.98297238294423
4113,264.0797883395675
4114,273.6799504066525
4115,216.6743532909732
4116,459.852275027685
4117,328.04382406644345
4118,345.16926383605664
4119,253.43062975108833
4120,212.03471244608144
4121,212.21935354779856
4122,157.53244821002903
4123,53.41742523157407
4124,0.0
4125,0.0
4126,0.0
4127,0.0
4128,0.0
4129,0.0
4130,0.0
4131,0.0
4132,0.0
4133,0.0
4134,0.0
4135,0.0
4136,21.698548160357436
4137,254.6128241919773
4138,538.4455092071972
4139,699.1625494283628
4140,808.3972249984051
4141,608.7340082042474
4142,704.2108366957308
4143,594.1616956854031
4144,394.4262115551061
4145,407.4837508618537
4146,206.35212492832522
4147,48.49997110792746
4148,0.0
4149,0.0
4150,0.0
4151,0.0
4152,0.0
4153,0.0
4154,0.0
4155,0.0
4156,0.0
4157,0.0
4158,0.0
4159,0.0
4160,32.88341914574463
4161,116.21753659075428
4162,417.0835221036175
4163,302.9048666864792
4164,513.1544419405421
4165,417.5785253029229
4166,645.7915930230467
4167,319.73254948677334
4168,260.24919509196343
4169,224.26709019467316
4170,271.3889335065886
4171,60.364747799623146
4172,0.0
4173,0.0
4174,0.0
4175,0.0
4176,0.0
4177,0.0
4178,0.0
4179,0.0
4180,0.0
4181,0.0
4182,0.0
4183,0.0
4184,10.289676136032062
4185,197.37133724507268
4186,402.98307638872996
4187,477.8309772998469
4188,543.0550847950996
4189,855.6720611733656
4190,750.9401515829097
4191,339.70179342740084
4192,181.87141078241874
4193,225.85056517545112
4194,89.33489369804836
4195,5.080762886056755
4196,0.0
4197,0.0
4198,0.0
4199,0.0
4200,0.0
4201,0.0
4202,0.0
4203,0.0
4204,0.0
4205,0.0
4206,0.0
4207,0.0
4208,42.02963942714736
4209,336.81028884263105
4210,556.5200157016958
4211,713.9455579008157
4212,845.8836798199825
4213,885.6964545330085
4214,877.8853026099437
4215,694.2398268685791
4216,614.1033133002071
4217,66.27853769537427
4218,48.49013958892903
4219,43.235701391875224
4220,0.0
4221,0.0
4222,0.0
4223,0.0
4224,0.0
4225,0.0
4226,0.0
4227,0.0
4228,0.0
4229,0.0
4230,0.0
4231,0.0
4232,26.74293078198804
4233,86.48712407481807
4234,283.97321342648723
4235,186.71975363664993
4236,414.46295038394794
4237,549.0370408643424
4238,598.0183146162955
4239,560.9389594214979
4240,611.6697717307401
4241,536.2260662467131
4242,318.4814274270323
4243,70.55390164342865
4244,0.0
4245,0.0
4246,0.0
4247,0.0
4248,0.0
4249,0.0
4250,0.0
4251,0.0
4252,0.0
4253,0.0
4254,0.0
4255,0.0
4256,8.263871220127735
4257,88.85737792514409
4258,247.3933269712446
4259,356.5536094423622
4260,354.9879627020915
4261,410.6830263949305
4262,357.8511097535315
4263,428.98366787498117
4264,696.3228112593807
4265,475.31560208038144
4266,267.2397874313158
4267,67.16069169270521
4268,0.0
4269,0.0
4270,0.0
4271,0.0
4272,0.0
4273,0.0
4274,0.0
4275,0.0
4276,0.0
4277,0.0
4278,0.0
4279,0.0
4280,38.363117867301355
4281,314.76013492354014
4282,302.16076312087694
4283,624.7757091642238
4284,468.6399259876019
4285,485.14429810078906
4286,189.82103823236434
4287,312.24952662591113
4288,572.8311849877722
4289,374.1709515658249
4290,241.97366493568836
4291,60.38178262572435
4292,0.0
4293,0.0
4294,0.0
4295,0.0
4296,0.0
4297,0.0
4298,0.0
4299,0.0
4300,0.0
4301,0.0
4302,0.0
4303,0.0
4304,37.54350455400918
4305,48.48260229640191
4306,431.73869497749496
4307,563.6237681655082
4308,748.5679625634162
4309,862.701126452499
4310,783.264522348935
4311,635.4819607320804
4312,616.2487830944368
4313,354.99141077057527
4314,187.96940833886183
4315,48.82926892922577
4316,0.0
4317,0.0
4318,0.0
4319,0.0
4320,0.0
4321,0.0
4322,0.0
4323,0.0
4324,0.0
4325,0.0
4326,0.0
4327,0.0
4328,37.443526650571236
4329,332.39135245446
4330,539.1035006105014
4331,684.684338712667
4332,650.042482151276
4333,782.5320148239775
4334,270.5240718249023
4335,301.9278031661166
4336,110.71420904721596
4337,254.4341250998465
4338,189.70184998500494
4339,57.015589802356466
4340,0.0
4341,0.0
4342,0.0
4343,0.0
4344,0.0
4345,0.0
4346,0.0
4347,0.0
4348,0.0
4349,0.0
4350,0.0
4351,0.0
4352,6.183166585162088
4353,44.143614150188625
4354,177.1916064299481
4355,227.5029985519459
4356,643.7016458705236
4357,507.5580521365094
4358,802.2110216581535
4359,533.3525463548305
4360,280.6932651699099
4361,360.3976422096078
4362,145.95790536613066
4363,35.29758621705172
4364,0.0
4365,0.0
4366,0.0
4367,0.0
4368,0.0
4369,0.0
4370,0.0
4371,0.0
4372,0.0
4373,0.0
4374,0.0
4375,0.0
4376,8.351837390276772
4377,54.68622361002707
4378,117.15501977511786
4379,155.231386377246
4380,347.2858776304865
4381,791.616962328779
4382,614.1232533532959
4383,411.2925991010487
4384,372.0220739941237
4385,311.3582035809626
4386,112.60221016174442
4387,39.65384762036371
4388,0.0
4389,0.0
4390,0.0
4391,0.0
4392,0.0
4393,0.0
4394,0.0
4395,0.0
4396,0.0
4397,0.0
4398,0.0
4399,0.0
4400,37.51540811244662
4401,295.45789767992505
4402,537.3392376765095
4403,634.3203793597426
4404,673.5642024000259
4405,677.1677468808405
4406,749.620351523672
4407,548.9849139426383
4408,687.1973932898844
4409,508.7133438451854
4410,262.91371851222215
4411,33.5333686336555
4412,0.0
4413,0.0
4414,0.0
4415,0.0
4416,0.0
4417,0.0
4418,0.0
4419,0.0
4420,0.0
4421,0.0
4422,0.0
4423,0.0
4424,8.314179631818321
4425,26.861493880884566
4426,79.7769737028327
4427,118.19766401828537
4428,182.47746419547448
4429,476.5571388843766
4430,602.0105740295212
4431,593.2768039386876
4432,698.3781272547334
4433,550.6958205600375
4434,322.85261889271084
4435,85.93951766143365
4436,0.0
4437,0.0
4438,0.0
4439,0.0
4440,0.0
4441,0.0
4442,0.0
4443,0.0
4444,0.0
4445,0.0
4446,0.0
4447,0.0
4448,40.64935475568146
4449,329.2008166444195
4450,553.7349124258011
4451,720.0473749809561
4452,441.1515597625529
4453,616.1700570887376
4454,626.7399903607424
4455,548.7760295582635
4456,595.6171626788285
4457,489.33206797450725
4458,337.6595413619572
4459,80.9321220396142
4460,0.0
4461,0.0
4462,0.0
4463,0.0
4464,0.0
4465,0.0
4466,0.0
4467,0.0
4468,0.0
4469,0.0
4470,0.0
4471,0.0
4472,15.627291377247087
4473,54.69012177643
4474,208.05385246503846
4475,230.61587093128716
4476,221.2131570025995
4477,154.17532418893012
4478,204.8692098146803
4479,419.74752820486947
4480,719.6113197556157
4481,555.2331252670815
4482,324.64790082026974
4483,61.131813096573126
4484,0.0
4485,0.0
4486,0.0
4487,0.0
4488,0.0
4489,0.0
4490,0.0
4491,0.0
4492,0.0
4493,0.0
4494,0.0
4495,0.0
4496,39.60849181102506
4497,141.78767392435026
4498,403.6006793166474
4499,302.41434037941104
4500,171.82619046081044
4501,223.64624853434094
4502,411.59925428653617
4503,227.587254425008
4504,228.5525738479815
4505,153.73071256806813
4506,248.49517048136488
4507,61.017212900850176
4508,0.0
4509,0.0
4510,0.0
4511,0.0
4512,0.0
4513,0.0
4514,0.0
4515,0.0
4516,0.0
4517,0.0
4518,0.0
4519,0.0
4520,11.441981510052525
4521,36.140455440683695
4522,105.96482120716655
4523,192.41942356599745
4524,613.1057946618718
4525,573.1477278964531
4526,634.5490303793576
4527,307.80089196797957
4528,527.1469083060686
4529,433.26538958154396
4530,308.6264846653234
4531,40.87089894784353
4532,0.0
4533,0.0
4534,0.0
4535,0.0
4536,0.0
4537,0.0
4538,0.0
4539,0.0
4540,0.0
4541,0.0
4542,0.0
4543,0.0
4544,10.381246271346068
4545,276.9405991613187
4546,524.8072483716569
4547,438.59702653282187
4548,668.2260573435276
4549,0.0
4550,0.0
4551,425.03098487075596
4552,530.9389696405526
4553,401.38843966866455
4554,157.73128481385862
4555,75.39771817096184
4556,0.0
4557,0.0
4558,0.0
4559,0.0
4560,0.0
4561,0.0
4562,0.0
4563,0.0
4564,0.0
4565,0.0
4566,0.0
4567,0.0
4568,33.40871242560254
4569,276.68426798398457
4570,441.4931991884748
4571,631.2055996359333
4572,669.4663800394296
4573,818.7142365113517
4574,672.4455794145438
4575,512.8890295792363
4576,303.28606463562426
4577,69.81294040583045
4578,47.15516631074153
4579,41.691302652159585
4580,0.0
4581,0.0
4582,0.0
4583,0.0
4584,0.0
4585,0.0
4586,0.0
4587,0.0
4588,0.0
4589,0.0
4590,0.0
4591,0.0
4592,22.740626178416264
4593,60.60668973971526
4594,311.78619229498685
4595,582.0651830481631
4596,656.0947273761166
4597,591.8667023186085
4598,833.718164266582
4599,593.1278514165914
4600,542.8720109462325
4601,414.08135342682226
4602,290.8828268961488
4603,41.6863950206021
4604,0.0
4605,0.0
4606,0.0
4607,0.0
4608,0.0
4609,0.0
4610,0.0
4611,0.0
4612,0.0
4613,0.0
4614,0.0
4615,0.0
4616,38.44719569611474
4617,324.0205817846243
4618,545.0890665404172
4619,686.2899224322681
4620,776.4055686493222
4621,848.430366686437
4622,863.360631935259
4623,543.7762689487306
4624,576.6376099396692
4625,477.2070037127032
4626,244.07941151836957
4627,37.966576496261474
4628,0.0
4629,0.0
4630,0.0
4631,0.0
4632,0.0
4633,0.0
4634,0.0
4635,0.0
4636,0.0
4637,0.0
4638,0.0
4639,0.0
4640,38.54683915743053
4641,289.88337527758256
4642,476.0553748206157
4643,690.333300457711
4644,734.2761258366927
4645,738.8666715773321
4646,545.4364239812614
4647,440.43876561090843
4648,580.2600203273595
4649,450.07888687405926
4650,288.2631920139267
4651,41.10333232656443
4652,0.0
4653,0.0
4654,0.0
4655,0.0
4656,0.0
4657,0.0
4658,0.0
4659,0.0
4660,0.0
4661,0.0
4662,0.0
4663,0.0
4664,36.421122003987065
4665,332.55012561590974
4666,548.083361734907
4667,731.6169337356686
4668,835.7823322452757
4669,887.705566935264
4670,893.2545154032525
4671,665.0979509292328
4672,706.3798493641659
4673,507.07576457623713
4674,83.62693641455832
4675,51.669718229197066
4676,0.0
4677,0.0
4678,0.0
4679,0.0
4680,0.0
4681,0.0
4682,0.0
4683,0.0
4684,0.0
4685,0.0
4686,0.0
4687,0.0
4688,37.35682718188962
4689,303.0406774147171
4690,530.2680234608109
4691,713.485393063992
4692,810.2067347789184
4693,869.2852381285016
4694,883.4447678715844
4695,590.3199716882361
4696,593.0406633438784
4697,180.5925473310707
4698,112.12671538221608
4699,68.74854809889375
4700,0.0
4701,0.0
4702,0.0
4703,0.0
4704,0.0
4705,0.0
4706,0.0
4707,0.0
4708,0.0
4709,0.0
4710,0.0
4711,0.0
4712,18.576459691548216
4713,228.44135410745236
4714,103.12510340483846
4715,107.43840080998625
4716,240.61922665491954
4717,312.69343857799936
4718,270.1410437059256
4719,271.2417079444018
4720,165.59318297349486
4721,394.4001607835084
4722,82.48096982780646
4723,27.082306933114157
4724,0.0
4725,0.0
4726,0.0
4727,0.0
4728,0.0
4729,0.0
4730,0.0
4731,0.0
4732,0.0
4733,0.0
4734,0.0
4735,0.0
4736,8.271520452314608
4737,62.53056768142064
4738,114.46599421616253
4739,381.5967810208239
4740,425.373461369603
4741,325.97812804690915
4742,628.5433576973396
4743,565.1073706519201
4744,643.252023316125
4745,510.18888686353984
4746,314.5028911702509
4747,67.71453518243338
4748,0.0
4749,0.0
4750,0.0
4751,0.0
4752,0.0
4753,0.0
4754,0.0
4755,0.0
4756,0.0
4757,0.0
4758,0.0
4759,0.0
4760,35.425536982544195
4761,330.87659689037855
4762,430.27888520359556
4763,639.0194096645529
4764,754.7545434335607
4765,744.7303213765924
4766,856.1698599646635
4767,667.8693674476801
4768,628.9219799439129
4769,546.6668923680909
4770,241.35344935749254
4771,81.78028312047351
4772,0.0
4773,0.0
4774,0.0
4775,0.0
4776,0.0
4777,0.0
4778,0.0
4779,0.0
4780,0.0
4781,0.0
4782,0.0
4783,0.0
4784,31.241658861716157
4785,106.74520976378363
4786,153.5743282026594
4787,491.56034469057613
4788,602.5566052107732
4789,562.8974941714437
4790,685.1912329640165
4791,615.1326201237079
4792,635.8341247566259
4793,537.1479869316432
4794,329.74441310491267
4795,81.51649551659305
4796,0.0
4797,0.0
4798,0.0
4799,0.0
4800,0.0
4801,0.0
4802,0.0
4803,0.0
4804,0.0
4805,0.0
4806,0.0
4807,0.0
4808,20.808785036205055
4809,41.264351781001146
4810,95.75881951524956
4811,236.9207503301115
4812,287.1580249900872
4813,386.8578390888383
4814,126.69311482450709
4815,471.93456420841903
4816,228.27924303618735
4817,56.22410232636548
4818,186.7491001180185
4819,31.27414184394644
4820,0.0
4821,0.0
4822,0.0
4823,0.0
4824,0.0
4825,0.0
4826,0.0
4827,0.0
4828,0.0
4829,0.0
4830,0.0
4831,0.0
4832,11.468680272397092
4833,37.15436485703399
4834,298.3266551479138
4835,441.67864223016204
4836,142.86114503733182
4837,173.72705132095876
4838,179.80775957265573
4839,171.76237436369306
4840,0.0
4841,0.0
4842,0.0
4843,47.86427429367926
4844,0.0
4845,0.0
4846,0.0
4847,0.0
4848,0.0
4849,0.0
4850,0.0
4851,0.0
4852,0.0
4853,0.0
4854,0.0
4855,0.0
4856,13.470130028741645
4857,48.38926695366017
4858,68.50214476956238
4859,91.33454462356684
4860,288.1327788883602
4861,119.29382169857857
4862,115.21807237472078
4863,137.84331522991536
4864,331.1431033616728
4865,256.78023564411217
4866,91.31493755532432
4867,43.64900583173489
4868,0.0
4869,0.0
4870,0.0
4871,0.0
4872,0.0
4873,0.0
4874,0.0
4875,0.0
4876,0.0
4877,0.0
4878,0.0
4879,0.0
4880,23.84186762341353
4881,48.37371106320322
4882,75.47201325438937
4883,117.84484318366586
4884,145.62028084909107
4885,173.0513078525271
4886,150.4607965013642
4887,168.50110358809644
4888,139.54193575937012
4889,97.45351766905982
4890,88.93558906783171
4891,40.1473824668013
4892,0.0
4893,0.0
4894,0.0
4895,0.0
4896,0.0
4897,0.0
4898,0.0
4899,0.0
4900,0.0
4901,0.0
4902,0.0
4903,0.0
4904,20.685220516263264
4905,113.4826947821329
4906,435.8459557452866
4907,684.0493087993018
4908,814.3873150755005
4909,875.861467203139
4910,872.3071148793468
4911,604.5360846242254
4912,469.468647367867
4913,237.29861569721692
4914,155.3059020916665
4915,94.2750467069546
4916,0.0
4917,0.0
4918,0.0
4919,0.0
4920,0.0
4921,0.0
4922,0.0
4923,0.0
4924,0.0
4925,0.0
4926,0.0
4927,0.0
4928,35.19427340815035
4929,284.9243276033348
4930,486.05096973308787
4931,636.006616023959
4932,820.6360797399366
4933,871.8428512521647
4934,581.4841449789028
4935,677.6064301721665
4936,664.8186586875299
4937,203.89923542032065
4938,179.19123506870125
4939,44.31797555364701
4940,0.0
4941,0.0
4942,0.0
4943,0.0
4944,0.0
4945,0.0
4946,0.0
4947,0.0
4948,0.0
4949,0.0
4950,0.0
4951,0.0
4952,21.810528506554686
4953,165.8021493927738
4954,377.29740515312005
4955,696.8065178465857
4956,707.5834300030556
4957,730.2330704350834
4958,564.3040968066009
4959,386.89162329075856
4960,475.69627947870913
4961,445.7843788038951
4962,134.46224341405565
4963,68.33623764815496
4964,0.0
4965,0.0
4966,0.0
4967,0.0
4968,0.0
4969,0.0
4970,0.0
4971,0.0
4972,0.0
4973,0.0
4974,0.0
4975,0.0
4976,17.6926675264824
4977,73.92263556085996
4978,273.85617031132375
4979,566.1321721097414
4980,614.0382024509878
4981,739.7984181350212
4982,806.6121258390457
4983,549.640590432211
4984,463.5807455739235
4985,265.38232549859623
4986,309.39358857770225
4987,83.60191416629766
4988,0.0
4989,0.0
4990,0.0
4991,0.0
4992,0.0
4993,0.0
4994,0.0
4995,0.0
4996,0.0
4997,0.0
4998,0.0
4999,0.0
5000,37.506186917438555
5001,335.6970663796043
5002,558.8914497096317
5003,746.9072295634581
5004,823.8339151646481
5005,904.0369991453066
5006,910.0943224817663
5007,832.2860851585788
5008,520.006265110758
5009,508.32141275705817
5010,221.8809820155841
5011,78.93801310224612
5012,0.0
5013,0.0
5014,0.0
5015,0.0
5016,0.0
5017,0.0
5018,0.0
5019,0.0
5020,0.0
5021,0.0
5022,0.0
5023,0.0
5024,38.480795401156634
5025,329.5707766783489
5026,549.3436403939388
5027,739.836338101157
5028,842.8431860263439
5029,900.9642554515959
5030,907.2669169208405
5031,594.9564947826233
5032,476.3843323555844
5033,286.8590019947398
5034,122.56103649073522
5035,78.60334243035952
5036,0.0
5037,0.0
5038,0.0
5039,0.0
5040,0.0
5041,0.0
5042,0.0
5043,0.0
5044,0.0
5045,0.0
5046,0.0
5047,0.0
5048,37.47997612198524
5049,312.39618166747675
5050,324.0426576656181
5051,719.5115700411874
5052,839.6102199494976
5053,900.8641473220098
5054,876.6414214459187
5055,510.4459560495092
5056,511.41773976778836
5057,555.81432546375
5058,158.38860386242865
5059,71.61387071751795
5060,0.0
5061,0.0
5062,0.0
5063,0.0
5064,0.0
5065,0.0
5066,0.0
5067,0.0
5068,0.0
5069,0.0
5070,0.0
5071,0.0
5072,25.92407236625647
5073,90.22789509738348
5074,166.58532225214455
5075,208.02079721786004
5076,225.9301834153374
5077,173.7352822487671
5078,215.18154640569045
5079,364.9552765417534
5080,271.14881421764545
5081,183.45205192044205
5082,120.14808526671243
5083,45.12111746494258
5084,0.0
5085,0.0
5086,0.0
5087,0.0
5088,0.0
5089,0.0
5090,0.0
5091,0.0
5092,0.0
5093,0.0
5094,0.0
5095,0.0
5096,11.377661764404255
5097,77.12046808231692
5098,142.08759697189177
5099,110.91645648518977
5100,125.70104525940641
5101,104.39672860885764
5102,93.15696984381621
5103,118.7205338112653
5104,176.2318371492216
5105,236.07987864918647
5106,53.37838878184555
5107,31.372184406495492
5108,0.0
5109,0.0
5110,0.0
5111,0.0
5112,0.0
5113,0.0
5114,0.0
5115,0.0
5116,0.0
5117,0.0
5118,0.0
5119,0.0
5120,5.183549443567858
5121,28.901801715354566
5122,80.56412321845977
5123,351.5716127312563
5124,462.3546556133977
5125,384.11932168230555
5126,825.9841318759072
5127,738.3178102823825
5128,643.0892357943171
5129,206.13497774278818
5130,66.14747104386458
5131,26.234256841561
5132,0.0
5133,0.0
5134,0.0
5135,0.0
5136,0.0
5137,0.0
5138,0.0
5139,0.0
5140,0.0
5141,0.0
5142,0.0
5143,0.0
5144,11.384943245043681
5145,48.33741398547031
5146,76.54401753169562
5147,136.3525880271307
5148,180.03093684254677
5149,381.49858928726763
5150,195.36176494660216
5151,225.5343724248215
5152,587.7391653917036
5153,417.9862542201707
5154,239.12203718652145
5155,84.60582939290146
5156,0.0
5157,0.0
5158,0.0
5159,0.0
5160,0.0
5161,0.0
5162,0.0
5163,0.0
5164,0.0
5165,0.0
5166,0.0
5167,0.0
5168,22.781887902039685
5169,109.5780209450448
5170,158.63460237278017
5171,115.04251695005455
5172,177.3381073542481
5173,366.9270788036388
5174,584.236622978971
5175,752.8711918599612
5176,581.8352245658509
5177,558.8251218159962
5178,280.6630928814572
5179,81.09054994199701
5180,0.0
5181,0.0
5182,0.0
5183,0.0
5184,0.0
5185,0.0
5186,0.0
5187,0.0
5188,0.0
5189,0.0
5190,0.0
5191,0.0
5192,6.271426956549081
5193,131.5569549155092
5194,280.63734391627213
5195,713.2417648251375
5196,840.7238632209582
5197,851.6528184675046
5198,757.6630929783229
5199,775.879620342117
5200,519.5092636006057
5201,423.21548229033624
5202,335.34660160699775
5203,79.90823086690602
5204,0.0
5205,0.0
5206,0.0
5207,0.0
5208,0.0
5209,0.0
5210,0.0
5211,0.0
5212,0.0
5213,0.0
5214,0.0
5215,0.0
5216,17.558254335890958
5217,40.099511542606756
5218,160.2331836311764
5219,318.9123376720366
5220,323.9083224161122
5221,543.4906531167319
5222,530.4829009844108
5223,384.7459263967689
5224,530.2156400382978
5225,540.7562491520619
5226,259.1054290165667
5227,23.203267061273884
5228,0.0
5229,0.0
5230,0.0
5231,0.0
5232,0.0
5233,0.0
5234,0.0
5235,0.0
5236,0.0
5237,0.0
5238,0.0
5239,0.0
5240,22.739817125011882
5241,57.55242091573974
5242,100.68661066161064
5243,146.80686799207973
5244,212.2062115830503
5245,710.9197460881362
5246,210.30169986913796
5247,144.36389446239724
5248,240.88464135654723
5249,233.13176242130976
5250,65.0379227104632
5251,38.64517773064306
5252,0.0
5253,0.0
5254,0.0
5255,0.0
5256,0.0
5257,0.0
5258,0.0
5259,0.0
5260,0.0
5261,0.0
5262,0.0
5263,0.0
5264,26.87870465330503
5265,38.125055669513806
5266,86.55901950234372
5267,182.62554547949497
5268,259.01293672300744
5269,431.00981629219166
5270,226.05650607188502
5271,369.2948939454911
5272,331.48344767928313
5273,75.15391668235044
5274,59.30701899588702
5275,50.95424089013372
5276,0.0
5277,0.0
5278,0.0
5279,0.0
5280,0.0
5281,0.0
5282,0.0
5283,0.0
5284,0.0
5285,0.0
5286,0.0
5287,0.0
5288,12.464462790779022
5289,42.25207507710004
5290,91.71185771124625
5291,190.3955741709782
5292,149.9605799565502
5293,141.25690929234176
5294,523.1520821317089
5295,754.0014737805718
5296,404.3312956305933
5297,397.0606766598913
5298,278.94922468170904
5299,38.640064270930246
5300,0.0
5301,0.0
5302,0.0
5303,0.0
5304,0.0
5305,0.0
5306,0.0
5307,0.0
5308,0.0
5309,0.0
5310,0.0
5311,0.0
5312,27.841897754363472
5313,70.69615857075607
5314,208.09665270636452
5315,295.66925678347997
5316,291.70894827383466
5317,315.82674280400715
5318,296.3547743021141
5319,106.93866323216214
5320,554.1437609033353
5321,322.52061207352597
5322,108.91243657531447
5323,31.282122052526013
5324,0.0
5325,0.0
5326,0.0
5327,0.0
5328,0.0
5329,0.0
5330,0.0
5331,0.0
5332,0.0
5333,0.0
5334,0.0
5335,0.0
5336,15.481110137137382
5337,59.43250965526319
5338,137.40708978800853
5339,183.15717938061854
5340,171.38341759768568
5341,155.47345250969778
5342,110.86116256557528
5343,171.39939469912727
5344,176.85915441601824
5345,223.48961351185432
5346,151.80661837570022
5347,41.86532650956263
5348,0.0
5349,0.0
5350,0.0
5351,0.0
5352,0.0
5353,0.0
5354,0.0
5355,0.0
5356,0.0
5357,0.0
5358,0.0
5359,0.0
5360,42.58795177244707
5361,314.4871487418913
5362,279.56868646543404
5363,409.16919476729055
5364,883.0534368361975
5365,772.255822450033
5366,722.4257477797544
5367,177.38312570093694
5368,76.80629157720058
5369,119.51030566040227
5370,38.34199511330309
5371,85.2856399231758
5372,0.0
5373,0.0
5374,0.0
5375,0.0
5376,0.0
5377,0.0
5378,0.0
5379,0.0
5380,0.0
5381,0.0
5382,0.0
5383,0.0
5384,30.964244772153865
5385,282.00402559860044
5386,576.1120328518554
5387,598.3373350160402
5388,187.3994343036563
5389,307.32680130837446
5390,609.5496998179609
5391,242.24024946674783
5392,321.0102494718393
5393,451.7077381270542
5394,134.32636857589415
5395,39.76183611836414
5396,0.0
5397,0.0
5398,0.0
5399,0.0
5400,0.0
5401,0.0
5402,0.0
5403,0.0
5404,0.0
5405,0.0
5406,0.0
5407,0.0
5408,8.315062235532192
5409,47.30913770080701
5410,313.96736819031713
5411,353.041437917219
5412,785.617540675093
5413,570.5958719746773
5414,375.6812694588983
5415,720.7887199143302
5416,611.2870363444973
5417,578.3540873437087
5418,256.5242766294391
5419,54.9120416217547
5420,0.0
5421,0.0
5422,0.0
5423,0.0
5424,0.0
5425,0.0
5426,0.0
5427,0.0
5428,0.0
5429,0.0
5430,0.0
5431,0.0
5432,11.47474817292995
5433,139.40513932721947
5434,385.9437168703145
5435,720.5625790100621
5436,821.4320270377308
5437,894.088929914367
5438,849.7726525067004
5439,721.2925743712681
5440,416.3978762292161
5441,451.21311397659224
5442,331.9085975051822
5443,69.38455874948534
5444,0.0
5445,0.0
5446,0.0
5447,0.0
5448,0.0
5449,0.0
5450,0.0
5451,0.0
5452,0.0
5453,0.0
5454,0.0
5455,0.0
5456,39.467879443126115
5457,340.7461497362213
5458,543.3561712017237
5459,733.5081128882579
5460,857.161154139926
5461,880.4459358928277
5462,770.9565190811713
5463,742.475288426672
5464,473.32078936724474
5465,408.4185378237594
5466,201.68237835768107
5467,31.845088934425927
5468,0.0
5469,0.0
5470,0.0
5471,0.0
5472,0.0
5473,0.0
5474,0.0
5475,0.0
5476,0.0
5477,0.0
5478,0.0
5479,0.0
5480,44.47558194785806
5481,78.97253206743011
5482,224.58841308426383
5483,389.4976888197047
5484,692.5299630699968
5485,823.4428529432655
5486,874.3210644464655
5487,816.4293503830345
5488,717.9457655691799
5489,538.2703512140552
5490,332.67568980896016
5491,88.79767774499234
5492,0.0
5493,0.0
5494,0.0
5495,0.0
5496,0.0
5497,0.0
5498,0.0
5499,0.0
5500,0.0
5501,0.0
5502,0.0
5503,0.0
5504,6.253774882271681
5505,118.89404108892347
5506,539.660237626703
5507,732.8422409230234
5508,855.1265556255402
5509,921.6263086696775
5510,917.0407816834829
5511,855.1371936921557
5512,711.4266383758505
5513,516.8844152861813
5514,314.6040966742262
5515,71.44089915802513
5516,0.0
5517,0.0
5518,0.0
5519,0.0
5520,0.0
5521,0.0
5522,0.0
5523,0.0
5524,0.0
5525,0.0
5526,0.0
5527,0.0
5528,43.68425987992206
5529,73.85908809346132
5530,390.1213469575319
5531,747.8566585761157
5532,879.0265339449953
5533,923.5881667702602
5534,921.417517449158
5535,837.5363475928225
5536,716.1164442974557
5537,486.5925754672482
5538,222.66274682630655
5539,52.09105852301612
5540,0.0
5541,0.0
5542,0.0
5543,0.0
5544,0.0
5545,0.0
5546,0.0
5547,0.0
5548,0.0
5549,0.0
5550,0.0
5551,0.0
5552,40.510287284448566
5553,270.7096053259389
5554,562.8688026348796
5555,734.8267592991357
5556,833.8085483400862
5557,699.2159914749727
5558,811.5228467265867
5559,676.617103598527
5560,201.3505630087188
5561,233.99342352847572
5562,216.7253864307062
5563,53.35124647046823
5564,0.0
5565,0.0
5566,0.0
5567,0.0
5568,0.0
5569,0.0
5570,0.0
5571,0.0
5572,0.0
5573,0.0
5574,0.0
5575,0.0
5576,43.386672355299595
5577,347.7345922423535
5578,553.1729298512192
5579,734.8921111302529
5580,812.4640168520116
5581,892.1903261716883
5582,756.2442169015686
5583,180.98640555648944
5584,149.29508639569116
5585,216.1889911148401
5586,159.67189555109687
5587,20.120354139386507
5588,0.0
5589,0.0
5590,0.0
5591,0.0
5592,0.0
5593,0.0
5594,0.0
5595,0.0
5596,0.0
5597,0.0
5598,0.0
5599,0.0
5600,43.569182990807136
5601,264.13348753960304
5602,514.9145828758737
5603,718.2155354143282
5604,847.5457201277609
5605,747.9207936451727
5606,841.4909467332543
5607,623.9577157780749
5608,345.1363066207353
5609,116.78185797859524
5610,124.01276182388686
5611,66.69944997768204
5612,0.0
5613,0.0
5614,0.0
5615,0.0
5616,0.0
5617,0.0
5618,0.0
5619,0.0
5620,0.0
5621,0.0
5622,0.0
5623,0.0
5624,29.942427698213894
5625,180.06032271087517
5626,372.4904881525328
5627,374.993003120157
5628,469.08531984769206
5629,519.5083187906063
5630,478.88458873665417
5631,592.5700017813039
5632,507.8091355942917
5633,61.854492789226555
5634,49.00461459256459
5635,58.80412836186866
5636,0.0
5637,0.0
5638,0.0
5639,0.0
5640,0.0
5641,0.0
5642,0.0
5643,0.0
5644,0.0
5645,0.0
5646,0.0
5647,0.0
5648,36.572472356096206
5649,88.89257174823464
5650,237.2397461735358
5651,411.3066258719243
5652,373.29977748591557
5653,711.8684544098679
5654,774.1816743710589
5655,715.6179444143011
5656,614.3766437230753
5657,307.2098151349339
5658,57.48085219296829
5659,27.93284993814435
5660,0.0
5661,0.0
5662,0.0
5663,0.0
5664,0.0
5665,0.0
5666,0.0
5667,0.0
5668,0.0
5669,0.0
5670,0.0
5671,0.0
5672,34.258308186898894
5673,29.77072450071144
5674,127.1185589929145
5675,290.5252673611715
5676,656.7464214182557
5677,358.0416558400041
5678,316.4727662401146
5679,635.5544117274767
5680,514.8016940963668
5681,337.98555135341786
5682,96.9553115875084
5683,14.16592201578083
5684,0.0
5685,0.0
5686,0.0
5687,0.0
5688,0.0
5689,0.0
5690,0.0
5691,0.0
5692,0.0
5693,0.0
5694,0.0
5695,0.0
5696,34.207627706064656
5697,43.999712969673084
5698,279.0413451406267
5699,646.7922162454946
5700,758.7526092950454
5701,828.6208729209359
5702,535.321172755124
5703,461.7023664935137
5704,81.72878789736916
5705,50.03945023879037
5706,28.147028439376793
5707,48.52861144039295
5708,0.0
5709,0.0
5710,0.0
5711,0.0
5712,0.0
5713,0.0
5714,0.0
5715,0.0
5716,0.0
5717,0.0
5718,0.0
5719,0.0
5720,7.216241320528287
5721,102.79046762461859
5722,87.23862066133316
5723,223.38225274140333
5724,382.67355075685816
5725,133.1890703270922
5726,158.88670583576933
5727,362.5027769987335
5728,249.73999429455446
5729,263.73989291158927
5730,237.94171773673506
5731,26.218002223163897
5732,0.0
5733,0.0
5734,0.0
5735,0.0
5736,0.0
5737,0.0
5738,0.0
5739,0.0
5740,0.0
5741,0.0
5742,0.0
5743,0.0
5744,7.214696764029014
5745,76.47782225315537
5746,94.17615648240752
5747,347.73197201021804
5748,346.17711391276805
5749,163.51973984229855
5750,134.98234576134763
5751,152.64291260786405
5752,119.36821783662685
5753,95.72208081186838
5754,38.56978042179102
5755,28.478593234553934
5756,0.0
5757,0.0
5758,0.0
5759,0.0
5760,0.0
5761,0.0
5762,0.0
5763,0.0
5764,0.0
5765,0.0
5766,0.0
5767,0.0
5768,8.246513347088294
5769,54.331490467360844
5770,67.48726348151915
5771,192.62612106978182
5772,387.11202139553575
5773,386.7399324494675
5774,246.68726474589806
5775,447.07620528546886
5776,82.15627158378292
5777,333.7755498486757
5778,71.0176944752629
5779,28.55582105951755
5780,0.0
5781,0.0
5782,0.0
5783,0.0
5784,0.0
5785,0.0
5786,0.0
5787,0.0
5788,0.0
5789,0.0
5790,0.0
5791,0.0
5792,8.274168263456218
5793,57.422678169800854
5794,133.532810108776
5795,314.29087889169347
5796,336.376953593063
5797,192.0750689079023
5798,174.66731177061376
5799,317.9544798141339
5800,636.4736577570127
5801,427.06280416164503
5802,313.48914415756656
5803,39.85325176815128
5804,0.0
5805,0.0
5806,0.0
5807,0.0
5808,0.0
5809,0.0
5810,0.0
5811,0.0
5812,0.0
5813,0.0
5814,0.0
5815,0.0
5816,13.50885426668769
5817,333.011322087252
5818,113.43286336391624
5819,372.23403846917296
5820,305.1640529499043
5821,225.15409597317688
5822,142.508802279724
5823,784.8651567095604
5824,286.60771896455935
5825,441.62547101545
5826,171.37213540700768
5827,33.42959286295365
5828,0.0
5829,0.0
5830,0.0
5831,0.0
5832,0.0
5833,0.0
5834,0.0
5835,0.0
5836,0.0
5837,0.0
5838,0.0
5839,0.0
5840,18.50430683793935
5841,67.52609804492943
5842,259.8182493899215
5843,311.94268075080197
5844,597.4078672878452
5845,886.9702139379513
5846,858.136689772515
5847,823.7958557184654
5848,603.7694633078438
5849,521.5196725528788
5850,173.1860713588262
5851,53.992104399853005
5852,0.0
5853,0.0
5854,0.0
5855,0.0
5856,0.0
5857,0.0
5858,0.0
5859,0.0
5860,0.0
5861,0.0
5862,0.0
5863,0.0
5864,13.458656180461336
5865,132.06515233218977
5866,270.3728666689128
5867,735.1343398515928
5868,853.9004744509782
5869,938.7742447653992
5870,923.0254239011799
5871,786.5663024912327
5872,598.6201452273484
5873,516.3393367380414
5874,261.00959853497335
5875,61.746005275773925
5876,0.0
5877,0.0
5878,0.0
5879,0.0
5880,0.0
5881,0.0
5882,0.0
5883,0.0
5884,0.0
5885,0.0
5886,0.0
5887,0.0
5888,85.30676925139218
5889,164.12869498111314
5890,554.3824460210492
5891,748.6796976951168
5892,695.5866961299103
5893,756.0378431014822
5894,905.978316322885
5895,623.862039408047
5896,398.41486249894575
5897,50.35359538044101
5898,85.68673440853057
5899,56.79897403595349
5900,0.0
5901,0.0
5902,0.0
5903,0.0
5904,0.0
5905,0.0
5906,0.0
5907,0.0
5908,0.0
5909,0.0
5910,0.0
5911,0.0
5912,66.70762421345559
5913,349.3577776526223
5914,539.0914169098913
5915,771.9501928590703
5916,880.9357908981636
5917,942.3321265427293
5918,927.6274858583324
5919,726.018084664903
5920,153.10917214756168
5921,60.15268617563605
5922,41.612784179943596
5923,34.11358656283967
5924,0.0
5925,0.0
5926,0.0
5927,0.0
5928,0.0
5929,0.0
5930,0.0
5931,0.0
5932,0.0
5933,0.0
5934,0.0
5935,0.0
5936,9.356395786624716
5937,44.14519548184264
5938,165.74188407807756
5939,358.65302525472515
5940,746.1184015368891
5941,822.0813312256828
5942,703.4208986687584
5943,727.2485629071874
5944,367.6768060955236
5945,115.92584205878414
5946,281.2286586570761
5947,40.797014151582964
5948,0.0
5949,0.0
5950,0.0
5951,0.0
5952,0.0
5953,0.0
5954,0.0
5955,0.0
5956,0.0
5957,0.0
5958,0.0
5959,0.0
5960,19.666405577066552
5961,66.59406338348013
5962,233.4363138652027
5963,292.81305094612355
5964,197.1870932629609
5965,627.9941277947969
5966,706.1933573127602
5967,551.8638562495651
5968,533.6203756537711
5969,372.98257142384887
5970,239.04129060021435
5971,30.026405681692648
5972,0.0
5973,0.0
5974,0.0
5975,0.0
5976,0.0
5977,0.0
5978,0.0
5979,0.0
5980,0.0
5981,0.0
5982,0.0
5983,0.0
5984,9.317671548678673
5985,126.20459384897185
5986,148.05508905095985
5987,214.16393274319742
5988,165.61849106344815
5989,388.74434832898083
5990,504.44909707252054
5991,515.8756175467478
5992,218.2419687118248
5993,301.0381330420724
5994,126.47361748819358
5995,36.361583376999164
5996,0.0
5997,0.0
5998,0.0
5999,0.0
6000,0.0
6001,0.0
6002,0.0
6003,0.0
6004,0.0
6005,0.0
6006,0.0
6007,0.0
6008,9.283250003837745
6009,251.02664719177747
6010,241.87799764444802
6011,658.0813316568698
6012,458.57600165013105
6013,495.3130263815233
6014,687.6358437984076
6015,551.3795567712973
6016,481.09111959148737
6017,352.13485925626236
6018,127.35799779058131
6019,40.665605688258964
6020,0.0
6021,0.0
6022,0.0
6023,0.0
6024,0.0
6025,0.0
6026,0.0
6027,0.0
6028,0.0
6029,0.0
6030,0.0
6031,0.0
6032,84.62510633365778
6033,221.00923710704026
6034,279.7496858813718
6035,509.18435925961916
6036,783.0503272812972
6037,900.823547956436
6038,736.347579349592
6039,532.0590372896471
6040,209.12506220269023
6041,127.84374864953453
6042,161.53832533951444
6043,24.997338466693037
6044,0.0
6045,0.0
6046,0.0
6047,0.0
6048,0.0
6049,0.0
6050,0.0
6051,0.0
6052,0.0
6053,0.0
6054,0.0
6055,0.0
6056,115.60055799061924
6057,365.93484504534985
6058,529.8113249570536
6059,721.969121405812
6060,782.2314249161986
6061,864.1339421739599
6062,687.5483125080505
6063,643.7297733749248
6064,287.60242408374523
6065,116.79936295225366
6066,49.61469720149047
6067,39.45170355572944
6068,0.0
6069,0.0
6070,0.0
6071,0.0
6072,0.0
6073,0.0
6074,0.0
6075,0.0
6076,0.0
6077,0.0
6078,0.0
6079,0.0
6080,61.867238732184326
6081,359.0385593840168
6082,525.4058831098711
6083,488.9295639028278
6084,428.1738574250214
6085,461.4116109283425
6086,401.05520054871664
6087,671.4267253158587
6088,570.9803965579481
6089,471.5358264846413
6090,91.36394512878957
6091,39.64969347690768
6092,0.0
6093,0.0
6094,0.0
6095,0.0
6096,0.0
6097,0.0
6098,0.0
6099,0.0
6100,0.0
6101,0.0
6102,0.0
6103,0.0
6104,28.752494587091565
6105,58.204703598147915
6106,151.67607171858725
6107,239.1619302089131
6108,640.245577156581
6109,702.4108453416325
6110,773.5187810148091
6111,709.8636731861163
6112,551.0299347534994
6113,49.57424453127143
6114,26.89861503516498
6115,36.286353369926324
6116,0.0
6117,0.0
6118,0.0
6119,0.0
6120,0.0
6121,0.0
6122,0.0
6123,0.0
6124,0.0
6125,0.0
6126,0.0
6127,0.0
6128,33.78792537560639
6129,127.45377337299388
6130,161.10472566724462
6131,382.2227279126895
6132,405.9702146014136
6133,741.7661515544428
6134,705.1572772004895
6135,544.8517440795358
6136,552.1394882974299
6137,368.92540233542445
6138,41.761061603873735
6139,20.99268584018996
6140,0.0
6141,0.0
6142,0.0
6143,0.0
6144,0.0
6145,0.0
6146,0.0
6147,0.0
6148,0.0
6149,0.0
6150,0.0
6151,0.0
6152,16.487820463450788
6153,53.21286763460897
6154,208.89847109279134
6155,587.7738076887318
6156,394.0127989359187
6157,789.5151239648161
6158,730.859964013788
6159,763.7196906475035
6160,607.9905273725681
6161,442.0473608484138
6162,308.70397925962794
6163,13.025996484891344
6164,0.0
6165,0.0
6166,0.0
6167,0.0
6168,0.0
6169,0.0
6170,0.0
6171,0.0
6172,0.0
6173,0.0
6174,0.0
6175,0.0
6176,27.7684209951838
6177,328.08305030128486
6178,0.0
6179,780.8600121452212
6180,847.9768416329807
6181,905.3029902356164
6182,926.7500370105556
6183,826.8677002149278
6184,659.0436479307568
6185,536.8930215482369
6186,283.26924001139736
6187,53.877190975135925
6188,0.0
6189,0.0
6190,0.0
6191,0.0
6192,0.0
6193,0.0
6194,0.0
6195,0.0
6196,0.0
6197,0.0
6198,0.0
6199,0.0
6200,40.300303887512165
6201,160.91094199964206
6202,528.5973961043396
6203,550.6269817895591
6204,702.8620992796248
6205,815.0772870026079
6206,918.7605074193875
6207,832.6766892690331
6208,579.6262292802153
6209,441.973374361258
6210,169.6286794117918
6211,46.25919758007891
6212,0.0
6213,0.0
6214,0.0
6215,0.0
6216,0.0
6217,0.0
6218,0.0
6219,0.0
6220,0.0
6221,0.0
6222,0.0
6223,0.0
6224,12.460491074066608
6225,57.424737578466555
6226,186.63639323082785
6227,407.60706049637713
6228,646.7214914570853
6229,941.4348310044361
6230,929.7829493126063
6231,860.7102213120235
6232,675.4135724362643
6233,521.6414428587508
6234,272.111796929964
6235,45.20452286273478
6236,0.0
6237,0.0
6238,0.0
6239,0.0
6240,0.0
6241,0.0
6242,0.0
6243,0.0
6244,0.0
6245,0.0
6246,0.0
6247,0.0
6248,36.06708900696825
6249,107.97449257872705
6250,227.3870126535962
6251,445.17826922207064
6252,754.0203275661537
6253,888.2238259587816
6254,805.7252859068889
6255,647.805689769743
6256,440.82218345062927
6257,341.05565055495646
6258,71.05240828335492
6259,47.0900062801969
6260,0.0
6261,0.0
6262,0.0
6263,0.0
6264,0.0
6265,0.0
6266,0.0
6267,0.0
6268,0.0
6269,0.0
6270,0.0
6271,0.0
6272,37.03256554451994
6273,127.97115418051285
6274,343.1294755996425
6275,771.1497733041948
6276,880.2560735451775
6277,929.3351764282369
6278,886.8928387836299
6279,838.7528641633598
6280,682.123196402062
6281,527.599067850071
6282,230.1051978706563
6283,43.85704588091427
6284,0.0
6285,0.0
6286,0.0
6287,0.0
6288,0.0
6289,0.0
6290,0.0
6291,0.0
6292,0.0
6293,0.0
6294,0.0
6295,0.0
6296,20.68669152245305
6297,188.44429722210018
6298,535.7118543484465
6299,780.3918392141475
6300,885.4972896116287
6301,940.7284416463652
6302,915.8658072835033
6303,724.8821222049654
6304,295.99667501638453
6305,66.64848264017323
6306,112.45688526815277
6307,46.621875076817226
6308,0.0
6309,0.0
6310,0.0
6311,0.0
6312,0.0
6313,0.0
6314,0.0
6315,0.0
6316,0.0
6317,0.0
6318,0.0
6319,0.0
6320,84.31270771472752
6321,235.42371581834456
6322,527.1180704146192
6323,785.515213568145
6324,894.012756216925
6325,947.9970133861108
6326,931.6502009034742
6327,853.5206089888153
6328,646.6480759627518
6329,251.71532363298704
6330,39.44765913661886
6331,22.84233193752945
6332,0.0
6333,0.0
6334,0.0
6335,0.0
6336,0.0
6337,0.0
6338,0.0
6339,0.0
6340,0.0
6341,0.0
6342,0.0
6343,0.0
6344,139.0184949673728
6345,403.05401662697597
6346,612.2385239974477
6347,783.4678000485875
6348,892.4913963837635
6349,942.9503830207699
6350,926.1265623446034
6351,744.5504976208541
6352,499.50246175573074
6353,281.09186465180704
6354,287.7307145598822
6355,46.23067629028314
6356,0.0
6357,0.0
6358,0.0
6359,0.0
6360,0.0
6361,0.0
6362,0.0
6363,0.0
6364,0.0
6365,0.0
6366,0.0
6367,0.0
6368,129.58327768794328
6369,384.36050535995554
6370,600.3084539814162
6371,776.6260557800402
6372,879.2062817925156
6373,932.2534280482688
6374,924.4883242649856
6375,849.9131857075471
6376,477.97610264883247
6377,333.6222739291991
6378,143.55623251680552
6379,43.846603266106094
6380,0.0
6381,0.0
6382,0.0
6383,0.0
6384,0.0
6385,0.0
6386,0.0
6387,0.0
6388,0.0
6389,0.0
6390,0.0
6391,0.0
6392,121.74297872227929
6393,367.8196652663067
6394,562.6395620598117
6395,754.1562040206375
6396,863.3721313759088
6397,911.2770366388359
6398,885.0088645625124
6399,0.0
6400,170.3996141089147
6401,47.99730632895578
6402,36.85826191402724
6403,30.968145771267928
6404,0.0
6405,0.0
6406,0.0
6407,0.0
6408,0.0
6409,0.0
6410,0.0
6411,0.0
6412,0.0
6413,0.0
6414,0.0
6415,0.0
6416,113.13692431708252
6417,380.1055380192075
6418,593.0707749679585
6419,766.5962729420334
6420,873.2142362803877
6421,922.860186434346
6422,898.2980329822547
6423,834.9606039573796
6424,437.60188462673403
6425,48.48564360880906
6426,67.87133008574003
6427,16.153019454656125
6428,0.0
6429,0.0
6430,0.0
6431,0.0
6432,0.0
6433,0.0
6434,0.0
6435,0.0
6436,0.0
6437,0.0
6438,0.0
6439,0.0
6440,40.00341806325916
6441,378.85557056313723
6442,602.8984512198754
6443,777.6340945855983
6444,890.6703517703081
6445,924.3167010398917
6446,928.7759217648704
6447,852.5935391782906
6448,713.0966883353709
6449,508.14984358873147
6450,272.4265812554916
6451,42.370237705539985
6452,0.0
6453,0.0
6454,0.0
6455,0.0
6456,0.0
6457,0.0
6458,0.0
6459,0.0
6460,0.0
6461,0.0
6462,0.0
6463,0.0
6464,22.771370207782734
6465,56.3772612861275
6466,132.32900680660757
6467,292.94943812338266
6468,597.8670396233764
6469,876.2623133046036
6470,932.3632157159778
6471,860.9011521694074
6472,710.5951301058193
6473,477.8424882202615
6474,251.69495957323144
6475,28.511309716587075
6476,0.0
6477,0.0
6478,0.0
6479,0.0
6480,0.0
6481,0.0
6482,0.0
6483,0.0
6484,0.0
6485,0.0
6486,0.0
6487,0.0
6488,64.7410691682898
6489,127.70703501913728
6490,241.74843448143568
6491,677.3863147392133
6492,885.2269551825599
6493,922.8912740216385
6494,892.388120293059
6495,629.1366815271116
6496,381.9726254012006
6497,438.6898615497317
6498,226.86533525510964
6499,30.325424825926657
6500,0.0
6501,0.0
6502,0.0
6503,0.0
6504,0.0
6505,0.0
6506,0.0
6507,0.0
6508,0.0
6509,0.0
6510,0.0
6511,0.0
6512,55.22203139768168
6513,152.07413832665137
6514,360.33021581972383
6515,608.2971175159491
6516,694.5971252264692
6517,828.4333791624783
6518,850.8020390646706
6519,837.4965341132628
6520,690.5720557235273
6521,500.85006823443763
6522,261.9064678269114
6523,37.233075868761574
6524,0.0
6525,0.0
6526,0.0
6527,0.0
6528,0.0
6529,0.0
6530,0.0
6531,0.0
6532,0.0
6533,0.0
6534,0.0
6535,0.0
6536,27.712816961209995
6537,333.0910573570996
6538,351.35251939137174
6539,665.1780580544423
6540,876.7962357124339
6541,936.9423286084836
6542,899.2003111405863
6543,807.455788517391
6544,131.51702292976577
6545,516.9615444837187
6546,240.37564905989612
6547,22.92457079541002
6548,0.0
6549,0.0
6550,0.0
6551,0.0
6552,0.0
6553,0.0
6554,0.0
6555,0.0
6556,0.0
6557,0.0
6558,0.0
6559,0.0
6560,48.80081609621124
6561,254.4660235572057
6562,318.9491221421814
6563,341.3598964419267
6564,594.4117630837827
6565,878.9806438030713
6566,913.7385116104763
6567,846.6681537907332
6568,612.6910103140867
6569,476.08954073090325
6570,260.22084881912957
6571,21.933009126669848
6572,0.0
6573,0.0
6574,0.0
6575,0.0
6576,0.0
6577,0.0
6578,0.0
6579,0.0
6580,0.0
6581,0.0
6582,0.0
6583,0.0
6584,122.95595005742756
6585,378.2773403274736
6586,581.576105249207
6587,758.4641887449118
6588,870.7779034335789
6589,897.3329799859661
6590,827.1267667316124
6591,356.6752668942273
6592,468.62542077283473
6593,222.7827320796308
6594,86.65511526363798
6595,21.960949978723296
6596,0.0
6597,0.0
6598,0.0
6599,0.0
6600,0.0
6601,0.0
6602,0.0
6603,0.0
6604,0.0
6605,0.0
6606,0.0
6607,0.0
6608,29.60755313910974
6609,173.1410959125276
6610,246.3699254934439
6611,280.2091858582039
6612,816.445113768505
6613,884.2243634246528
6614,585.6856459370564
6615,286.41121056390614
6616,212.00045177386545
6617,89.91608421914997
6618,24.91459436851773
6619,21.97083285039101
6620,0.0
6621,0.0
6622,0.0
6623,0.0
6624,0.0
6625,0.0
6626,0.0
6627,0.0
6628,0.0
6629,0.0
6630,0.0
6631,0.0
6632,24.600356829145696
6633,84.80888579169395
6634,239.89471484728028
6635,326.6599202509018
6636,672.6145531407601
6637,770.952795965985
6638,770.0574968227035
6639,787.113539595845
6640,350.3317163895633
6641,485.33199842065716
6642,217.23798165792306
6643,22.01110926150069
6644,0.0
6645,0.0
6646,0.0
6647,0.0
6648,0.0
6649,0.0
6650,0.0
6651,0.0
6652,0.0
6653,0.0
6654,0.0
6655,0.0
6656,25.625274233956755
6657,188.66897271075604
6658,566.016996469172
6659,495.1679934315857
6660,462.79044179086867
6661,814.0334528016614
6662,739.6980232235001
6663,716.6507784549652
6664,511.0494038273437
6665,438.6518333730986
6666,185.19432205831427
6667,20.0366199464659
6668,0.0
6669,0.0
6670,0.0
6671,0.0
6672,0.0
6673,0.0
6674,0.0
6675,0.0
6676,0.0
6677,0.0
6678,0.0
6679,0.0
6680,53.35437843006613
6681,334.11040488973754
6682,556.7279635502974
6683,592.5349292447281
6684,726.6919626628155
6685,853.8186207474897
6686,846.0226143957526
6687,721.4707636778537
6688,635.5277592519699
6689,423.25635530446294
6690,240.38166475961225
6691,16.023333505238128
6692,0.0
6693,0.0
6694,0.0
6695,0.0
6696,0.0
6697,0.0
6698,0.0
6699,0.0
6700,0.0
6701,0.0
6702,0.0
6703,0.0
6704,14.356932169524182
6705,241.97533808379333
6706,453.50685305337885
6707,442.63355990939795
6708,207.74875701789273
6709,320.9657328806837
6710,667.1441842824602
6711,740.0852784295141
6712,509.4481539275304
6713,395.8185731037653
6714,217.6511976732463
6715,19.22682899107933
6716,0.0
6717,0.0
6718,0.0
6719,0.0
6720,0.0
6721,0.0
6722,0.0
6723,0.0
6724,0.0
6725,0.0
6726,0.0
6727,0.0
6728,90.21580864419363
6729,144.2434622819074
6730,152.8117105681417
6731,211.0099893495186
6732,403.42275696689103
6733,827.9648959907104
6734,804.5979822799733
6735,801.0244703830491
6736,348.4787677791613
6737,204.33895746926495
6738,244.22218609318426
6739,19.982391374866765
6740,0.0
6741,0.0
6742,0.0
6743,0.0
6744,0.0
6745,0.0
6746,0.0
6747,0.0
6748,0.0
6749,0.0
6750,0.0
6751,0.0
6752,77.21020590892361
6753,359.3007982181934
6754,527.554660299384
6755,639.0138005095469
6756,831.672111639034
6757,878.4900793918015
6758,840.4887485136063
6759,748.4315159872612
6760,683.5580532153205
6761,485.10312874642926
6762,249.24246885532366
6763,19.87660135554387
6764,0.0
6765,0.0
6766,0.0
6767,0.0
6768,0.0
6769,0.0
6770,0.0
6771,0.0
6772,0.0
6773,0.0
6774,0.0
6775,0.0
6776,0.0
6777,404.0738257665738
6778,615.7516499397291
6779,695.682928295
6780,869.4059491043619
6781,913.2258556546286
6782,880.1804925596448
6783,735.7721676946248
6784,563.8693285139403
6785,325.3026002901239
6786,237.38005549308016
6787,18.905863722417244
6788,0.0
6789,0.0
6790,0.0
6791,0.0
6792,0.0
6793,0.0
6794,0.0
6795,0.0
6796,0.0
6797,0.0
6798,0.0
6799,0.0
6800,127.37740003378828
6801,376.7712441862726
6802,632.3752399439081
6803,782.7478278600374
6804,905.5587311815901
6805,953.1987898834956
6806,921.6347990887298
6807,851.8728561996232
6808,694.7985311937696
6809,492.7228279123776
6810,249.22534134414462
6811,18.93523154378006
6812,0.0
6813,0.0
6814,0.0
6815,0.0
6816,0.0
6817,0.0
6818,0.0
6819,0.0
6820,0.0
6821,0.0
6822,0.0
6823,0.0
6824,74.22037712630032
6825,381.62086016085266
6826,612.2782554323691
6827,714.5983853055543
6828,796.6757349485993
6829,924.9908374196187
6830,889.6928563036047
6831,803.390662012101
6832,576.1125590208156
6833,436.4855868424489
6834,211.56808897299663
6835,18.90492804529284
6836,0.0
6837,0.0
6838,0.0
6839,0.0
6840,0.0
6841,0.0
6842,0.0
6843,0.0
6844,0.0
6845,0.0
6846,0.0
6847,0.0
6848,55.25313777425514
6849,173.64074875452897
6850,399.0502022229667
6851,584.1149190963131
6852,787.5581255160334
6853,773.5291986119645
6854,708.5448638852026
6855,623.880862914023
6856,465.5602252402934
6857,355.44203869761714
6858,196.85886921844232
6859,13.00027219113921
6860,0.0
6861,0.0
6862,0.0
6863,0.0
6864,0.0
6865,0.0
6866,0.0
6867,0.0
6868,0.0
6869,0.0
6870,0.0
6871,0.0
6872,37.82570590989292
6873,122.9368948897407
6874,386.9438582345164
6875,727.6142119469989
6876,870.4416024791066
6877,914.4463985960504
6878,750.7474539916327
6879,652.9346789745438
6880,91.86639003646415
6881,357.3953287447658
6882,220.74926268509802
6883,16.87213619496831
6884,0.0
6885,0.0
6886,0.0
6887,0.0
6888,0.0
6889,0.0
6890,0.0
6891,0.0
6892,0.0
6893,0.0
6894,0.0
6895,0.0
6896,113.37797128122779
6897,396.60189815175204
6898,606.6692223410333
6899,718.6630968622362
6900,855.4544748821746
6901,770.7975683783034
6902,736.2005635810319
6903,729.8384622777231
6904,400.35781916967363
6905,359.5892819637156
6906,128.83719860692648
6907,17.870443213779144
6908,0.0
6909,0.0
6910,0.0
6911,0.0
6912,0.0
6913,0.0
6914,0.0
6915,0.0
6916,0.0
6917,0.0
6918,0.0
6919,0.0
6920,146.4197316242061
6921,390.91805842067004
6922,607.2097442061038
6923,760.5659365344652
6924,854.477160289645
6925,896.5647329564165
6926,825.7743229072155
6927,612.1722619529291
6928,330.31999562291486
6929,105.60078310255429
6930,90.65595866990779
6931,12.07699976039012
6932,0.0
6933,0.0
6934,0.0
6935,0.0
6936,0.0
6937,0.0
6938,0.0
6939,0.0
6940,0.0
6941,0.0
6942,0.0
6943,0.0
6944,98.04127533152963
6945,379.8479727795956
6946,550.7406801637256
6947,686.4857867369564
6948,866.9529887149482
6949,794.5485039034692
6950,598.7381243097435
6951,470.41952862630416
6952,478.5804996840465
6953,205.91287790321255
6954,28.768233782374175
6955,6.994082610716275
6956,0.0
6957,0.0
6958,0.0
6959,0.0
6960,0.0
6961,0.0
6962,0.0
6963,0.0
6964,0.0
6965,0.0
6966,0.0
6967,0.0
6968,17.39320744139728
6969,67.77035596529997
6970,216.1496765174658
6971,310.7101193209719
6972,397.6287717007718
6973,731.6405390646404
6974,769.88454161292
6975,807.1247369544528
6976,150.12302318198581
6977,402.55733205333496
6978,42.063794677731124
6979,15.117470558343484
6980,0.0
6981,0.0
6982,0.0
6983,0.0
6984,0.0
6985,0.0
6986,0.0
6987,0.0
6988,0.0
6989,0.0
6990,0.0
6991,0.0
6992,61.90736335644656
6993,215.14418732044865
6994,422.9092501793626
6995,693.4733647314987
6996,817.0193462300668
6997,828.9727049245423
6998,712.4211185666651
6999,742.6483552228945
7000,419.3484159673893
7001,308.32516084437736
7002,151.85853261090872
7003,16.143649316045053
7004,0.0
7005,0.0
7006,0.0
7007,0.0
7008,0.0
7009,0.0
7010,0.0
7011,0.0
7012,0.0
7013,0.0
7014,0.0
7015,0.0
7016,49.005580157829066
7017,134.37271545770128
7018,453.18755069021165
7019,468.0862303123358
7020,547.2313898253583
7021,578.4414484081593
7022,515.1200161714942
7023,302.09044254311937
7024,349.89055197986954
7025,402.2238343975156
7026,110.98373485683675
7027,16.03250031029368
7028,0.0
7029,0.0
7030,0.0
7031,0.0
7032,0.0
7033,0.0
7034,0.0
7035,0.0
7036,0.0
7037,0.0
7038,0.0
7039,0.0
7040,15.385678610575193
7041,56.87693487339128
7042,220.3362966402174
7043,390.79368725545106
7044,446.6011125604069
7045,138.25935669883972
7046,474.9120579345353
7047,612.3838044123128
7048,378.81058034981726
7049,347.57953458824375
7050,117.65448512863139
7051,10.013126972352817
7052,0.0
7053,0.0
7054,0.0
7055,0.0
7056,0.0
7057,0.0
7058,0.0
7059,0.0
7060,0.0
7061,0.0
7062,0.0
7063,0.0
7064,86.46060876929107
7065,203.7176908884215
7066,411.1500755623599
7067,601.248019214115
7068,728.9679936853136
7069,759.2387888871641
7070,755.6662472623755
7071,221.83732934319406
7072,534.7640191648017
7073,126.29155871237947
7074,52.54028300521656
7075,13.006487923038124
7076,0.0
7077,0.0
7078,0.0
7079,0.0
7080,0.0
7081,0.0
7082,0.0
7083,0.0
7084,0.0
7085,0.0
7086,0.0
7087,0.0
7088,76.72073873025468
7089,139.23893235247218
7090,162.35496272941594
7091,442.91551176658163
7092,732.5528477840498
7093,837.8832667295201
7094,832.1547669777326
7095,688.5785242613449
7096,248.8128137258011
7097,358.0377198217247
7098,216.92307667029522
7099,16.062528904004303
7100,0.0
7101,0.0
7102,0.0
7103,0.0
7104,0.0
7105,0.0
7106,0.0
7107,0.0
7108,0.0
7109,0.0
7110,0.0
7111,0.0
7112,92.6943286833505
7113,316.85089119877114
7114,459.98724833420175
7115,619.4779267625511
7116,772.6072824121296
7117,662.544764079891
7118,676.4017349470913
7119,740.2175507393496
7120,541.9368477538676
7121,275.43242372875955
7122,236.2234663390195
7123,14.949770245297834
7124,0.0
7125,0.0
7126,0.0
7127,0.0
7128,0.0
7129,0.0
7130,0.0
7131,0.0
7132,0.0
7133,0.0
7134,0.0
7135,0.0
7136,54.10539681599116
7137,392.18547387273316
7138,606.1422549026036
7139,705.2621662769883
7140,640.9633560198647
7141,758.7442172026753
7142,776.6928683307584
7143,633.6429293487847
7144,641.4945991040908
7145,405.6333850731407
7146,241.4059440081045
7147,14.924382459921885
7148,0.0
7149,0.0
7150,0.0
7151,0.0
7152,0.0
7153,0.0
7154,0.0
7155,0.0
7156,0.0
7157,0.0
7158,0.0
7159,0.0
7160,151.31348986823474
7161,396.7218250101667
7162,601.8268961619394
7163,713.0919065735175
7164,769.5955080672836
7165,706.2119646579454
7166,775.1872740384568
7167,776.3117646590774
7168,489.3991951658733
7169,419.260720543524
7170,122.46842655019904
7171,14.970474907550306
7172,0.0
7173,0.0
7174,0.0
7175,0.0
7176,0.0
7177,0.0
7178,0.0
7179,0.0
7180,0.0
7181,0.0
7182,0.0
7183,0.0
7184,115.06794837919922
7185,392.81797348955917
7186,473.4014885804236
7187,613.7565460091166
7188,741.8011134482755
7189,796.8537410957284
7190,684.5135081083296
7191,660.4421112403638
7192,488.93762902798477
7193,427.5719633345717
7194,230.81117626599269
7195,13.907408372086305
7196,0.0
7197,0.0
7198,0.0
7199,0.0
7200,0.0
7201,0.0
7202,0.0
7203,0.0
7204,0.0
7205,0.0
7206,0.0
7207,0.0
7208,68.16217238122461
7209,281.5411501563832
7210,370.5117035457197
7211,530.627358615629
7212,570.4461657724545
7213,765.5099599990112
7214,776.894423008605
7215,726.945446077126
7216,575.0796375520266
7217,461.10158680264834
7218,236.95835428546926
7219,9.962745010352739
7220,0.0
7221,0.0
7222,0.0
7223,0.0
7224,0.0
7225,0.0
7226,0.0
7227,0.0
7228,0.0
7229,0.0
7230,0.0
7231,0.0
7232,52.0809611739487
7233,225.7455635164673
7234,225.61326629120947
7235,402.4096549245071
7236,405.7989224213815
7237,204.6519212368516
7238,133.1958932678971
7239,312.8803001738181
7240,295.45540926729365
7241,95.38931517301992
7242,52.546130254820945
7243,11.000551228171311
7244,0.0
7245,0.0
7246,0.0
7247,0.0
7248,0.0
7249,0.0
7250,0.0
7251,0.0
7252,0.0
7253,0.0
7254,0.0
7255,0.0
7256,15.385126983254024
7257,140.0224513820551
7258,303.89483309810146
7259,557.1184505513539
7260,766.714187518507
7261,878.5403218924648
7262,797.1673420881881
7263,595.8421052745558
7264,547.464409378036
7265,377.44767600774105
7266,215.06365786638574
7267,13.931584914926258
7268,0.0
7269,0.0
7270,0.0
7271,0.0
7272,0.0
7273,0.0
7274,0.0
7275,0.0
7276,0.0
7277,0.0
7278,0.0
7279,0.0
7280,54.130734897610175
7281,224.4730704187526
7282,314.4682833803256
7283,627.3837098664673
7284,825.4391085773749
7285,805.3305283269723
7286,790.8112240166415
7287,718.1540762663799
7288,612.6214901578331
7289,459.0893307761689
7290,229.2938290621339
7291,14.972264898269056
7292,0.0
7293,0.0
7294,0.0
7295,0.0
7296,0.0
7297,0.0
7298,0.0
7299,0.0
7300,0.0
7301,0.0
7302,0.0
7303,0.0
7304,69.45302050845658
7305,299.6470924676782
7306,543.4783234985873
7307,732.3876714353007
7308,824.3986041339997
7309,861.5261202168132
7310,612.2122901954036
7311,220.48758439314378
7312,430.81271554950615
7313,146.87268488162385
7314,35.63452126174996
7315,58.721959343779304
7316,0.0
7317,0.0
7318,0.0
7319,0.0
7320,0.0
7321,0.0
7322,0.0
7323,0.0
7324,0.0
7325,0.0
7326,0.0
7327,0.0
7328,67.96377009103772
7329,300.40266419773434
7330,444.7713929634811
7331,685.5087133148257
7332,798.3262532416976
7333,831.1162972170096
7334,822.5941750247098
7335,383.0294752472282
7336,72.79147222505688
7337,72.95747527357392
7338,32.8910896768503
7339,35.98800404915487
7340,0.0
7341,0.0
7342,0.0
7343,0.0
7344,0.0
7345,0.0
7346,0.0
7347,0.0
7348,0.0
7349,0.0
7350,0.0
7351,0.0
7352,33.46821996689937
7353,258.4058205730658
7354,521.0990688425552
7355,659.0591056414903
7356,785.2639407895366
7357,812.4495138732759
7358,691.2402862200403
7359,651.1813334366109
7360,515.6937908253558
7361,518.2486217382624
7362,283.14177247621876
7363,59.02754889654877
7364,0.0
7365,0.0
7366,0.0
7367,0.0
7368,0.0
7369,0.0
7370,0.0
7371,0.0
7372,0.0
7373,0.0
7374,0.0
7375,0.0
7376,27.620474547646353
7377,186.1977967501274
7378,414.4581829110305
7379,650.3836909930623
7380,765.0734846895841
7381,812.6213351831401
7382,789.2741268704634
7383,739.1894457034583
7384,599.4628735889015
7385,485.07028248538285
7386,278.153165834019
7387,41.20117249624331
7388,0.0
7389,0.0
7390,0.0
7391,0.0
7392,0.0
7393,0.0
7394,0.0
7395,0.0
7396,0.0
7397,0.0
7398,0.0
7399,0.0
7400,7.180201668878597
7401,79.20328128881724
7402,274.1921634896595
7403,609.1640390702594
7404,730.5073001888393
7405,803.9367797748558
7406,509.03206071719995
7407,796.1351867356602
7408,673.2722023555806
7409,515.7009207265296
7410,305.8643080343223
7411,56.268689525851386
7412,0.0
7413,0.0
7414,0.0
7415,0.0
7416,0.0
7417,0.0
7418,0.0
7419,0.0
7420,0.0
7421,0.0
7422,0.0
7423,0.0
7424,7.187409599208536
7425,49.05677117323353
7426,426.50957790295394
7427,684.7881140950002
7428,739.7622194472589
7429,869.4498700862662
7430,820.184941763698
7431,754.2621602449444
7432,603.3251506117241
7433,519.7786327543757
7434,312.26032054383836
7435,54.85870330217868
7436,0.0
7437,0.0
7438,0.0
7439,0.0
7440,0.0
7441,0.0
7442,0.0
7443,0.0
7444,0.0
7445,0.0
7446,0.0
7447,0.0
7448,32.52403522089015
7449,84.54435021021538
7450,256.0347116651021
7451,401.0842091862431
7452,470.9518666713494
7453,455.4215709071862
7454,453.07258889122215
7455,459.1776007016818
7456,644.5406921741142
7457,517.9248571491638
7458,32.33817020924126
7459,58.60092284757661
7460,0.0
7461,0.0
7462,0.0
7463,0.0
7464,0.0
7465,0.0
7466,0.0
7467,0.0
7468,0.0
7469,0.0
7470,0.0
7471,0.0
7472,49.48644260853796
7473,250.01286258313272
7474,446.19108722699235
7475,641.8288735425498
7476,799.8589337827414
7477,816.4265429936038
7478,787.7200887842588
7479,692.4288131746957
7480,707.8581585237192
7481,528.2753345846013
7482,307.38067597813756
7483,54.59931908768408
7484,0.0
7485,0.0
7486,0.0
7487,0.0
7488,0.0
7489,0.0
7490,0.0
7491,0.0
7492,0.0
7493,0.0
7494,0.0
7495,0.0
7496,58.15239694075172
7497,208.7708919987599
7498,187.73329363886725
7499,518.8392571049832
7500,659.7770241991332
7501,806.5341607104459
7502,774.9309426395679
7503,637.1242820574728
7504,632.4902234100767
7505,493.23992717961073
7506,308.0956372322636
7507,57.59693573395742
7508,0.0
7509,0.0
7510,0.0
7511,0.0
7512,0.0
7513,0.0
7514,0.0
7515,0.0
7516,0.0
7517,0.0
7518,0.0
7519,0.0
7520,43.55419330043435
7521,214.18496459085992
7522,405.45819879939904
7523,653.4100767864655
7524,211.75590860655223
7525,664.4468013846173
7526,794.1984020687921
7527,742.4891654315335
7528,717.079608124759
7529,532.3597447869546
7530,307.62795470772204
7531,60.7091658786988
7532,0.0
7533,0.0
7534,0.0
7535,0.0
7536,0.0
7537,0.0
7538,0.0
7539,0.0
7540,0.0
7541,0.0
7542,0.0
7543,0.0
7544,7.192815546955988
7545,29.676874305803274
7546,52.859090645966106
7547,124.31743042152722
7548,315.6040029437233
7549,341.6884590035613
7550,352.7430411364902
7551,398.5294122359693
7552,251.6279290066878
7553,89.39053450717691
7554,116.2365800993967
7555,59.680644887406004
7556,0.0
7557,0.0
7558,0.0
7559,0.0
7560,0.0
7561,0.0
7562,0.0
7563,0.0
7564,0.0
7565,0.0
7566,0.0
7567,0.0
7568,7.208261111948713
7569,123.03517924747045
7570,286.7193418118013
7571,415.5405714809925
7572,648.170942514485
7573,536.2501913134591
7574,646.74303455539
7575,738.6402363610089
7576,688.4356243704095
7577,478.45205790980657
7578,286.7591533513722
7579,50.504057371534856
7580,0.0
7581,0.0
7582,0.0
7583,0.0
7584,0.0
7585,0.0
7586,0.0
7587,0.0
7588,0.0
7589,0.0
7590,0.0
7591,0.0
7592,12.321039687275158
7593,63.07204461251014
7594,353.558179598327
7595,219.74035424668403
7596,238.02278301554497
7597,173.78058923941242
7598,327.11370242870294
7599,431.0582057019917
7600,543.1140154839031
7601,500.58228814284206
7602,291.022095904259
7603,58.428852136785146
7604,0.0
7605,0.0
7606,0.0
7607,0.0
7608,0.0
7609,0.0
7610,0.0
7611,0.0
7612,0.0
7613,0.0
7614,0.0
7615,0.0
7616,7.20182545986841
7617,107.53010160879354
7618,439.8693632111179
7619,314.9437466338273
7620,374.92000795972285
7621,751.4946707166084
7622,805.3732613292544
7623,802.0528788132236
7624,691.1211221810812
7625,522.0197429127904
7626,300.152254523762
7627,55.583630567355236
7628,0.0
7629,0.0
7630,0.0
7631,0.0
7632,0.0
7633,0.0
7634,0.0
7635,0.0
7636,0.0
7637,0.0
7638,0.0
7639,0.0
7640,45.776584118482205
7641,172.8513021739352
7642,460.88671538567036
7643,603.1235295568274
7644,754.0732925740903
7645,794.3158107027856
7646,714.265072226904
7647,791.2891563822609
7648,704.9782451152363
7649,529.7946857964902
7650,315.8205943272278
7651,58.16025013914736
7652,0.0
7653,0.0
7654,0.0
7655,0.0
7656,0.0
7657,0.0
7658,0.0
7659,0.0
7660,0.0
7661,0.0
7662,0.0
7663,0.0
7664,22.548071468173642
7665,243.9930526517256
7666,480.08730873208884
7667,696.9583758994056
7668,746.7657689657398
7669,810.259161316775
7670,770.319852897662
7671,750.4160407424926
7672,659.7323742360461
7673,522.270654986682
7674,163.6126332962601
7675,62.014058414622276
7676,0.0
7677,0.0
7678,0.0
7679,0.0
7680,0.0
7681,0.0
7682,0.0
7683,0.0
7684,0.0
7685,0.0
7686,0.0
7687,0.0
7688,11.297160950668369
7689,131.67920475803575
7690,446.1205519846253
7691,596.4914806847231
7692,715.5957746585599
7693,756.6311934483613
7694,741.5161101726137
7695,777.3676910198554
7696,694.5955657438561
7697,533.7929451021703
7698,280.8305963423497
7699,47.67847385260038
7700,0.0
7701,0.0
7702,0.0
7703,0.0
7704,0.0
7705,0.0
7706,0.0
7707,0.0
7708,0.0
7709,0.0
7710,0.0
7711,0.0
7712,42.95669354507205
7713,240.47805330372248
7714,503.4902293150344
7715,664.7808364572186
7716,734.9458844131605
7717,817.9191293653405
7718,794.7319709371556
7719,251.6468876453572
7720,297.2316850722329
7721,102.26832669975255
7722,150.68759628281686
7723,49.43440189362471
7724,0.0
7725,0.0
7726,0.0
7727,0.0
7728,0.0
7729,0.0
7730,0.0
7731,0.0
7732,0.0
7733,0.0
7734,0.0
7735,0.0
7736,31.432107671342475
7737,174.7353617135895
7738,411.2939966478528
7739,663.8752386879485
7740,730.1633399098104
7741,846.8258000294634
7742,814.232163484212
7743,800.2331155845004
7744,678.2781765382797
7745,469.4960352901652
7746,316.47684337229504
7747,62.989344619014645
7748,0.0
7749,0.0
7750,0.0
7751,0.0
7752,0.0
7753,0.0
7754,0.0
7755,0.0
7756,0.0
7757,0.0
7758,0.0
7759,0.0
7760,13.375948857440775
7761,56.06577572544091
7762,248.1572490817988
7763,606.4388859442015
7764,731.1689334110047
7765,868.0281280628094
7766,854.9207902594595
7767,825.7508400831271
7768,697.411494143127
7769,410.3445023376145
7770,301.973220878358
7771,55.00894395586732
7772,0.0
7773,0.0
7774,0.0
7775,0.0
7776,0.0
7777,0.0
7778,0.0
7779,0.0
7780,0.0
7781,0.0
7782,0.0
7783,0.0
7784,39.186153522801376
7785,165.4157684595886
7786,368.9222106098667
7787,669.4551412420659
7788,729.1248860100413
7789,836.2316431301081
7790,799.0201646519305
7791,770.2258279300991
7792,682.3324266571794
7793,468.96265506072484
7794,249.5485235960708
7795,59.117196565125944
7796,0.0
7797,0.0
7798,0.0
7799,0.0
7800,0.0
7801,0.0
7802,0.0
7803,0.0
7804,0.0
7805,0.0
7806,0.0
7807,0.0
7808,11.306869591520938
7809,163.50444377857744
7810,245.76597289809925
7811,479.8881649180514
7812,569.8539084471054
7813,718.5610179917239
7814,772.3652795878442
7815,803.312263137531
7816,642.1563040126158
7817,434.4420940008164
7818,275.34011801038713
7819,64.38073292535687
7820,0.0
7821,0.0
7822,0.0
7823,0.0
7824,0.0
7825,0.0
7826,0.0
7827,0.0
7828,0.0
7829,0.0
7830,0.0
7831,0.0
7832,6.163749303456949
7833,47.941602994954394
7834,429.84464651736454
7835,540.207097872011
7836,215.86463793380702
7837,495.58198568314555
7838,0.0
7839,845.6778254441123
7840,691.3660851960324
7841,524.9997360353165
7842,306.67098321559905
7843,59.95569032980069
7844,0.0
7845,0.0
7846,0.0
7847,0.0
7848,0.0
7849,0.0
7850,0.0
7851,0.0
7852,0.0
7853,0.0
7854,0.0
7855,0.0
7856,13.361606547090387
7857,35.81481144542044
7858,217.36634753642338
7859,396.42005522563517
7860,407.54615268297374
7861,473.538893398031
7862,559.3834960017623
7863,242.95811957235455
7864,274.8131946692556
7865,268.7961436803717
7866,298.8749818596397
7867,61.09417714416451
7868,0.0
7869,0.0
7870,0.0
7871,0.0
7872,0.0
7873,0.0
7874,0.0
7875,0.0
7876,0.0
7877,0.0
7878,0.0
7879,0.0
7880,9.279278287125331
7881,71.50680403336584
7882,62.29950938416044
7883,292.3331941391005
7884,405.95602646039526
7885,326.7411143282661
7886,727.2238494763897
7887,801.4357725250056
7888,572.5045384169865
7889,104.03339007998119
7890,141.32829008272057
7891,63.872789710789576
7892,0.0
7893,0.0
7894,0.0
7895,0.0
7896,0.0
7897,0.0
7898,0.0
7899,0.0
7900,0.0
7901,0.0
7902,0.0
7903,0.0
7904,6.181401377734347
7905,182.0406792117101
7906,441.72361797709493
7907,498.75473877633067
7908,252.74233006669706
7909,564.7201161202827
7910,617.6175355346954
7911,614.5578652026849
7912,617.2861732185879
7913,529.5063201237396
7914,199.53448479263395
7915,60.7645455386246
7916,0.0
7917,0.0
7918,0.0
7919,0.0
7920,0.0
7921,0.0
7922,0.0
7923,0.0
7924,0.0
7925,0.0
7926,0.0
7927,0.0
7928,10.301811937097774
7929,174.3074653591751
7930,471.4327689440465
7931,682.6742683666498
7932,792.8839319220426
7933,885.8914716654524
7934,872.4333498382111
7935,835.6914912156009
7936,716.6123870389284
7937,539.2513582429232
7938,300.74589917675377
7939,63.367727639464285
7940,0.0
7941,0.0
7942,0.0
7943,0.0
7944,0.0
7945,0.0
7946,0.0
7947,0.0
7948,0.0
7949,0.0
7950,0.0
7951,0.0
7952,36.554220601323685
7953,203.09644414175506
7954,451.4122978496513
7955,688.4076036274234
7956,816.614513507549
7957,888.0188400249812
7958,865.5082191955796
7959,787.6974703923967
7960,707.8828181604227
7961,531.2163016105137
7962,318.4781511752926
7963,67.285699695131
7964,0.0
7965,0.0
7966,0.0
7967,0.0
7968,0.0
7969,0.0
7970,0.0
7971,0.0
7972,0.0
7973,0.0
7974,0.0
7975,0.0
7976,39.95025179066255
7977,184.06822750493575
7978,391.51047684858486
7979,596.4116063201967
7980,619.4132532169392
7981,824.0516047756616
7982,781.8344895128791
7983,809.1932554995882
7984,664.7796703169555
7985,531.1474763427452
7986,318.6461738536922
7987,67.48681794211771
7988,0.0
7989,0.0
7990,0.0
7991,0.0
7992,0.0
7993,0.0
7994,0.0
7995,0.0
7996,0.0
7997,0.0
7998,0.0
7999,0.0
8000,28.364325581021212
8001,145.13004092292002
8002,247.20971363922067
8003,534.4272350927512
8004,626.7286861569303
8005,860.2819656404674
8006,782.861495923506
8007,831.9908201017964
8008,688.9496784742013
8009,428.47877660680314
8010,274.0273066607648
8011,47.464668974147635
8012,0.0
8013,0.0
8014,0.0
8015,0.0
8016,0.0
8017,0.0
8018,0.0
8019,0.0
8020,0.0
8021,0.0
8022,0.0
8023,0.0
8024,18.424210550905652
8025,66.19247869366932
8026,111.46476793145483
8027,574.568577101321
8028,750.1510555212021
8029,497.2153220702305
8030,109.43404388645908
8031,498.88878028898955
8032,498.1410892921256
8033,454.96130478259835
8034,227.88590836996502
8035,25.238581592978477
8036,0.0
8037,0.0
8038,0.0
8039,0.0
8040,0.0
8041,0.0
8042,0.0
8043,0.0
8044,0.0
8045,0.0
8046,0.0
8047,0.0
8048,48.162842325897785
8049,177.56179702417637
8050,303.1368982688025
8051,386.6499612498232
8052,503.40775425924306
8053,589.2165921150794
8054,437.99210739762594
8055,516.3719041869031
8056,452.40820089149486
8057,429.1875668347575
8058,235.76460267661133
8059,25.284921750088102
8060,0.0
8061,0.0
8062,0.0
8063,0.0
8064,0.0
8065,0.0
8066,0.0
8067,0.0
8068,0.0
8069,0.0
8070,0.0
8071,0.0
8072,105.5657652931309
8073,152.7715094086695
8074,511.34615829246604
8075,579.2711240066749
8076,709.2084884434848
8077,853.1154196463012
8078,802.420981184643
8079,723.5354839508419
8080,565.5614745937869
8081,416.4429038006454
8082,215.6686908453567
8083,25.231496126542204
8084,0.0
8085,0.0
8086,0.0
8087,0.0
8088,0.0
8089,0.0
8090,0.0
8091,0.0
8092,0.0
8093,0.0
8094,0.0
8095,0.0
8096,61.4465378957271
8097,167.13773029922015
8098,148.4738754726851
8099,556.5165373489814
8100,693.717960062163
8101,809.4838842411077
8102,827.6969166350311
8103,764.1670226472678
8104,641.1370926896022
8105,449.53357195059425
8106,233.4274308161989
8107,31.796899059233215
8108,0.0
8109,0.0
8110,0.0
8111,0.0
8112,0.0
8113,0.0
8114,0.0
8115,0.0
8116,0.0
8117,0.0
8118,0.0
8119,0.0
8120,62.684139366342514
8121,227.8132913052393
8122,455.7608744220407
8123,619.4978251707399
8124,721.0407403862357
8125,821.2391720337697
8126,787.4318471310131
8127,713.4601058896208
8128,623.588923386496
8129,455.42956691209616
8130,234.65939039259024
8131,32.33958430311054
8132,0.0
8133,0.0
8134,0.0
8135,0.0
8136,0.0
8137,0.0
8138,0.0
8139,0.0
8140,0.0
8141,0.0
8142,0.0
8143,0.0
8144,51.79671347150216
8145,225.27675625510122
8146,447.8372261488533
8147,622.1913006738322
8148,693.3861139014239
8149,645.054376573871
8150,765.804965149037
8151,736.9601291282586
8152,571.4844877379709
8153,435.60295183569804
8154,221.32556202251644
8155,31.417978050855083
8156,0.0
8157,0.0
8158,0.0
8159,0.0
8160,0.0
8161,0.0
8162,0.0
8163,0.0
8164,0.0
8165,0.0
8166,0.0
8167,0.0
8168,39.98190459773359
8169,145.98775857245158
8170,263.5008032798335
8171,339.9667643378651
8172,392.2770224913672
8173,596.4943986218999
8174,742.8264654803642
8175,742.2845711902872
8176,626.7458740429339
8177,452.9461224607223
8178,230.39769879467502
8179,34.84009836128998
8180,0.0
8181,0.0
8182,0.0
8183,0.0
8184,0.0
8185,0.0
8186,0.0
8187,0.0
8188,0.0
8189,0.0
8190,0.0
8191,0.0
8192,95.77990427174308
8193,273.2163390783959
8194,307.2551573683587
8195,514.7681704182296
8196,468.539527225764
8197,785.6248137191492
8198,782.1222854241928
8199,762.7215774434158
8200,589.6532921813941
8201,403.435609301837
8202,234.64350307592173
8203,36.171003710498574
8204,0.0
8205,0.0
8206,0.0
8207,0.0
8208,0.0
8209,0.0
8210,0.0
8211,0.0
8212,0.0
8213,0.0
8214,0.0
8215,0.0
8216,32.80183136026094
8217,258.4841896766161
8218,459.9295916574634
8219,617.208663192808
8220,750.4089974215963
8221,791.9511676543056
8222,818.1855217358838
8223,715.6184555139147
8224,618.4385306447
8225,189.13168335643587
8226,154.51448464268688
8227,34.570362777658524
8228,0.0
8229,0.0
8230,0.0
8231,0.0
8232,0.0
8233,0.0
8234,0.0
8235,0.0
8236,0.0
8237,0.0
8238,0.0
8239,0.0
8240,86.56774764726286
8241,173.87257548603566
8242,395.7973604695373
8243,640.2341999446935
8244,681.2303717283163
8245,620.282962913759
8246,791.3114482659971
8247,763.351080618399
8248,630.7526415195258
8249,454.4418910486915
8250,233.6115983119301
8251,30.655833545842
8252,0.0
8253,0.0
8254,0.0
8255,0.0
8256,0.0
8257,0.0
8258,0.0
8259,0.0
8260,0.0
8261,0.0
8262,0.0
8263,0.0
8264,42.07717244113481
8265,293.5371283354672
8266,520.1507966205183
8267,694.7496948764002
8268,802.4229776658091
8269,850.8962435599973
8270,833.0531415224675
8271,766.1378657378613
8272,643.2524446310632
8273,464.3886998235025
8274,244.63563392063327
8275,39.25299806576874
8276,0.0
8277,0.0
8278,0.0
8279,0.0
8280,0.0
8281,0.0
8282,0.0
8283,0.0
8284,0.0
8285,0.0
8286,0.0
8287,0.0
8288,67.68839661788965
8289,239.7339462488928
8290,453.9860256308982
8291,512.1599958312075
8292,0.0
8293,773.8678673410388
8294,787.7662343923173
8295,722.3519365155388
8296,630.7322916293315
8297,455.4381635097156
8298,249.8764869405682
8299,35.652749812451574
8300,0.0
8301,0.0
8302,0.0
8303,0.0
8304,0.0
8305,0.0
8306,0.0
8307,0.0
8308,0.0
8309,0.0
8310,0.0
8311,0.0
8312,89.78458653270457
8313,304.3872279507482
8314,499.0852738582545
8315,673.6322443188486
8316,761.8700075495746
8317,823.506449334309
8318,821.3418851302415
8319,752.1783261645646
8320,629.3565529235133
8321,457.95144748125887
8322,247.91274038243628
8323,41.048222405046964
8324,0.0
8325,0.0
8326,0.0
8327,0.0
8328,0.0
8329,0.0
8330,0.0
8331,0.0
8332,0.0
8333,0.0
8334,0.0
8335,0.0
8336,45.09722348670249
8337,274.6333236437373
8338,522.3557410346339
8339,706.8753907519838
8340,814.6262599894263
8341,865.9849329547899
8342,861.155174481835
8343,783.0872340330379
8344,656.8584628641695
8345,471.8134096869035
8346,253.67343411915556
8347,42.35981025650675
8348,0.0
8349,0.0
8350,0.0
8351,0.0
8352,0.0
8353,0.0
8354,0.0
8355,0.0
8356,0.0
8357,0.0
8358,0.0
8359,0.0
8360,91.76218740012999
8361,328.75606036350007
8362,544.1968743149603
8363,709.5461246982757
8364,814.4525829922266
8365,866.1946643073848
8366,864.7050939207339
8367,786.4037596734483
8368,660.6443240203877
8369,473.250359836015
8370,256.0377234430247
8371,44.382520322248446
8372,0.0
8373,0.0
8374,0.0
8375,0.0
8376,0.0
8377,0.0
8378,0.0
8379,0.0
8380,0.0
8381,0.0
8382,0.0
8383,0.0
8384,89.68988276465684
8385,320.18672446005144
8386,534.911988194051
8387,698.8305099330681
8388,808.1080467273924
8389,860.2305816648917
8390,856.5179998681142
8391,778.7667412018556
8392,656.6841358121799
8393,471.5779395212303
8394,256.8839540653991
8395,44.12645186656643
8396,0.0
8397,0.0
8398,0.0
8399,0.0
8400,0.0
8401,0.0
8402,0.0
8403,0.0
8404,0.0
8405,0.0
8406,0.0
8407,0.0
8408,87.23608689577688
8409,310.0131965562848
8410,531.4967878645925
8411,691.0350343414015
8412,803.1045639116643
8413,855.4149686846605
8414,855.3563088317261
8415,743.8431001192258
8416,611.9991173211791
8417,359.0043900529086
8418,136.57133177419763
8419,43.00087867216864
8420,0.0
8421,0.0
8422,0.0
8423,0.0
8424,0.0
8425,0.0
8426,0.0
8427,0.0
8428,0.0
8429,0.0
8430,0.0
8431,0.0
8432,85.30256777365967
8433,314.31092472841993
8434,528.9826510493523
8435,691.8552067492783
8436,802.5628797676987
8437,852.9766236260642
8438,852.3181917783207
8439,776.6241141451327
8440,655.7452061389054
8441,471.62866735090995
8442,258.8326690182792
8443,47.78754422233132
8444,0.0
8445,0.0
8446,0.0
8447,0.0
8448,0.0
8449,0.0
8450,0.0
8451,0.0
8452,0.0
8453,0.0
8454,0.0
8455,0.0
8456,81.83440431607438
8457,298.3788623408908
8458,512.1019567900155
8459,676.6133883550168
8460,779.9208029408377
8461,830.2343241109501
8462,835.276925820498
8463,755.0142607173251
8464,627.1012528016001
8465,465.7002044782245
8466,247.16280388223922
8467,47.6555298422008
8468,0.0
8469,0.0
8470,0.0
8471,0.0
8472,0.0
8473,0.0
8474,0.0
8475,0.0
8476,0.0
8477,0.0
8478,0.0
8479,0.0
8480,80.30157304612658
8481,299.4471308787789
8482,507.9672613827317
8483,671.9793089723098
8484,774.8628538841657
8485,833.1959434790357
8486,835.8759204088265
8487,756.0882786807443
8488,637.4837606111404
8489,435.19930024118355
8490,257.6065988070615
8491,49.17903191032852
8492,0.0
8493,0.0
8494,0.0
8495,0.0
8496,0.0
8497,0.0
8498,0.0
8499,0.0
8500,0.0
8501,0.0
8502,0.0
8503,0.0
8504,72.05921026011622
8505,186.59416835795335
8506,420.94575067805886
8507,520.3044641149187
8508,441.5486054082244
8509,736.6855309776578
8510,735.7741979238007
8511,705.7274528958442
8512,398.49004986989297
8513,226.4648489762438
8514,127.07717892945105
8515,52.17690158601047
8516,0.0
8517,0.0
8518,0.0
8519,0.0
8520,0.0
8521,0.0
8522,0.0
8523,0.0
8524,0.0
8525,0.0
8526,0.0
8527,0.0
8528,57.829491040092044
8529,50.819083519375496
8530,194.78823934582368
8531,485.8695899082264
8532,746.5518672490318
8533,778.4185289834948
8534,797.6915968090284
8535,521.0149754470531
8536,626.2095032981944
8537,468.59586646323993
8538,267.0097603611053
8539,52.255468261826884
8540,0.0
8541,0.0
8542,0.0
8543,0.0
8544,0.0
8545,0.0
8546,0.0
8547,0.0
8548,0.0
8549,0.0
8550,0.0
8551,0.0
8552,75.35448230496377
8553,298.23688233946746
8554,485.1301363408559
8555,672.1971137098673
8556,785.7945504384193
8557,839.25142721383
8558,808.9149658671515
8559,768.4859234630624
8560,641.5499639006953
8561,474.11298380500057
8562,264.2570165355479
8563,52.411237995369
8564,0.0
8565,0.0
8566,0.0
8567,0.0
8568,0.0
8569,0.0
8570,0.0
8571,0.0
8572,0.0
8573,0.0
8574,0.0
8575,0.0
8576,73.82312870212328
8577,299.1526562377309
8578,513.2229373368768
8579,679.8917807077529
8580,789.5316841308904
8581,846.0860881877485
8582,851.2655501609007
8583,778.4018935172306
8584,654.9606429219851
8585,476.03965737058394
8586,265.3856904977117
8587,54.46358616144798
8588,0.0
8589,0.0
8590,0.0
8591,0.0
8592,0.0
8593,0.0
8594,0.0
8595,0.0
8596,0.0
8597,0.0
8598,0.0
8599,0.0
8600,72.35741030185474
8601,291.47583069868347
8602,504.39784228317865
8603,672.571899434458
8604,782.0028654923335
8605,836.1694484515474
8606,823.8834922224354
8607,706.3960557303778
8608,648.8844066739379
8609,437.8662856265105
8610,263.39120455386904
8611,55.58820610578924
8612,0.0
8613,0.0
8614,0.0
8615,0.0
8616,0.0
8617,0.0
8618,0.0
8619,0.0
8620,0.0
8621,0.0
8622,0.0
8623,0.0
8624,16.46310755946243
8625,281.10509911396457
8626,496.5653359028123
8627,637.4770262684307
8628,703.6101686114596
8629,837.2679719573711
8630,820.9425515943803
8631,528.9755363584121
8632,615.3759490738591
8633,421.10169850515837
8634,254.26020147199148
8635,50.89547215659005
8636,0.0
8637,0.0
8638,0.0
8639,0.0
8640,0.0
8641,0.0
8642,0.0
8643,0.0
8644,0.0
8645,0.0
8646,0.0
8647,0.0
8648,55.49522751885661
8649,93.06913550398629
8650,358.45710063950514
8651,612.8444386701095
8652,736.5213470427909
8653,633.0299687261655
8654,388.825558278805
8655,450.2504696417934
8656,452.7701798483027
8657,398.43699578735266
8658,174.6292723190933
8659,57.33144283025038
8660,0.0
8661,0.0
8662,0.0
8663,0.0
8664,0.0
8665,0.0
8666,0.0
8667,0.0
8668,0.0
8669,0.0
8670,0.0
8671,0.0
8672,60.717925669323634
8673,180.51285826643658
8674,371.17426388229575
8675,224.8596815402931
8676,383.23591955190267
8677,468.8988888096291
8678,511.9065172848279
8679,772.7871545549172
8680,621.4070760768429
8681,414.84320810816513
8682,274.0788398115101
8683,61.152611561241834
8684,0.0
8685,0.0
8686,0.0
8687,0.0
8688,0.0
8689,0.0
8690,0.0
8691,0.0
8692,0.0
8693,0.0
8694,0.0
8695,0.0
8696,32.01516121204974
8697,242.64015640632186
8698,379.70836145164327
8699,604.4555973804712
8700,703.2049822837236
8701,726.1013943076346
8702,824.8885020344134
8703,776.8309734391356
8704,632.7937697819438
8705,480.2223221323606
8706,273.60333435787055
8707,61.75893127795157
8708,0.0
8709,0.0
8710,0.0
8711,0.0
8712,0.0
8713,0.0
8714,0.0
8715,0.0
8716,0.0
8717,0.0
8718,0.0
8719,0.0
8720,48.72400986906945
8721,295.8692454111301
8722,511.50251074748184
8723,607.6353292209013
8724,741.0534728328815
8725,839.6942661484824
8726,849.5546595601963
8727,793.7055799648059
8728,676.3313699961459
8729,491.9964515566961
8730,281.4560758564593
8731,62.92194825882019
8732,0.0
8733,0.0
8734,0.0
8735,0.0
8736,0.0
8737,0.0
8738,0.0
8739,0.0
8740,0.0
8741,0.0
8742,0.0
8743,0.0
8744,16.5413650887589
8745,67.25668326127064
8746,200.69227503331052
8747,500.57544006874093
8748,550.2948594556701
8749,679.5181544166543
8750,704.556290166937
8751,604.8765378224388
8752,606.1595423866489
8753,290.9894657863752
8754,54.83803718429308
8755,65.60365997362318
8756,0.0
8757,0.0
8758,0.0
8759,0.0
8760,0.0
