period,scenario,demand,supply_renewable,supply_generator,supply_grid_import,supply_battery_discharge,supply_lost_load,sink_battery_charge,sink_grid_export,balance_lhs,balance_residual
0,scenario_1,0.4409364,0.0,0.0,0.0,0.4409364,0.0,0.0,0.0,0.4409364,0.0
1,scenario_1,0.4795025,0.0,0.0,0.0,0.4795025,0.0,0.0,0.0,0.4795025,0.0
2,scenario_1,0.503402217,0.0,0.0,0.0,0.503402217,0.0,0.0,0.0,0.503402217,0.0
3,scenario_1,1.346520717,0.0,0.0,0.0,1.346520717,0.0,0.0,0.0,1.346520717,0.0
4,scenario_1,6.9349076,0.0,0.0,0.0,6.9349076,0.0,0.0,0.0,6.9349076,0.0
5,scenario_1,7.544392633,0.0,0.0,0.0,7.544392633,0.0,0.0,0.0,7.544392633,0.0
6,scenario_1,4.66692965,0.0,0.0,0.0,4.66692965,0.0,0.0,0.0,4.66692965,0.0
7,scenario_1,13.66380342,10.63581756135,0.0,0.0,3.02798585865,0.0,0.0,0.0,13.66380342,0.0
8,scenario_1,52.11430821,37.5147233997,0.0,0.0,14.599584810299994,0.0,0.0,0.0,52.11430821,0.0
9,scenario_1,62.86125445,61.05624714705,0.0,0.0,1.8050073029499956,0.0,0.0,0.0,62.86125445,0.0
10,scenario_1,66.73172272,79.77712656975001,0.0,0.0,0.0,0.0,13.045403849750016,0.0,66.73172272,0.0
11,scenario_1,30.92933008,40.932283870867195,0.0,0.0,0.0,0.0,10.002953790867192,0.0,30.929330080000003,3.552713678800501e-15
12,scenario_1,24.7454494,52.7454494,0.0,0.0,0.0,0.0,28.0,0.0,24.7454494,0.0
13,scenario_1,83.12378468,83.12378468,0.0,0.0,0.0,0.0,0.0,0.0,83.12378468,0.0
14,scenario_1,41.76079236,41.76079236,0.0,0.0,0.0,0.0,0.0,0.0,41.76079236,0.0
15,scenario_1,16.20787302,16.20787302,0.0,0.0,0.0,0.0,0.0,0.0,16.20787302,0.0
16,scenario_1,8.764609327,8.764609327,0.0,0.0,0.0,0.0,0.0,0.0,8.764609327,0.0
17,scenario_1,5.049630867,5.049630867,0.0,0.0,0.0,0.0,0.0,0.0,5.049630867,0.0
18,scenario_1,6.2960814,0.0,0.0,0.0,6.2960814,0.0,0.0,0.0,6.2960814,0.0
19,scenario_1,9.090179233,0.0,0.0,0.0,9.090179233,0.0,0.0,0.0,9.090179233,0.0
20,scenario_1,8.670561233,0.0,0.0,0.0,8.670561233,0.0,0.0,0.0,8.670561233,0.0
21,scenario_1,8.513393767,0.0,0.0,0.0,8.513393767,0.0,0.0,0.0,8.513393767,0.0
22,scenario_1,7.815425567,0.0,0.0,0.0,7.815425567,0.0,0.0,0.0,7.815425567,0.0
23,scenario_1,5.741444233,0.0,0.0,0.0,5.741444233,0.0,0.0,0.0,5.741444233,0.0
24,scenario_1,0.441203183,0.0,0.0,0.0,0.441203183,0.0,0.0,0.0,0.441203183,0.0
25,scenario_1,0.475152267,0.0,0.0,0.0,0.475152267,0.0,0.0,0.0,0.475152267,0.0
26,scenario_1,0.510602667,0.0,0.0,0.0,0.510602667,0.0,0.0,0.0,0.510602667,0.0
27,scenario_1,1.442137217,0.0,0.0,0.0,1.442137217,0.0,0.0,0.0,1.442137217,0.0
28,scenario_1,6.827004317,0.0,0.0,0.0,6.827004317,0.0,0.0,0.0,6.827004317,0.0
29,scenario_1,7.905773967,0.0,0.0,0.0,7.905773967,0.0,0.0,0.0,7.905773967,0.0
30,scenario_1,4.7532742,0.0,0.0,0.0,4.7532742,0.0,0.0,0.0,4.7532742,0.0
31,scenario_1,3.431876967,0.0,0.0,0.0,3.431876967,0.0,0.0,0.0,3.431876967,0.0
32,scenario_1,27.56392505,36.7680970836,0.0,0.0,0.0,0.0,9.204172033599995,0.0,27.56392505,0.0
33,scenario_1,51.96270097,60.04330963184999,0.0,0.0,0.0,0.0,8.080608661849993,0.0,51.96270097,0.0
34,scenario_1,38.14502689,0.0,0.0,0.0,28.0,10.145026889999997,0.0,0.0,38.14502689,0.0
35,scenario_1,19.32713189,47.327131890000004,0.0,0.0,0.0,0.0,28.0,0.0,19.327131890000004,3.552713678800501e-15
36,scenario_1,6.780683629,0.0,0.0,0.0,6.780683629,0.0,0.0,0.0,6.780683629,0.0
37,scenario_1,40.72134095,58.724488062195675,0.0,0.0,0.0,0.0,18.003147112195673,0.0,40.72134095,0.0
38,scenario_1,40.44873003,68.44873003000001,0.0,0.0,0.0,0.0,28.0,0.0,40.44873003000001,7.105427357601002e-15
39,scenario_1,4.841371555,32.841371555,0.0,0.0,0.0,0.0,28.0,0.0,4.841371555000002,1.7763568394002505e-15
40,scenario_1,4.640228867,4.640228867,0.0,0.0,0.0,0.0,0.0,0.0,4.640228867,0.0
41,scenario_1,6.398641883,18.832681787699997,0.0,0.0,0.0,0.0,12.434039904699997,0.0,6.398641883,0.0
42,scenario_1,7.307193267,0.0,0.0,0.0,7.307193267,0.0,0.0,0.0,7.307193267,0.0
43,scenario_1,9.408008833,0.0,0.0,0.0,9.408008833,0.0,0.0,0.0,9.408008833,0.0
44,scenario_1,8.204142433,0.0,0.0,0.0,8.204142433,0.0,0.0,0.0,8.204142433,0.0
45,scenario_1,8.04307445,0.0,0.0,0.0,8.04307445,0.0,0.0,0.0,8.04307445,0.0
46,scenario_1,7.87572445,0.0,0.0,0.0,7.87572445,0.0,0.0,0.0,7.87572445,0.0
47,scenario_1,6.637925983,0.0,0.0,0.0,6.637925983,0.0,0.0,0.0,6.637925983,0.0
48,scenario_1,0.451620433,0.0,0.0,0.0,0.451620433,0.0,0.0,0.0,0.451620433,0.0
49,scenario_1,0.499518117,0.0,0.0,0.0,0.499518117,0.0,0.0,0.0,0.499518117,0.0
50,scenario_1,0.50293615,0.0,0.0,0.0,0.50293615,0.0,0.0,0.0,0.50293615,0.0
51,scenario_1,1.488338683,0.0,0.0,0.0,1.488338683,0.0,0.0,0.0,1.488338683,0.0
52,scenario_1,7.294022517,0.0,0.0,0.0,7.294022517,0.0,0.0,0.0,7.294022517,0.0
53,scenario_1,8.857421483,0.0,0.0,0.0,8.857421483,0.0,0.0,0.0,8.857421483,0.0
54,scenario_1,3.6585093,0.0,0.0,0.0,3.6585093,0.0,0.0,0.0,3.6585093,0.0
55,scenario_1,9.486929607,9.486929607,0.0,0.0,0.0,0.0,0.0,0.0,9.486929607,0.0
56,scenario_1,42.41700922,35.82810096075,0.0,0.0,6.5889082592499975,0.0,0.0,0.0,42.41700922,0.0
57,scenario_1,53.62016504,50.83840486574999,0.0,0.0,2.78176017425001,0.0,0.0,0.0,53.62016504,0.0
58,scenario_1,48.28467361,48.28467361,0.0,0.0,0.0,0.0,0.0,0.0,48.28467361,0.0
59,scenario_1,19.36919307,19.36919307,0.0,0.0,0.0,0.0,0.0,0.0,19.36919307,0.0
60,scenario_1,6.51560744,6.51560744,0.0,0.0,0.0,0.0,0.0,0.0,6.51560744,0.0
61,scenario_1,19.32138447,19.32138447,0.0,0.0,0.0,0.0,0.0,0.0,19.32138447,0.0
62,scenario_1,23.67618162,51.67618162,0.0,0.0,0.0,0.0,28.0,0.0,23.67618162,0.0
63,scenario_1,4.501678702,32.501678702,0.0,0.0,0.0,0.0,28.0,0.0,4.5016787019999995,-8.881784197001252e-16
64,scenario_1,4.087247178,32.087247178,0.0,0.0,0.0,0.0,28.0,0.0,4.087247177999998,-1.7763568394002505e-15
65,scenario_1,5.307656766,19.5781561888395,0.0,0.0,0.0,0.0,14.270499422839498,0.0,5.307656766000003,2.6645352591003757e-15
66,scenario_1,7.97380855,0.0,0.0,0.0,0.0,7.97380855,0.0,0.0,7.97380855,0.0
67,scenario_1,9.289242217,0.0,0.0,0.0,9.289242217,0.0,0.0,0.0,9.289242217,0.0
68,scenario_1,8.448476367,0.0,0.0,0.0,8.448476367,0.0,0.0,0.0,8.448476367,0.0
69,scenario_1,8.27972585,0.0,0.0,0.0,0.0,8.27972585,0.0,0.0,8.27972585,0.0
70,scenario_1,7.3753237,0.0,0.0,0.0,6.4038356408499695,0.9714880591500306,0.0,0.0,7.3753237,0.0
71,scenario_1,5.700107467,0.0,0.0,0.0,0.0,5.700107467,0.0,0.0,5.700107467,0.0
72,scenario_1,0.412602783,0.0,0.0,0.0,0.412602783,0.0,0.0,0.0,0.412602783,0.0
73,scenario_1,0.467202317,0.0,0.0,0.0,0.0,0.467202317,0.0,0.0,0.467202317,0.0
74,scenario_1,0.552435917,0.0,0.0,0.0,0.0,0.552435917,0.0,0.0,0.552435917,0.0
75,scenario_1,1.164820417,0.0,0.0,0.0,1.164820417,0.0,0.0,0.0,1.164820417,0.0
76,scenario_1,7.249789183,0.0,0.0,0.0,7.249789183,0.0,0.0,0.0,7.249789183,0.0
77,scenario_1,7.95886035,0.0,0.0,0.0,7.95886035,0.0,0.0,0.0,7.95886035,0.0
78,scenario_1,5.346049167,0.0,0.0,0.0,0.0,5.346049167,0.0,0.0,5.346049167,0.0
79,scenario_1,12.0773415,8.204968457849999,0.0,0.0,3.8723730421500004,0.0,0.0,0.0,12.0773415,0.0
80,scenario_1,75.19880397,33.3938421486,0.0,0.0,28.0,13.8049618214,0.0,0.0,75.19880397,0.0
81,scenario_1,76.59335436,27.987897308249998,0.0,0.0,28.0,20.605457051750008,0.0,0.0,76.59335436,0.0
82,scenario_1,48.07468595,53.47273966575,0.0,0.0,0.0,0.0,5.398053715749995,0.0,48.07468595,0.0
83,scenario_1,29.55285992,57.55285992,0.0,0.0,0.0,0.0,28.0,0.0,29.552859920000003,3.552713678800501e-15
84,scenario_1,33.2964483,33.2964483,0.0,0.0,0.0,0.0,0.0,0.0,33.2964483,0.0
85,scenario_1,58.38187843,81.70165007139447,0.0,0.0,0.0,0.0,23.319771641394468,0.0,58.38187843,0.0
86,scenario_1,41.3420201,69.3420201,0.0,0.0,0.0,0.0,28.0,0.0,41.3420201,0.0
87,scenario_1,15.86039388,15.86039388,0.0,0.0,0.0,0.0,0.0,0.0,15.86039388,0.0
88,scenario_1,10.63519287,38.63519287,0.0,0.0,0.0,0.0,28.0,0.0,10.635192869999997,-1.7763568394002505e-15
89,scenario_1,7.69150758,19.418126667299997,0.0,0.0,0.0,0.0,11.726619087299998,0.0,7.69150758,0.0
90,scenario_1,6.859394033,0.0,0.0,0.0,6.859394033,0.0,0.0,0.0,6.859394033,0.0
91,scenario_1,9.120160883,0.0,0.0,0.0,0.0,9.120160883,0.0,0.0,9.120160883,0.0
92,scenario_1,8.861359333,0.0,0.0,0.0,8.861359333,0.0,0.0,0.0,8.861359333,0.0
93,scenario_1,8.715959583,0.0,0.0,0.0,7.640162607100026,1.0757969758999746,0.0,0.0,8.715959583,0.0
94,scenario_1,7.82629375,0.0,0.0,0.0,7.82629375,0.0,0.0,0.0,7.82629375,0.0
95,scenario_1,6.602045217,0.0,0.0,0.0,0.0,6.602045217,0.0,0.0,6.602045217,0.0
96,scenario_1,0.43880255,0.0,0.0,0.0,0.43880255,0.0,0.0,0.0,0.43880255,0.0
97,scenario_1,0.467801667,0.0,0.0,0.0,0.467801667,0.0,0.0,0.0,0.467801667,0.0
98,scenario_1,0.488535067,0.0,0.0,0.0,0.488535067,0.0,0.0,0.0,0.488535067,0.0
99,scenario_1,0.779385783,0.0,0.0,0.0,0.779385783,0.0,0.0,0.0,0.779385783,0.0
100,scenario_1,6.61043705,0.0,0.0,0.0,6.61043705,0.0,0.0,0.0,6.61043705,0.0
101,scenario_1,7.38898995,0.0,0.0,0.0,7.38898995,0.0,0.0,0.0,7.38898995,0.0
102,scenario_1,4.313163283,0.0,0.0,0.0,4.313163283,0.0,0.0,0.0,4.313163283,0.0
103,scenario_1,17.27042748,7.0607765838,0.0,0.0,0.0,10.2096508962,0.0,0.0,17.27042748,0.0
104,scenario_1,59.26947517,35.23437733845,0.0,0.0,24.035097831549997,0.0,0.0,0.0,59.26947517,0.0
105,scenario_1,73.49840835,48.40783125465,0.0,0.0,25.090577095350007,0.0,0.0,0.0,73.49840835,0.0
106,scenario_1,65.0297441,70.4077713459,0.0,0.0,0.0,0.0,5.3780272459,0.0,65.0297441,0.0
107,scenario_1,32.1601026,60.1601026,0.0,0.0,0.0,0.0,28.0,0.0,32.1601026,0.0
108,scenario_1,25.16719857,38.62051766404444,0.0,0.0,0.0,0.0,13.453319094044438,0.0,25.167198570000004,3.552713678800501e-15
109,scenario_1,69.52760528,91.14070338450001,0.0,0.0,0.0,0.0,21.61309810450001,0.0,69.52760528,0.0
110,scenario_1,40.35851155,68.35851155,0.0,0.0,0.0,0.0,28.0,0.0,40.35851155,0.0
111,scenario_1,16.06080822,44.06080822,0.0,0.0,0.0,0.0,28.0,0.0,16.06080822,0.0
112,scenario_1,11.13203721,11.13203721,0.0,0.0,0.0,0.0,0.0,0.0,11.13203721,0.0
113,scenario_1,6.720934517,6.720934517,0.0,0.0,0.0,0.0,0.0,0.0,6.720934517,0.0
114,scenario_1,7.718729683,0.0,0.0,0.0,7.718729683,0.0,0.0,0.0,7.718729683,0.0
115,scenario_1,8.156762667,0.0,0.0,0.0,8.156762667,0.0,0.0,0.0,8.156762667,0.0
116,scenario_1,8.333526983,0.0,0.0,0.0,8.333526983,0.0,0.0,0.0,8.333526983,0.0
117,scenario_1,8.669541767,0.0,0.0,0.0,8.669541767,0.0,0.0,0.0,8.669541767,0.0
118,scenario_1,8.061559033,0.0,0.0,0.0,6.484590475049978,1.576968557950022,0.0,0.0,8.061559033,0.0
119,scenario_1,6.1051599,0.0,0.0,0.0,6.1051599,0.0,0.0,0.0,6.1051599,0.0
120,scenario_1,0.433403,0.0,0.0,0.0,0.433403,0.0,0.0,0.0,0.433403,0.0
121,scenario_1,0.50298505,0.0,0.0,0.0,0.50298505,0.0,0.0,0.0,0.50298505,0.0
122,scenario_1,0.561852467,0.0,0.0,0.0,0.561852467,0.0,0.0,0.0,0.561852467,0.0
123,scenario_1,1.003154,0.0,0.0,0.0,1.003154,0.0,0.0,0.0,1.003154,0.0
124,scenario_1,7.334155783,0.0,0.0,0.0,7.334155783,0.0,0.0,0.0,7.334155783,0.0
125,scenario_1,7.6850431,0.0,0.0,0.0,7.6850431,0.0,0.0,0.0,7.6850431,0.0
126,scenario_1,4.142467567,0.0,0.0,0.0,4.142467567,0.0,0.0,0.0,4.142467567,0.0
127,scenario_1,17.51604568,10.292194224149998,0.0,0.0,7.223851455850003,0.0,0.0,0.0,17.51604568,0.0
128,scenario_1,64.14942308,37.7046469779,0.0,0.0,26.444776102100008,0.0,0.0,0.0,64.14942308,0.0
129,scenario_1,55.28743949,55.28743949,0.0,0.0,0.0,0.0,0.0,0.0,55.28743949,0.0
130,scenario_1,59.10552257,79.3327922553,0.0,0.0,0.0,0.0,20.22726968530001,0.0,59.10552257,0.0
131,scenario_1,37.80177498,65.80177498,0.0,0.0,0.0,0.0,28.0,0.0,37.801774980000005,7.105427357601002e-15
132,scenario_1,29.6765353,57.6765353,0.0,0.0,0.0,0.0,28.0,0.0,29.676535299999998,-3.552713678800501e-15
133,scenario_1,78.6250588,91.8475347744,0.0,0.0,0.0,0.0,13.222475974399998,0.0,78.6250588,0.0
134,scenario_1,45.35615928,45.35615928,0.0,0.0,0.0,0.0,0.0,0.0,45.35615928,0.0
135,scenario_1,15.95275086,37.4319844098062,0.0,0.0,0.0,0.0,21.479233549806196,0.0,15.952750860000002,1.7763568394002505e-15
136,scenario_1,14.70428766,14.70428766,0.0,0.0,0.0,0.0,0.0,0.0,14.70428766,0.0
137,scenario_1,5.653034667,5.653034667,0.0,0.0,0.0,0.0,0.0,0.0,5.653034667,0.0
138,scenario_1,7.442513817,0.0,0.0,0.0,7.442513817,0.0,0.0,0.0,7.442513817,0.0
139,scenario_1,8.5101425,0.0,0.0,0.0,8.5101425,0.0,0.0,0.0,8.5101425,0.0
140,scenario_1,8.839256917,0.0,0.0,0.0,8.839256917,0.0,0.0,0.0,8.839256917,0.0
141,scenario_1,8.948091617,0.0,0.0,0.0,8.948091617,0.0,0.0,0.0,8.948091617,0.0
142,scenario_1,7.885758533,0.0,0.0,0.0,7.885758533,0.0,0.0,0.0,7.885758533,0.0
143,scenario_1,6.028342,0.0,0.0,0.0,6.028342,0.0,0.0,0.0,6.028342,0.0
144,scenario_1,0.426736217,0.0,0.0,0.0,0.426736217,0.0,0.0,0.0,0.426736217,0.0
145,scenario_1,0.471002683,0.0,0.0,0.0,0.471002683,0.0,0.0,0.0,0.471002683,0.0
146,scenario_1,0.54948745,0.0,0.0,0.0,0.54948745,0.0,0.0,0.0,0.54948745,0.0
147,scenario_1,0.939055383,0.0,0.0,0.0,0.939055383,0.0,0.0,0.0,0.939055383,0.0
148,scenario_1,6.969591933,0.0,0.0,0.0,6.969591933,0.0,0.0,0.0,6.969591933,0.0
149,scenario_1,7.7251266,0.0,0.0,0.0,7.7251266,0.0,0.0,0.0,7.7251266,0.0
150,scenario_1,4.4623499,0.0,0.0,0.0,4.4623499,0.0,0.0,0.0,4.4623499,0.0
151,scenario_1,15.00782107,10.3614517635,0.0,0.0,4.6463693065000005,0.0,0.0,0.0,15.00782107,0.0
152,scenario_1,45.11333696,36.7686174309,0.0,0.0,8.344719529099997,0.0,0.0,0.0,45.11333696,0.0
153,scenario_1,68.65436988,60.9904411059,0.0,0.0,7.6639287741000075,0.0,0.0,0.0,68.65436988,0.0
154,scenario_1,74.08877245,79.34526453644999,0.0,0.0,0.0,0.0,5.256492086449995,0.0,74.08877245,0.0
155,scenario_1,48.77236649,48.77236649,0.0,0.0,0.0,0.0,0.0,0.0,48.77236649,0.0
156,scenario_1,36.16768493,36.16768493,0.0,0.0,0.0,0.0,0.0,0.0,36.16768493,0.0
157,scenario_1,55.01850184,83.01850184,0.0,0.0,0.0,0.0,28.0,0.0,55.01850184,0.0
158,scenario_1,47.46049237,75.46049237,0.0,0.0,0.0,0.0,28.0,0.0,47.46049237,0.0
159,scenario_1,16.16328721,44.16328721,0.0,0.0,0.0,0.0,28.0,0.0,16.16328721,0.0
160,scenario_1,11.02220561,23.83070841552531,0.0,0.0,0.0,0.0,12.808502805525311,0.0,11.02220561,0.0
161,scenario_1,7.187904591,7.187904591,0.0,0.0,0.0,0.0,0.0,0.0,7.187904591,0.0
162,scenario_1,8.806910517,0.0,0.0,0.0,8.806910517,0.0,0.0,0.0,8.806910517,0.0
163,scenario_1,9.363425367,0.0,0.0,0.0,9.363425367,0.0,0.0,0.0,9.363425367,0.0
164,scenario_1,8.604176733,0.0,0.0,0.0,8.604176733,0.0,0.0,0.0,8.604176733,0.0
165,scenario_1,8.185611567,0.0,0.0,0.0,8.185611567,0.0,0.0,0.0,8.185611567,0.0
166,scenario_1,7.4948452,0.0,0.0,0.0,7.4948452,0.0,0.0,0.0,7.4948452,0.0
167,scenario_1,5.245929,0.0,0.0,0.0,5.245929,0.0,0.0,0.0,5.245929,0.0
168,scenario_1,0.4426034,0.0,0.0,0.0,0.4426034,0.0,0.0,0.0,0.4426034,0.0
169,scenario_1,0.4688694,0.0,0.0,0.0,0.4688694,0.0,0.0,0.0,0.4688694,0.0
170,scenario_1,0.552671617,0.0,0.0,0.0,0.552671617,0.0,0.0,0.0,0.552671617,0.0
171,scenario_1,1.003871683,0.0,0.0,0.0,1.003871683,0.0,0.0,0.0,1.003871683,0.0
172,scenario_1,6.994937967,0.0,0.0,0.0,6.994937967,0.0,0.0,0.0,6.994937967,0.0
173,scenario_1,7.46007405,0.0,0.0,0.0,7.46007405,0.0,0.0,0.0,7.46007405,0.0
174,scenario_1,3.86859475,0.0,0.0,0.0,3.86859475,0.0,0.0,0.0,3.86859475,0.0
175,scenario_1,11.0910487,9.43372743,0.0,0.0,1.6573212700000006,0.0,0.0,0.0,11.0910487,0.0
176,scenario_1,36.4736542,36.11750033475,0.0,0.0,0.3561538652500005,0.0,0.0,0.0,36.4736542,0.0
177,scenario_1,72.31306508,60.14641560374999,0.0,0.0,12.166649476250008,0.0,0.0,0.0,72.31306508,0.0
178,scenario_1,70.58591133,78.85015836975,0.0,0.0,0.0,0.0,8.264247039750003,0.0,70.58591133,0.0
179,scenario_1,39.54483031,67.54483031000001,0.0,0.0,0.0,0.0,28.0,0.0,39.54483031000001,7.105427357601002e-15
180,scenario_1,22.04685375,22.04685375,0.0,0.0,0.0,0.0,0.0,0.0,22.04685375,0.0
181,scenario_1,91.01127012,91.67888992035,0.0,0.0,0.0,0.0,0.6676198003499962,0.0,91.01127012,0.0
182,scenario_1,38.79839727,66.79839727000001,0.0,0.0,0.0,0.0,28.0,0.0,38.79839727000001,7.105427357601002e-15
183,scenario_1,16.70182406,16.70182406,0.0,0.0,0.0,0.0,0.0,0.0,16.70182406,0.0
184,scenario_1,11.89012932,33.71931824409753,0.0,0.0,0.0,0.0,21.82918892409753,0.0,11.89012932,0.0
185,scenario_1,6.55310045,6.55310045,0.0,0.0,0.0,0.0,0.0,0.0,6.55310045,0.0
186,scenario_1,7.31682765,0.0,0.0,0.0,7.31682765,0.0,0.0,0.0,7.31682765,0.0
187,scenario_1,10.06154067,0.0,0.0,0.0,10.06154067,0.0,0.0,0.0,10.06154067,0.0
188,scenario_1,9.628175017,0.0,0.0,0.0,9.628175017,0.0,0.0,0.0,9.628175017,0.0
189,scenario_1,8.6776744,0.0,0.0,0.0,8.6776744,0.0,0.0,0.0,8.6776744,0.0
190,scenario_1,8.598573133,0.0,0.0,0.0,8.598573133,0.0,0.0,0.0,8.598573133,0.0
191,scenario_1,6.777756633,0.0,0.0,0.0,6.777756633,0.0,0.0,0.0,6.777756633,0.0
192,scenario_1,0.42600275,0.0,0.0,0.0,0.42600275,0.0,0.0,0.0,0.42600275,0.0
193,scenario_1,0.483201083,0.0,0.0,0.0,0.483201083,0.0,0.0,0.0,0.483201083,0.0
194,scenario_1,0.466801233,0.0,0.0,0.0,0.466801233,0.0,0.0,0.0,0.466801233,0.0
195,scenario_1,1.354336517,0.0,0.0,0.0,1.354336517,0.0,0.0,0.0,1.354336517,0.0
196,scenario_1,6.992821233,0.0,0.0,0.0,6.992821233,0.0,0.0,0.0,6.992821233,0.0
197,scenario_1,6.829405417,0.0,0.0,0.0,6.829405417,0.0,0.0,0.0,6.829405417,0.0
198,scenario_1,2.663339433,0.0,0.0,0.0,2.663339433,0.0,0.0,0.0,2.663339433,0.0
199,scenario_1,5.68054951,9.572600477249999,0.0,0.0,0.0,0.0,3.8920509672499994,0.0,5.68054951,0.0
200,scenario_1,22.80741046,22.80741046,0.0,0.0,0.0,0.0,0.0,0.0,22.80741046,0.0
201,scenario_1,39.56145227,57.5882577612,0.0,0.0,0.0,0.0,18.0268054912,0.0,39.56145227,0.0
202,scenario_1,62.626783,62.626783,0.0,0.0,0.0,0.0,0.0,0.0,62.626783,0.0
203,scenario_1,38.77994447,38.77994447,0.0,0.0,0.0,0.0,0.0,0.0,38.77994447,0.0
204,scenario_1,8.36084898,36.36084898,0.0,0.0,0.0,0.0,28.0,0.0,8.36084898,0.0
205,scenario_1,32.03692253,47.40050065643767,0.0,0.0,0.0,0.0,15.363578126437668,0.0,32.036922530000005,7.105427357601002e-15
206,scenario_1,13.82387812,41.82387812,0.0,0.0,0.0,0.0,28.0,0.0,13.823878120000003,3.552713678800501e-15
207,scenario_1,5.176239805,5.176239805,0.0,0.0,0.0,0.0,0.0,0.0,5.176239805,0.0
208,scenario_1,3.538695932,3.538695932,0.0,0.0,0.0,0.0,0.0,0.0,3.538695932,0.0
209,scenario_1,3.159516247,21.40540322715,0.0,0.0,0.0,0.0,18.24588698015,0.0,3.159516246999999,-8.881784197001252e-16
210,scenario_1,7.233390767,0.0,0.0,0.0,7.233390767,0.0,0.0,0.0,7.233390767,0.0
211,scenario_1,8.9568084,0.0,0.0,0.0,8.9568084,0.0,0.0,0.0,8.9568084,0.0
212,scenario_1,8.33250885,0.0,0.0,0.0,8.33250885,0.0,0.0,0.0,8.33250885,0.0
213,scenario_1,8.305940117,0.0,0.0,0.0,8.305940117,0.0,0.0,0.0,8.305940117,0.0
214,scenario_1,8.288872967,0.0,0.0,0.0,8.288872967,0.0,0.0,0.0,8.288872967,0.0
215,scenario_1,6.043239617,0.0,0.0,0.0,6.043239617,0.0,0.0,0.0,6.043239617,0.0
216,scenario_1,0.440202617,0.0,0.0,0.0,0.440202617,0.0,0.0,0.0,0.440202617,0.0
217,scenario_1,0.481251433,0.0,0.0,0.0,0.481251433,0.0,0.0,0.0,0.481251433,0.0
218,scenario_1,0.4917537,0.0,0.0,0.0,0.4917537,0.0,0.0,0.0,0.4917537,0.0
219,scenario_1,1.01067135,0.0,0.0,0.0,1.01067135,0.0,0.0,0.0,1.01067135,0.0
220,scenario_1,6.423705367,0.0,0.0,0.0,6.423705367,0.0,0.0,0.0,6.423705367,0.0
221,scenario_1,6.835705467,0.0,0.0,0.0,6.835705467,0.0,0.0,0.0,6.835705467,0.0
222,scenario_1,2.931158383,0.0,0.0,0.0,2.931158383,0.0,0.0,0.0,2.931158383,0.0
223,scenario_1,3.596408517,3.596408517,0.0,0.0,0.0,0.0,0.0,0.0,3.596408517,0.0
224,scenario_1,21.10703249,30.222793863749995,0.0,0.0,0.0,0.0,9.115761373749994,0.0,21.10703249,0.0
225,scenario_1,57.7842256,56.08867309305,0.0,0.0,1.6955525069500013,0.0,0.0,0.0,57.7842256,0.0
226,scenario_1,58.43528766,73.87165359104999,0.0,0.0,0.0,0.0,15.436365931049991,0.0,58.43528766,0.0
227,scenario_1,14.83242113,14.83242113,0.0,0.0,0.0,0.0,0.0,0.0,14.83242113,0.0
228,scenario_1,5.442893733,5.442893733,0.0,0.0,0.0,0.0,0.0,0.0,5.442893733,0.0
229,scenario_1,46.51499369,74.51499369,0.0,0.0,0.0,0.0,28.0,0.0,46.51499369,0.0
230,scenario_1,21.01935339,21.01935339,0.0,0.0,0.0,0.0,0.0,0.0,21.01935339,0.0
231,scenario_1,4.441070091,32.441070091,0.0,0.0,0.0,0.0,28.0,0.0,4.441070091,0.0
232,scenario_1,4.761641321,4.761641321,0.0,0.0,0.0,0.0,0.0,0.0,4.761641321,0.0
233,scenario_1,5.80132605,21.46255809615,0.0,0.0,0.0,0.0,15.661232046150001,0.0,5.80132605,0.0
234,scenario_1,7.800940933,0.0,0.0,0.0,7.800940933,0.0,0.0,0.0,7.800940933,0.0
235,scenario_1,9.206623883,0.0,0.0,0.0,9.206623883,0.0,0.0,0.0,9.206623883,0.0
236,scenario_1,8.64368975,0.0,0.0,0.0,8.64368975,0.0,0.0,0.0,8.64368975,0.0
237,scenario_1,8.56985625,0.0,0.0,0.0,8.56985625,0.0,0.0,0.0,8.56985625,0.0
238,scenario_1,8.127507583,0.0,0.0,0.0,8.127507583,0.0,0.0,0.0,8.127507583,0.0
239,scenario_1,6.365675183,0.0,0.0,0.0,6.365675183,0.0,0.0,0.0,6.365675183,0.0
240,scenario_1,0.44480285,0.0,0.0,0.0,0.44480285,0.0,0.0,0.0,0.44480285,0.0
241,scenario_1,0.456802683,0.0,0.0,0.0,0.456802683,0.0,0.0,0.0,0.456802683,0.0
242,scenario_1,0.50510305,0.0,0.0,0.0,0.50510305,0.0,0.0,0.0,0.50510305,0.0
243,scenario_1,1.082338467,0.0,0.0,0.0,1.082338467,0.0,0.0,0.0,1.082338467,0.0
244,scenario_1,7.349572517,0.0,0.0,0.0,7.349572517,0.0,0.0,0.0,7.349572517,0.0
245,scenario_1,8.175656167,0.0,0.0,0.0,8.175656167,0.0,0.0,0.0,8.175656167,0.0
246,scenario_1,4.834178817,0.0,0.0,0.0,4.834178817,0.0,0.0,0.0,4.834178817,0.0
247,scenario_1,15.26849233,7.073313571349999,0.0,0.0,8.195178758650002,0.0,0.0,0.0,15.26849233,0.0
248,scenario_1,32.48399164,34.232723124299994,0.0,0.0,0.0,0.0,1.748731484299995,0.0,32.48399164,0.0
249,scenario_1,78.36099303,58.15830729705,0.0,0.0,20.202685732950002,0.0,0.0,0.0,78.36099303,0.0
250,scenario_1,62.43707338,77.79034180304998,0.0,0.0,0.0,0.0,15.353268423049983,0.0,62.43707338,0.0
251,scenario_1,29.86103772,38.35821632332413,0.0,0.0,0.0,0.0,8.497178603324132,0.0,29.86103772,0.0
252,scenario_1,24.91378762,52.91378762,0.0,0.0,0.0,0.0,28.0,0.0,24.91378762,0.0
253,scenario_1,70.658552,70.658552,0.0,0.0,0.0,0.0,0.0,0.0,70.658552,0.0
254,scenario_1,54.36874243,82.17543301094999,0.0,0.0,0.0,0.0,27.80669058094999,0.0,54.36874243,0.0
255,scenario_1,19.9866373,47.9866373,0.0,0.0,0.0,0.0,28.0,0.0,19.986637299999998,-3.552713678800501e-15
256,scenario_1,14.92324363,14.92324363,0.0,0.0,0.0,0.0,0.0,0.0,14.92324363,0.0
257,scenario_1,7.418175617,21.42047025945,0.0,0.0,0.0,0.0,14.00229464245,0.0,7.418175616999999,-8.881784197001252e-16
258,scenario_1,7.088048683,0.7026379739999999,0.0,0.0,6.385410709,0.0,0.0,0.0,7.088048683,0.0
259,scenario_1,8.536012017,0.0,0.0,0.0,8.536012017,0.0,0.0,0.0,8.536012017,0.0
260,scenario_1,9.255758883,0.0,0.0,0.0,0.0,9.255758883,0.0,0.0,9.255758883,0.0
261,scenario_1,9.1666399,0.0,0.0,0.0,0.0,9.1666399,0.0,0.0,9.1666399,0.0
262,scenario_1,8.494658117,0.0,0.0,0.0,0.0,8.494658117,0.0,0.0,8.494658117,0.0
263,scenario_1,5.676728067,0.0,0.0,0.0,0.0,5.676728067,0.0,0.0,5.676728067,0.0
264,scenario_1,0.446336233,0.0,0.0,0.0,0.446336233,0.0,0.0,0.0,0.446336233,0.0
265,scenario_1,0.482118983,0.0,0.0,0.0,0.0,0.482118983,0.0,0.0,0.482118983,0.0
266,scenario_1,0.509135067,0.0,0.0,0.0,0.0,0.509135067,0.0,0.0,0.509135067,0.0
267,scenario_1,1.233751817,0.0,0.0,0.0,0.0,1.233751817,0.0,0.0,1.233751817,0.0
268,scenario_1,7.478589333,0.0,0.0,0.0,0.0,7.478589333,0.0,0.0,7.478589333,0.0
269,scenario_1,7.3207097,0.0,0.0,0.0,0.0,7.3207097,0.0,0.0,7.3207097,0.0
270,scenario_1,3.919175833,0.0,0.0,0.0,3.919175833,0.0,0.0,0.0,3.919175833,0.0
271,scenario_1,25.96958982,2.6595558350999995,0.0,0.0,6.888731682450003,16.421302302449995,0.0,0.0,25.969589819999996,-3.552713678800501e-15
272,scenario_1,66.55773288,29.34188926755,0.0,0.0,28.0,9.215843612450005,0.0,0.0,66.55773288,0.0
273,scenario_1,78.32529385,59.700960324449994,0.0,0.0,18.62433352555,0.0,0.0,0.0,78.32529385,0.0
274,scenario_1,62.79567629,0.0,0.0,0.0,28.0,34.79567629,0.0,0.0,62.79567629,0.0
275,scenario_1,37.12268467,37.12268467,0.0,0.0,0.0,0.0,0.0,0.0,37.12268467,0.0
276,scenario_1,28.4546024,56.4546024,0.0,0.0,0.0,0.0,28.0,0.0,28.4546024,0.0
277,scenario_1,67.62377058,92.46764696564999,0.0,0.0,0.0,0.0,24.843876385649992,0.0,67.62377058,0.0
278,scenario_1,33.54995973,61.54995973,0.0,0.0,0.0,0.0,28.0,0.0,33.54995973,0.0
279,scenario_1,16.93814498,44.938144980000004,0.0,0.0,0.0,0.0,28.0,0.0,16.938144980000004,3.552713678800501e-15
280,scenario_1,10.54843849,11.813496082394451,0.0,0.0,0.0,0.0,1.2650575923944511,0.0,10.54843849,0.0
281,scenario_1,7.353867459,21.6893779254,0.0,0.0,0.0,0.0,14.335510466399999,0.0,7.353867459,0.0
282,scenario_1,7.459945417,0.7026379739999999,0.0,0.0,6.757307443,0.0,0.0,0.0,7.459945417,0.0
283,scenario_1,8.401963267,0.0,0.0,0.0,0.0,8.401963267,0.0,0.0,8.401963267,0.0
284,scenario_1,8.712943583,0.0,0.0,0.0,8.712943583,0.0,0.0,0.0,8.712943583,0.0
285,scenario_1,8.18024405,0.0,0.0,0.0,0.0,8.18024405,0.0,0.0,8.18024405,0.0
286,scenario_1,7.503557167,0.0,0.0,0.0,7.503557167,0.0,0.0,0.0,7.503557167,0.0
287,scenario_1,6.0988885,0.0,0.0,0.0,6.0988885,0.0,0.0,0.0,6.0988885,0.0
288,scenario_1,0.443352683,0.0,0.0,0.0,0.443352683,0.0,0.0,0.0,0.443352683,0.0
289,scenario_1,0.496718733,0.0,0.0,0.0,0.496718733,0.0,0.0,0.0,0.496718733,0.0
290,scenario_1,0.506353317,0.0,0.0,0.0,0.506353317,0.0,0.0,0.0,0.506353317,0.0
291,scenario_1,1.09382215,0.0,0.0,0.0,0.0,1.09382215,0.0,0.0,1.09382215,0.0
292,scenario_1,7.42654015,0.0,0.0,0.0,0.0,7.42654015,0.0,0.0,7.42654015,0.0
293,scenario_1,7.781975833,0.0,0.0,0.0,7.781975833,0.0,0.0,0.0,7.781975833,0.0
294,scenario_1,5.196514083,0.0,0.0,0.0,5.196514083,0.0,0.0,0.0,5.196514083,0.0
295,scenario_1,19.94845928,3.1518499695,0.0,0.0,16.796609310500003,0.0,0.0,0.0,19.94845928,0.0
296,scenario_1,72.93784346,35.531990381099995,0.0,0.0,17.435194129999996,19.970658948900006,0.0,0.0,72.93784346,0.0
297,scenario_1,82.81380213,59.743216912499996,0.0,0.0,23.070585217500003,0.0,0.0,0.0,82.81380213,0.0
298,scenario_1,55.95369304,78.6443671401,0.0,0.0,0.0,0.0,22.690674100100004,0.0,55.95369304,0.0
299,scenario_1,31.22021343,31.22021343,0.0,0.0,0.0,0.0,0.0,0.0,31.22021343,0.0
300,scenario_1,25.46990735,53.46990735,0.0,0.0,0.0,0.0,28.0,0.0,25.46990735,0.0
301,scenario_1,60.48963624,60.48963624,0.0,0.0,0.0,0.0,0.0,0.0,60.48963624,0.0
302,scenario_1,31.46854859,59.46854859,0.0,0.0,0.0,0.0,28.0,0.0,31.468548589999997,-3.552713678800501e-15
303,scenario_1,20.76808059,48.76808059,0.0,0.0,0.0,0.0,28.0,0.0,20.768080589999997,-3.552713678800501e-15
304,scenario_1,10.6106742,10.6106742,0.0,0.0,0.0,0.0,0.0,0.0,10.6106742,0.0
305,scenario_1,5.891494417,21.70202324715,0.0,0.0,0.0,0.0,15.810528830149998,0.0,5.8914944170000005,8.881784197001252e-16
306,scenario_1,8.925662833,0.70158343125,0.0,0.0,8.22407940175,0.0,0.0,0.0,8.925662833,0.0
307,scenario_1,9.65667975,0.0,0.0,0.0,9.65667975,0.0,0.0,0.0,9.65667975,0.0
308,scenario_1,8.806928617,0.0,0.0,0.0,8.806928617,0.0,0.0,0.0,8.806928617,0.0
309,scenario_1,8.778442767,0.0,0.0,0.0,8.778442767,0.0,0.0,0.0,8.778442767,0.0
310,scenario_1,7.914875083,0.0,0.0,0.0,7.914875083,0.0,0.0,0.0,7.914875083,0.0
311,scenario_1,5.509892233,0.0,0.0,0.0,5.509892233,0.0,0.0,0.0,5.509892233,0.0
312,scenario_1,0.455002233,0.0,0.0,0.0,0.455002233,0.0,0.0,0.0,0.455002233,0.0
313,scenario_1,0.482035,0.0,0.0,0.0,0.482035,0.0,0.0,0.0,0.482035,0.0
314,scenario_1,0.521136383,0.0,0.0,0.0,0.521136383,0.0,0.0,0.0,0.521136383,0.0
315,scenario_1,0.937670267,0.0,0.0,0.0,0.937670267,0.0,0.0,0.0,0.937670267,0.0
316,scenario_1,6.85750585,0.0,0.0,0.0,6.85750585,0.0,0.0,0.0,6.85750585,0.0
317,scenario_1,7.065793333,0.0,0.0,0.0,7.065793333,0.0,0.0,0.0,7.065793333,0.0
318,scenario_1,4.98462965,0.0,0.0,0.0,4.98462965,0.0,0.0,0.0,4.98462965,0.0
319,scenario_1,9.975035323,8.564869131150001,0.0,0.0,1.4101661918499993,0.0,0.0,0.0,9.975035323,0.0
320,scenario_1,35.57827714,34.7757960963,0.0,0.0,0.8024810436999985,0.0,0.0,0.0,35.57827714,0.0
321,scenario_1,71.06546772,59.02743704414999,0.0,0.0,12.03803067585001,0.0,0.0,0.0,71.06546772,0.0
322,scenario_1,78.76027283,78.2237145102,0.0,0.0,0.5365583198000081,0.0,0.0,0.0,78.76027283,0.0
323,scenario_1,41.88580894,69.88580894,0.0,0.0,0.0,0.0,28.0,0.0,41.885808940000004,7.105427357601002e-15
324,scenario_1,38.27196508,66.27196508,0.0,0.0,0.0,0.0,28.0,0.0,38.27196508,0.0
325,scenario_1,71.70282471,77.74480691868584,0.0,0.0,0.0,0.0,6.041982208685839,0.0,71.70282471,0.0
326,scenario_1,41.28784662,69.28784662000001,0.0,0.0,0.0,0.0,28.0,0.0,41.28784662000001,7.105427357601002e-15
327,scenario_1,15.73235151,15.73235151,0.0,0.0,0.0,0.0,0.0,0.0,15.73235151,0.0
328,scenario_1,7.205237975,7.205237975,0.0,0.0,0.0,0.0,0.0,0.0,7.205237975,0.0
329,scenario_1,5.43061965,22.2478132752,0.0,0.0,0.0,0.0,16.817193625199998,0.0,5.430619650000001,8.881784197001252e-16
330,scenario_1,8.378558533,0.81784808685,0.0,0.0,7.56071044615,0.0,0.0,0.0,8.378558533,0.0
331,scenario_1,9.490574567,0.0,0.0,0.0,9.490574567,0.0,0.0,0.0,9.490574567,0.0
332,scenario_1,9.9942881,0.0,0.0,0.0,9.9942881,0.0,0.0,0.0,9.9942881,0.0
333,scenario_1,8.7013412,0.0,0.0,0.0,8.7013412,0.0,0.0,0.0,8.7013412,0.0
334,scenario_1,9.055790733,0.0,0.0,0.0,7.105496086100021,1.9502946468999784,0.0,0.0,9.055790732999998,-1.7763568394002505e-15
335,scenario_1,6.047161317,0.0,0.0,0.0,6.047161317,0.0,0.0,0.0,6.047161317,0.0
336,scenario_1,0.4393031,0.0,0.0,0.0,0.4393031,0.0,0.0,0.0,0.4393031,0.0
337,scenario_1,0.499651733,0.0,0.0,0.0,0.499651733,0.0,0.0,0.0,0.499651733,0.0
338,scenario_1,0.61191855,0.0,0.0,0.0,0.61191855,0.0,0.0,0.0,0.61191855,0.0
339,scenario_1,1.258687233,0.0,0.0,0.0,1.258687233,0.0,0.0,0.0,1.258687233,0.0
340,scenario_1,7.251454433,0.0,0.0,0.0,7.251454433,0.0,0.0,0.0,7.251454433,0.0
341,scenario_1,7.39650765,0.0,0.0,0.0,7.39650765,0.0,0.0,0.0,7.39650765,0.0
342,scenario_1,5.55714655,0.0,0.0,0.0,0.0,5.55714655,0.0,0.0,5.55714655,0.0
343,scenario_1,26.27458638,8.59522427595,0.0,0.0,0.0,17.679362104049996,0.0,0.0,26.274586379999995,-3.552713678800501e-15
344,scenario_1,45.26323478,34.85753535315,0.0,0.0,10.40569942685,0.0,0.0,0.0,45.26323478,0.0
345,scenario_1,83.18073592,59.1435297621,0.0,0.0,24.037206157900002,0.0,0.0,0.0,83.18073592,0.0
346,scenario_1,49.92199191,77.87279908035005,0.0,0.0,0.0,0.0,27.950807170350046,0.0,49.92199191,0.0
347,scenario_1,26.16340058,26.16340058,0.0,0.0,0.0,0.0,0.0,0.0,26.16340058,0.0
348,scenario_1,32.48802275,32.48802275,0.0,0.0,0.0,0.0,0.0,0.0,32.48802275,0.0
349,scenario_1,65.23034635,92.84508491159998,0.0,0.0,0.0,0.0,27.614738561599978,0.0,65.23034635,0.0
350,scenario_1,42.13120195,42.13120195,0.0,0.0,0.0,0.0,0.0,0.0,42.13120195,0.0
351,scenario_1,16.43814579,38.654817300869084,0.0,0.0,0.0,0.0,22.21667151086908,0.0,16.438145790000004,3.552713678800501e-15
352,scenario_1,10.9207252,38.9207252,0.0,0.0,0.0,0.0,28.0,0.0,10.9207252,0.0
353,scenario_1,7.73858415,21.626706713249998,0.0,0.0,0.0,0.0,13.888122563249997,0.0,7.738584150000001,8.881784197001252e-16
354,scenario_1,8.858331083,0.8183528702999999,0.0,0.0,8.0399782127,0.0,0.0,0.0,8.858331083,0.0
355,scenario_1,10.2555621,0.0,0.0,0.0,10.2555621,0.0,0.0,0.0,10.2555621,0.0
356,scenario_1,8.540880433,0.0,0.0,0.0,8.540880433,0.0,0.0,0.0,8.540880433,0.0
357,scenario_1,7.819812067,0.0,0.0,0.0,7.819812067,0.0,0.0,0.0,7.819812067,0.0
358,scenario_1,7.457459117,0.0,0.0,0.0,7.457459117,0.0,0.0,0.0,7.457459117,0.0
359,scenario_1,5.510874867,0.0,0.0,0.0,5.510874867,0.0,0.0,0.0,5.510874867,0.0
360,scenario_1,0.433402617,0.0,0.0,0.0,0.433402617,0.0,0.0,0.0,0.433402617,0.0
361,scenario_1,0.46980115,0.0,0.0,0.0,0.46980115,0.0,0.0,0.0,0.46980115,0.0
362,scenario_1,0.479069067,0.0,0.0,0.0,0.479069067,0.0,0.0,0.0,0.479069067,0.0
363,scenario_1,1.224337417,0.0,0.0,0.0,1.224337417,0.0,0.0,0.0,1.224337417,0.0
364,scenario_1,6.6179881,0.0,0.0,0.0,6.6179881,0.0,0.0,0.0,6.6179881,0.0
365,scenario_1,7.595025433,0.0,0.0,0.0,7.595025433,0.0,0.0,0.0,7.595025433,0.0
366,scenario_1,2.960108283,0.0,0.0,0.0,2.960108283,0.0,0.0,0.0,2.960108283,0.0
367,scenario_1,1.982210033,8.9516056809,0.0,0.0,0.0,0.0,6.9693956479,0.0,1.9822100330000003,2.220446049250313e-16
368,scenario_1,34.63378681,9.5347728462,0.0,0.0,25.099013963799997,0.0,0.0,0.0,34.63378681,0.0
369,scenario_1,28.2431258,55.6532584578,0.0,0.0,0.0,0.0,27.4101326578,0.0,28.2431258,0.0
370,scenario_1,65.49148803,65.49148803,0.0,0.0,0.0,0.0,0.0,0.0,65.49148803,0.0
371,scenario_1,36.68364131,36.68364131,0.0,0.0,0.0,0.0,0.0,0.0,36.68364131,0.0
372,scenario_1,9.364613317,9.364613317,0.0,0.0,0.0,0.0,0.0,0.0,9.364613317,0.0
373,scenario_1,32.81775857,32.81775857,0.0,0.0,0.0,0.0,0.0,0.0,32.81775857,0.0
374,scenario_1,9.719800453,37.719800453,0.0,0.0,0.0,0.0,28.0,0.0,9.719800452999998,-1.7763568394002505e-15
375,scenario_1,4.50586482,4.50586482,0.0,0.0,0.0,0.0,0.0,0.0,4.50586482,0.0
376,scenario_1,4.742144562,4.742144562,0.0,0.0,0.0,0.0,0.0,0.0,4.742144562,0.0
377,scenario_1,5.595206235,22.2806579007,0.0,0.0,0.0,0.0,16.6854516657,0.0,5.595206234999999,-8.881784197001252e-16
378,scenario_1,8.652906933,1.05228108975,0.0,0.0,7.6006258432500005,0.0,0.0,0.0,8.652906933,0.0
379,scenario_1,9.20892255,0.0,0.0,0.0,9.20892255,0.0,0.0,0.0,9.20892255,0.0
380,scenario_1,9.653038883,0.0,0.0,0.0,9.653038883,0.0,0.0,0.0,9.653038883,0.0
381,scenario_1,8.8767392,0.0,0.0,0.0,8.8767392,0.0,0.0,0.0,8.8767392,0.0
382,scenario_1,8.457306033,0.0,0.0,0.0,8.457306033,0.0,0.0,0.0,8.457306033,0.0
383,scenario_1,5.756092283,0.0,0.0,0.0,5.756092283,0.0,0.0,0.0,5.756092283,0.0
384,scenario_1,0.43620235,0.0,0.0,0.0,0.43620235,0.0,0.0,0.0,0.43620235,0.0
385,scenario_1,0.459601617,0.0,0.0,0.0,0.459601617,0.0,0.0,0.0,0.459601617,0.0
386,scenario_1,0.486634933,0.0,0.0,0.0,0.486634933,0.0,0.0,0.0,0.486634933,0.0
387,scenario_1,1.027668967,0.0,0.0,0.0,1.027668967,0.0,0.0,0.0,1.027668967,0.0
388,scenario_1,6.819203833,0.0,0.0,0.0,6.819203833,0.0,0.0,0.0,6.819203833,0.0
389,scenario_1,7.18183835,0.0,0.0,0.0,7.18183835,0.0,0.0,0.0,7.18183835,0.0
390,scenario_1,2.50842135,0.0,0.0,0.0,2.50842135,0.0,0.0,0.0,2.50842135,0.0
391,scenario_1,1.7845101,1.7845101,0.0,0.0,0.0,0.0,0.0,0.0,1.7845101,0.0
392,scenario_1,10.85970687,34.0250008743,0.0,0.0,0.0,0.0,23.165294004299998,0.0,10.85970687,0.0
393,scenario_1,46.40836133,46.40836133,0.0,0.0,0.0,0.0,0.0,0.0,46.40836133,0.0
394,scenario_1,44.84034627,72.84034627,0.0,0.0,0.0,0.0,28.0,0.0,44.84034627,0.0
395,scenario_1,21.92824735,49.92824735,0.0,0.0,0.0,0.0,28.0,0.0,21.92824735,0.0
396,scenario_1,9.486773265,36.72476869519444,0.0,0.0,0.0,0.0,27.237995430194434,0.0,9.486773265000007,7.105427357601002e-15
397,scenario_1,39.28181963,39.28181963,0.0,0.0,0.0,0.0,0.0,0.0,39.28181963,0.0
398,scenario_1,38.91190624,38.91190624,0.0,0.0,0.0,0.0,0.0,0.0,38.91190624,0.0
399,scenario_1,3.808140743,3.808140743,0.0,0.0,0.0,0.0,0.0,0.0,3.808140743,0.0
400,scenario_1,4.116632552,4.116632552,0.0,0.0,0.0,0.0,0.0,0.0,4.116632552,0.0
401,scenario_1,4.575372612,22.616527621950002,0.0,0.0,0.0,0.0,18.041155009950003,0.0,4.575372611999999,-8.881784197001252e-16
402,scenario_1,8.136457567,1.1687006485499998,0.0,0.0,6.967756918450001,0.0,0.0,0.0,8.136457567,0.0
403,scenario_1,9.698358383,0.0,0.0,0.0,9.698358383,0.0,0.0,0.0,9.698358383,0.0
404,scenario_1,9.277724167,0.0,0.0,0.0,9.277724167,0.0,0.0,0.0,9.277724167,0.0
405,scenario_1,8.835421917,0.0,0.0,0.0,8.835421917,0.0,0.0,0.0,8.835421917,0.0
406,scenario_1,7.961420067,0.0,0.0,0.0,7.961420067,0.0,0.0,0.0,7.961420067,0.0
407,scenario_1,6.728022483,0.0,0.0,0.0,6.728022483,0.0,0.0,0.0,6.728022483,0.0
408,scenario_1,0.453253467,0.0,0.0,0.0,0.453253467,0.0,0.0,0.0,0.453253467,0.0
409,scenario_1,0.502885733,0.0,0.0,0.0,0.502885733,0.0,0.0,0.0,0.502885733,0.0
410,scenario_1,0.526670517,0.0,0.0,0.0,0.526670517,0.0,0.0,0.0,0.526670517,0.0
411,scenario_1,1.336738433,0.0,0.0,0.0,1.336738433,0.0,0.0,0.0,1.336738433,0.0
412,scenario_1,6.998723233,0.0,0.0,0.0,3.1237879577000083,3.8749352752999915,0.0,0.0,6.998723233,0.0
413,scenario_1,7.977528367,0.0,0.0,0.0,7.977528367,0.0,0.0,0.0,7.977528367,0.0
414,scenario_1,3.97660035,0.0,0.0,0.0,3.97660035,0.0,0.0,0.0,3.97660035,0.0
415,scenario_1,23.79581386,1.21151520675,0.0,0.0,22.58429865325,0.0,0.0,0.0,23.79581386,0.0
416,scenario_1,56.48652192,15.1410691668,0.0,0.0,0.0,41.3454527532,0.0,0.0,56.48652192,0.0
417,scenario_1,65.30152065,54.451988063399995,0.0,0.0,10.849532586600006,0.0,0.0,0.0,65.30152065,0.0
418,scenario_1,65.17991388,76.7493723234,0.0,0.0,0.0,0.0,11.569458443399995,0.0,65.17991388,0.0
419,scenario_1,35.53928061,63.53928061,0.0,0.0,0.0,0.0,28.0,0.0,35.53928061,0.0
420,scenario_1,27.71886952,40.64186174714446,0.0,0.0,0.0,0.0,12.92299222714446,0.0,27.71886952,0.0
421,scenario_1,60.63540642,88.63540642000001,0.0,0.0,0.0,0.0,28.0,0.0,60.63540642000001,7.105427357601002e-15
422,scenario_1,39.73891538,39.73891538,0.0,0.0,0.0,0.0,0.0,0.0,39.73891538,0.0
423,scenario_1,15.80547625,43.80547625,0.0,0.0,0.0,0.0,28.0,0.0,15.805476249999998,-1.7763568394002505e-15
424,scenario_1,10.15290845,10.15290845,0.0,0.0,0.0,0.0,0.0,0.0,10.15290845,0.0
425,scenario_1,6.966292267,22.918286040899996,0.0,0.0,0.0,0.0,15.951993773899996,0.0,6.966292267,0.0
426,scenario_1,9.484597333,1.167840225,0.0,0.0,7.021747098200009,1.2950100097999915,0.0,0.0,9.484597333,0.0
427,scenario_1,9.399930117,0.0,0.0,0.0,0.0,9.399930117,0.0,0.0,9.399930117,0.0
428,scenario_1,8.503345883,0.0,0.0,0.0,8.503345883,0.0,0.0,0.0,8.503345883,0.0
429,scenario_1,8.55669195,0.0,0.0,0.0,8.55669195,0.0,0.0,0.0,8.55669195,0.0
430,scenario_1,7.8054759,0.0,0.0,0.0,7.8054759,0.0,0.0,0.0,7.8054759,0.0
431,scenario_1,6.102828633,0.0,0.0,0.0,6.102828633,0.0,0.0,0.0,6.102828633,0.0
432,scenario_1,0.415203067,0.0,0.0,0.0,0.0,0.415203067,0.0,0.0,0.415203067,0.0
433,scenario_1,0.51956785,0.0,0.0,0.0,0.51956785,0.0,0.0,0.0,0.51956785,0.0
434,scenario_1,0.54393685,0.0,0.0,0.0,0.0,0.54393685,0.0,0.0,0.54393685,0.0
435,scenario_1,1.508971617,0.0,0.0,0.0,1.508971617,0.0,0.0,0.0,1.508971617,0.0
436,scenario_1,7.264775983,0.0,0.0,0.0,7.264775983,0.0,0.0,0.0,7.264775983,0.0
437,scenario_1,7.391909083,0.0,0.0,0.0,7.391909083,0.0,0.0,0.0,7.391909083,0.0
438,scenario_1,4.307727667,0.0,0.0,0.0,0.0,4.307727667,0.0,0.0,4.307727667,0.0
439,scenario_1,12.0862384,3.60748854105,0.0,0.0,8.47874985895,0.0,0.0,0.0,12.0862384,0.0
440,scenario_1,48.65824744,33.4898355636,0.0,0.0,15.168411876399993,0.0,0.0,0.0,48.65824744,0.0
441,scenario_1,80.64078381,58.163259542549994,0.0,0.0,22.477524267450008,0.0,0.0,0.0,80.64078381,0.0
442,scenario_1,65.69010218,77.501909226,0.0,0.0,0.0,0.0,11.811807045999998,0.0,65.69010218,0.0
443,scenario_1,30.67703812,30.67703812,0.0,0.0,0.0,0.0,0.0,0.0,30.67703812,0.0
444,scenario_1,28.85513577,28.85513577,0.0,0.0,0.0,0.0,0.0,0.0,28.85513577,0.0
445,scenario_1,78.91473947,93.92667787799999,0.0,0.0,0.0,0.0,15.011938407999992,0.0,78.91473947,0.0
446,scenario_1,50.02010758,78.02010758,0.0,0.0,0.0,0.0,28.0,0.0,50.02010758,0.0
447,scenario_1,16.80062219,40.808814226244465,0.0,0.0,0.0,0.0,24.00819203624446,0.0,16.800622190000006,7.105427357601002e-15
448,scenario_1,11.09767495,39.09767495,0.0,0.0,0.0,0.0,28.0,0.0,11.097674949999998,-1.7763568394002505e-15
449,scenario_1,5.5613652,23.1738721542,0.0,0.0,0.0,0.0,17.6125069542,0.0,5.561365200000001,8.881784197001252e-16
450,scenario_1,6.526629,1.2863982813,0.0,0.0,5.2402307186999995,0.0,0.0,0.0,6.526629,0.0
451,scenario_1,8.7483922,0.0,0.0,0.0,8.7483922,0.0,0.0,0.0,8.7483922,0.0
452,scenario_1,8.9762093,0.0,0.0,0.0,8.9762093,0.0,0.0,0.0,8.9762093,0.0
453,scenario_1,8.7352252,0.0,0.0,0.0,8.7352252,0.0,0.0,0.0,8.7352252,0.0
454,scenario_1,7.62787535,0.0,0.0,0.0,2.1286092507499843,5.499266099250016,0.0,0.0,7.62787535,0.0
455,scenario_1,6.666758733,0.0,0.0,0.0,6.666758733,0.0,0.0,0.0,6.666758733,0.0
456,scenario_1,0.44358605,0.0,0.0,0.0,0.44358605,0.0,0.0,0.0,0.44358605,0.0
457,scenario_1,0.4910681,0.0,0.0,0.0,0.0,0.4910681,0.0,0.0,0.4910681,0.0
458,scenario_1,0.503018167,0.0,0.0,0.0,0.503018167,0.0,0.0,0.0,0.503018167,0.0
459,scenario_1,1.117537667,0.0,0.0,0.0,0.0,1.117537667,0.0,0.0,1.117537667,0.0
460,scenario_1,6.811055683,0.0,0.0,0.0,6.811055683,0.0,0.0,0.0,6.811055683,0.0
461,scenario_1,7.75110665,0.0,0.0,0.0,7.75110665,0.0,0.0,0.0,7.75110665,0.0
462,scenario_1,4.859176417,0.0,0.0,0.0,0.0,4.859176417,0.0,0.0,4.859176417,0.0
463,scenario_1,12.8403558,8.504767179749999,0.0,0.0,0.0,4.33558862025,0.0,0.0,12.8403558,0.0
464,scenario_1,49.32243152,35.308575113399996,0.0,0.0,14.013856406600006,0.0,0.0,0.0,49.32243152,0.0
465,scenario_1,83.15495933,59.74438971599999,0.0,0.0,23.410569614000003,0.0,0.0,0.0,83.15495933,0.0
466,scenario_1,86.47193039,79.10054836305,0.0,0.0,7.371382026950002,0.0,0.0,0.0,86.47193039,0.0
467,scenario_1,42.80717488,42.80717488,0.0,0.0,0.0,0.0,0.0,0.0,42.80717488,0.0
468,scenario_1,33.24453326,61.24453326,0.0,0.0,0.0,0.0,28.0,0.0,33.24453326,0.0
469,scenario_1,52.43284548,77.25687003414444,0.0,0.0,0.0,0.0,24.824024554144444,0.0,52.43284548,0.0
470,scenario_1,24.5144614,52.5144614,0.0,0.0,0.0,0.0,28.0,0.0,24.514461400000002,3.552713678800501e-15
471,scenario_1,17.04800964,17.04800964,0.0,0.0,0.0,0.0,0.0,0.0,17.04800964,0.0
472,scenario_1,11.04030163,39.04030163,0.0,0.0,0.0,0.0,28.0,0.0,11.040301630000002,1.7763568394002505e-15
473,scenario_1,7.253714817,22.874134707299998,0.0,0.0,0.0,0.0,15.620419890299999,0.0,7.253714816999999,-8.881784197001252e-16
474,scenario_1,10.09494293,1.4051989865999999,0.0,0.0,8.197113362594019,0.49263058080598165,0.0,0.0,10.09494293,0.0
475,scenario_1,9.4064945,0.0,0.0,0.0,9.4064945,0.0,0.0,0.0,9.4064945,0.0
476,scenario_1,8.662877983,0.0,0.0,0.0,8.662877983,0.0,0.0,0.0,8.662877983,0.0
477,scenario_1,7.9859275,0.0,0.0,0.0,7.9859275,0.0,0.0,0.0,7.9859275,0.0
478,scenario_1,7.8760759,0.0,0.0,0.0,7.8760759,0.0,0.0,0.0,7.8760759,0.0
479,scenario_1,6.519306917,0.0,0.0,0.0,6.519306917,0.0,0.0,0.0,6.519306917,0.0
480,scenario_1,0.440152683,0.0,0.0,0.0,0.440152683,0.0,0.0,0.0,0.440152683,0.0
481,scenario_1,0.471068967,0.0,0.0,0.0,0.471068967,0.0,0.0,0.0,0.471068967,0.0
482,scenario_1,0.56205295,0.0,0.0,0.0,0.56205295,0.0,0.0,0.0,0.56205295,0.0
483,scenario_1,1.583055183,0.0,0.0,0.0,1.583055183,0.0,0.0,0.0,1.583055183,0.0
484,scenario_1,8.0325748,0.0,0.0,0.0,8.0325748,0.0,0.0,0.0,8.0325748,0.0
485,scenario_1,8.465073817,0.0,0.0,0.0,8.465073817,0.0,0.0,0.0,8.465073817,0.0
486,scenario_1,4.020893867,0.0,0.0,0.0,4.020893867,0.0,0.0,0.0,4.020893867,0.0
487,scenario_1,17.7590988,8.86335191115,0.0,0.0,8.89574688885,0.0,0.0,0.0,17.7590988,0.0
488,scenario_1,32.89185737,35.028153752399994,0.0,0.0,0.0,0.0,2.1362963823999976,0.0,32.89185737,0.0
489,scenario_1,82.0786066,60.6666218487,0.0,0.0,21.411984751300004,0.0,0.0,0.0,82.0786066,0.0
490,scenario_1,62.76933575,69.87175391549445,0.0,0.0,0.0,0.0,7.102418165494445,0.0,62.76933575000001,7.105427357601002e-15
491,scenario_1,30.79767955,30.79767955,0.0,0.0,0.0,0.0,0.0,0.0,30.79767955,0.0
492,scenario_1,32.20848247,60.20848247,0.0,0.0,0.0,0.0,28.0,0.0,32.20848247,0.0
493,scenario_1,77.46042225,96.10908332729998,0.0,0.0,0.0,0.0,18.64866107729999,0.0,77.46042225,0.0
494,scenario_1,40.93409989,68.93409989,0.0,0.0,0.0,0.0,28.0,0.0,40.93409989,0.0
495,scenario_1,19.85545012,47.85545012,0.0,0.0,0.0,0.0,28.0,0.0,19.85545012,0.0
496,scenario_1,10.77298319,10.77298319,0.0,0.0,0.0,0.0,0.0,0.0,10.77298319,0.0
497,scenario_1,6.470623104,21.163988305649998,0.0,0.0,0.0,0.0,14.693365201649996,0.0,6.470623104000001,8.881784197001252e-16
498,scenario_1,9.61356155,1.41499109925,0.0,0.0,8.19857045075,0.0,0.0,0.0,9.61356155,0.0
499,scenario_1,8.633696533,0.0,0.0,0.0,8.633696533,0.0,0.0,0.0,8.633696533,0.0
500,scenario_1,8.059296517,0.0,0.0,0.0,8.059296517,0.0,0.0,0.0,8.059296517,0.0
501,scenario_1,7.660729633,0.0,0.0,0.0,7.660729633,0.0,0.0,0.0,7.660729633,0.0
502,scenario_1,8.03884445,0.0,0.0,0.0,8.03884445,0.0,0.0,0.0,8.03884445,0.0
503,scenario_1,6.079292617,0.0,0.0,0.0,6.079292617,0.0,0.0,0.0,6.079292617,0.0
504,scenario_1,0.4351537,0.0,0.0,0.0,0.4351537,0.0,0.0,0.0,0.4351537,0.0
505,scenario_1,0.493004,0.0,0.0,0.0,0.493004,0.0,0.0,0.0,0.493004,0.0
506,scenario_1,0.57462215,0.0,0.0,0.0,0.57462215,0.0,0.0,0.0,0.57462215,0.0
507,scenario_1,1.581790567,0.0,0.0,0.0,1.581790567,0.0,0.0,0.0,1.581790567,0.0
508,scenario_1,7.683708117,0.0,0.0,0.0,7.683708117,0.0,0.0,0.0,7.683708117,0.0
509,scenario_1,7.780611583,0.0,0.0,0.0,2.0362962281999715,5.744315354800028,0.0,0.0,7.780611582999999,-8.881784197001252e-16
510,scenario_1,4.27828265,0.0,0.0,0.0,0.0,4.27828265,0.0,0.0,4.27828265,0.0
511,scenario_1,32.26107038,7.929145785599999,0.0,0.0,24.3319245944,0.0,0.0,0.0,32.26107038,0.0
512,scenario_1,41.93745805,36.02195447235,0.0,0.0,5.91550357765,0.0,0.0,0.0,41.93745805,0.0
513,scenario_1,68.84853148,57.77096461499999,0.0,0.0,11.077566865000016,0.0,0.0,0.0,68.84853148,0.0
514,scenario_1,67.6457388,80.41894677779999,0.0,0.0,0.0,0.0,12.773207977799984,0.0,67.6457388,0.0
515,scenario_1,40.66945272,67.39775993134324,0.0,0.0,0.0,0.0,26.728307211343242,0.0,40.66945272,0.0
516,scenario_1,25.26142421,25.26142421,0.0,0.0,0.0,0.0,0.0,0.0,25.26142421,0.0
517,scenario_1,66.73567012,66.73567012,0.0,0.0,0.0,0.0,0.0,0.0,66.73567012,0.0
518,scenario_1,40.58574855,68.58574855,0.0,0.0,0.0,0.0,28.0,0.0,40.585748550000005,7.105427357601002e-15
519,scenario_1,18.98566769,18.98566769,0.0,0.0,0.0,0.0,0.0,0.0,18.98566769,0.0
520,scenario_1,13.2951044,13.2951044,0.0,0.0,0.0,0.0,0.0,0.0,13.2951044,0.0
521,scenario_1,8.0514061,25.6960202724,0.0,0.0,0.0,0.0,17.644614172399997,0.0,8.051406100000001,1.7763568394002505e-15
522,scenario_1,9.006350483,1.53209963415,0.0,0.0,7.474250848850001,0.0,0.0,0.0,9.006350483,0.0
523,scenario_1,8.89311565,0.0,0.0,0.0,8.89311565,0.0,0.0,0.0,8.89311565,0.0
524,scenario_1,8.8471617,0.0,0.0,0.0,8.8471617,0.0,0.0,0.0,8.8471617,0.0
525,scenario_1,8.78017485,0.0,0.0,0.0,8.78017485,0.0,0.0,0.0,8.78017485,0.0
526,scenario_1,8.02985825,0.0,0.0,0.0,8.02985825,0.0,0.0,0.0,8.02985825,0.0
527,scenario_1,7.2558759,0.0,0.0,0.0,7.2558759,0.0,0.0,0.0,7.2558759,0.0
528,scenario_1,0.438387067,0.0,0.0,0.0,0.438387067,0.0,0.0,0.0,0.438387067,0.0
529,scenario_1,0.4907521,0.0,0.0,0.0,0.4907521,0.0,0.0,0.0,0.4907521,0.0
530,scenario_1,0.491801433,0.0,0.0,0.0,0.491801433,0.0,0.0,0.0,0.491801433,0.0
531,scenario_1,0.774485817,0.0,0.0,0.0,0.774485817,0.0,0.0,0.0,0.774485817,0.0
532,scenario_1,6.374671067,0.0,0.0,0.0,6.374671067,0.0,0.0,0.0,6.374671067,0.0
533,scenario_1,7.184072833,0.0,0.0,0.0,7.184072833,0.0,0.0,0.0,7.184072833,0.0
534,scenario_1,3.933757267,0.0,0.0,0.0,3.933757267,0.0,0.0,0.0,3.933757267,0.0
535,scenario_1,4.225292033,9.27585594645,0.0,0.0,0.0,0.0,5.0505639134499996,0.0,4.225292033,0.0
536,scenario_1,32.17519439,32.17519439,0.0,0.0,0.0,0.0,0.0,0.0,32.17519439,0.0
537,scenario_1,52.7161742,52.7161742,0.0,0.0,0.0,0.0,0.0,0.0,52.7161742,0.0
538,scenario_1,51.93087062,51.93087062,0.0,0.0,0.0,0.0,0.0,0.0,51.93087062,0.0
539,scenario_1,17.23235471,17.23235471,0.0,0.0,0.0,0.0,0.0,0.0,17.23235471,0.0
540,scenario_1,7.055782064,7.055782064,0.0,0.0,0.0,0.0,0.0,0.0,7.055782064,0.0
541,scenario_1,38.7252973,66.7252973,0.0,0.0,0.0,0.0,28.0,0.0,38.725297299999994,-7.105427357601002e-15
542,scenario_1,19.61021959,19.61021959,0.0,0.0,0.0,0.0,0.0,0.0,19.61021959,0.0
543,scenario_1,3.652532977,31.056280904582742,0.0,0.0,0.0,0.0,27.403747927582742,0.0,3.652532977,0.0
544,scenario_1,3.787450095,31.787450095,0.0,0.0,0.0,0.0,28.0,0.0,3.7874500950000005,4.440892098500626e-16
545,scenario_1,4.679896886,25.18041627015,0.0,0.0,0.0,0.0,20.500519384150003,0.0,4.679896885999998,-1.7763568394002505e-15
546,scenario_1,6.899940733,1.6433169454499998,0.0,0.0,5.256623787550001,0.0,0.0,0.0,6.899940733,0.0
547,scenario_1,8.422974667,0.0,0.0,0.0,8.422974667,0.0,0.0,0.0,8.422974667,0.0
548,scenario_1,8.026107917,0.0,0.0,0.0,8.026107917,0.0,0.0,0.0,8.026107917,0.0
549,scenario_1,8.105657567,0.0,0.0,0.0,8.105657567,0.0,0.0,0.0,8.105657567,0.0
550,scenario_1,7.9315907,0.0,0.0,0.0,7.9315907,0.0,0.0,0.0,7.9315907,0.0
551,scenario_1,5.300075217,0.0,0.0,0.0,5.300075217,0.0,0.0,0.0,5.300075217,0.0
552,scenario_1,0.4298038,0.0,0.0,0.0,0.4298038,0.0,0.0,0.0,0.4298038,0.0
553,scenario_1,0.470619517,0.0,0.0,0.0,0.470619517,0.0,0.0,0.0,0.470619517,0.0
554,scenario_1,0.5100022,0.0,0.0,0.0,0.5100022,0.0,0.0,0.0,0.5100022,0.0
555,scenario_1,1.039987517,0.0,0.0,0.0,1.039987517,0.0,0.0,0.0,1.039987517,0.0
556,scenario_1,6.5550058,0.0,0.0,0.0,6.5550058,0.0,0.0,0.0,6.5550058,0.0
557,scenario_1,6.913459367,0.0,0.0,0.0,6.913459367,0.0,0.0,0.0,6.913459367,0.0
558,scenario_1,2.03106105,0.0,0.0,0.0,2.03106105,0.0,0.0,0.0,2.03106105,0.0
559,scenario_1,2.401346633,2.401346633,0.0,0.0,0.0,0.0,0.0,0.0,2.401346633,0.0
560,scenario_1,30.13718896,36.926764039199995,0.0,0.0,0.0,0.0,6.789575079199995,0.0,30.13718896,0.0
561,scenario_1,52.38293128,52.38293128,0.0,0.0,0.0,0.0,0.0,0.0,52.38293128,0.0
562,scenario_1,35.95349299,35.95349299,0.0,0.0,0.0,0.0,0.0,0.0,35.95349299,0.0
563,scenario_1,16.47664083,16.47664083,0.0,0.0,0.0,0.0,0.0,0.0,16.47664083,0.0
564,scenario_1,5.087163586,33.087163586,0.0,0.0,0.0,0.0,28.0,0.0,5.087163586000003,2.6645352591003757e-15
565,scenario_1,35.10826774,63.10826774,0.0,0.0,0.0,0.0,28.0,0.0,35.10826774,0.0
566,scenario_1,28.5846198,56.5846198,0.0,0.0,0.0,0.0,28.0,0.0,28.5846198,0.0
567,scenario_1,6.06449285,6.06449285,0.0,0.0,0.0,0.0,0.0,0.0,6.06449285,0.0
568,scenario_1,4.647994945,4.647994945,0.0,0.0,0.0,0.0,0.0,0.0,4.647994945,0.0
569,scenario_1,4.614457033,4.614457033,0.0,0.0,0.0,0.0,0.0,0.0,4.614457033,0.0
570,scenario_1,8.981572217,1.4093147058,0.0,0.0,7.5722575112,0.0,0.0,0.0,8.981572217,0.0
571,scenario_1,10.24172455,0.0,0.0,0.0,10.24172455,0.0,0.0,0.0,10.24172455,0.0
572,scenario_1,9.812524267,0.0,0.0,0.0,9.812524267,0.0,0.0,0.0,9.812524267,0.0
573,scenario_1,9.987606517,0.0,0.0,0.0,9.987606517,0.0,0.0,0.0,9.987606517,0.0
574,scenario_1,8.271675383,0.0,0.0,0.0,8.271675383,0.0,0.0,0.0,8.271675383,0.0
575,scenario_1,5.200393717,0.0,0.0,0.0,5.200393717,0.0,0.0,0.0,5.200393717,0.0
576,scenario_1,0.421019683,0.0,0.0,0.0,0.421019683,0.0,0.0,0.0,0.421019683,0.0
577,scenario_1,0.492401917,0.0,0.0,0.0,0.492401917,0.0,0.0,0.0,0.492401917,0.0
578,scenario_1,0.52968525,0.0,0.0,0.0,0.52968525,0.0,0.0,0.0,0.52968525,0.0
579,scenario_1,1.454774383,0.0,0.0,0.0,1.454774383,0.0,0.0,0.0,1.454774383,0.0
580,scenario_1,7.568242667,0.0,0.0,0.0,7.568242667,0.0,0.0,0.0,7.568242667,0.0
581,scenario_1,8.252825283,0.0,0.0,0.0,8.252825283,0.0,0.0,0.0,8.252825283,0.0
582,scenario_1,3.248880983,0.0,0.0,0.0,3.248880983,0.0,0.0,0.0,3.248880983,0.0
583,scenario_1,6.679680117,6.951517131299999,0.0,0.0,0.0,0.0,0.27183701429999907,0.0,6.679680117,0.0
584,scenario_1,63.56417201,32.211704750399996,0.0,0.0,27.966175870383015,3.3862913892169857,0.0,0.0,63.56417201,0.0
585,scenario_1,66.91298531,59.00774889645,0.0,0.0,0.0,7.905236413549993,0.0,0.0,66.91298531,0.0
586,scenario_1,75.1830655,75.96536887005,0.0,0.0,0.0,0.0,0.782303370050002,0.0,75.1830655,0.0
587,scenario_1,48.55552029,48.55552029,0.0,0.0,0.0,0.0,0.0,0.0,48.55552029,0.0
588,scenario_1,27.88287419,55.882874189999995,0.0,0.0,0.0,0.0,28.0,0.0,27.882874189999995,-3.552713678800501e-15
589,scenario_1,53.85730563,81.85730563,0.0,0.0,0.0,0.0,28.0,0.0,53.85730563,0.0
590,scenario_1,33.66446857,61.66446857,0.0,0.0,0.0,0.0,28.0,0.0,33.66446857,0.0
591,scenario_1,20.24816353,44.953429757894455,0.0,0.0,0.0,0.0,24.705266227894448,0.0,20.248163530000006,7.105427357601002e-15
592,scenario_1,9.76969304,9.76969304,0.0,0.0,0.0,0.0,0.0,0.0,9.76969304,0.0
593,scenario_1,8.154801467,23.1116763135,0.0,0.0,0.0,0.0,14.956874846499998,0.0,8.154801467,0.0
594,scenario_1,8.685429567,1.7519203877999998,0.0,0.0,6.9335091792,0.0,0.0,0.0,8.685429567,0.0
595,scenario_1,11.3317772,0.0,0.0,0.0,11.3317772,0.0,0.0,0.0,11.3317772,0.0
596,scenario_1,9.10641005,0.0,0.0,0.0,9.10641005,0.0,0.0,0.0,9.10641005,0.0
597,scenario_1,8.3584935,0.0,0.0,0.0,8.3584935,0.0,0.0,0.0,8.3584935,0.0
598,scenario_1,8.531942283,0.0,0.0,0.0,8.531942283,0.0,0.0,0.0,8.531942283,0.0
599,scenario_1,5.880643283,0.0,0.0,0.0,5.880643283,0.0,0.0,0.0,5.880643283,0.0
600,scenario_1,0.436936617,0.0,0.0,0.0,0.436936617,0.0,0.0,0.0,0.436936617,0.0
601,scenario_1,0.52288585,0.0,0.0,0.0,0.52288585,0.0,0.0,0.0,0.52288585,0.0
602,scenario_1,0.557204917,0.0,0.0,0.0,0.557204917,0.0,0.0,0.0,0.557204917,0.0
603,scenario_1,1.578491767,0.0,0.0,0.0,1.578491767,0.0,0.0,0.0,1.578491767,0.0
604,scenario_1,7.459874317,0.0,0.0,0.0,7.459874317,0.0,0.0,0.0,7.459874317,0.0
605,scenario_1,7.290759217,0.0,0.0,0.0,7.290759217,0.0,0.0,0.0,7.290759217,0.0
606,scenario_1,4.058394767,0.0,0.0,0.0,4.058394767,0.0,0.0,0.0,4.058394767,0.0
607,scenario_1,14.61667459,8.150363976900001,0.0,0.0,6.466310613099999,0.0,0.0,0.0,14.61667459,0.0
608,scenario_1,46.78459477,36.33411689610001,0.0,0.0,10.450477873899992,0.0,0.0,0.0,46.78459477,0.0
609,scenario_1,65.02319984,61.55566817669999,0.0,0.0,3.467531663300015,0.0,0.0,0.0,65.02319984,0.0
610,scenario_1,67.57235403,67.57235403,0.0,0.0,0.0,0.0,0.0,0.0,67.57235403,0.0
611,scenario_1,30.00247404,44.03881312399323,0.0,0.0,0.0,0.0,14.036339083993228,0.0,30.002474040000003,3.552713678800501e-15
612,scenario_1,28.96702658,28.96702658,0.0,0.0,0.0,0.0,0.0,0.0,28.96702658,0.0
613,scenario_1,80.64973319,96.72653373255,0.0,0.0,0.0,0.0,16.07680054254999,0.0,80.64973319,0.0
614,scenario_1,40.98376667,68.98376667,0.0,0.0,0.0,0.0,27.999999999999993,0.0,40.98376667,0.0
615,scenario_1,18.5591073,46.5591073,0.0,0.0,0.0,0.0,28.0,0.0,18.5591073,0.0
616,scenario_1,10.88717694,38.88717694,0.0,0.0,0.0,0.0,28.0,0.0,10.887176940000003,3.552713678800501e-15
617,scenario_1,5.197042502,5.197042502,0.0,0.0,0.0,0.0,0.0,0.0,5.197042502,0.0
618,scenario_1,5.978396983,1.7523371803499996,0.0,0.0,4.22605980265,0.0,0.0,0.0,5.978396983,0.0
619,scenario_1,9.251830233,0.0,0.0,0.0,9.251830233,0.0,0.0,0.0,9.251830233,0.0
620,scenario_1,9.1803272,0.0,0.0,0.0,9.1803272,0.0,0.0,0.0,9.1803272,0.0
621,scenario_1,8.166443167,0.0,0.0,0.0,2.9273498961999946,5.239093270800006,0.0,0.0,8.166443167,0.0
622,scenario_1,7.630559433,0.0,0.0,0.0,7.630559433,0.0,0.0,0.0,7.630559433,0.0
623,scenario_1,5.866158767,0.0,0.0,0.0,5.866158767,0.0,0.0,0.0,5.866158767,0.0
624,scenario_1,0.441802483,0.0,0.0,0.0,0.441802483,0.0,0.0,0.0,0.441802483,0.0
625,scenario_1,0.47460125,0.0,0.0,0.0,0.47460125,0.0,0.0,0.0,0.47460125,0.0
626,scenario_1,0.89191865,0.0,0.0,0.0,0.89191865,0.0,0.0,0.0,0.89191865,0.0
627,scenario_1,1.954504167,0.0,0.0,0.0,1.954504167,0.0,0.0,0.0,1.954504167,0.0
628,scenario_1,7.81897535,0.0,0.0,0.0,7.81897535,0.0,0.0,0.0,7.81897535,0.0
629,scenario_1,8.36376105,0.0,0.0,0.0,8.36376105,0.0,0.0,0.0,8.36376105,0.0
630,scenario_1,4.029347033,0.0,0.0,0.0,4.029347033,0.0,0.0,0.0,4.029347033,0.0
631,scenario_1,17.06667755,8.5555522674,0.0,0.0,8.511125282600002,0.0,0.0,0.0,17.06667755,0.0
632,scenario_1,48.30117238,36.172396484699995,0.0,0.0,12.128775895300002,0.0,0.0,0.0,48.30117238,0.0
633,scenario_1,77.40306789,60.30016438275,0.0,0.0,17.102903507250005,0.0,0.0,0.0,77.40306789,0.0
634,scenario_1,71.45307212,71.45307212,0.0,0.0,0.0,0.0,0.0,0.0,71.45307212,0.0
635,scenario_1,28.22587357,56.225873570000005,0.0,0.0,0.0,0.0,28.0,0.0,28.225873570000005,3.552713678800501e-15
636,scenario_1,28.26551741,56.26551741,0.0,0.0,0.0,0.0,28.0,0.0,28.26551741,0.0
637,scenario_1,72.98644378,96.70402362600001,0.0,0.0,0.0,0.0,23.717579846000007,0.0,72.98644378,0.0
638,scenario_1,41.50271006,69.50271006,0.0,0.0,0.0,0.0,28.0,0.0,41.50271006,0.0
639,scenario_1,16.23423336,16.23423336,0.0,0.0,0.0,0.0,0.0,0.0,16.23423336,0.0
640,scenario_1,13.02080899,13.02080899,0.0,0.0,0.0,0.0,0.0,0.0,13.02080899,0.0
641,scenario_1,8.287616067,8.287616067,0.0,0.0,0.0,0.0,0.0,0.0,8.287616067,0.0
642,scenario_1,9.64329685,1.9815702642000002,0.0,0.0,7.6617265858,0.0,0.0,0.0,9.64329685,0.0
643,scenario_1,9.4185629,0.0,0.0,0.0,9.4185629,0.0,0.0,0.0,9.4185629,0.0
644,scenario_1,8.149029333,0.0,0.0,0.0,8.149029333,0.0,0.0,0.0,8.149029333,0.0
645,scenario_1,8.273977767,0.0,0.0,0.0,8.273977767,0.0,0.0,0.0,8.273977767,0.0
646,scenario_1,8.29419265,0.0,0.0,0.0,8.29419265,0.0,0.0,0.0,8.29419265,0.0
647,scenario_1,6.8852807,0.0,0.0,0.0,6.8852807,0.0,0.0,0.0,6.8852807,0.0
648,scenario_1,0.4376043,0.0,0.0,0.0,0.4376043,0.0,0.0,0.0,0.4376043,0.0
649,scenario_1,0.48655405,0.0,0.0,0.0,0.48655405,0.0,0.0,0.0,0.48655405,0.0
650,scenario_1,0.582302783,0.0,0.0,0.0,0.582302783,0.0,0.0,0.0,0.582302783,0.0
651,scenario_1,1.998822433,0.0,0.0,0.0,1.998822433,0.0,0.0,0.0,1.998822433,0.0
652,scenario_1,8.014224717,0.0,0.0,0.0,8.014224717,0.0,0.0,0.0,8.014224717,0.0
653,scenario_1,7.792108583,0.0,0.0,0.0,7.792108583,0.0,0.0,0.0,7.792108583,0.0
654,scenario_1,3.801647633,0.0,0.0,0.0,3.801647633,0.0,0.0,0.0,3.801647633,0.0
655,scenario_1,13.62853932,8.194707591450001,0.0,0.0,5.433831728549999,0.0,0.0,0.0,13.62853932,0.0
656,scenario_1,36.76033185,34.852585068450004,0.0,0.0,1.9077467815499958,0.0,0.0,0.0,36.76033185,0.0
657,scenario_1,61.92612829,60.399143483399996,0.0,0.0,1.5269848066000051,0.0,0.0,0.0,61.92612829,0.0
658,scenario_1,78.14262415,78.14262415,0.0,0.0,0.0,0.0,0.0,0.0,78.14262415,0.0
659,scenario_1,47.88742939,75.88742939,0.0,0.0,0.0,0.0,28.0,0.0,47.887429389999994,-7.105427357601002e-15
660,scenario_1,33.16529988,33.16529988,0.0,0.0,0.0,0.0,0.0,0.0,33.16529988,0.0
661,scenario_1,65.91201111,93.91201111,0.0,0.0,0.0,0.0,28.0,0.0,65.91201111,0.0
662,scenario_1,35.56356599,63.56356599,0.0,0.0,0.0,0.0,28.0,0.0,35.56356599,0.0
663,scenario_1,19.28471639,19.28471639,0.0,0.0,0.0,0.0,0.0,0.0,19.28471639,0.0
664,scenario_1,11.64963154,39.64963154,0.0,0.0,0.0,0.0,28.0,0.0,11.649631540000001,1.7763568394002505e-15
665,scenario_1,8.181810442,12.494598190444451,0.0,0.0,0.0,0.0,4.3127877484444515,0.0,8.181810442,0.0
666,scenario_1,8.6978609,1.9831277521500001,0.0,0.0,6.71473314785,0.0,0.0,0.0,8.6978609,0.0
667,scenario_1,10.88905917,0.0,0.0,0.0,10.88905917,0.0,0.0,0.0,10.88905917,0.0
668,scenario_1,10.3882771,0.0,0.0,0.0,10.3882771,0.0,0.0,0.0,10.3882771,0.0
669,scenario_1,9.363709033,0.0,0.0,0.0,9.363709033,0.0,0.0,0.0,9.363709033,0.0
670,scenario_1,8.523943467,0.0,0.0,0.0,8.523943467,0.0,0.0,0.0,8.523943467,0.0
671,scenario_1,6.4897798,0.0,0.0,0.0,6.4897798,0.0,0.0,0.0,6.4897798,0.0
672,scenario_1,0.4380024,0.0,0.0,0.0,0.4380024,0.0,0.0,0.0,0.4380024,0.0
673,scenario_1,0.45186895,0.0,0.0,0.0,0.45186895,0.0,0.0,0.0,0.45186895,0.0
674,scenario_1,0.5224044,0.0,0.0,0.0,0.5224044,0.0,0.0,0.0,0.5224044,0.0
675,scenario_1,1.260339533,0.0,0.0,0.0,1.260339533,0.0,0.0,0.0,1.260339533,0.0
676,scenario_1,7.046505067,0.0,0.0,0.0,7.046505067,0.0,0.0,0.0,7.046505067,0.0
677,scenario_1,7.468554333,0.0,0.0,0.0,5.362569092850016,2.105985240149984,0.0,0.0,7.468554333,0.0
678,scenario_1,3.153674133,0.0,0.0,0.0,3.153674133,0.0,0.0,0.0,3.153674133,0.0
679,scenario_1,12.53119922,7.717554509549999,0.0,0.0,4.81364471045,0.0,0.0,0.0,12.53119922,0.0
680,scenario_1,56.07586277,35.0271142833,0.0,0.0,21.0487484867,0.0,0.0,0.0,56.07586277,0.0
681,scenario_1,61.34217638,57.00943487085,0.0,0.0,4.332741509149997,0.0,0.0,0.0,61.34217638,0.0
682,scenario_1,76.64938768,76.64938768,0.0,0.0,0.0,0.0,0.0,0.0,76.64938768,0.0
683,scenario_1,38.33520728,66.33520727999999,0.0,0.0,0.0,0.0,28.0,0.0,38.33520727999999,-7.105427357601002e-15
684,scenario_1,31.99993342,31.99993342,0.0,0.0,0.0,0.0,0.0,0.0,31.99993342,0.0
685,scenario_1,62.5587021,75.00314654444445,0.0,0.0,0.0,0.0,12.444444444444445,0.0,62.558702100000005,7.105427357601002e-15
686,scenario_1,43.59155425,71.59155425,0.0,0.0,0.0,0.0,28.0,0.0,43.59155425,0.0
687,scenario_1,18.89530664,46.89530664,0.0,0.0,0.0,0.0,28.0,0.0,18.89530664,0.0
688,scenario_1,14.55175766,42.55175766,0.0,0.0,0.0,0.0,28.0,0.0,14.55175766,0.0
689,scenario_1,5.88758475,5.88758475,0.0,0.0,0.0,0.0,0.0,0.0,5.88758475,0.0
690,scenario_1,7.88102735,1.9874972724,0.0,0.0,5.8935300776,0.0,0.0,0.0,7.88102735,0.0
691,scenario_1,9.228311583,0.0,0.0,0.0,9.228311583,0.0,0.0,0.0,9.228311583,0.0
692,scenario_1,9.63529045,0.0,0.0,0.0,9.63529045,0.0,0.0,0.0,9.63529045,0.0
693,scenario_1,8.7267932,0.0,0.0,0.0,8.7267932,0.0,0.0,0.0,8.7267932,0.0
694,scenario_1,8.049157217,0.0,0.0,0.0,8.049157217,0.0,0.0,0.0,8.049157217,0.0
695,scenario_1,6.888659867,0.0,0.0,0.0,6.888659867,0.0,0.0,0.0,6.888659867,0.0
696,scenario_1,0.440202267,0.0,0.0,0.0,0.440202267,0.0,0.0,0.0,0.440202267,0.0
697,scenario_1,0.445201917,0.0,0.0,0.0,0.445201917,0.0,0.0,0.0,0.445201917,0.0
698,scenario_1,0.489535317,0.0,0.0,0.0,0.489535317,0.0,0.0,0.0,0.489535317,0.0
699,scenario_1,0.945804333,0.0,0.0,0.0,0.945804333,0.0,0.0,0.0,0.945804333,0.0
700,scenario_1,6.509572817,0.0,0.0,0.0,6.509572817,0.0,0.0,0.0,6.509572817,0.0
701,scenario_1,6.88600945,0.0,0.0,0.0,6.88600945,0.0,0.0,0.0,6.88600945,0.0
702,scenario_1,2.243758883,0.0,0.0,0.0,2.243758883,0.0,0.0,0.0,2.243758883,0.0
703,scenario_1,3.579129428,8.384607885149999,0.0,0.0,0.0,0.0,4.805478457149999,0.0,3.579129428,0.0
704,scenario_1,34.85889817,34.85889817,0.0,0.0,0.0,0.0,0.0,0.0,34.85889817,0.0
705,scenario_1,43.70409249,43.70409249,0.0,0.0,0.0,0.0,0.0,0.0,43.70409249,0.0
706,scenario_1,42.38840875,42.38840875,0.0,0.0,0.0,0.0,0.0,0.0,42.38840875,0.0
707,scenario_1,17.75025574,17.75025574,0.0,0.0,0.0,0.0,0.0,0.0,17.75025574,0.0
708,scenario_1,10.01547946,23.701067373570996,0.0,0.0,0.0,0.0,13.685587913570995,0.0,10.015479460000002,1.7763568394002505e-15
709,scenario_1,43.80942066,43.80942066,0.0,0.0,0.0,0.0,0.0,0.0,43.80942066,0.0
710,scenario_1,23.95502941,51.95502941,0.0,0.0,0.0,0.0,28.0,0.0,23.95502941,0.0
711,scenario_1,4.271870222,4.271870222,0.0,0.0,0.0,0.0,0.0,0.0,4.271870222,0.0
712,scenario_1,3.691939537,3.691939537,0.0,0.0,0.0,0.0,0.0,0.0,3.691939537,0.0
713,scenario_1,4.479024683,4.479024683,0.0,0.0,0.0,0.0,0.0,0.0,4.479024683,0.0
714,scenario_1,7.720890633,2.1032167030499997,0.0,0.0,5.61767392995,0.0,0.0,0.0,7.720890633,0.0
715,scenario_1,9.20197165,0.0,0.0,0.0,9.20197165,0.0,0.0,0.0,9.20197165,0.0
716,scenario_1,8.672839917,0.0,0.0,0.0,8.672839917,0.0,0.0,0.0,8.672839917,0.0
717,scenario_1,8.116324533,0.0,0.0,0.0,8.116324533,0.0,0.0,0.0,8.116324533,0.0
718,scenario_1,7.974374617,0.0,0.0,0.0,7.974374617,0.0,0.0,0.0,7.974374617,0.0
719,scenario_1,7.153673817,0.0,0.0,0.0,7.153673817,0.0,0.0,0.0,7.153673817,0.0
720,scenario_1,0.427802817,0.0,0.0,0.0,0.427802817,0.0,0.0,0.0,0.427802817,0.0
721,scenario_1,0.477601083,0.0,0.0,0.0,0.477601083,0.0,0.0,0.0,0.477601083,0.0
722,scenario_1,0.472601583,0.0,0.0,0.0,0.472601583,0.0,0.0,0.0,0.472601583,0.0
723,scenario_1,0.679136233,0.0,0.0,0.0,0.679136233,0.0,0.0,0.0,0.679136233,0.0
724,scenario_1,6.609671,0.0,0.0,0.0,6.609671,0.0,0.0,0.0,6.609671,0.0
725,scenario_1,6.803873017,0.0,0.0,0.0,6.803873017,0.0,0.0,0.0,6.803873017,0.0
726,scenario_1,3.054640083,0.0,0.0,0.0,3.054640083,0.0,0.0,0.0,3.054640083,0.0
727,scenario_1,4.183314063,3.8584851568499996,0.0,0.0,0.3248289061500005,0.0,0.0,0.0,4.183314063,0.0
728,scenario_1,31.19196371,35.6253918636,0.0,0.0,0.0,0.0,4.433428153600001,0.0,31.19196371,0.0
729,scenario_1,60.19059023,60.19059023,0.0,0.0,0.0,0.0,0.0,0.0,60.19059023,0.0
730,scenario_1,44.11734736,72.11734736,0.0,0.0,0.0,0.0,28.0,0.0,44.11734736,0.0
731,scenario_1,14.40980235,14.40980235,0.0,0.0,0.0,0.0,0.0,0.0,14.40980235,0.0
732,scenario_1,5.180472874,5.180472874,0.0,0.0,0.0,0.0,0.0,0.0,5.180472874,0.0
733,scenario_1,41.12191159,41.12191159,0.0,0.0,0.0,0.0,0.0,0.0,41.12191159,0.0
734,scenario_1,19.73356755,47.733567550000004,0.0,0.0,0.0,0.0,28.0,0.0,19.733567550000004,3.552713678800501e-15
735,scenario_1,6.522968922,34.522968922,0.0,0.0,0.0,0.0,28.0,0.0,6.522968921999997,-2.6645352591003757e-15
736,scenario_1,3.838268879,31.838268879,0.0,0.0,0.0,0.0,28.0,0.0,3.838268879000001,8.881784197001252e-16
737,scenario_1,4.5367091,4.5367091,0.0,0.0,0.0,0.0,0.0,0.0,4.5367091,0.0
738,scenario_1,6.773525383,2.2190344187999997,0.0,0.0,4.5544909642,0.0,0.0,0.0,6.773525383,0.0
739,scenario_1,8.8921417,0.0,0.0,0.0,8.8921417,0.0,0.0,0.0,8.8921417,0.0
740,scenario_1,8.804157367,0.0,0.0,0.0,8.804157367,0.0,0.0,0.0,8.804157367,0.0
741,scenario_1,8.460921883,0.0,0.0,0.0,8.460921883,0.0,0.0,0.0,8.460921883,0.0
742,scenario_1,7.998687667,0.0,0.0,0.0,7.998687667,0.0,0.0,0.0,7.998687667,0.0
743,scenario_1,6.670523567,0.0,0.0,0.0,6.670523567,0.0,0.0,0.0,6.670523567,0.0
744,scenario_1,0.429869817,0.0,0.0,0.0,0.429869817,0.0,0.0,0.0,0.429869817,0.0
745,scenario_1,0.50611865,0.0,0.0,0.0,0.50611865,0.0,0.0,0.0,0.50611865,0.0
746,scenario_1,0.545520783,0.0,0.0,0.0,0.545520783,0.0,0.0,0.0,0.545520783,0.0
747,scenario_1,1.089923717,0.0,0.0,0.0,1.089923717,0.0,0.0,0.0,1.089923717,0.0
748,scenario_1,7.1401428,0.0,0.0,0.0,7.1401428,0.0,0.0,0.0,7.1401428,0.0
749,scenario_1,7.61997635,0.0,0.0,0.0,7.61997635,0.0,0.0,0.0,7.61997635,0.0
750,scenario_1,4.285913633,0.0,0.0,0.0,4.285913633,0.0,0.0,0.0,4.285913633,0.0
751,scenario_1,12.65622053,8.9844880518,0.0,0.0,3.671732478200001,0.0,0.0,0.0,12.65622053,0.0
752,scenario_1,54.1566756,36.024604248450004,0.0,0.0,18.132071351549996,0.0,0.0,0.0,54.1566756,0.0
753,scenario_1,65.63696624,62.94371641335,0.0,0.0,2.6932498266500033,0.0,0.0,0.0,65.63696624,0.0
754,scenario_1,68.07518958,68.07518958,0.0,0.0,0.0,0.0,0.0,0.0,68.07518958,0.0
755,scenario_1,40.77014707,40.77014707,0.0,0.0,0.0,0.0,0.0,0.0,40.77014707,0.0
756,scenario_1,32.72098935,60.72098935,0.0,0.0,0.0,0.0,28.0,0.0,32.72098935,0.0
757,scenario_1,71.14599483,87.50811664666666,0.0,0.0,0.0,0.0,16.362121816666658,0.0,71.14599483,0.0
758,scenario_1,40.53552701,68.53552701000001,0.0,0.0,0.0,0.0,28.0,0.0,40.53552701000001,7.105427357601002e-15
759,scenario_1,15.37406266,43.37406266,0.0,0.0,0.0,0.0,28.0,0.0,15.37406266,0.0
760,scenario_1,11.11628824,11.11628824,0.0,0.0,0.0,0.0,0.0,0.0,11.11628824,0.0
761,scenario_1,7.0679684,7.0679684,0.0,0.0,0.0,0.0,0.0,0.0,7.0679684,0.0
762,scenario_1,6.648528333,2.1151455974999998,0.0,0.0,4.5333827355,0.0,0.0,0.0,6.648528333,0.0
763,scenario_1,9.615075733,0.0,0.0,0.0,9.615075733,0.0,0.0,0.0,9.615075733,0.0
764,scenario_1,9.001857967,0.0,0.0,0.0,9.001857967,0.0,0.0,0.0,9.001857967,0.0
765,scenario_1,8.073775833,0.0,0.0,0.0,8.073775833,0.0,0.0,0.0,8.073775833,0.0
766,scenario_1,7.758509633,0.0,0.0,0.0,7.758509633,0.0,0.0,0.0,7.758509633,0.0
767,scenario_1,6.184209383,0.0,0.0,0.0,6.184209383,0.0,0.0,0.0,6.184209383,0.0
768,scenario_1,0.429353267,0.0,0.0,0.0,0.429353267,0.0,0.0,0.0,0.429353267,0.0
769,scenario_1,0.468986633,0.0,0.0,0.0,0.468986633,0.0,0.0,0.0,0.468986633,0.0
770,scenario_1,0.6506541,0.0,0.0,0.0,0.6506541,0.0,0.0,0.0,0.6506541,0.0
771,scenario_1,1.32382155,0.0,0.0,0.0,1.32382155,0.0,0.0,0.0,1.32382155,0.0
772,scenario_1,7.2270558,0.0,0.0,0.0,7.2270558,0.0,0.0,0.0,7.2270558,0.0
773,scenario_1,7.987225717,0.0,0.0,0.0,7.987225717,0.0,0.0,0.0,7.987225717,0.0
774,scenario_1,4.00761715,0.0,0.0,0.0,4.00761715,0.0,0.0,0.0,4.00761715,0.0
775,scenario_1,18.35329534,9.262640277,0.0,0.0,9.090655063,0.0,0.0,0.0,18.35329534,0.0
776,scenario_1,50.74007476,36.4943792076,0.0,0.0,14.2456955524,0.0,0.0,0.0,50.74007476,0.0
777,scenario_1,57.8697917,62.74786067985,0.0,0.0,0.0,0.0,4.878068979849999,0.0,57.8697917,0.0
778,scenario_1,66.75809068,82.67538492719999,0.0,0.0,0.0,0.0,15.91729424719999,0.0,66.75809068,0.0
779,scenario_1,51.02957375,79.02957375,0.0,0.0,0.0,0.0,28.0,0.0,51.02957375,0.0
780,scenario_1,32.68593737,32.68593737,0.0,0.0,0.0,0.0,0.0,0.0,32.68593737,0.0
781,scenario_1,69.35381413,89.00289534739446,0.0,0.0,0.0,0.0,19.649081217394457,0.0,69.35381413,0.0
782,scenario_1,37.69705792,37.69705792,0.0,0.0,0.0,0.0,0.0,0.0,37.69705792,0.0
783,scenario_1,19.3398929,47.339892899999995,0.0,0.0,0.0,0.0,28.0,0.0,19.339892899999995,-3.552713678800501e-15
784,scenario_1,10.49600553,38.49600553,0.0,0.0,0.0,0.0,28.0,0.0,10.496005529999998,-1.7763568394002505e-15
785,scenario_1,6.6348348,6.6348348,0.0,0.0,0.0,0.0,0.0,0.0,6.6348348,0.0
786,scenario_1,8.601709933,2.2303276464,0.0,0.0,6.3713822866,0.0,0.0,0.0,8.601709933,0.0
787,scenario_1,9.2420769,0.0,0.0,0.0,9.2420769,0.0,0.0,0.0,9.2420769,0.0
788,scenario_1,8.452025633,0.0,0.0,0.0,8.452025633,0.0,0.0,0.0,8.452025633,0.0
789,scenario_1,8.599007933,0.0,0.0,0.0,8.599007933,0.0,0.0,0.0,8.599007933,0.0
790,scenario_1,7.966075883,0.0,0.0,0.0,7.966075883,0.0,0.0,0.0,7.966075883,0.0
791,scenario_1,5.862343383,0.0,0.0,0.0,5.862343383,0.0,0.0,0.0,5.862343383,0.0
792,scenario_1,0.423004367,0.0,0.0,0.0,0.423004367,0.0,0.0,0.0,0.423004367,0.0
793,scenario_1,0.4689534,0.0,0.0,0.0,0.4689534,0.0,0.0,0.0,0.4689534,0.0
794,scenario_1,0.537719367,0.0,0.0,0.0,0.537719367,0.0,0.0,0.0,0.537719367,0.0
795,scenario_1,0.931254533,0.0,0.0,0.0,0.931254533,0.0,0.0,0.0,0.931254533,0.0
796,scenario_1,7.040653783,0.0,0.0,0.0,7.040653783,0.0,0.0,0.0,7.040653783,0.0
797,scenario_1,6.976223667,0.0,0.0,0.0,6.976223667,0.0,0.0,0.0,6.976223667,0.0
798,scenario_1,2.61643205,0.0,0.0,0.0,2.61643205,0.0,0.0,0.0,2.61643205,0.0
799,scenario_1,10.1325934,9.287541701699999,0.0,0.0,0.8450516983000007,0.0,0.0,0.0,10.1325934,0.0
800,scenario_1,54.56708964,36.769125523199996,0.0,0.0,17.797964116800003,0.0,0.0,0.0,54.56708964,0.0
801,scenario_1,56.04714005,62.67510298995,0.0,0.0,0.0,0.0,6.627962939949995,0.0,56.04714005,0.0
802,scenario_1,76.50559496,82.54195567349998,0.0,0.0,0.0,0.0,6.036360713499988,0.0,76.50559496,0.0
803,scenario_1,33.19400199,61.19400199,0.0,0.0,0.0,0.0,28.0,0.0,33.19400199,0.0
804,scenario_1,28.58173896,28.58173896,0.0,0.0,0.0,0.0,0.0,0.0,28.58173896,0.0
805,scenario_1,67.95386566,67.95386566,0.0,0.0,0.0,0.0,0.0,0.0,67.95386566,0.0
806,scenario_1,47.87457001,64.88010390730369,0.0,0.0,0.0,0.0,17.00553389730369,0.0,47.87457001,0.0
807,scenario_1,17.25601044,45.25601044,0.0,0.0,0.0,0.0,28.0,0.0,17.256010439999997,-3.552713678800501e-15
808,scenario_1,10.80928474,10.80928474,0.0,0.0,0.0,0.0,0.0,0.0,10.80928474,0.0
809,scenario_1,8.79701645,26.99156507295,0.0,0.0,0.0,0.0,18.194548622950002,0.0,8.797016449999997,-1.7763568394002505e-15
810,scenario_1,8.389545833,2.2224473137499996,0.0,0.0,6.1670985192500005,0.0,0.0,0.0,8.389545833,0.0
811,scenario_1,8.849312417,0.0,0.0,0.0,8.849312417,0.0,0.0,0.0,8.849312417,0.0
812,scenario_1,8.579744033,0.0,0.0,0.0,8.579744033,0.0,0.0,0.0,8.579744033,0.0
813,scenario_1,8.268959367,0.0,0.0,0.0,8.268959367,0.0,0.0,0.0,8.268959367,0.0
814,scenario_1,7.92799285,0.0,0.0,0.0,7.92799285,0.0,0.0,0.0,7.92799285,0.0
815,scenario_1,4.5562604,0.0,0.0,0.0,4.5562604,0.0,0.0,0.0,4.5562604,0.0
816,scenario_1,0.438820333,0.0,0.0,0.0,0.438820333,0.0,0.0,0.0,0.438820333,0.0
817,scenario_1,0.488502683,0.0,0.0,0.0,0.488502683,0.0,0.0,0.0,0.488502683,0.0
818,scenario_1,0.538368983,0.0,0.0,0.0,0.538368983,0.0,0.0,0.0,0.538368983,0.0
819,scenario_1,1.456754,0.0,0.0,0.0,1.456754,0.0,0.0,0.0,1.456754,0.0
820,scenario_1,7.18012335,0.0,0.0,0.0,7.18012335,0.0,0.0,0.0,7.18012335,0.0
821,scenario_1,8.032689683,0.0,0.0,0.0,8.032689683,0.0,0.0,0.0,8.032689683,0.0
822,scenario_1,3.235296417,0.0,0.0,0.0,3.235296417,0.0,0.0,0.0,3.235296417,0.0
823,scenario_1,18.46001671,8.4629618208,0.0,0.0,9.997054889200001,0.0,0.0,0.0,18.46001671,0.0
824,scenario_1,44.28495737,37.831761352650005,0.0,0.0,6.453196017349995,0.0,0.0,0.0,44.28495737,0.0
825,scenario_1,72.85223479,60.582850100099996,0.0,0.0,12.2693846899,0.0,0.0,0.0,72.85223479,0.0
826,scenario_1,74.67800566,80.29203142425,0.0,0.0,0.0,0.0,5.614025764250002,0.0,74.67800566,0.0
827,scenario_1,38.1532739,66.1532739,0.0,0.0,0.0,0.0,28.0,0.0,38.1532739,0.0
828,scenario_1,25.7885953,25.7885953,0.0,0.0,0.0,0.0,0.0,0.0,25.7885953,0.0
829,scenario_1,61.96418975,87.7304143377,0.0,0.0,0.0,0.0,25.766224587699995,0.0,61.96418975,0.0
830,scenario_1,36.06404254,64.06404254,0.0,0.0,0.0,0.0,28.0,0.0,36.06404254,0.0
831,scenario_1,19.25438874,47.254388739999996,0.0,0.0,0.0,0.0,28.0,0.0,19.254388739999996,-3.552713678800501e-15
832,scenario_1,9.942868392,9.942868392,0.0,0.0,0.0,0.0,0.0,0.0,9.942868392,0.0
833,scenario_1,6.210768183,7.422565524506819,0.0,0.0,0.0,0.0,1.2117973415068188,0.0,6.210768183,0.0
834,scenario_1,8.400961433,2.2320407728500005,0.0,0.0,6.16892066015,0.0,0.0,0.0,8.400961433,0.0
835,scenario_1,9.6233946,0.0,0.0,0.0,9.6233946,0.0,0.0,0.0,9.6233946,0.0
836,scenario_1,7.918712867,0.0,0.0,0.0,7.918712867,0.0,0.0,0.0,7.918712867,0.0
837,scenario_1,8.2587774,0.0,0.0,0.0,6.985141627500007,1.2736357724999925,0.0,0.0,8.2587774,0.0
838,scenario_1,8.076326333,0.0,0.0,0.0,8.076326333,0.0,0.0,0.0,8.076326333,0.0
839,scenario_1,6.360324667,0.0,0.0,0.0,6.360324667,0.0,0.0,0.0,6.360324667,0.0
840,scenario_1,0.430203017,0.0,0.0,0.0,0.430203017,0.0,0.0,0.0,0.430203017,0.0
841,scenario_1,0.49313445,0.0,0.0,0.0,0.49313445,0.0,0.0,0.0,0.49313445,0.0
842,scenario_1,0.535203167,0.0,0.0,0.0,0.535203167,0.0,0.0,0.0,0.535203167,0.0
843,scenario_1,1.18080615,0.0,0.0,0.0,1.18080615,0.0,0.0,0.0,1.18080615,0.0
844,scenario_1,7.34030645,0.0,0.0,0.0,7.34030645,0.0,0.0,0.0,7.34030645,0.0
845,scenario_1,7.923872967,0.0,0.0,0.0,7.923872967,0.0,0.0,0.0,7.923872967,0.0
846,scenario_1,3.765945767,0.0,0.0,0.0,3.765945767,0.0,0.0,0.0,3.765945767,0.0
847,scenario_1,16.15685673,8.02537094265,0.0,0.0,8.131485787350002,0.0,0.0,0.0,16.15685673,0.0
848,scenario_1,45.50877299,34.0270763811,0.0,0.0,11.481696608899995,0.0,0.0,0.0,45.50877299,0.0
849,scenario_1,75.0721768,60.687651918899995,0.0,0.0,14.384524881099999,0.0,0.0,0.0,75.0721768,0.0
850,scenario_1,72.48574892,81.04477543635,0.0,0.0,0.0,0.0,8.559026516349988,0.0,72.48574892,0.0
851,scenario_1,36.93751952,64.93751952,0.0,0.0,0.0,0.0,28.0,0.0,36.937519519999995,-7.105427357601002e-15
852,scenario_1,26.93475202,54.934752020000005,0.0,0.0,0.0,0.0,28.0,0.0,26.934752020000005,3.552713678800501e-15
853,scenario_1,61.37626842,61.37626842,0.0,0.0,0.0,0.0,0.0,0.0,61.37626842,0.0
854,scenario_1,32.27756193,34.69594472831233,0.0,0.0,0.0,0.0,2.418382798312327,0.0,32.27756193,0.0
855,scenario_1,14.91381315,42.913813149999996,0.0,0.0,0.0,0.0,28.0,0.0,14.913813149999996,-3.552713678800501e-15
856,scenario_1,11.58109405,39.581094050000004,0.0,0.0,0.0,0.0,28.0,0.0,11.581094050000004,3.552713678800501e-15
857,scenario_1,6.962919704,6.962919704,0.0,0.0,0.0,0.0,0.0,0.0,6.962919704,0.0
858,scenario_1,7.947827783,2.4545897346,0.0,0.0,5.4932380484,0.0,0.0,0.0,7.947827783,0.0
859,scenario_1,9.73319265,0.0,0.0,0.0,9.73319265,0.0,0.0,0.0,9.73319265,0.0
860,scenario_1,9.124508017,0.0,0.0,0.0,9.124508017,0.0,0.0,0.0,9.124508017,0.0
861,scenario_1,8.286123933,0.0,0.0,0.0,8.286123933,0.0,0.0,0.0,8.286123933,0.0
862,scenario_1,7.938255517,0.0,0.0,0.0,7.938255517,0.0,0.0,0.0,7.938255517,0.0
863,scenario_1,6.3488593,0.0,0.0,0.0,6.3488593,0.0,0.0,0.0,6.3488593,0.0
864,scenario_1,0.449869433,0.0,0.0,0.0,0.449869433,0.0,0.0,0.0,0.449869433,0.0
865,scenario_1,0.483001217,0.0,0.0,0.0,0.483001217,0.0,0.0,0.0,0.483001217,0.0
866,scenario_1,0.4638037,0.0,0.0,0.0,0.4638037,0.0,0.0,0.0,0.4638037,0.0
867,scenario_1,0.896072433,0.0,0.0,0.0,0.896072433,0.0,0.0,0.0,0.896072433,0.0
868,scenario_1,7.078440867,0.0,0.0,0.0,7.078440867,0.0,0.0,0.0,7.078440867,0.0
869,scenario_1,7.11280825,0.0,0.0,0.0,7.11280825,0.0,0.0,0.0,7.11280825,0.0
870,scenario_1,2.992509167,0.0,0.0,0.0,2.992509167,0.0,0.0,0.0,2.992509167,0.0
871,scenario_1,7.922412776,7.922412776,0.0,0.0,0.0,0.0,0.0,0.0,7.922412776,0.0
872,scenario_1,19.19276818,19.19276818,0.0,0.0,0.0,0.0,0.0,0.0,19.19276818,0.0
873,scenario_1,35.95507041,63.39825681435,0.0,0.0,0.0,0.0,27.44318640435,0.0,35.95507041,0.0
874,scenario_1,67.06193843,67.06193843,0.0,0.0,0.0,0.0,0.0,0.0,67.06193843,0.0
875,scenario_1,28.88441472,56.884414719999995,0.0,0.0,0.0,0.0,28.0,0.0,28.884414719999995,-3.552713678800501e-15
876,scenario_1,5.112707067,5.112707067,0.0,0.0,0.0,0.0,0.0,0.0,5.112707067,0.0
877,scenario_1,22.31102049,22.31102049,0.0,0.0,0.0,0.0,0.0,0.0,22.31102049,0.0
878,scenario_1,28.13409432,28.13409432,0.0,0.0,0.0,0.0,0.0,0.0,28.13409432,0.0
879,scenario_1,5.764013525,5.764013525,0.0,0.0,0.0,0.0,0.0,0.0,5.764013525,0.0
880,scenario_1,4.526256656,32.526256656,0.0,0.0,0.0,0.0,28.0,0.0,4.526256656000001,8.881784197001252e-16
881,scenario_1,6.103427017,6.103427017,0.0,0.0,0.0,0.0,0.0,0.0,6.103427017,0.0
882,scenario_1,6.746140033,2.4617633213999994,0.0,0.0,4.2843767116,0.0,0.0,0.0,6.746140033,0.0
883,scenario_1,8.131376033,0.0,0.0,0.0,8.131376033,0.0,0.0,0.0,8.131376033,0.0
884,scenario_1,8.588956483,0.0,0.0,0.0,8.588956483,0.0,0.0,0.0,8.588956483,0.0
885,scenario_1,8.143391867,0.0,0.0,0.0,8.143391867,0.0,0.0,0.0,8.143391867,0.0
886,scenario_1,8.148173183,0.0,0.0,0.0,8.148173183,0.0,0.0,0.0,8.148173183,0.0
887,scenario_1,5.746356617,0.0,0.0,0.0,5.746356617,0.0,0.0,0.0,5.746356617,0.0
888,scenario_1,0.4368026,0.0,0.0,0.0,0.4368026,0.0,0.0,0.0,0.4368026,0.0
889,scenario_1,0.464001417,0.0,0.0,0.0,0.464001417,0.0,0.0,0.0,0.464001417,0.0
890,scenario_1,0.475601017,0.0,0.0,0.0,0.475601017,0.0,0.0,0.0,0.475601017,0.0
891,scenario_1,1.051802333,0.0,0.0,0.0,1.051802333,0.0,0.0,0.0,1.051802333,0.0
892,scenario_1,7.0564736,0.0,0.0,0.0,7.0564736,0.0,0.0,0.0,7.0564736,0.0
893,scenario_1,7.706506833,0.0,0.0,0.0,7.706506833,0.0,0.0,0.0,7.706506833,0.0
894,scenario_1,2.901139917,0.0,0.0,0.0,2.901139917,0.0,0.0,0.0,2.901139917,0.0
895,scenario_1,8.161209225,9.508825089599998,0.0,0.0,0.0,0.0,1.347615864599998,0.0,8.161209225,0.0
896,scenario_1,38.94298042,38.2968825981,0.0,0.0,0.6460978218999998,0.0,0.0,0.0,38.94298042,0.0
897,scenario_1,60.28615322,65.30488959179999,0.0,0.0,0.0,0.0,5.018736371799989,0.0,60.28615322,0.0
898,scenario_1,40.71258045,40.71258045,0.0,0.0,0.0,0.0,0.0,0.0,40.71258045,0.0
899,scenario_1,10.96647488,38.96647488,0.0,0.0,0.0,0.0,28.0,0.0,10.96647488,0.0
900,scenario_1,9.147436979,9.147436979,0.0,0.0,0.0,0.0,0.0,0.0,9.147436979,0.0
901,scenario_1,42.57552848,42.57552848,0.0,0.0,0.0,0.0,0.0,0.0,42.57552848,0.0
902,scenario_1,14.02138878,42.02138878,0.0,0.0,0.0,0.0,28.0,0.0,14.021388780000002,1.7763568394002505e-15
903,scenario_1,5.082427167,5.082427167,0.0,0.0,0.0,0.0,0.0,0.0,5.082427167,0.0
904,scenario_1,4.918101132,4.918101132,0.0,0.0,0.0,0.0,0.0,0.0,4.918101132,0.0
905,scenario_1,4.993056382,21.36874912522964,0.0,0.0,0.0,0.0,16.375692743229642,0.0,4.993056381999999,-8.881784197001252e-16
906,scenario_1,8.656090533,2.5846814616000002,0.0,0.0,6.0714090714,0.0,0.0,0.0,8.656090533,0.0
907,scenario_1,8.58512605,0.0,0.0,0.0,8.58512605,0.0,0.0,0.0,8.58512605,0.0
908,scenario_1,7.751409533,0.0,0.0,0.0,7.751409533,0.0,0.0,0.0,7.751409533,0.0
909,scenario_1,8.015540583,0.0,0.0,0.0,8.015540583,0.0,0.0,0.0,8.015540583,0.0
910,scenario_1,7.9027398,0.0,0.0,0.0,7.9027398,0.0,0.0,0.0,7.9027398,0.0
911,scenario_1,6.132808067,0.0,0.0,0.0,6.132808067,0.0,0.0,0.0,6.132808067,0.0
912,scenario_1,0.425602717,0.0,0.0,0.0,0.425602717,0.0,0.0,0.0,0.425602717,0.0
913,scenario_1,0.448735583,0.0,0.0,0.0,0.448735583,0.0,0.0,0.0,0.448735583,0.0
914,scenario_1,0.560467717,0.0,0.0,0.0,0.560467717,0.0,0.0,0.0,0.560467717,0.0
915,scenario_1,1.234352733,0.0,0.0,0.0,1.234352733,0.0,0.0,0.0,1.234352733,0.0
916,scenario_1,6.951172633,0.0,0.0,0.0,6.951172633,0.0,0.0,0.0,6.951172633,0.0
917,scenario_1,8.10484105,0.0,0.0,0.0,8.10484105,0.0,0.0,0.0,8.10484105,0.0
918,scenario_1,4.434141867,0.0,0.0,0.0,4.434141867,0.0,0.0,0.0,4.434141867,0.0
919,scenario_1,14.65810306,10.418115084450001,0.0,0.0,4.239987975549999,0.0,0.0,0.0,14.65810306,0.0
920,scenario_1,45.17144229,39.82112064975,0.0,0.0,5.350321640250002,0.0,0.0,0.0,45.17144229,0.0
921,scenario_1,69.69766532,66.555799599,0.0,0.0,3.141865721000002,0.0,0.0,0.0,69.69766532,0.0
922,scenario_1,71.19654324,88.01151621885,0.0,0.0,0.0,0.0,16.814972978850008,0.0,71.19654324,0.0
923,scenario_1,26.10038787,36.38526700666914,0.0,0.0,0.0,0.0,10.284879136669138,0.0,26.10038787,0.0
924,scenario_1,26.13849364,26.13849364,0.0,0.0,0.0,0.0,0.0,0.0,26.13849364,0.0
925,scenario_1,89.49765331,104.36140951694999,0.0,0.0,0.0,0.0,14.863756206949986,0.0,89.49765331,0.0
926,scenario_1,39.89818723,67.89818722999999,0.0,0.0,0.0,0.0,28.0,0.0,39.89818722999999,-7.105427357601002e-15
927,scenario_1,15.63407171,43.63407171,0.0,0.0,0.0,0.0,28.0,0.0,15.63407171,0.0
928,scenario_1,8.580704921,8.580704921,0.0,0.0,0.0,0.0,0.0,0.0,8.580704921,0.0
929,scenario_1,7.460066583,7.460066583,0.0,0.0,0.0,0.0,0.0,0.0,7.460066583,0.0
930,scenario_1,9.1367741,2.5820829114,0.0,0.0,6.5546911886,0.0,0.0,0.0,9.1367741,0.0
931,scenario_1,9.528542117,0.0,0.0,0.0,9.528542117,0.0,0.0,0.0,9.528542117,0.0
932,scenario_1,8.916958817,0.0,0.0,0.0,8.916958817,0.0,0.0,0.0,8.916958817,0.0
933,scenario_1,9.068758783,0.0,0.0,0.0,9.068758783,0.0,0.0,0.0,9.068758783,0.0
934,scenario_1,8.120342217,0.0,0.0,0.0,8.120342217,0.0,0.0,0.0,8.120342217,0.0
935,scenario_1,5.592578667,0.0,0.0,0.0,5.592578667,0.0,0.0,0.0,5.592578667,0.0
936,scenario_1,0.436204233,0.0,0.0,0.0,0.436204233,0.0,0.0,0.0,0.436204233,0.0
937,scenario_1,0.5426521,0.0,0.0,0.0,0.5426521,0.0,0.0,0.0,0.5426521,0.0
938,scenario_1,0.518753033,0.0,0.0,0.0,0.518753033,0.0,0.0,0.0,0.518753033,0.0
939,scenario_1,1.354004583,0.0,0.0,0.0,0.0,1.354004583,0.0,0.0,1.354004583,0.0
940,scenario_1,7.08227325,0.0,0.0,0.0,7.08227325,0.0,0.0,0.0,7.08227325,0.0
941,scenario_1,7.47931085,0.0,0.0,0.0,7.47931085,0.0,0.0,0.0,7.47931085,0.0
942,scenario_1,3.545447083,0.0,0.0,0.0,3.545447083,0.0,0.0,0.0,3.545447083,0.0
943,scenario_1,14.43754121,9.669664611599998,0.0,0.0,4.767876598400001,0.0,0.0,0.0,14.43754121,0.0
944,scenario_1,62.25561427,38.74565518335,0.0,0.0,23.50995908665,0.0,0.0,0.0,62.25561427,0.0
945,scenario_1,77.39341447,64.35765223454999,0.0,0.0,5.135651976350002,7.900110259100006,0.0,0.0,77.39341447,0.0
946,scenario_1,62.45926832,85.88350066544999,0.0,0.0,0.0,0.0,23.424232345449987,0.0,62.45926832,0.0
947,scenario_1,37.05120059,65.05120059000001,0.0,0.0,0.0,0.0,28.0,0.0,37.05120059000001,7.105427357601002e-15
948,scenario_1,28.4337562,28.4337562,0.0,0.0,0.0,0.0,0.0,0.0,28.4337562,0.0
949,scenario_1,66.73811709,83.75832918899445,0.0,0.0,0.0,0.0,17.020212098994453,0.0,66.73811709,0.0
950,scenario_1,36.15272097,64.15272096999999,0.0,0.0,0.0,0.0,28.0,0.0,36.15272096999999,-7.105427357601002e-15
951,scenario_1,18.81518561,46.81518561,0.0,0.0,0.0,0.0,28.0,0.0,18.81518561,0.0
952,scenario_1,10.15920973,10.15920973,0.0,0.0,0.0,0.0,0.0,0.0,10.15920973,0.0
953,scenario_1,6.283617217,6.283617217,0.0,0.0,0.0,0.0,0.0,0.0,6.283617217,0.0
954,scenario_1,7.863643983,2.4654341841,0.0,0.0,0.0,5.3982097989,0.0,0.0,7.863643982999999,-8.881784197001252e-16
955,scenario_1,9.486626833,0.0,0.0,0.0,9.486626833,0.0,0.0,0.0,9.486626833,0.0
956,scenario_1,8.2632425,0.0,0.0,0.0,8.2632425,0.0,0.0,0.0,8.2632425,0.0
957,scenario_1,8.0322731,0.0,0.0,0.0,8.0322731,0.0,0.0,0.0,8.0322731,0.0
958,scenario_1,7.644304333,0.0,0.0,0.0,7.644304333,0.0,0.0,0.0,7.644304333,0.0
959,scenario_1,5.1354733,0.0,0.0,0.0,5.1354733,0.0,0.0,0.0,5.1354733,0.0
960,scenario_1,0.438802767,0.0,0.0,0.0,0.438802767,0.0,0.0,0.0,0.438802767,0.0
961,scenario_1,0.477419317,0.0,0.0,0.0,0.477419317,0.0,0.0,0.0,0.477419317,0.0
962,scenario_1,0.5705192,0.0,0.0,0.0,0.5705192,0.0,0.0,0.0,0.5705192,0.0
963,scenario_1,1.4575063,0.0,0.0,0.0,1.4575063,0.0,0.0,0.0,1.4575063,0.0
964,scenario_1,7.14484095,0.0,0.0,0.0,7.14484095,0.0,0.0,0.0,7.14484095,0.0
965,scenario_1,7.689463167,0.0,0.0,0.0,7.689463167,0.0,0.0,0.0,7.689463167,0.0
966,scenario_1,4.180649483,0.0,0.0,0.0,4.180649483,0.0,0.0,0.0,4.180649483,0.0
967,scenario_1,7.398761373,9.981677401799999,0.0,0.0,0.0,0.0,2.582916028799999,0.0,7.398761373,0.0
968,scenario_1,69.87269918,38.41293021765,0.0,0.0,20.89997321047796,10.559795751872038,0.0,0.0,69.87269918,0.0
969,scenario_1,86.3200781,64.84901057715,0.0,0.0,21.471067522850007,0.0,0.0,0.0,86.3200781,0.0
970,scenario_1,58.27386322,58.27386322,0.0,0.0,0.0,0.0,0.0,0.0,58.27386322,0.0
971,scenario_1,30.24464939,58.24464939,0.0,0.0,0.0,0.0,28.0,0.0,30.24464939,0.0
972,scenario_1,29.17264553,57.17264553,0.0,0.0,0.0,0.0,28.0,0.0,29.172645529999997,-3.552713678800501e-15
973,scenario_1,61.0711733,89.0711733,0.0,0.0,0.0,0.0,28.0,0.0,61.0711733,0.0
974,scenario_1,34.43691758,34.43691758,0.0,0.0,0.0,0.0,0.0,0.0,34.43691758,0.0
975,scenario_1,17.87665757,37.177392196544446,0.0,0.0,0.0,0.0,19.30073462654445,0.0,17.876657569999995,-3.552713678800501e-15
976,scenario_1,10.10528125,10.10528125,0.0,0.0,0.0,0.0,0.0,0.0,10.10528125,0.0
977,scenario_1,6.627418967,27.7711287849,0.0,0.0,0.0,0.0,21.1437098179,0.0,6.6274189670000005,8.881784197001252e-16
978,scenario_1,7.453464167,2.5677198062999995,0.0,0.0,4.8857443607,0.0,0.0,0.0,7.453464167,0.0
979,scenario_1,8.545161133,0.0,0.0,0.0,8.545161133,0.0,0.0,0.0,8.545161133,0.0
980,scenario_1,8.6102437,0.0,0.0,0.0,8.6102437,0.0,0.0,0.0,8.6102437,0.0
981,scenario_1,8.068825517,0.0,0.0,0.0,8.068825517,0.0,0.0,0.0,8.068825517,0.0
982,scenario_1,8.235823067,0.0,0.0,0.0,8.235823067,0.0,0.0,0.0,8.235823067,0.0
983,scenario_1,7.566306667,0.0,0.0,0.0,7.566306667,0.0,0.0,0.0,7.566306667,0.0
984,scenario_1,0.426469967,0.0,0.0,0.0,0.426469967,0.0,0.0,0.0,0.426469967,0.0
985,scenario_1,0.473735233,0.0,0.0,0.0,0.473735233,0.0,0.0,0.0,0.473735233,0.0
986,scenario_1,0.496970383,0.0,0.0,0.0,0.496970383,0.0,0.0,0.0,0.496970383,0.0
987,scenario_1,1.019472867,0.0,0.0,0.0,1.019472867,0.0,0.0,0.0,1.019472867,0.0
988,scenario_1,6.851808383,0.0,0.0,0.0,6.851808383,0.0,0.0,0.0,6.851808383,0.0
989,scenario_1,7.334125667,0.0,0.0,0.0,7.334125667,0.0,0.0,0.0,7.334125667,0.0
990,scenario_1,3.999842917,0.0,0.0,0.0,3.999842917,0.0,0.0,0.0,3.999842917,0.0
991,scenario_1,10.57108326,9.454933359449997,0.0,0.0,0.0,1.1161499005500026,0.0,0.0,10.57108326,0.0
992,scenario_1,64.40535867,36.57479296365,0.0,0.0,23.009891334099986,4.820674372250014,0.0,0.0,64.40535867,0.0
993,scenario_1,74.16006668,62.8844878758,0.0,0.0,11.275578804200002,0.0,0.0,0.0,74.16006668,0.0
994,scenario_1,62.63363631,62.63363631,0.0,0.0,0.0,0.0,0.0,0.0,62.63363631,0.0
995,scenario_1,37.63294438,65.63294438,0.0,0.0,0.0,0.0,28.0,0.0,37.63294438,0.0
996,scenario_1,34.06684599,34.06684599,0.0,0.0,0.0,0.0,0.0,0.0,34.06684599,0.0
997,scenario_1,51.71412485,79.71412484999999,0.0,0.0,0.0,0.0,28.0,0.0,51.71412484999999,-7.105427357601002e-15
998,scenario_1,41.67339812,69.67339812,0.0,0.0,0.0,0.0,28.0,0.0,41.67339812,0.0
999,scenario_1,19.46870727,47.468707269999996,0.0,0.0,0.0,0.0,28.0,0.0,19.468707269999996,-3.552713678800501e-15
1000,scenario_1,9.908068616,9.908068616,0.0,0.0,0.0,0.0,0.0,0.0,9.908068616,0.0
1001,scenario_1,5.71319972,5.71319972,0.0,0.0,0.0,0.0,0.0,0.0,5.71319972,0.0
1002,scenario_1,8.64199435,2.2228614101999997,0.0,0.0,6.419132939799999,0.0,0.0,0.0,8.64199435,0.0
1003,scenario_1,9.101158267,0.0,0.0,0.0,9.101158267,0.0,0.0,0.0,9.101158267,0.0
1004,scenario_1,8.683126167,0.0,0.0,0.0,8.683126167,0.0,0.0,0.0,8.683126167,0.0
1005,scenario_1,7.984093867,0.0,0.0,0.0,7.984093867,0.0,0.0,0.0,7.984093867,0.0
1006,scenario_1,7.443874533,0.0,0.0,0.0,7.443874533,0.0,0.0,0.0,7.443874533,0.0
1007,scenario_1,5.549391533,0.0,0.0,0.0,5.549391533,0.0,0.0,0.0,5.549391533,0.0
1008,scenario_1,0.439719517,0.0,0.0,0.0,0.439719517,0.0,0.0,0.0,0.439719517,0.0
1009,scenario_1,0.475451467,0.0,0.0,0.0,0.475451467,0.0,0.0,0.0,0.475451467,0.0
1010,scenario_1,0.559520433,0.0,0.0,0.0,0.559520433,0.0,0.0,0.0,0.559520433,0.0
1011,scenario_1,1.653904283,0.0,0.0,0.0,1.653904283,0.0,0.0,0.0,1.653904283,0.0
1012,scenario_1,7.5711722,0.0,0.0,0.0,7.5711722,0.0,0.0,0.0,7.5711722,0.0
1013,scenario_1,8.356108283,0.0,0.0,0.0,8.356108283,0.0,0.0,0.0,8.356108283,0.0
1014,scenario_1,4.283278083,0.0,0.0,0.0,4.283278083,0.0,0.0,0.0,4.283278083,0.0
1015,scenario_1,11.9379376,7.088407442099999,0.0,0.0,4.8495301579,0.0,0.0,0.0,11.9379376,0.0
1016,scenario_1,34.35058527,34.35058527,0.0,0.0,0.0,0.0,0.0,0.0,34.35058527,0.0
1017,scenario_1,58.49481929,58.49481929,0.0,0.0,0.0,0.0,0.0,0.0,58.49481929,0.0
1018,scenario_1,68.1691843,81.99139330335,0.0,0.0,0.0,0.0,13.822209003349997,0.0,68.1691843,0.0
1019,scenario_1,42.19348906,42.19348906,0.0,0.0,0.0,0.0,0.0,0.0,42.19348906,0.0
1020,scenario_1,28.04126901,56.04126901,0.0,0.0,0.0,0.0,28.0,0.0,28.04126901,0.0
1021,scenario_1,75.82639684,99.37221580469999,0.0,0.0,0.0,0.0,23.54581896469999,0.0,75.82639684,0.0
1022,scenario_1,55.83098554,55.83098554,0.0,0.0,0.0,0.0,0.0,0.0,55.83098554,0.0
1023,scenario_1,20.07150332,20.07150332,0.0,0.0,0.0,0.0,0.0,0.0,20.07150332,0.0
1024,scenario_1,11.18004088,11.18004088,0.0,0.0,0.0,0.0,0.0,0.0,11.18004088,0.0
1025,scenario_1,6.443803683,6.443803683,0.0,0.0,0.0,0.0,0.0,0.0,6.443803683,0.0
1026,scenario_1,8.29681295,2.21892179535,0.0,0.0,6.07789115465,0.0,0.0,0.0,8.29681295,0.0
1027,scenario_1,8.212617083,0.0,0.0,0.0,8.212617083,0.0,0.0,0.0,8.212617083,0.0
1028,scenario_1,7.5600643,0.0,0.0,0.0,7.5600643,0.0,0.0,0.0,7.5600643,0.0
1029,scenario_1,8.355861383,0.0,0.0,0.0,8.355861383,0.0,0.0,0.0,8.355861383,0.0
1030,scenario_1,8.049208817,0.0,0.0,0.0,8.049208817,0.0,0.0,0.0,8.049208817,0.0
1031,scenario_1,5.587542817,0.0,0.0,0.0,5.587542817,0.0,0.0,0.0,5.587542817,0.0
1032,scenario_1,0.4256049,0.0,0.0,0.0,0.4256049,0.0,0.0,0.0,0.4256049,0.0
1033,scenario_1,0.478203217,0.0,0.0,0.0,0.478203217,0.0,0.0,0.0,0.478203217,0.0
1034,scenario_1,0.479503383,0.0,0.0,0.0,0.479503383,0.0,0.0,0.0,0.479503383,0.0
1035,scenario_1,1.030386967,0.0,0.0,0.0,1.030386967,0.0,0.0,0.0,1.030386967,0.0
1036,scenario_1,6.705970783,0.0,0.0,0.0,6.705970783,0.0,0.0,0.0,6.705970783,0.0
1037,scenario_1,6.676773417,0.0,0.0,0.0,6.676773417,0.0,0.0,0.0,6.676773417,0.0
1038,scenario_1,2.791708817,0.0,0.0,0.0,2.791708817,0.0,0.0,0.0,2.791708817,0.0
1039,scenario_1,8.182375361,8.182375361,0.0,0.0,0.0,0.0,0.0,0.0,8.182375361,0.0
1040,scenario_1,38.3138895,38.195406908849996,0.0,0.0,0.11848259115000559,0.0,0.0,0.0,38.3138895,0.0
1041,scenario_1,63.51301892,63.51301892,0.0,0.0,0.0,0.0,0.0,0.0,63.51301892,0.0
1042,scenario_1,42.02029021,42.02029021,0.0,0.0,0.0,0.0,0.0,0.0,42.02029021,0.0
1043,scenario_1,12.85551386,12.85551386,0.0,0.0,0.0,0.0,0.0,0.0,12.85551386,0.0
1044,scenario_1,3.930736097,31.930736097,0.0,0.0,0.0,0.0,28.0,0.0,3.9307360970000005,4.440892098500626e-16
1045,scenario_1,47.8168181,47.8168181,0.0,0.0,0.0,0.0,0.0,0.0,47.8168181,0.0
1046,scenario_1,12.13480157,40.13480157,0.0,0.0,0.0,0.0,28.0,0.0,12.13480157,0.0
1047,scenario_1,5.744038986,33.744038986,0.0,0.0,0.0,0.0,28.0,0.0,5.744038986,0.0
1048,scenario_1,5.819674616,33.819674616,0.0,0.0,0.0,0.0,28.0,0.0,5.819674616,0.0
1049,scenario_1,5.807149227,8.685147629937674,0.0,0.0,0.0,0.0,2.877998402937673,0.0,5.807149227000002,1.7763568394002505e-15
1050,scenario_1,9.193619933,2.6947904307,0.0,0.0,6.498829502300001,0.0,0.0,0.0,9.193619933,0.0
1051,scenario_1,9.3645552,0.0,0.0,0.0,9.3645552,0.0,0.0,0.0,9.3645552,0.0
1052,scenario_1,8.729124,0.0,0.0,0.0,8.729124,0.0,0.0,0.0,8.729124,0.0
1053,scenario_1,8.13627315,0.0,0.0,0.0,8.13627315,0.0,0.0,0.0,8.13627315,0.0
1054,scenario_1,7.807905117,0.0,0.0,0.0,7.807905117,0.0,0.0,0.0,7.807905117,0.0
1055,scenario_1,5.91523985,0.0,0.0,0.0,5.91523985,0.0,0.0,0.0,5.91523985,0.0
1056,scenario_1,0.4413027,0.0,0.0,0.0,0.4413027,0.0,0.0,0.0,0.4413027,0.0
1057,scenario_1,0.496717967,0.0,0.0,0.0,0.496717967,0.0,0.0,0.0,0.496717967,0.0
1058,scenario_1,0.535285683,0.0,0.0,0.0,0.535285683,0.0,0.0,0.0,0.535285683,0.0
1059,scenario_1,1.0510044,0.0,0.0,0.0,1.0510044,0.0,0.0,0.0,1.0510044,0.0
1060,scenario_1,6.743839383,0.0,0.0,0.0,6.743839383,0.0,0.0,0.0,6.743839383,0.0
1061,scenario_1,7.09272325,0.0,0.0,0.0,7.09272325,0.0,0.0,0.0,7.09272325,0.0
1062,scenario_1,2.428639417,0.0,0.0,0.0,2.428639417,0.0,0.0,0.0,2.428639417,0.0
1063,scenario_1,2.212224267,2.212224267,0.0,0.0,0.0,0.0,0.0,0.0,2.212224267,0.0
1064,scenario_1,27.87502758,39.4993169724,0.0,0.0,0.0,0.0,11.624289392400001,0.0,27.87502758,0.0
1065,scenario_1,55.00539163,55.00539163,0.0,0.0,0.0,0.0,0.0,0.0,55.00539163,0.0
1066,scenario_1,47.9241957,47.9241957,0.0,0.0,0.0,0.0,0.0,0.0,47.9241957,0.0
1067,scenario_1,12.59384008,40.59384008,0.0,0.0,0.0,0.0,28.0,0.0,12.59384008,0.0
1068,scenario_1,4.824858717,12.2022573483488,0.0,0.0,0.0,0.0,7.377398631348799,0.0,4.824858717000001,8.881784197001252e-16
1069,scenario_1,42.61744768,42.61744768,0.0,0.0,0.0,0.0,0.0,0.0,42.61744768,0.0
1070,scenario_1,29.48971744,29.48971744,0.0,0.0,0.0,0.0,0.0,0.0,29.48971744,0.0
1071,scenario_1,5.806801416,5.806801416,0.0,0.0,0.0,0.0,0.0,0.0,5.806801416,0.0
1072,scenario_1,4.167347892,4.167347892,0.0,0.0,0.0,0.0,0.0,0.0,4.167347892,0.0
1073,scenario_1,4.854859517,29.327925430349996,0.0,0.0,0.0,0.0,24.473065913349995,0.0,4.854859517000001,8.881784197001252e-16
1074,scenario_1,7.860243283,2.8100037298499996,0.0,0.0,5.05023955315,0.0,0.0,0.0,7.860243282999999,-8.881784197001252e-16
1075,scenario_1,8.755774967,0.0,0.0,0.0,8.755774967,0.0,0.0,0.0,8.755774967,0.0
1076,scenario_1,8.749339583,0.0,0.0,0.0,8.749339583,0.0,0.0,0.0,8.749339583,0.0
1077,scenario_1,8.592738233,0.0,0.0,0.0,8.592738233,0.0,0.0,0.0,8.592738233,0.0
1078,scenario_1,8.291155083,0.0,0.0,0.0,8.291155083,0.0,0.0,0.0,8.291155083,0.0
1079,scenario_1,6.765389983,0.0,0.0,0.0,6.765389983,0.0,0.0,0.0,6.765389983,0.0
1080,scenario_1,0.432202383,0.0,0.0,0.0,0.432202383,0.0,0.0,0.0,0.432202383,0.0
1081,scenario_1,0.4444021,0.0,0.0,0.0,0.4444021,0.0,0.0,0.0,0.4444021,0.0
1082,scenario_1,0.502519,0.0,0.0,0.0,0.502519,0.0,0.0,0.0,0.502519,0.0
1083,scenario_1,0.759903667,0.0,0.0,0.0,0.759903667,0.0,0.0,0.0,0.759903667,0.0
1084,scenario_1,6.872172817,0.0,0.0,0.0,6.872172817,0.0,0.0,0.0,6.872172817,0.0
1085,scenario_1,7.511875067,0.0,0.0,0.0,7.511875067,0.0,0.0,0.0,7.511875067,0.0
1086,scenario_1,4.386195333,0.0,0.0,0.0,4.386195333,0.0,0.0,0.0,4.386195333,0.0
1087,scenario_1,13.30067377,10.340051102099999,0.0,0.0,2.960622667900001,0.0,0.0,0.0,13.30067377,0.0
1088,scenario_1,39.56269243,38.798637960149996,0.0,0.0,0.7640544698500022,0.0,0.0,0.0,39.56269243,0.0
1089,scenario_1,75.71621948,63.18169331715,0.0,0.0,12.534526162850007,0.0,0.0,0.0,75.71621948,0.0
1090,scenario_1,82.35362159,82.35362159,0.0,0.0,0.0,0.0,0.0,0.0,82.35362159,0.0
1091,scenario_1,39.66376876,67.66376876000001,0.0,0.0,0.0,0.0,28.0,0.0,39.66376876000001,7.105427357601002e-15
1092,scenario_1,31.53264768,59.53264768,0.0,0.0,0.0,0.0,27.999999999999996,0.0,31.53264768,0.0
1093,scenario_1,62.70798992,62.70798992,0.0,0.0,0.0,0.0,0.0,0.0,62.70798992,0.0
1094,scenario_1,44.56092298,44.56092298,0.0,0.0,0.0,0.0,0.0,0.0,44.56092298,0.0
1095,scenario_1,19.61452476,47.614524759999995,0.0,0.0,0.0,0.0,28.0,0.0,19.614524759999995,-3.552713678800501e-15
1096,scenario_1,10.90471941,38.90471941,0.0,0.0,0.0,0.0,28.0,0.0,10.904719409999998,-1.7763568394002505e-15
1097,scenario_1,7.999000133,7.999000133,0.0,0.0,0.0,0.0,0.0,0.0,7.999000133,0.0
1098,scenario_1,8.728727967,2.91984088305,0.0,0.0,5.808887083949999,0.0,0.0,0.0,8.728727967,0.0
1099,scenario_1,9.367711483,0.0,0.0,0.0,9.367711483,0.0,0.0,0.0,9.367711483,0.0
1100,scenario_1,9.6209937,0.0,0.0,0.0,9.6209937,0.0,0.0,0.0,9.6209937,0.0
1101,scenario_1,8.215243683,0.0,0.0,0.0,8.215243683,0.0,0.0,0.0,8.215243683,0.0
1102,scenario_1,7.804273717,0.0,0.0,0.0,0.0,7.804273717,0.0,0.0,7.804273717,0.0
1103,scenario_1,5.32657285,0.0,0.0,0.0,5.32657285,0.0,0.0,0.0,5.32657285,0.0
1104,scenario_1,0.423402567,0.0,0.0,0.0,0.0,0.423402567,0.0,0.0,0.423402567,0.0
1105,scenario_1,0.464401467,0.0,0.0,0.0,0.464401467,0.0,0.0,0.0,0.464401467,0.0
1106,scenario_1,0.539801317,0.0,0.0,0.0,0.539801317,0.0,0.0,0.0,0.539801317,0.0
1107,scenario_1,0.9707045,0.0,0.0,0.0,0.9707045,0.0,0.0,0.0,0.9707045,0.0
1108,scenario_1,6.603673217,0.0,0.0,0.0,2.2638523607999685,4.339820856200031,0.0,0.0,6.603673217,0.0
1109,scenario_1,7.734523867,0.0,0.0,0.0,7.734523867,0.0,0.0,0.0,7.734523867,0.0
1110,scenario_1,4.048928633,0.0,0.0,0.0,4.048928633,0.0,0.0,0.0,4.048928633,0.0
1111,scenario_1,10.85375802,10.457186230349999,0.0,0.0,0.39657178965000206,0.0,0.0,0.0,10.85375802,0.0
1112,scenario_1,69.0719621,39.11751967785,0.0,0.0,28.0,1.9544424221499952,0.0,0.0,69.0719621,0.0
1113,scenario_1,83.15327031,65.11146304439998,0.0,0.0,18.041807265600013,0.0,0.0,0.0,83.15327031,0.0
1114,scenario_1,55.4968811,55.4968811,0.0,0.0,0.0,0.0,0.0,0.0,55.4968811,0.0
1115,scenario_1,29.32469932,57.32469932,0.0,0.0,0.0,0.0,28.0,0.0,29.32469932,0.0
1116,scenario_1,32.49964715,60.49964715,0.0,0.0,0.0,0.0,28.0,0.0,32.49964715,0.0
1117,scenario_1,61.53097775,61.53097775,0.0,0.0,0.0,0.0,0.0,0.0,61.53097775,0.0
1118,scenario_1,39.14432984,67.14432984,0.0,0.0,0.0,0.0,28.0,0.0,39.14432984,0.0
1119,scenario_1,19.33512201,31.77956645444445,0.0,0.0,0.0,0.0,12.444444444444445,0.0,19.335122010000006,7.105427357601002e-15
1120,scenario_1,9.395113248,37.395113248,0.0,0.0,0.0,0.0,28.0,0.0,9.395113248000001,1.7763568394002505e-15
1121,scenario_1,7.926993117,7.926993117,0.0,0.0,0.0,0.0,0.0,0.0,7.926993117,0.0
1122,scenario_1,9.326210267,2.80005487575,0.0,0.0,0.0,6.5261553912500005,0.0,0.0,9.326210267,0.0
1123,scenario_1,9.515295433,0.0,0.0,0.0,9.515295433,0.0,0.0,0.0,9.515295433,0.0
1124,scenario_1,9.60995805,0.0,0.0,0.0,9.60995805,0.0,0.0,0.0,9.60995805,0.0
1125,scenario_1,9.205441967,0.0,0.0,0.0,9.205441967,0.0,0.0,0.0,9.205441967,0.0
1126,scenario_1,8.43522685,0.0,0.0,0.0,5.039610468949981,3.3956163810500195,0.0,0.0,8.43522685,0.0
1127,scenario_1,5.5466624,0.0,0.0,0.0,5.5466624,0.0,0.0,0.0,5.5466624,0.0
1128,scenario_1,0.428603017,0.0,0.0,0.0,0.428603017,0.0,0.0,0.0,0.428603017,0.0
1129,scenario_1,0.450303017,0.0,0.0,0.0,0.450303017,0.0,0.0,0.0,0.450303017,0.0
1130,scenario_1,0.519553183,0.0,0.0,0.0,0.519553183,0.0,0.0,0.0,0.519553183,0.0
1131,scenario_1,1.15069,0.0,0.0,0.0,1.15069,0.0,0.0,0.0,1.15069,0.0
1132,scenario_1,6.569211067,0.0,0.0,0.0,6.569211067,0.0,0.0,0.0,6.569211067,0.0
1133,scenario_1,8.36824215,0.0,0.0,0.0,8.36824215,0.0,0.0,0.0,8.36824215,0.0
1134,scenario_1,5.705314583,0.0,0.0,0.0,5.705314583,0.0,0.0,0.0,5.705314583,0.0
1135,scenario_1,19.1564377,10.59264638265,0.0,0.0,8.56379131735,0.0,0.0,0.0,19.1564377,0.0
1136,scenario_1,70.85460665,38.642603133449995,0.0,0.0,28.0,4.2120035165499985,0.0,0.0,70.85460665,0.0
1137,scenario_1,66.79016491,64.66284156329999,0.0,0.0,2.1273233467000097,0.0,0.0,0.0,66.79016491,0.0
1138,scenario_1,64.94922118,83.74039050599998,0.0,0.0,0.0,0.0,18.791169325999988,0.0,64.94922118,0.0
1139,scenario_1,36.20112052,36.20112052,0.0,0.0,0.0,0.0,0.0,0.0,36.20112052,0.0
1140,scenario_1,28.20594556,56.20594556,0.0,0.0,0.0,0.0,28.0,0.0,28.205945560000004,3.552713678800501e-15
1141,scenario_1,65.71973013,93.64151530260003,0.0,0.0,0.0,0.0,27.921785172600025,0.0,65.71973013,0.0
1142,scenario_1,36.77372943,64.77372943,0.0,0.0,0.0,0.0,28.0,0.0,36.77372943,0.0
1143,scenario_1,17.26515569,17.26515569,0.0,0.0,0.0,0.0,0.0,0.0,17.26515569,0.0
1144,scenario_1,11.31305992,11.31305992,0.0,0.0,0.0,0.0,0.0,0.0,11.31305992,0.0
1145,scenario_1,6.072613817,27.804103762844438,0.0,0.0,0.0,0.0,21.731489945844437,0.0,6.072613817000001,8.881784197001252e-16
1146,scenario_1,7.070824667,2.8112701615499995,0.0,0.0,4.259554505450001,0.0,0.0,0.0,7.070824667,0.0
1147,scenario_1,10.14192368,0.0,0.0,0.0,10.14192368,0.0,0.0,0.0,10.14192368,0.0
1148,scenario_1,8.94110855,0.0,0.0,0.0,8.94110855,0.0,0.0,0.0,8.94110855,0.0
1149,scenario_1,8.778558617,0.0,0.0,0.0,8.778558617,0.0,0.0,0.0,8.778558617,0.0
1150,scenario_1,8.491391617,0.0,0.0,0.0,8.491391617,0.0,0.0,0.0,8.491391617,0.0
1151,scenario_1,6.431392133,0.0,0.0,0.0,2.7390904520995094,3.6923016809004903,0.0,0.0,6.431392132999999,-8.881784197001252e-16
1152,scenario_1,0.451552767,0.0,0.0,0.0,0.451552767,0.0,0.0,0.0,0.451552767,0.0
1153,scenario_1,0.46590295,0.0,0.0,0.0,0.46590295,0.0,0.0,0.0,0.46590295,0.0
1154,scenario_1,0.501335133,0.0,0.0,0.0,0.501335133,0.0,0.0,0.0,0.501335133,0.0
1155,scenario_1,1.210170933,0.0,0.0,0.0,1.210170933,0.0,0.0,0.0,1.210170933,0.0
1156,scenario_1,7.0755394,0.0,0.0,0.0,7.0755394,0.0,0.0,0.0,7.0755394,0.0
1157,scenario_1,7.879473517,0.0,0.0,0.0,7.879473517,0.0,0.0,0.0,7.879473517,0.0
1158,scenario_1,3.626976283,0.0,0.0,0.0,0.0,3.626976283,0.0,0.0,3.626976283,0.0
1159,scenario_1,8.6855082,10.29466924395,0.0,0.0,0.0,0.0,1.6091610439500013,0.0,8.6855082,0.0
1160,scenario_1,56.81805342,39.21073905105,0.0,0.0,17.60731436895,0.0,0.0,0.0,56.81805342,0.0
1161,scenario_1,72.1674857,48.6069817449,0.0,0.0,23.560503955100003,0.0,0.0,0.0,72.1674857,0.0
1162,scenario_1,69.15296545,72.41042964645,0.0,0.0,0.0,0.0,3.2574641964500017,0.0,69.15296545,0.0
1163,scenario_1,48.07425571,48.07425571,0.0,0.0,0.0,0.0,0.0,0.0,48.07425571,0.0
1164,scenario_1,24.57623492,52.576234920000005,0.0,0.0,0.0,0.0,28.0,0.0,24.576234920000005,3.552713678800501e-15
1165,scenario_1,66.54308361,66.54308361,0.0,0.0,0.0,0.0,0.0,0.0,66.54308361,0.0
1166,scenario_1,40.74313628,68.74313628,0.0,0.0,0.0,0.0,28.0,0.0,40.74313628,0.0
1167,scenario_1,17.81035155,45.81035155,0.0,0.0,0.0,0.0,28.0,0.0,17.81035155,0.0
1168,scenario_1,10.10782807,24.48636975924444,0.0,0.0,0.0,0.0,14.378541689244441,0.0,10.107828069999998,-1.7763568394002505e-15
1169,scenario_1,7.08958555,29.898024108749997,0.0,0.0,0.0,0.0,22.808438558749998,0.0,7.089585549999999,-8.881784197001252e-16
1170,scenario_1,8.113630067,2.80822724505,0.0,0.0,5.3054028219500005,0.0,0.0,0.0,8.113630067,0.0
1171,scenario_1,10.41762733,0.0,0.0,0.0,10.41762733,0.0,0.0,0.0,10.41762733,0.0
1172,scenario_1,9.629592,0.0,0.0,0.0,9.629592,0.0,0.0,0.0,9.629592,0.0
1173,scenario_1,9.2243397,0.0,0.0,0.0,9.2243397,0.0,0.0,0.0,9.2243397,0.0
1174,scenario_1,8.744555283,0.0,0.0,0.0,8.744555283,0.0,0.0,0.0,8.744555283,0.0
1175,scenario_1,6.868974733,0.0,0.0,0.0,6.868974733,0.0,0.0,0.0,6.868974733,0.0
1176,scenario_1,0.423354867,0.0,0.0,0.0,0.423354867,0.0,0.0,0.0,0.423354867,0.0
1177,scenario_1,0.477854183,0.0,0.0,0.0,0.477854183,0.0,0.0,0.0,0.477854183,0.0
1178,scenario_1,0.4874381,0.0,0.0,0.0,0.4874381,0.0,0.0,0.0,0.4874381,0.0
1179,scenario_1,1.205674333,0.0,0.0,0.0,1.205674333,0.0,0.0,0.0,1.205674333,0.0
1180,scenario_1,6.95022825,0.0,0.0,0.0,0.0,6.95022825,0.0,0.0,6.95022825,0.0
1181,scenario_1,8.056309983,0.0,0.0,0.0,8.056309983,0.0,0.0,0.0,8.056309983,0.0
1182,scenario_1,4.825712517,0.0,0.0,0.0,4.825712517,0.0,0.0,0.0,4.825712517,0.0
1183,scenario_1,11.8370589,10.107967015049999,0.0,0.0,1.7290918849500017,0.0,0.0,0.0,11.8370589,0.0
1184,scenario_1,59.17926261,32.32321483365,0.0,0.0,26.856047776350003,0.0,0.0,0.0,59.17926261,0.0
1185,scenario_1,73.71660282,60.07292530995,0.0,0.0,6.548024487749998,7.095653022300008,0.0,0.0,73.71660282,0.0
1186,scenario_1,75.91908918,75.91908918,0.0,0.0,0.0,0.0,0.0,0.0,75.91908918,0.0
1187,scenario_1,48.03063688,76.03063688,0.0,0.0,0.0,0.0,28.0,0.0,48.03063688,0.0
1188,scenario_1,27.5315359,27.5315359,0.0,0.0,0.0,0.0,0.0,0.0,27.5315359,0.0
1189,scenario_1,55.10212414,83.10212414,0.0,0.0,0.0,0.0,28.0,0.0,55.10212414,0.0
1190,scenario_1,31.89206266,37.92231102528086,0.0,0.0,0.0,0.0,6.030248365280863,0.0,31.89206266,0.0
1191,scenario_1,12.98012872,12.98012872,0.0,0.0,0.0,0.0,0.0,0.0,12.98012872,0.0
1192,scenario_1,12.35660496,12.35660496,0.0,0.0,0.0,0.0,0.0,0.0,12.35660496,0.0
1193,scenario_1,7.718546336,30.318001733249996,0.0,0.0,0.0,0.0,22.599455397249997,0.0,7.718546335999999,-8.881784197001252e-16
1194,scenario_1,8.650892267,2.80624021935,0.0,0.0,5.8446520476499995,0.0,0.0,0.0,8.650892267,0.0
1195,scenario_1,9.778694733,0.0,0.0,0.0,9.778694733,0.0,0.0,0.0,9.778694733,0.0
1196,scenario_1,9.3181262,0.0,0.0,0.0,9.3181262,0.0,0.0,0.0,9.3181262,0.0
1197,scenario_1,8.993842483,0.0,0.0,0.0,8.993842483,0.0,0.0,0.0,8.993842483,0.0
1198,scenario_1,8.174210567,0.0,0.0,0.0,8.174210567,0.0,0.0,0.0,8.174210567,0.0
1199,scenario_1,7.413926317,0.0,0.0,0.0,7.413926317,0.0,0.0,0.0,7.413926317,0.0
1200,scenario_1,0.417203233,0.0,0.0,0.0,0.417203233,0.0,0.0,0.0,0.417203233,0.0
1201,scenario_1,0.473734833,0.0,0.0,0.0,0.473734833,0.0,0.0,0.0,0.473734833,0.0
1202,scenario_1,0.497935517,0.0,0.0,0.0,0.497935517,0.0,0.0,0.0,0.497935517,0.0
1203,scenario_1,1.037669333,0.0,0.0,0.0,1.037669333,0.0,0.0,0.0,1.037669333,0.0
1204,scenario_1,7.0148202,0.0,0.0,0.0,7.0148202,0.0,0.0,0.0,7.0148202,0.0
1205,scenario_1,7.160304967,0.0,0.0,0.0,7.160304967,0.0,0.0,0.0,7.160304967,0.0
1206,scenario_1,2.424939617,0.0,0.0,0.0,2.424939617,0.0,0.0,0.0,2.424939617,0.0
1207,scenario_1,1.401360483,1.401360483,0.0,0.0,0.0,0.0,0.0,0.0,1.401360483,0.0
1208,scenario_1,35.82884092,35.82884092,0.0,0.0,0.0,0.0,0.0,0.0,35.82884092,0.0
1209,scenario_1,37.36317494,65.36317494,0.0,0.0,0.0,0.0,28.0,0.0,37.36317493999999,-7.105427357601002e-15
1210,scenario_1,40.24857811,68.24857811,0.0,0.0,0.0,0.0,28.0,0.0,40.24857811,0.0
1211,scenario_1,14.64622563,14.64622563,0.0,0.0,0.0,0.0,0.0,0.0,14.64622563,0.0
1212,scenario_1,5.290189066,5.290189066,0.0,0.0,0.0,0.0,0.0,0.0,5.290189066,0.0
1213,scenario_1,47.1557519,75.1557519,0.0,0.0,0.0,0.0,28.0,0.0,47.1557519,0.0
1214,scenario_1,28.10995414,28.10995414,0.0,0.0,0.0,0.0,0.0,0.0,28.10995414,0.0
1215,scenario_1,5.108168634,33.108168634,0.0,0.0,0.0,0.0,28.0,0.0,5.108168634000002,1.7763568394002505e-15
1216,scenario_1,4.879783831,4.879783831,0.0,0.0,0.0,0.0,0.0,0.0,4.879783831,0.0
1217,scenario_1,7.163264239,7.163264239,0.0,0.0,0.0,0.0,0.0,0.0,7.163264239,0.0
1218,scenario_1,7.58645845,2.568773001,0.0,0.0,5.017685449,0.0,0.0,0.0,7.58645845,0.0
1219,scenario_1,7.915959833,0.0,0.0,0.0,7.915959833,0.0,0.0,0.0,7.915959833,0.0
1220,scenario_1,8.115460367,0.0,0.0,0.0,8.115460367,0.0,0.0,0.0,8.115460367,0.0
1221,scenario_1,8.18082675,0.0,0.0,0.0,8.18082675,0.0,0.0,0.0,8.18082675,0.0
1222,scenario_1,7.352925967,0.0,0.0,0.0,7.352925967,0.0,0.0,0.0,7.352925967,0.0
1223,scenario_1,4.344940933,0.0,0.0,0.0,4.344940933,0.0,0.0,0.0,4.344940933,0.0
1224,scenario_1,0.429904667,0.0,0.0,0.0,0.429904667,0.0,0.0,0.0,0.429904667,0.0
1225,scenario_1,0.46230355,0.0,0.0,0.0,0.46230355,0.0,0.0,0.0,0.46230355,0.0
1226,scenario_1,0.49075335,0.0,0.0,0.0,0.49075335,0.0,0.0,0.0,0.49075335,0.0
1227,scenario_1,1.822335517,0.0,0.0,0.0,1.822335517,0.0,0.0,0.0,1.822335517,0.0
1228,scenario_1,7.028955133,0.0,0.0,0.0,7.028955133,0.0,0.0,0.0,7.028955133,0.0
1229,scenario_1,7.258422233,0.0,0.0,0.0,7.258422233,0.0,0.0,0.0,7.258422233,0.0
1230,scenario_1,2.750740483,0.0,0.0,0.0,2.750740483,0.0,0.0,0.0,2.750740483,0.0
1231,scenario_1,15.81564816,8.153981407799998,0.0,0.0,7.661666752200002,0.0,0.0,0.0,15.81564816,0.0
1232,scenario_1,29.63936008,29.63936008,0.0,0.0,0.0,0.0,0.0,0.0,29.63936008,0.0
1233,scenario_1,37.78600943,37.78600943,0.0,0.0,0.0,0.0,0.0,0.0,37.78600943,0.0
1234,scenario_1,45.07001014,73.07001014,0.0,0.0,0.0,0.0,28.0,0.0,45.070010139999994,-7.105427357601002e-15
1235,scenario_1,17.60594904,45.60594904,0.0,0.0,0.0,0.0,28.0,0.0,17.60594904,0.0
1236,scenario_1,4.720206312,4.720206312,0.0,0.0,0.0,0.0,0.0,0.0,4.720206312,0.0
1237,scenario_1,36.42917741,36.42917741,0.0,0.0,0.0,0.0,0.0,0.0,36.42917741,0.0
1238,scenario_1,31.3519323,31.3519323,0.0,0.0,0.0,0.0,0.0,0.0,31.3519323,0.0
1239,scenario_1,3.154015583,3.154015583,0.0,0.0,0.0,0.0,0.0,0.0,3.154015583,0.0
1240,scenario_1,3.602747067,31.602747067,0.0,0.0,0.0,0.0,28.0,0.0,3.6027470669999992,-8.881784197001252e-16
1241,scenario_1,5.450327117,18.873636974037066,0.0,0.0,0.0,0.0,13.423309857037063,0.0,5.450327117000002,2.6645352591003757e-15
1242,scenario_1,8.271358033,2.2156608624,0.0,0.0,5.717842918767849,0.3378542518321517,0.0,0.0,8.271358033,0.0
1243,scenario_1,8.81647355,0.0,0.0,0.0,8.81647355,0.0,0.0,0.0,8.81647355,0.0
1244,scenario_1,8.736523817,0.0,0.0,0.0,8.736523817,0.0,0.0,0.0,8.736523817,0.0
1245,scenario_1,8.328459317,0.0,0.0,0.0,8.328459317,0.0,0.0,0.0,8.328459317,0.0
1246,scenario_1,8.0317242,0.0,0.0,0.0,8.0317242,0.0,0.0,0.0,8.0317242,0.0
1247,scenario_1,6.253025967,0.0,0.0,0.0,6.253025967,0.0,0.0,0.0,6.253025967,0.0
1248,scenario_1,0.446802217,0.0,0.0,0.0,0.446802217,0.0,0.0,0.0,0.446802217,0.0
1249,scenario_1,0.4714012,0.0,0.0,0.0,0.4714012,0.0,0.0,0.0,0.4714012,0.0
1250,scenario_1,0.499119917,0.0,0.0,0.0,0.499119917,0.0,0.0,0.0,0.499119917,0.0
1251,scenario_1,1.212373467,0.0,0.0,0.0,1.212373467,0.0,0.0,0.0,1.212373467,0.0
1252,scenario_1,6.782673517,0.0,0.0,0.0,6.782673517,0.0,0.0,0.0,6.782673517,0.0
1253,scenario_1,7.848939583,0.0,0.0,0.0,7.848939583,0.0,0.0,0.0,7.848939583,0.0
1254,scenario_1,4.2587757,0.0,0.0,0.0,4.2587757,0.0,0.0,0.0,4.2587757,0.0
1255,scenario_1,6.569101956,11.155592307749998,0.0,0.0,0.0,0.0,4.586490351749998,0.0,6.569101956,0.0
1256,scenario_1,63.32339903,37.122539012249995,0.0,0.0,26.200860017750003,0.0,0.0,0.0,63.32339903,0.0
1257,scenario_1,75.59365181,64.6835900136,0.0,0.0,10.9100617964,0.0,0.0,0.0,75.59365181,0.0
1258,scenario_1,53.44696126,53.44696126,0.0,0.0,0.0,0.0,0.0,0.0,53.44696126,0.0
1259,scenario_1,30.2420814,58.242081400000004,0.0,0.0,0.0,0.0,28.0,0.0,30.242081400000004,3.552713678800501e-15
1260,scenario_1,30.06488217,30.06488217,0.0,0.0,0.0,0.0,0.0,0.0,30.06488217,0.0
1261,scenario_1,57.61639732,57.61639732,0.0,0.0,0.0,0.0,0.0,0.0,57.61639732,0.0
1262,scenario_1,48.39531914,76.39531914,0.0,0.0,0.0,0.0,28.0,0.0,48.39531914,0.0
1263,scenario_1,21.83202322,49.832023219999996,0.0,0.0,0.0,0.0,27.999999999999996,0.0,21.83202322,0.0
1264,scenario_1,13.99146549,41.991465489999996,0.0,0.0,0.0,0.0,28.0,0.0,13.991465489999996,-3.552713678800501e-15
1265,scenario_1,8.45876355,8.45876355,0.0,0.0,0.0,0.0,0.0,0.0,8.45876355,0.0
1266,scenario_1,9.354074967,2.90460718275,0.0,0.0,6.44946778425,0.0,0.0,0.0,9.354074967,0.0
1267,scenario_1,10.64047707,0.0,0.0,0.0,10.64047707,0.0,0.0,0.0,10.64047707,0.0
1268,scenario_1,8.470793517,0.0,0.0,0.0,8.470793517,0.0,0.0,0.0,8.470793517,0.0
1269,scenario_1,7.8835433,0.0,0.0,0.0,7.8835433,0.0,0.0,0.0,7.8835433,0.0
1270,scenario_1,7.387092,0.0,0.0,0.0,7.387092,0.0,0.0,0.0,7.387092,0.0
1271,scenario_1,6.179490767,0.0,0.0,0.0,6.179490767,0.0,0.0,0.0,6.179490767,0.0
1272,scenario_1,0.439202767,0.0,0.0,0.0,0.439202767,0.0,0.0,0.0,0.439202767,0.0
1273,scenario_1,0.4911857,0.0,0.0,0.0,0.4911857,0.0,0.0,0.0,0.4911857,0.0
1274,scenario_1,0.497654017,0.0,0.0,0.0,0.497654017,0.0,0.0,0.0,0.497654017,0.0
1275,scenario_1,1.424121617,0.0,0.0,0.0,1.424121617,0.0,0.0,0.0,1.424121617,0.0
1276,scenario_1,6.994374667,0.0,0.0,0.0,6.994374667,0.0,0.0,0.0,6.994374667,0.0
1277,scenario_1,7.858441933,0.0,0.0,0.0,7.858441933,0.0,0.0,0.0,7.858441933,0.0
1278,scenario_1,3.793512817,0.0,0.0,0.0,3.793512817,0.0,0.0,0.0,3.793512817,0.0
1279,scenario_1,12.65163379,10.3921201461,0.0,0.0,2.2595136439,0.0,0.0,0.0,12.65163379,0.0
1280,scenario_1,58.53323569,39.23633190285,0.0,0.0,19.29690378715,0.0,0.0,0.0,58.53323569,0.0
1281,scenario_1,63.12106097,63.12106097,0.0,0.0,0.0,0.0,0.0,0.0,63.12106097,0.0
1282,scenario_1,62.68740283,62.68740283,0.0,0.0,0.0,0.0,0.0,0.0,62.68740283,0.0
1283,scenario_1,34.61285568,49.94663370815659,0.0,0.0,0.0,0.0,15.333778028156589,0.0,34.61285568,0.0
1284,scenario_1,28.15763175,56.15763175,0.0,0.0,0.0,0.0,28.0,0.0,28.15763175,0.0
1285,scenario_1,81.6942599,103.28691415635,0.0,0.0,0.0,0.0,21.592654256349988,0.0,81.6942599,0.0
1286,scenario_1,41.26435905,69.26435905,0.0,0.0,0.0,0.0,28.0,0.0,41.264359049999996,-7.105427357601002e-15
1287,scenario_1,17.54817444,45.54817444,0.0,0.0,0.0,0.0,28.0,0.0,17.548174439999997,-3.552713678800501e-15
1288,scenario_1,10.25875174,10.25875174,0.0,0.0,0.0,0.0,0.0,0.0,10.25875174,0.0
1289,scenario_1,8.25985345,8.25985345,0.0,0.0,0.0,0.0,0.0,0.0,8.25985345,0.0
1290,scenario_1,8.759809367,3.4397272725000003,0.0,0.0,5.3200820945,0.0,0.0,0.0,8.759809367,0.0
1291,scenario_1,9.034911683,0.0,0.0,0.0,9.034911683,0.0,0.0,0.0,9.034911683,0.0
1292,scenario_1,8.479626533,0.0,0.0,0.0,8.479626533,0.0,0.0,0.0,8.479626533,0.0
1293,scenario_1,7.656559417,0.0,0.0,0.0,7.656559417,0.0,0.0,0.0,7.656559417,0.0
1294,scenario_1,8.082223517,0.0,0.0,0.0,8.082223517,0.0,0.0,0.0,8.082223517,0.0
1295,scenario_1,6.113244283,0.0,0.0,0.0,6.113244283,0.0,0.0,0.0,6.113244283,0.0
1296,scenario_1,0.4276695,0.0,0.0,0.0,0.4276695,0.0,0.0,0.0,0.4276695,0.0
1297,scenario_1,0.46263575,0.0,0.0,0.0,0.46263575,0.0,0.0,0.0,0.46263575,0.0
1298,scenario_1,0.5163539,0.0,0.0,0.0,0.5163539,0.0,0.0,0.0,0.5163539,0.0
1299,scenario_1,1.113972683,0.0,0.0,0.0,1.113972683,0.0,0.0,0.0,1.113972683,0.0
1300,scenario_1,6.835007133,0.0,0.0,0.0,6.835007133,0.0,0.0,0.0,6.835007133,0.0
1301,scenario_1,7.72135805,0.0,0.0,0.0,7.72135805,0.0,0.0,0.0,7.72135805,0.0
1302,scenario_1,3.628910283,0.0,0.0,0.0,3.628910283,0.0,0.0,0.0,3.628910283,0.0
1303,scenario_1,18.32686958,10.58836669155,0.0,0.0,7.73850288845,0.0,0.0,0.0,18.32686958,0.0
1304,scenario_1,57.51787161,39.6416538954,0.0,0.0,17.876217714600003,0.0,0.0,0.0,57.51787161,0.0
1305,scenario_1,74.33357067,66.73621133639999,0.0,0.0,7.597359333600011,0.0,0.0,0.0,74.33357067,0.0
1306,scenario_1,80.10944233,80.10944233,0.0,0.0,0.0,0.0,0.0,0.0,80.10944233,0.0
1307,scenario_1,46.74240404,74.74240404,0.0,0.0,0.0,0.0,28.0,0.0,46.74240404,0.0
1308,scenario_1,26.42711247,54.42711247,0.0,0.0,0.0,0.0,28.0,0.0,26.427112469999997,-3.552713678800501e-15
1309,scenario_1,58.93814895,58.93814895,0.0,0.0,0.0,0.0,0.0,0.0,58.93814895,0.0
1310,scenario_1,29.98668428,57.98668428,0.0,0.0,0.0,0.0,28.0,0.0,29.98668428,0.0
1311,scenario_1,17.11965675,45.119656750000004,0.0,0.0,0.0,0.0,28.0,0.0,17.119656750000004,3.552713678800501e-15
1312,scenario_1,10.4025492,10.4025492,0.0,0.0,0.0,0.0,0.0,0.0,10.4025492,0.0
1313,scenario_1,7.582968767,20.027413211444465,0.0,0.0,0.0,0.0,12.444444444444445,0.0,7.58296876700002,2.042810365310288e-14
1314,scenario_1,8.275280533,3.4577015584499997,0.0,0.0,4.817578974550001,0.0,0.0,0.0,8.275280533,0.0
1315,scenario_1,9.922194783,0.0,0.0,0.0,9.922194783,0.0,0.0,0.0,9.922194783,0.0
1316,scenario_1,9.0492769,0.0,0.0,0.0,9.0492769,0.0,0.0,0.0,9.0492769,0.0
1317,scenario_1,8.761124567,0.0,0.0,0.0,8.761124567,0.0,0.0,0.0,8.761124567,0.0
1318,scenario_1,8.351792283,0.0,0.0,0.0,8.351792283,0.0,0.0,0.0,8.351792283,0.0
1319,scenario_1,5.841560783,0.0,0.0,0.0,5.841560783,0.0,0.0,0.0,5.841560783,0.0
1320,scenario_1,0.439402683,0.0,0.0,0.0,0.439402683,0.0,0.0,0.0,0.439402683,0.0
1321,scenario_1,0.47080125,0.0,0.0,0.0,0.47080125,0.0,0.0,0.0,0.47080125,0.0
1322,scenario_1,0.50803485,0.0,0.0,0.0,0.50803485,0.0,0.0,0.0,0.50803485,0.0
1323,scenario_1,1.072837,0.0,0.0,0.0,1.072837,0.0,0.0,0.0,1.072837,0.0
1324,scenario_1,6.922171533,0.0,0.0,0.0,6.922171533,0.0,0.0,0.0,6.922171533,0.0
1325,scenario_1,7.47567385,0.0,0.0,0.0,7.47567385,0.0,0.0,0.0,7.47567385,0.0
1326,scenario_1,3.057030283,0.0,0.0,0.0,3.057030283,0.0,0.0,0.0,3.057030283,0.0
1327,scenario_1,9.224941683,9.224941683,0.0,0.0,0.0,0.0,0.0,0.0,9.224941683,0.0
1328,scenario_1,39.11035511,39.13275656445,0.0,0.0,0.0,0.0,0.02240145444999797,0.0,39.11035511,0.0
1329,scenario_1,80.12523855,65.6165303202,0.0,0.0,14.508708229800007,0.0,0.0,0.0,80.12523855,0.0
1330,scenario_1,78.71677281,81.32217422415,0.0,0.0,0.0,0.0,2.605401414150009,0.0,78.71677281,0.0
1331,scenario_1,40.81109964,40.81109964,0.0,0.0,0.0,0.0,0.0,0.0,40.81109964,0.0
1332,scenario_1,26.94501623,54.94501623,0.0,0.0,0.0,0.0,28.0,0.0,26.94501623,0.0
1333,scenario_1,70.0872652,70.0872652,0.0,0.0,0.0,0.0,0.0,0.0,70.0872652,0.0
1334,scenario_1,39.4409038,67.4409038,0.0,0.0,0.0,0.0,28.0,0.0,39.4409038,0.0
1335,scenario_1,17.04948599,17.04948599,0.0,0.0,0.0,0.0,0.0,0.0,17.04948599,0.0
1336,scenario_1,9.828264612,37.828264612,0.0,0.0,0.0,0.0,28.0,0.0,9.828264611999998,-1.7763568394002505e-15
1337,scenario_1,8.85745769,22.47433132677035,0.0,0.0,0.0,0.0,13.61687363677035,0.0,8.85745769,0.0
1338,scenario_1,9.624325217,3.46050525735,0.0,0.0,6.1638199596500005,0.0,0.0,0.0,9.624325217,0.0
1339,scenario_1,9.008009433,0.0,0.0,0.0,9.008009433,0.0,0.0,0.0,9.008009433,0.0
1340,scenario_1,9.12360605,0.0,0.0,0.0,9.12360605,0.0,0.0,0.0,9.12360605,0.0
1341,scenario_1,8.209442517,0.0,0.0,0.0,8.209442517,0.0,0.0,0.0,8.209442517,0.0
1342,scenario_1,7.94274365,0.0,0.0,0.0,7.94274365,0.0,0.0,0.0,7.94274365,0.0
1343,scenario_1,5.6953926,0.0,0.0,0.0,5.6953926,0.0,0.0,0.0,5.6953926,0.0
1344,scenario_1,0.396688833,0.0,0.0,0.0,0.396688833,0.0,0.0,0.0,0.396688833,0.0
1345,scenario_1,0.515502167,0.0,0.0,0.0,0.515502167,0.0,0.0,0.0,0.515502167,0.0
1346,scenario_1,0.630903583,0.0,0.0,0.0,0.630903583,0.0,0.0,0.0,0.630903583,0.0
1347,scenario_1,1.391773317,0.0,0.0,0.0,1.391773317,0.0,0.0,0.0,1.391773317,0.0
1348,scenario_1,7.451223067,0.0,0.0,0.0,7.451223067,0.0,0.0,0.0,7.451223067,0.0
1349,scenario_1,7.24141015,0.0,0.0,0.0,7.24141015,0.0,0.0,0.0,7.24141015,0.0
1350,scenario_1,4.028712567,0.0,0.0,0.0,4.028712567,0.0,0.0,0.0,4.028712567,0.0
1351,scenario_1,13.99979515,10.7407266114,0.0,0.0,3.259068538600001,0.0,0.0,0.0,13.99979515,0.0
1352,scenario_1,63.95851297,39.57039070274999,0.0,0.0,24.38812226725001,0.0,0.0,0.0,63.95851297,0.0
1353,scenario_1,70.29980054,66.13822971434999,0.0,0.0,4.161570825650017,0.0,0.0,0.0,70.29980054,0.0
1354,scenario_1,76.94362856,83.76223173465,0.0,0.0,0.0,0.0,6.818603174650008,0.0,76.94362856,0.0
1355,scenario_1,42.78120149,70.78120149,0.0,0.0,0.0,0.0,28.0,0.0,42.78120149,0.0
1356,scenario_1,30.12152349,30.12152349,0.0,0.0,0.0,0.0,0.0,0.0,30.12152349,0.0
1357,scenario_1,63.79586816,63.79586816,0.0,0.0,0.0,0.0,0.0,0.0,63.79586816,0.0
1358,scenario_1,33.44000979,61.44000979,0.0,0.0,0.0,0.0,28.0,0.0,33.44000979,0.0
1359,scenario_1,17.06746712,17.06746712,0.0,0.0,0.0,0.0,0.0,0.0,17.06746712,0.0
1360,scenario_1,10.23888182,10.23888182,0.0,0.0,0.0,0.0,0.0,0.0,10.23888182,0.0
1361,scenario_1,7.507402967,19.534549130374707,0.0,0.0,0.0,0.0,12.027146163374706,0.0,7.507402967000001,8.881784197001252e-16
1362,scenario_1,8.38364625,3.54196669335,0.0,0.0,4.84167955665,0.0,0.0,0.0,8.38364625,0.0
1363,scenario_1,8.33014585,0.0,0.0,0.0,8.33014585,0.0,0.0,0.0,8.33014585,0.0
1364,scenario_1,8.195740933,0.0,0.0,0.0,8.195740933,0.0,0.0,0.0,8.195740933,0.0
1365,scenario_1,7.970242533,0.0,0.0,0.0,7.970242533,0.0,0.0,0.0,7.970242533,0.0
1366,scenario_1,7.6923251,0.0,0.0,0.0,7.6923251,0.0,0.0,0.0,7.6923251,0.0
1367,scenario_1,5.882759617,0.0,0.0,0.0,5.882759617,0.0,0.0,0.0,5.882759617,0.0
1368,scenario_1,0.430003267,0.0,0.0,0.0,0.430003267,0.0,0.0,0.0,0.430003267,0.0
1369,scenario_1,0.474201933,0.0,0.0,0.0,0.474201933,0.0,0.0,0.0,0.474201933,0.0
1370,scenario_1,0.4874686,0.0,0.0,0.0,0.4874686,0.0,0.0,0.0,0.4874686,0.0
1371,scenario_1,1.109937983,0.0,0.0,0.0,1.109937983,0.0,0.0,0.0,1.109937983,0.0
1372,scenario_1,6.94060845,0.0,0.0,0.0,6.94060845,0.0,0.0,0.0,6.94060845,0.0
1373,scenario_1,6.861159883,0.0,0.0,0.0,6.861159883,0.0,0.0,0.0,6.861159883,0.0
1374,scenario_1,2.600793733,0.0,0.0,0.0,2.600793733,0.0,0.0,0.0,2.600793733,0.0
1375,scenario_1,9.268504886,9.89813200305,0.0,0.0,0.0,0.0,0.6296271170499992,0.0,9.268504886,0.0
1376,scenario_1,24.25596818,24.25596818,0.0,0.0,0.0,0.0,0.0,0.0,24.25596818,0.0
1377,scenario_1,47.04885769,64.73330401425,0.0,0.0,0.0,0.0,17.684446324249997,0.0,47.04885769,0.0
1378,scenario_1,47.79626281,47.79626281,0.0,0.0,0.0,0.0,0.0,0.0,47.79626281,0.0
1379,scenario_1,14.14878458,42.14878458,0.0,0.0,0.0,0.0,28.0,0.0,14.148784579999997,-1.7763568394002505e-15
1380,scenario_1,8.221058625,8.221058625,0.0,0.0,0.0,0.0,0.0,0.0,8.221058625,0.0
1381,scenario_1,50.70826538,78.70826538,0.0,0.0,0.0,0.0,28.0,0.0,50.70826538,0.0
1382,scenario_1,14.72099655,14.72099655,0.0,0.0,0.0,0.0,0.0,0.0,14.72099655,0.0
1383,scenario_1,8.183931472,8.183931472,0.0,0.0,0.0,0.0,0.0,0.0,8.183931472,0.0
1384,scenario_1,5.805521574,15.936904956541373,0.0,0.0,0.0,0.0,10.131383382541372,0.0,5.805521574,0.0
1385,scenario_1,5.046259833,5.046259833,0.0,0.0,0.0,0.0,0.0,0.0,5.046259833,0.0
1386,scenario_1,8.1643574,3.00707295345,0.0,0.0,5.15728444655,0.0,0.0,0.0,8.1643574,0.0
1387,scenario_1,8.662742167,0.0,0.0,0.0,8.662742167,0.0,0.0,0.0,8.662742167,0.0
1388,scenario_1,8.397424383,0.0,0.0,0.0,8.397424383,0.0,0.0,0.0,8.397424383,0.0
1389,scenario_1,7.977124617,0.0,0.0,0.0,7.977124617,0.0,0.0,0.0,7.977124617,0.0
1390,scenario_1,7.290389483,0.0,0.0,0.0,7.290389483,0.0,0.0,0.0,7.290389483,0.0
1391,scenario_1,6.40710425,0.0,0.0,0.0,6.40710425,0.0,0.0,0.0,6.40710425,0.0
1392,scenario_1,0.435336433,0.0,0.0,0.0,0.435336433,0.0,0.0,0.0,0.435336433,0.0
1393,scenario_1,0.479951717,0.0,0.0,0.0,0.479951717,0.0,0.0,0.0,0.479951717,0.0
1394,scenario_1,0.515520217,0.0,0.0,0.0,0.515520217,0.0,0.0,0.0,0.515520217,0.0
1395,scenario_1,1.4529038,0.0,0.0,0.0,1.4529038,0.0,0.0,0.0,1.4529038,0.0
1396,scenario_1,7.482271317,0.0,0.0,0.0,7.482271317,0.0,0.0,0.0,7.482271317,0.0
1397,scenario_1,7.028388983,0.0,0.0,0.0,7.028388983,0.0,0.0,0.0,7.028388983,0.0
1398,scenario_1,2.656091167,0.0,0.0,0.0,2.656091167,0.0,0.0,0.0,2.656091167,0.0
1399,scenario_1,3.019106767,11.086234154849999,0.0,0.0,0.0,0.0,8.067127387849998,0.0,3.0191067670000002,4.440892098500626e-16
1400,scenario_1,39.85568128,39.73762096215,0.0,0.0,0.11806031785000215,0.0,0.0,0.0,39.85568128,0.0
1401,scenario_1,47.75839057,47.75839057,0.0,0.0,0.0,0.0,0.0,0.0,47.75839057,0.0
1402,scenario_1,35.74276927,63.74276927,0.0,0.0,0.0,0.0,28.0,0.0,35.74276927,0.0
1403,scenario_1,12.77472036,12.77472036,0.0,0.0,0.0,0.0,0.0,0.0,12.77472036,0.0
1404,scenario_1,10.29205486,10.29205486,0.0,0.0,0.0,0.0,0.0,0.0,10.29205486,0.0
1405,scenario_1,47.62579458,47.62579458,0.0,0.0,0.0,0.0,0.0,0.0,47.62579458,0.0
1406,scenario_1,25.77295792,53.772957919999996,0.0,0.0,0.0,0.0,28.0,0.0,25.772957919999996,-3.552713678800501e-15
1407,scenario_1,4.167757674,32.167757674,0.0,0.0,0.0,0.0,28.0,0.0,4.167757674000001,8.881784197001252e-16
1408,scenario_1,3.220669588,3.220669588,0.0,0.0,0.0,0.0,0.0,0.0,3.220669588,0.0
1409,scenario_1,3.79901105,30.818023503000003,0.0,0.0,0.0,0.0,27.019012453000002,0.0,3.7990110500000007,8.881784197001252e-16
1410,scenario_1,7.2638427,4.1320434727499995,0.0,0.0,3.13179922725,0.0,0.0,0.0,7.2638427,0.0
1411,scenario_1,9.543540167,0.0,0.0,0.0,9.543540167,0.0,0.0,0.0,9.543540167,0.0
1412,scenario_1,9.0945399,0.0,0.0,0.0,9.0945399,0.0,0.0,0.0,9.0945399,0.0
1413,scenario_1,9.331071717,0.0,0.0,0.0,9.331071717,0.0,0.0,0.0,9.331071717,0.0
1414,scenario_1,8.663489333,0.0,0.0,0.0,8.663489333,0.0,0.0,0.0,8.663489333,0.0
1415,scenario_1,6.665758383,0.0,0.0,0.0,6.665758383,0.0,0.0,0.0,6.665758383,0.0
1416,scenario_1,0.427436483,0.0,0.0,0.0,0.427436483,0.0,0.0,0.0,0.427436483,0.0
1417,scenario_1,0.495785933,0.0,0.0,0.0,0.495785933,0.0,0.0,0.0,0.495785933,0.0
1418,scenario_1,0.559702667,0.0,0.0,0.0,0.559702667,0.0,0.0,0.0,0.559702667,0.0
1419,scenario_1,0.95972235,0.0,0.0,0.0,0.95972235,0.0,0.0,0.0,0.95972235,0.0
1420,scenario_1,7.306660633,0.0,0.0,0.0,7.306660633,0.0,0.0,0.0,7.306660633,0.0
1421,scenario_1,7.804829433,0.0,0.0,0.0,7.804829433,0.0,0.0,0.0,7.804829433,0.0
1422,scenario_1,4.3480712,0.0,0.0,0.0,4.3480712,0.0,0.0,0.0,4.3480712,0.0
1423,scenario_1,15.9713949,10.282599662099999,0.0,0.0,5.688795237900001,0.0,0.0,0.0,15.9713949,0.0
1424,scenario_1,43.72601082,36.32823780494999,0.0,0.0,7.3977730150500065,0.0,0.0,0.0,43.72601082,0.0
1425,scenario_1,82.00775986,69.80255535225,0.0,0.0,12.205204507749997,0.0,0.0,0.0,82.00775986,0.0
1426,scenario_1,78.70730036,88.96386158265,0.0,0.0,0.0,0.0,10.256561222649992,0.0,78.70730036,0.0
1427,scenario_1,34.39109826,34.39109826,0.0,0.0,0.0,0.0,0.0,0.0,34.39109826,0.0
1428,scenario_1,30.26781282,58.26781282,0.0,0.0,0.0,0.0,28.0,0.0,30.267812820000003,3.552713678800501e-15
1429,scenario_1,65.93483927,87.26368568555986,0.0,0.0,0.0,0.0,21.328846415559862,0.0,65.93483927,0.0
1430,scenario_1,32.99946492,60.99946492,0.0,0.0,0.0,0.0,28.0,0.0,32.99946492,0.0
1431,scenario_1,15.60934776,15.60934776,0.0,0.0,0.0,0.0,0.0,0.0,15.60934776,0.0
1432,scenario_1,10.94725267,38.94725267,0.0,0.0,0.0,0.0,28.0,0.0,10.947252669999997,-1.7763568394002505e-15
1433,scenario_1,8.517852733,8.517852733,0.0,0.0,0.0,0.0,0.0,0.0,8.517852733,0.0
1434,scenario_1,8.8656276,2.9250839397,0.0,0.0,5.9405436602999995,0.0,0.0,0.0,8.8656276,0.0
1435,scenario_1,9.24544605,0.0,0.0,0.0,9.24544605,0.0,0.0,0.0,9.24544605,0.0
1436,scenario_1,8.863396083,0.0,0.0,0.0,8.863396083,0.0,0.0,0.0,8.863396083,0.0
1437,scenario_1,7.9285798,0.0,0.0,0.0,7.9285798,0.0,0.0,0.0,7.9285798,0.0
1438,scenario_1,7.591328317,0.0,0.0,0.0,7.591328317,0.0,0.0,0.0,7.591328317,0.0
1439,scenario_1,6.991876483,0.0,0.0,0.0,6.991876483,0.0,0.0,0.0,6.991876483,0.0
1440,scenario_1,0.425803483,0.0,0.0,0.0,0.425803483,0.0,0.0,0.0,0.425803483,0.0
1441,scenario_1,0.475285267,0.0,0.0,0.0,0.475285267,0.0,0.0,0.0,0.475285267,0.0
1442,scenario_1,0.56526925,0.0,0.0,0.0,0.56526925,0.0,0.0,0.0,0.56526925,0.0
1443,scenario_1,0.897504883,0.0,0.0,0.0,0.897504883,0.0,0.0,0.0,0.897504883,0.0
1444,scenario_1,7.08069035,0.0,0.0,0.0,7.08069035,0.0,0.0,0.0,7.08069035,0.0
1445,scenario_1,8.831407417,0.0,0.0,0.0,8.831407417,0.0,0.0,0.0,8.831407417,0.0
1446,scenario_1,6.304410733,0.0,0.0,0.0,6.304410733,0.0,0.0,0.0,6.304410733,0.0
1447,scenario_1,20.83993434,2.5484251666499995,0.0,0.0,0.0,18.29150917335,0.0,0.0,20.83993434,0.0
1448,scenario_1,65.23108336,37.1776574679,0.0,0.0,28.0,0.05342589209971038,0.0,0.0,65.2310833599997,-2.984279490192421e-13
1449,scenario_1,67.58204719,64.71422812635001,0.0,0.0,1.6584582236997267,1.2093608399502627,0.0,0.0,67.58204719,0.0
1450,scenario_1,72.57036234,72.57036234,0.0,0.0,0.0,0.0,0.0,0.0,72.57036234,0.0
1451,scenario_1,30.75466487,58.75466487,0.0,0.0,0.0,0.0,28.0,0.0,30.75466487,0.0
1452,scenario_1,24.92748777,52.92748777,0.0,0.0,0.0,0.0,28.0,0.0,24.92748777,0.0
1453,scenario_1,51.48979829,79.48979829000001,0.0,0.0,0.0,0.0,28.0,0.0,51.48979829000001,7.105427357601002e-15
1454,scenario_1,35.24048864,52.43769803174446,0.0,0.0,0.0,0.0,17.19720939174446,0.0,35.240488639999995,-7.105427357601002e-15
1455,scenario_1,16.21338846,16.21338846,0.0,0.0,0.0,0.0,0.0,0.0,16.21338846,0.0
1456,scenario_1,8.324657481,8.324657481,0.0,0.0,0.0,0.0,0.0,0.0,8.324657481,0.0
1457,scenario_1,6.497955603,29.7451906557,0.0,0.0,0.0,0.0,23.2472350527,0.0,6.497955603000001,8.881784197001252e-16
1458,scenario_1,9.232178083,2.9298457425,0.0,0.0,6.302332340500001,0.0,0.0,0.0,9.232178083,0.0
1459,scenario_1,9.461425433,0.0,0.0,0.0,9.461425433,0.0,0.0,0.0,9.461425433,0.0
1460,scenario_1,9.350641717,0.0,0.0,0.0,9.350641717,0.0,0.0,0.0,9.350641717,0.0
1461,scenario_1,8.694242383,0.0,0.0,0.0,8.694242383,0.0,0.0,0.0,8.694242383,0.0
1462,scenario_1,8.2518077,0.0,0.0,0.0,8.2518077,0.0,0.0,0.0,8.2518077,0.0
1463,scenario_1,5.4046922,0.0,0.0,0.0,2.3652668199114726,3.039425380088528,0.0,0.0,5.4046922,0.0
1464,scenario_1,0.420620383,0.0,0.0,0.0,0.420620383,0.0,0.0,0.0,0.420620383,0.0
1465,scenario_1,0.494551583,0.0,0.0,0.0,0.494551583,0.0,0.0,0.0,0.494551583,0.0
1466,scenario_1,0.493803183,0.0,0.0,0.0,0.493803183,0.0,0.0,0.0,0.493803183,0.0
1467,scenario_1,1.19330405,0.0,0.0,0.0,0.0,1.19330405,0.0,0.0,1.19330405,0.0
1468,scenario_1,7.402573783,0.0,0.0,0.0,7.402573783,0.0,0.0,0.0,7.402573783,0.0
1469,scenario_1,8.091273817,0.0,0.0,0.0,8.091273817,0.0,0.0,0.0,8.091273817,0.0
1470,scenario_1,4.8257297,0.0,0.0,0.0,4.8257297,0.0,0.0,0.0,4.8257297,0.0
1471,scenario_1,10.24946681,11.89221927915,0.0,0.0,0.0,0.0,1.6427524691500004,0.0,10.24946681,0.0
1472,scenario_1,57.70549931,39.988724073899995,0.0,0.0,17.716775236100005,0.0,0.0,0.0,57.70549931,0.0
1473,scenario_1,82.99927602,66.20533931985,0.0,0.0,16.79393670015,0.0,0.0,0.0,82.99927602,0.0
1474,scenario_1,86.93836963,85.47272090864999,0.0,0.0,1.4656487213500071,0.0,0.0,0.0,86.93836963,0.0
1475,scenario_1,41.14227003,41.14227003,0.0,0.0,0.0,0.0,0.0,0.0,41.14227003,0.0
1476,scenario_1,32.25739693,60.25739693,0.0,0.0,0.0,0.0,28.0,0.0,32.25739693,0.0
1477,scenario_1,64.58725784,92.58725784,0.0,0.0,0.0,0.0,28.0,0.0,64.58725784,0.0
1478,scenario_1,24.91390491,24.91390491,0.0,0.0,0.0,0.0,0.0,0.0,24.91390491,0.0
1479,scenario_1,15.46849369,43.46849369,0.0,0.0,0.0,0.0,28.0,0.0,15.468493690000003,1.7763568394002505e-15
1480,scenario_1,11.79254829,39.79254829,0.0,0.0,0.0,0.0,28.0,0.0,11.79254829,0.0
1481,scenario_1,7.488812483,7.488812483,0.0,0.0,0.0,0.0,0.0,0.0,7.488812483,0.0
1482,scenario_1,9.360093767,2.6770422495,0.0,0.0,6.683051517500001,0.0,0.0,0.0,9.360093767,0.0
1483,scenario_1,9.391726917,0.0,0.0,0.0,9.391726917,0.0,0.0,0.0,9.391726917,0.0
1484,scenario_1,8.401792967,0.0,0.0,0.0,8.401792967,0.0,0.0,0.0,8.401792967,0.0
1485,scenario_1,7.758842283,0.0,0.0,0.0,7.758842283,0.0,0.0,0.0,7.758842283,0.0
1486,scenario_1,8.021374483,0.0,0.0,0.0,8.021374483,0.0,0.0,0.0,8.021374483,0.0
1487,scenario_1,5.30740655,0.0,0.0,0.0,5.30740655,0.0,0.0,0.0,5.30740655,0.0
1488,scenario_1,0.425002817,0.0,0.0,0.0,0.425002817,0.0,0.0,0.0,0.425002817,0.0
1489,scenario_1,0.480034683,0.0,0.0,0.0,0.480034683,0.0,0.0,0.0,0.480034683,0.0
1490,scenario_1,0.496602083,0.0,0.0,0.0,0.496602083,0.0,0.0,0.0,0.496602083,0.0
1491,scenario_1,0.719437217,0.0,0.0,0.0,0.719437217,0.0,0.0,0.0,0.719437217,0.0
1492,scenario_1,6.63460645,0.0,0.0,0.0,6.63460645,0.0,0.0,0.0,6.63460645,0.0
1493,scenario_1,7.904776783,0.0,0.0,0.0,7.904776783,0.0,0.0,0.0,7.904776783,0.0
1494,scenario_1,4.159444133,0.0,0.0,0.0,4.159444133,0.0,0.0,0.0,4.159444133,0.0
1495,scenario_1,9.18930865,9.18930865,0.0,0.0,0.0,0.0,0.0,0.0,9.18930865,0.0
1496,scenario_1,63.93614505,43.21178735819999,0.0,0.0,20.72435769180001,0.0,0.0,0.0,63.93614505,0.0
1497,scenario_1,70.91952715,68.5575888975,0.0,0.0,2.3619382524999963,0.0,0.0,0.0,70.91952715,0.0
1498,scenario_1,68.50252238,89.11786881959999,0.0,0.0,0.0,0.0,20.61534643959999,0.0,68.50252238,0.0
1499,scenario_1,38.12126779,38.12126779,0.0,0.0,0.0,0.0,0.0,0.0,38.12126779,0.0
1500,scenario_1,29.78211638,57.782116380000005,0.0,0.0,0.0,0.0,28.0,0.0,29.782116380000005,3.552713678800501e-15
1501,scenario_1,72.8005788,72.8005788,0.0,0.0,0.0,0.0,0.0,0.0,72.8005788,0.0
1502,scenario_1,26.84247128,54.84247128,0.0,0.0,0.0,0.0,28.0,0.0,26.842471279999998,-3.552713678800501e-15
1503,scenario_1,14.31385555,14.31385555,0.0,0.0,0.0,0.0,0.0,0.0,14.31385555,0.0
1504,scenario_1,10.59592987,26.31426137051919,0.0,0.0,0.0,0.0,15.718331500519188,0.0,10.595929870000003,1.7763568394002505e-15
1505,scenario_1,8.47636905,30.105289492349996,0.0,0.0,0.0,0.0,21.628920442349994,0.0,8.476369050000002,1.7763568394002505e-15
1506,scenario_1,8.674111133,2.7931689138,0.0,0.0,5.8809422192,0.0,0.0,0.0,8.674111133,0.0
1507,scenario_1,9.6472783,0.0,0.0,0.0,9.6472783,0.0,0.0,0.0,9.6472783,0.0
1508,scenario_1,8.651293,0.0,0.0,0.0,8.651293,0.0,0.0,0.0,8.651293,0.0
1509,scenario_1,7.9685439,0.0,0.0,0.0,7.9685439,0.0,0.0,0.0,7.9685439,0.0
1510,scenario_1,7.5361917,0.0,0.0,0.0,7.5361917,0.0,0.0,0.0,7.5361917,0.0
1511,scenario_1,6.113958017,0.0,0.0,0.0,6.113958017,0.0,0.0,0.0,6.113958017,0.0
1512,scenario_1,0.448685833,0.0,0.0,0.0,0.448685833,0.0,0.0,0.0,0.448685833,0.0
1513,scenario_1,0.488436133,0.0,0.0,0.0,0.488436133,0.0,0.0,0.0,0.488436133,0.0
1514,scenario_1,0.517104233,0.0,0.0,0.0,0.517104233,0.0,0.0,0.0,0.517104233,0.0
1515,scenario_1,1.38313845,0.0,0.0,0.0,1.38313845,0.0,0.0,0.0,1.38313845,0.0
1516,scenario_1,6.97149045,0.0,0.0,0.0,6.97149045,0.0,0.0,0.0,6.97149045,0.0
1517,scenario_1,7.470507733,0.0,0.0,0.0,7.470507733,0.0,0.0,0.0,7.470507733,0.0
1518,scenario_1,3.296762283,0.0,0.0,0.0,3.296762283,0.0,0.0,0.0,3.296762283,0.0
1519,scenario_1,12.96047235,12.96047235,0.0,0.0,0.0,0.0,0.0,0.0,12.96047235,0.0
1520,scenario_1,62.63047171,42.67463710515,0.0,0.0,19.955834604850004,0.0,0.0,0.0,62.63047171,0.0
1521,scenario_1,77.37253883,70.14339582404999,0.0,0.0,7.229143005950007,0.0,0.0,0.0,77.37253883,0.0
1522,scenario_1,63.86540279,63.86540279,0.0,0.0,0.0,0.0,0.0,0.0,63.86540279,0.0
1523,scenario_1,34.9656122,34.9656122,0.0,0.0,0.0,0.0,0.0,0.0,34.9656122,0.0
1524,scenario_1,29.96820278,57.96820278,0.0,0.0,0.0,0.0,28.0,0.0,29.96820278,0.0
1525,scenario_1,68.88120688,96.88120688,0.0,0.0,0.0,0.0,28.0,0.0,68.88120688,0.0
1526,scenario_1,37.75274944,65.75274944,0.0,0.0,0.0,0.0,28.0,0.0,37.75274944,0.0
1527,scenario_1,15.97736609,15.97736609,0.0,0.0,0.0,0.0,0.0,0.0,15.97736609,0.0
1528,scenario_1,11.72085145,27.629586709095676,0.0,0.0,0.0,0.0,15.908735259095673,0.0,11.720851450000003,3.552713678800501e-15
1529,scenario_1,7.469135567,29.91516027525,0.0,0.0,0.0,0.0,22.44602470825,0.0,7.469135566999999,-1.7763568394002505e-15
1530,scenario_1,8.2024642,2.78278194345,0.0,0.0,5.41968225655,0.0,0.0,0.0,8.2024642,0.0
1531,scenario_1,8.9784931,0.0,0.0,0.0,8.9784931,0.0,0.0,0.0,8.9784931,0.0
1532,scenario_1,7.900894167,0.0,0.0,0.0,7.900894167,0.0,0.0,0.0,7.900894167,0.0
1533,scenario_1,8.0365261,0.0,0.0,0.0,8.0365261,0.0,0.0,0.0,8.0365261,0.0
1534,scenario_1,8.665806233,0.0,0.0,0.0,8.665806233,0.0,0.0,0.0,8.665806233,0.0
1535,scenario_1,7.387558617,0.0,0.0,0.0,7.387558617,0.0,0.0,0.0,7.387558617,0.0
1536,scenario_1,0.392204,0.0,0.0,0.0,0.392204,0.0,0.0,0.0,0.392204,0.0
1537,scenario_1,0.46678515,0.0,0.0,0.0,0.46678515,0.0,0.0,0.0,0.46678515,0.0
1538,scenario_1,0.486601167,0.0,0.0,0.0,0.486601167,0.0,0.0,0.0,0.486601167,0.0
1539,scenario_1,1.261469,0.0,0.0,0.0,1.261469,0.0,0.0,0.0,1.261469,0.0
1540,scenario_1,7.0129361,0.0,0.0,0.0,7.0129361,0.0,0.0,0.0,7.0129361,0.0
1541,scenario_1,7.397206683,0.0,0.0,0.0,7.397206683,0.0,0.0,0.0,7.397206683,0.0
1542,scenario_1,2.941193,0.0,0.0,0.0,2.941193,0.0,0.0,0.0,2.941193,0.0
1543,scenario_1,8.520408335,8.520408335,0.0,0.0,0.0,0.0,0.0,0.0,8.520408335,0.0
1544,scenario_1,29.02970762,29.02970762,0.0,0.0,0.0,0.0,0.0,0.0,29.02970762,0.0
1545,scenario_1,41.97512258,69.97512258,0.0,0.0,0.0,0.0,28.0,0.0,41.975122580000004,7.105427357601002e-15
1546,scenario_1,51.66487464,51.66487464,0.0,0.0,0.0,0.0,0.0,0.0,51.66487464,0.0
1547,scenario_1,20.63506904,20.63506904,0.0,0.0,0.0,0.0,0.0,0.0,20.63506904,0.0
1548,scenario_1,4.451164816,4.451164816,0.0,0.0,0.0,0.0,0.0,0.0,4.451164816,0.0
1549,scenario_1,36.38630667,36.38630667,0.0,0.0,0.0,0.0,0.0,0.0,36.38630667,0.0
1550,scenario_1,26.35059825,54.350598250000004,0.0,0.0,0.0,0.0,28.0,0.0,26.350598250000004,3.552713678800501e-15
1551,scenario_1,7.406330169,7.406330169,0.0,0.0,0.0,0.0,0.0,0.0,7.406330169,0.0
1552,scenario_1,4.913994783,32.913994783,0.0,0.0,0.0,0.0,28.0,0.0,4.913994783,0.0
1553,scenario_1,6.26842485,6.26842485,0.0,0.0,0.0,0.0,0.0,0.0,6.26842485,0.0
1554,scenario_1,8.083474983,2.7862836871499996,0.0,0.0,5.29719129585,0.0,0.0,0.0,8.083474983,0.0
1555,scenario_1,8.825610767,0.0,0.0,0.0,8.825610767,0.0,0.0,0.0,8.825610767,0.0
1556,scenario_1,8.494725783,0.0,0.0,0.0,8.494725783,0.0,0.0,0.0,8.494725783,0.0
1557,scenario_1,7.7746593,0.0,0.0,0.0,7.7746593,0.0,0.0,0.0,7.7746593,0.0
1558,scenario_1,7.383841367,0.0,0.0,0.0,7.383841367,0.0,0.0,0.0,7.383841367,0.0
1559,scenario_1,5.552792567,0.0,0.0,0.0,5.552792567,0.0,0.0,0.0,5.552792567,0.0
1560,scenario_1,0.448285817,0.0,0.0,0.0,0.448285817,0.0,0.0,0.0,0.448285817,0.0
1561,scenario_1,0.487801083,0.0,0.0,0.0,0.487801083,0.0,0.0,0.0,0.487801083,0.0
1562,scenario_1,0.498869667,0.0,0.0,0.0,0.498869667,0.0,0.0,0.0,0.498869667,0.0
1563,scenario_1,0.6947381,0.0,0.0,0.0,0.6947381,0.0,0.0,0.0,0.6947381,0.0
1564,scenario_1,6.588139633,0.0,0.0,0.0,6.588139633,0.0,0.0,0.0,6.588139633,0.0
1565,scenario_1,7.529372867,0.0,0.0,0.0,7.529372867,0.0,0.0,0.0,7.529372867,0.0
1566,scenario_1,2.677607167,0.0,0.0,0.0,2.677607167,0.0,0.0,0.0,2.677607167,0.0
1567,scenario_1,8.142445728,8.142445728,0.0,0.0,0.0,0.0,0.0,0.0,8.142445728,0.0
1568,scenario_1,40.05754089,40.05754089,0.0,0.0,0.0,0.0,0.0,0.0,40.05754089,0.0
1569,scenario_1,47.42158189,47.42158189,0.0,0.0,0.0,0.0,0.0,0.0,47.42158189,0.0
1570,scenario_1,17.28823258,17.28823258,0.0,0.0,0.0,0.0,0.0,0.0,17.28823258,0.0
1571,scenario_1,5.089956809,28.81807749214875,0.0,0.0,0.0,0.0,23.72812068314875,0.0,5.089956809,0.0
1572,scenario_1,4.968356466,4.968356466,0.0,0.0,0.0,0.0,0.0,0.0,4.968356466,0.0
1573,scenario_1,41.50380628,69.50380627999999,0.0,0.0,0.0,0.0,28.0,0.0,41.50380627999999,-7.105427357601002e-15
1574,scenario_1,49.18878588,49.18878588,0.0,0.0,0.0,0.0,0.0,0.0,49.18878588,0.0
1575,scenario_1,8.080255362,8.080255362,0.0,0.0,0.0,0.0,0.0,0.0,8.080255362,0.0
1576,scenario_1,3.674575671,3.674575671,0.0,0.0,0.0,0.0,0.0,0.0,3.674575671,0.0
1577,scenario_1,4.786185298,29.91440463195,0.0,0.0,0.0,0.0,25.12821933395,0.0,4.7861852979999995,-8.881784197001252e-16
1578,scenario_1,7.524256283,2.7886245147,0.0,0.0,4.735631768299999,0.0,0.0,0.0,7.524256283,0.0
1579,scenario_1,9.202905467,0.0,0.0,0.0,9.202905467,0.0,0.0,0.0,9.202905467,0.0
1580,scenario_1,9.66990625,0.0,0.0,0.0,9.66990625,0.0,0.0,0.0,9.66990625,0.0
1581,scenario_1,8.653955217,0.0,0.0,0.0,8.653955217,0.0,0.0,0.0,8.653955217,0.0
1582,scenario_1,7.780387967,0.0,0.0,0.0,7.780387967,0.0,0.0,0.0,7.780387967,0.0
1583,scenario_1,5.186922533,0.0,0.0,0.0,5.186922533,0.0,0.0,0.0,5.186922533,0.0
1584,scenario_1,0.4243371,0.0,0.0,0.0,0.4243371,0.0,0.0,0.0,0.4243371,0.0
1585,scenario_1,0.514285117,0.0,0.0,0.0,0.514285117,0.0,0.0,0.0,0.514285117,0.0
1586,scenario_1,0.538721167,0.0,0.0,0.0,0.538721167,0.0,0.0,0.0,0.538721167,0.0
1587,scenario_1,1.204138767,0.0,0.0,0.0,1.204138767,0.0,0.0,0.0,1.204138767,0.0
1588,scenario_1,7.469057583,0.0,0.0,0.0,7.469057583,0.0,0.0,0.0,7.469057583,0.0
1589,scenario_1,7.457209667,0.0,0.0,0.0,7.457209667,0.0,0.0,0.0,7.457209667,0.0
1590,scenario_1,4.4235821,0.0,0.0,0.0,4.4235821,0.0,0.0,0.0,4.4235821,0.0
1591,scenario_1,22.02279368,13.2416355891,0.0,0.0,8.7811580909,0.0,0.0,0.0,22.02279368,0.0
1592,scenario_1,58.6068269,42.6257459052,0.0,0.0,15.981080994800003,0.0,0.0,0.0,58.6068269,0.0
1593,scenario_1,74.5345948,68.7153862383,0.0,0.0,5.819208561699995,0.0,0.0,0.0,74.5345948,0.0
1594,scenario_1,68.21692457,68.21692457,0.0,0.0,0.0,0.0,0.0,0.0,68.21692457,0.0
1595,scenario_1,41.07170312,45.563860197940116,0.0,0.0,0.0,0.0,4.49215707794011,0.0,41.07170312000001,7.105427357601002e-15
1596,scenario_1,29.8472502,57.847250200000005,0.0,0.0,0.0,0.0,28.0,0.0,29.847250200000005,3.552713678800501e-15
1597,scenario_1,51.54901448,79.54901448,0.0,0.0,0.0,0.0,28.0,0.0,51.54901448,0.0
1598,scenario_1,44.5532861,71.88539456384999,0.0,0.0,0.0,0.0,27.332108463849984,0.0,44.5532861,0.0
1599,scenario_1,17.93525813,45.93525813,0.0,0.0,0.0,0.0,28.0,0.0,17.93525813,0.0
1600,scenario_1,13.43601488,13.43601488,0.0,0.0,0.0,0.0,0.0,0.0,13.43601488,0.0
1601,scenario_1,6.682552483,6.682552483,0.0,0.0,0.0,0.0,0.0,0.0,6.682552483,0.0
1602,scenario_1,8.825146183,2.6799753612000003,0.0,0.0,6.145170821799999,0.0,0.0,0.0,8.825146183,0.0
1603,scenario_1,8.882395067,0.0,0.0,0.0,8.882395067,0.0,0.0,0.0,8.882395067,0.0
1604,scenario_1,8.145862683,0.0,0.0,0.0,8.145862683,0.0,0.0,0.0,8.145862683,0.0
1605,scenario_1,8.285042783,0.0,0.0,0.0,8.285042783,0.0,0.0,0.0,8.285042783,0.0
1606,scenario_1,8.432173183,0.0,0.0,0.0,8.432173183,0.0,0.0,0.0,8.432173183,0.0
1607,scenario_1,6.0520239,0.0,0.0,0.0,6.0520239,0.0,0.0,0.0,6.0520239,0.0
1608,scenario_1,0.443187917,0.0,0.0,0.0,0.443187917,0.0,0.0,0.0,0.443187917,0.0
1609,scenario_1,0.509271067,0.0,0.0,0.0,0.509271067,0.0,0.0,0.0,0.509271067,0.0
1610,scenario_1,0.567604983,0.0,0.0,0.0,0.567604983,0.0,0.0,0.0,0.567604983,0.0
1611,scenario_1,1.059004267,0.0,0.0,0.0,1.059004267,0.0,0.0,0.0,1.059004267,0.0
1612,scenario_1,7.026823483,0.0,0.0,0.0,7.026823483,0.0,0.0,0.0,7.026823483,0.0
1613,scenario_1,8.018809217,0.0,0.0,0.0,8.018809217,0.0,0.0,0.0,8.018809217,0.0
1614,scenario_1,3.774944333,0.0,0.0,0.0,3.774944333,0.0,0.0,0.0,3.774944333,0.0
1615,scenario_1,15.54192105,11.55265749405,0.0,0.0,3.9892635559499983,0.0,0.0,0.0,15.54192105,0.0
1616,scenario_1,48.78242678,40.327491735,0.0,0.0,8.454935045,0.0,0.0,0.0,48.78242678,0.0
1617,scenario_1,76.81949484,59.83084040759999,0.0,0.0,16.98865443240001,0.0,0.0,0.0,76.81949484,0.0
1618,scenario_1,66.12455519,66.12455519,0.0,0.0,0.0,0.0,0.0,0.0,66.12455519,0.0
1619,scenario_1,41.63420355,69.63420355,0.0,0.0,0.0,0.0,28.0,0.0,41.634203549999995,-7.105427357601002e-15
1620,scenario_1,25.36771917,25.36771917,0.0,0.0,0.0,0.0,0.0,0.0,25.36771917,0.0
1621,scenario_1,76.41438907,76.41438907,0.0,0.0,0.0,0.0,0.0,0.0,76.41438907,0.0
1622,scenario_1,26.38344672,54.383446719999995,0.0,0.0,0.0,0.0,28.0,0.0,26.383446719999995,-3.552713678800501e-15
1623,scenario_1,17.66923917,35.34747457809445,0.0,0.0,0.0,0.0,17.678235408094448,0.0,17.66923917,0.0
1624,scenario_1,11.70386993,39.703869929999996,0.0,0.0,0.0,0.0,28.0,0.0,11.703869929999996,-3.552713678800501e-15
1625,scenario_1,7.0458036,29.81201263635,0.0,0.0,0.0,0.0,22.766209036350002,0.0,7.045803599999999,-8.881784197001252e-16
1626,scenario_1,8.909945267,2.4482700762,0.0,0.0,6.461675190799999,0.0,0.0,0.0,8.909945267,0.0
1627,scenario_1,9.2394936,0.0,0.0,0.0,9.2394936,0.0,0.0,0.0,9.2394936,0.0
1628,scenario_1,9.109991867,0.0,0.0,0.0,9.109991867,0.0,0.0,0.0,9.109991867,0.0
1629,scenario_1,8.330110933,0.0,0.0,0.0,8.330110933,0.0,0.0,0.0,8.330110933,0.0
1630,scenario_1,7.83924375,0.0,0.0,0.0,7.83924375,0.0,0.0,0.0,7.83924375,0.0
1631,scenario_1,5.193576267,0.0,0.0,0.0,5.193576267,0.0,0.0,0.0,5.193576267,0.0
1632,scenario_1,0.436203533,0.0,0.0,0.0,0.436203533,0.0,0.0,0.0,0.436203533,0.0
1633,scenario_1,0.468236733,0.0,0.0,0.0,0.468236733,0.0,0.0,0.0,0.468236733,0.0
1634,scenario_1,0.535537017,0.0,0.0,0.0,0.535537017,0.0,0.0,0.0,0.535537017,0.0
1635,scenario_1,1.04198865,0.0,0.0,0.0,1.04198865,0.0,0.0,0.0,1.04198865,0.0
1636,scenario_1,7.278938267,0.0,0.0,0.0,7.278938267,0.0,0.0,0.0,7.278938267,0.0
1637,scenario_1,7.647110317,0.0,0.0,0.0,7.647110317,0.0,0.0,0.0,7.647110317,0.0
1638,scenario_1,3.539294683,0.0,0.0,0.0,3.539294683,0.0,0.0,0.0,3.539294683,0.0
1639,scenario_1,10.87153887,13.426480082549999,0.0,0.0,0.0,0.0,2.5549412125499984,0.0,10.87153887,0.0
1640,scenario_1,47.96299097,42.28347760334999,0.0,0.0,5.679513366650006,0.0,0.0,0.0,47.96299097,0.0
1641,scenario_1,94.02602564,68.1369237675,0.0,0.0,25.889101872500007,0.0,0.0,0.0,94.02602564,0.0
1642,scenario_1,48.63155346,48.63155346,0.0,0.0,0.0,0.0,0.0,0.0,48.63155346,0.0
1643,scenario_1,31.20289974,31.20289974,0.0,0.0,0.0,0.0,0.0,0.0,31.20289974,0.0
1644,scenario_1,28.4033927,39.1897967816889,0.0,0.0,0.0,0.0,10.786404081688895,0.0,28.403392700000005,3.552713678800501e-15
1645,scenario_1,67.57424957,95.57424957,0.0,0.0,0.0,0.0,28.0,0.0,67.57424957,0.0
1646,scenario_1,46.77255514,74.77255514000001,0.0,0.0,0.0,0.0,28.0,0.0,46.77255514000001,7.105427357601002e-15
1647,scenario_1,20.5147323,20.5147323,0.0,0.0,0.0,0.0,0.0,0.0,20.5147323,0.0
1648,scenario_1,9.311640653,37.311640653,0.0,0.0,0.0,0.0,28.0,0.0,9.311640652999998,-1.7763568394002505e-15
1649,scenario_1,6.10763315,30.60581383965,0.0,0.0,0.0,0.0,24.49818068965,0.0,6.107633150000002,1.7763568394002505e-15
1650,scenario_1,6.8263266,2.6806697295,0.0,0.0,4.1456568705,0.0,0.0,0.0,6.8263266,0.0
1651,scenario_1,9.454793933,0.0,0.0,0.0,9.454793933,0.0,0.0,0.0,9.454793933,0.0
1652,scenario_1,8.76481305,0.0,0.0,0.0,8.76481305,0.0,0.0,0.0,8.76481305,0.0
1653,scenario_1,9.3688284,0.0,0.0,0.0,9.3688284,0.0,0.0,0.0,9.3688284,0.0
1654,scenario_1,9.283473267,0.0,0.0,0.0,8.315224572399977,0.9682486946000228,0.0,0.0,9.283473267,0.0
1655,scenario_1,6.02745905,0.0,0.0,0.0,6.02745905,0.0,0.0,0.0,6.02745905,0.0
1656,scenario_1,0.451719433,0.0,0.0,0.0,0.451719433,0.0,0.0,0.0,0.451719433,0.0
1657,scenario_1,0.477270017,0.0,0.0,0.0,0.477270017,0.0,0.0,0.0,0.477270017,0.0
1658,scenario_1,0.5183377,0.0,0.0,0.0,0.0,0.5183377,0.0,0.0,0.5183377,0.0
1659,scenario_1,1.23507265,0.0,0.0,0.0,0.0,1.23507265,0.0,0.0,1.23507265,0.0
1660,scenario_1,8.0449426,0.0,0.0,0.0,8.0449426,0.0,0.0,0.0,8.0449426,0.0
1661,scenario_1,8.348710433,0.0,0.0,0.0,8.348710433,0.0,0.0,0.0,8.348710433,0.0
1662,scenario_1,4.306129617,0.0,0.0,0.0,4.306129617,0.0,0.0,0.0,4.306129617,0.0
1663,scenario_1,11.63107435,10.904656354199998,0.0,0.0,0.7264179958000021,0.0,0.0,0.0,11.63107435,0.0
1664,scenario_1,50.74328731,36.92147220765,0.0,0.0,13.821815102350001,0.0,0.0,0.0,50.74328731,0.0
1665,scenario_1,82.18912157,63.64290264405,0.0,0.0,18.54621892595,0.0,0.0,0.0,82.18912157,0.0
1666,scenario_1,67.75139916,67.75139916,0.0,0.0,0.0,0.0,0.0,0.0,67.75139916,0.0
1667,scenario_1,35.19815271,35.19815271,0.0,0.0,0.0,0.0,0.0,0.0,35.19815271,0.0
1668,scenario_1,26.23919647,26.23919647,0.0,0.0,0.0,0.0,0.0,0.0,26.23919647,0.0
1669,scenario_1,62.09765968,90.09765967999999,0.0,0.0,0.0,0.0,28.0,0.0,62.09765967999999,-7.105427357601002e-15
1670,scenario_1,46.72311929,56.73312464573581,0.0,0.0,0.0,0.0,10.010005355735814,0.0,46.72311929,0.0
1671,scenario_1,17.38706786,17.38706786,0.0,0.0,0.0,0.0,0.0,0.0,17.38706786,0.0
1672,scenario_1,11.09456996,39.09456996,0.0,0.0,0.0,0.0,28.0,0.0,11.094569960000001,1.7763568394002505e-15
1673,scenario_1,6.7055375,29.791374113399996,0.0,0.0,0.0,0.0,23.085836613399998,0.0,6.705537499999998,-1.7763568394002505e-15
1674,scenario_1,8.878129583,2.68184167515,0.0,0.0,6.1962879078499995,0.0,0.0,0.0,8.878129583,0.0
1675,scenario_1,10.15681237,0.0,0.0,0.0,10.15681237,0.0,0.0,0.0,10.15681237,0.0
1676,scenario_1,8.668178317,0.0,0.0,0.0,8.668178317,0.0,0.0,0.0,8.668178317,0.0
1677,scenario_1,7.8961776,0.0,0.0,0.0,7.8961776,0.0,0.0,0.0,7.8961776,0.0
1678,scenario_1,7.526177467,0.0,0.0,0.0,7.526177467,0.0,0.0,0.0,7.526177467,0.0
1679,scenario_1,6.136460417,0.0,0.0,0.0,6.136460417,0.0,0.0,0.0,6.136460417,0.0
1680,scenario_1,0.4350359,0.0,0.0,0.0,0.4350359,0.0,0.0,0.0,0.4350359,0.0
1681,scenario_1,0.473902567,0.0,0.0,0.0,0.473902567,0.0,0.0,0.0,0.473902567,0.0
1682,scenario_1,0.5778542,0.0,0.0,0.0,0.5778542,0.0,0.0,0.0,0.5778542,0.0
1683,scenario_1,1.375671883,0.0,0.0,0.0,1.375671883,0.0,0.0,0.0,1.375671883,0.0
1684,scenario_1,6.8956094,0.0,0.0,0.0,6.8956094,0.0,0.0,0.0,6.8956094,0.0
1685,scenario_1,7.688243567,0.0,0.0,0.0,7.688243567,0.0,0.0,0.0,7.688243567,0.0
1686,scenario_1,3.776886067,0.0,0.0,0.0,3.776886067,0.0,0.0,0.0,3.776886067,0.0
1687,scenario_1,18.84161227,15.92085126285,0.0,0.0,2.9207610071499985,0.0,0.0,0.0,18.84161227,0.0
1688,scenario_1,47.09110762,45.64753429499999,0.0,0.0,1.4435733250000098,0.0,0.0,0.0,47.09110762,0.0
1689,scenario_1,58.90090243,71.43779809095,0.0,0.0,0.0,0.0,12.536895660949995,0.0,58.90090243,0.0
1690,scenario_1,75.16325131,88.97171752785,0.0,0.0,0.0,0.0,13.808466217849997,0.0,75.16325131,0.0
1691,scenario_1,37.58445976,65.58445976,0.0,0.0,0.0,0.0,28.0,0.0,37.58445976,0.0
1692,scenario_1,32.59034852,32.59034852,0.0,0.0,0.0,0.0,0.0,0.0,32.59034852,0.0
1693,scenario_1,89.85050606,107.00299449749998,0.0,0.0,0.0,0.0,17.152488437499983,0.0,89.85050606,0.0
1694,scenario_1,41.24010223,69.24010222999999,0.0,0.0,0.0,0.0,28.0,0.0,41.24010222999999,-7.105427357601002e-15
1695,scenario_1,19.24641722,19.24641722,0.0,0.0,0.0,0.0,0.0,0.0,19.24641722,0.0
1696,scenario_1,10.03223378,34.978827908144474,0.0,0.0,0.0,0.0,24.946594128144472,0.0,10.032233780000002,1.7763568394002505e-15
1697,scenario_1,6.406963683,6.406963683,0.0,0.0,0.0,0.0,0.0,0.0,6.406963683,0.0
1698,scenario_1,7.792326183,2.5673146559999998,0.0,0.0,5.225011527,0.0,0.0,0.0,7.792326183,0.0
1699,scenario_1,8.90387725,0.0,0.0,0.0,8.90387725,0.0,0.0,0.0,8.90387725,0.0
1700,scenario_1,8.248026183,0.0,0.0,0.0,8.248026183,0.0,0.0,0.0,8.248026183,0.0
1701,scenario_1,8.00092785,0.0,0.0,0.0,8.00092785,0.0,0.0,0.0,8.00092785,0.0
1702,scenario_1,7.659774517,0.0,0.0,0.0,7.659774517,0.0,0.0,0.0,7.659774517,0.0
1703,scenario_1,4.658624767,0.0,0.0,0.0,4.658624767,0.0,0.0,0.0,4.658624767,0.0
1704,scenario_1,0.434002833,0.0,0.0,0.0,0.434002833,0.0,0.0,0.0,0.434002833,0.0
1705,scenario_1,0.45840145,0.0,0.0,0.0,0.45840145,0.0,0.0,0.0,0.45840145,0.0
1706,scenario_1,0.474201567,0.0,0.0,0.0,0.474201567,0.0,0.0,0.0,0.474201567,0.0
1707,scenario_1,1.222938867,0.0,0.0,0.0,1.222938867,0.0,0.0,0.0,1.222938867,0.0
1708,scenario_1,6.878139783,0.0,0.0,0.0,6.878139783,0.0,0.0,0.0,6.878139783,0.0
1709,scenario_1,7.37725645,0.0,0.0,0.0,7.37725645,0.0,0.0,0.0,7.37725645,0.0
1710,scenario_1,3.349907433,0.0,0.0,0.0,3.349907433,0.0,0.0,0.0,3.349907433,0.0
1711,scenario_1,7.21474976,7.21474976,0.0,0.0,0.0,0.0,0.0,0.0,7.21474976,0.0
1712,scenario_1,24.67498188,24.67498188,0.0,0.0,0.0,0.0,0.0,0.0,24.67498188,0.0
1713,scenario_1,48.30967861,39.4880970297,0.0,0.0,8.821581580299998,0.0,0.0,0.0,48.30967861,0.0
1714,scenario_1,53.67734371,53.67734371,0.0,0.0,0.0,0.0,0.0,0.0,53.67734371,0.0
1715,scenario_1,21.70038053,49.700380530000004,0.0,0.0,0.0,0.0,28.0,0.0,21.700380530000004,3.552713678800501e-15
1716,scenario_1,4.055156525,4.055156525,0.0,0.0,0.0,0.0,0.0,0.0,4.055156525,0.0
1717,scenario_1,43.32449926,71.32449926000001,0.0,0.0,0.0,0.0,28.0,0.0,43.32449926000001,7.105427357601002e-15
1718,scenario_1,23.96982248,23.96982248,0.0,0.0,0.0,0.0,0.0,0.0,23.96982248,0.0
1719,scenario_1,3.551516623,31.551516623,0.0,0.0,0.0,0.0,28.0,0.0,3.5515166230000013,1.3322676295501878e-15
1720,scenario_1,3.515149283,3.515149283,0.0,0.0,0.0,0.0,0.0,0.0,3.515149283,0.0
1721,scenario_1,3.727535941,3.727535941,0.0,0.0,0.0,0.0,0.0,0.0,3.727535941,0.0
1722,scenario_1,8.4303248,2.5585373798999997,0.0,0.0,5.8717874200999995,0.0,0.0,0.0,8.4303248,0.0
1723,scenario_1,9.29620795,0.0,0.0,0.0,9.29620795,0.0,0.0,0.0,9.29620795,0.0
1724,scenario_1,8.796558567,0.0,0.0,0.0,8.796558567,0.0,0.0,0.0,8.796558567,0.0
1725,scenario_1,7.903275683,0.0,0.0,0.0,7.903275683,0.0,0.0,0.0,7.903275683,0.0
1726,scenario_1,7.698388683,0.0,0.0,0.0,7.698388683,0.0,0.0,0.0,7.698388683,0.0
1727,scenario_1,6.832621517,0.0,0.0,0.0,6.832621517,0.0,0.0,0.0,6.832621517,0.0
1728,scenario_1,0.4382532,0.0,0.0,0.0,0.4382532,0.0,0.0,0.0,0.4382532,0.0
1729,scenario_1,0.466802217,0.0,0.0,0.0,0.466802217,0.0,0.0,0.0,0.466802217,0.0
1730,scenario_1,0.485835233,0.0,0.0,0.0,0.485835233,0.0,0.0,0.0,0.485835233,0.0
1731,scenario_1,1.412006033,0.0,0.0,0.0,1.412006033,0.0,0.0,0.0,1.412006033,0.0
1732,scenario_1,6.939907267,0.0,0.0,0.0,6.939907267,0.0,0.0,0.0,6.939907267,0.0
1733,scenario_1,7.353157667,0.0,0.0,0.0,7.353157667,0.0,0.0,0.0,7.353157667,0.0
1734,scenario_1,3.91163965,0.0,0.0,0.0,3.91163965,0.0,0.0,0.0,3.91163965,0.0
1735,scenario_1,8.160792713,8.160792713,0.0,0.0,0.0,0.0,0.0,0.0,8.160792713,0.0
1736,scenario_1,28.86207451,28.86207451,0.0,0.0,0.0,0.0,0.0,0.0,28.86207451,0.0
1737,scenario_1,50.8537856,54.605777136296275,0.0,0.0,0.0,0.0,3.7519915362962704,0.0,50.8537856,0.0
1738,scenario_1,48.94124009,48.94124009,0.0,0.0,0.0,0.0,0.0,0.0,48.94124009,0.0
1739,scenario_1,22.08241223,22.08241223,0.0,0.0,0.0,0.0,0.0,0.0,22.08241223,0.0
1740,scenario_1,5.476506649,33.476506649,0.0,0.0,0.0,0.0,28.0,0.0,5.476506649000001,8.881784197001252e-16
1741,scenario_1,35.14828207,63.14828207,0.0,0.0,0.0,0.0,28.0,0.0,35.14828207,0.0
1742,scenario_1,17.96006445,17.96006445,0.0,0.0,0.0,0.0,0.0,0.0,17.96006445,0.0
1743,scenario_1,4.646788488,32.646788488,0.0,0.0,0.0,0.0,28.0,0.0,4.6467884879999986,-1.7763568394002505e-15
1744,scenario_1,3.916527687,3.916527687,0.0,0.0,0.0,0.0,0.0,0.0,3.916527687,0.0
1745,scenario_1,3.665074517,3.665074517,0.0,0.0,0.0,0.0,0.0,0.0,3.665074517,0.0
1746,scenario_1,6.204391017,2.55625635675,0.0,0.0,3.6481346602499998,0.0,0.0,0.0,6.204391017,0.0
1747,scenario_1,9.5447228,0.0,0.0,0.0,9.5447228,0.0,0.0,0.0,9.5447228,0.0
1748,scenario_1,9.376122533,0.0,0.0,0.0,9.376122533,0.0,0.0,0.0,9.376122533,0.0
1749,scenario_1,8.531256517,0.0,0.0,0.0,8.531256517,0.0,0.0,0.0,8.531256517,0.0
1750,scenario_1,8.091156117,0.0,0.0,0.0,0.0,8.091156117,0.0,0.0,8.091156117,0.0
1751,scenario_1,6.536874183,0.0,0.0,0.0,0.1727054727499663,6.364168710250034,0.0,0.0,6.536874183,0.0
1752,scenario_1,0.431903117,0.0,0.0,0.0,0.431903117,0.0,0.0,0.0,0.431903117,0.0
1753,scenario_1,0.481485917,0.0,0.0,0.0,0.481485917,0.0,0.0,0.0,0.481485917,0.0
1754,scenario_1,0.548920383,0.0,0.0,0.0,0.548920383,0.0,0.0,0.0,0.548920383,0.0
1755,scenario_1,1.60543925,0.0,0.0,0.0,1.60543925,0.0,0.0,0.0,1.60543925,0.0
1756,scenario_1,6.858143367,0.0,0.0,0.0,6.858143367,0.0,0.0,0.0,6.858143367,0.0
1757,scenario_1,7.588846217,0.0,0.0,0.0,0.0,7.588846217,0.0,0.0,7.588846217,0.0
1758,scenario_1,3.601165983,0.0,0.0,0.0,3.601165983,0.0,0.0,0.0,3.601165983,0.0
1759,scenario_1,22.07477953,1.57536125475,0.0,0.0,0.0,20.49941827525,0.0,0.0,22.07477953,0.0
1760,scenario_1,66.50457573,23.86693051725,0.0,0.0,28.0,14.637645212749998,0.0,0.0,66.50457573,0.0
1761,scenario_1,82.27019332,53.341865457000004,0.0,0.0,28.0,0.9283278629999998,0.0,0.0,82.27019332,0.0
1762,scenario_1,66.65524069,73.89929253764998,0.0,0.0,0.0,0.0,7.244051847649985,0.0,66.65524069,0.0
1763,scenario_1,32.68802841,32.68802841,0.0,0.0,0.0,0.0,0.0,0.0,32.68802841,0.0
1764,scenario_1,29.19746983,29.19746983,0.0,0.0,0.0,0.0,0.0,0.0,29.19746983,0.0
1765,scenario_1,61.93433981,61.93433981,0.0,0.0,0.0,0.0,0.0,0.0,61.93433981,0.0
1766,scenario_1,28.04276804,45.06656820205312,0.0,0.0,0.0,0.0,17.02380016205312,0.0,28.04276804,0.0
1767,scenario_1,17.87371265,45.87371265,0.0,0.0,0.0,0.0,28.0,0.0,17.87371265,0.0
1768,scenario_1,10.01286484,38.01286484,0.0,0.0,0.0,0.0,28.0,0.0,10.012864839999999,-1.7763568394002505e-15
1769,scenario_1,7.018920664,30.322429464749998,0.0,0.0,0.0,0.0,23.30350880075,0.0,7.0189206639999995,-8.881784197001252e-16
1770,scenario_1,8.08058135,2.44068533415,0.0,0.0,5.639896015849999,0.0,0.0,0.0,8.08058135,0.0
1771,scenario_1,8.562630083,0.0,0.0,0.0,8.562630083,0.0,0.0,0.0,8.562630083,0.0
1772,scenario_1,7.941545383,0.0,0.0,0.0,7.941545383,0.0,0.0,0.0,7.941545383,0.0
1773,scenario_1,7.696061083,0.0,0.0,0.0,7.696061083,0.0,0.0,0.0,7.696061083,0.0
1774,scenario_1,7.42594355,0.0,0.0,0.0,7.42594355,0.0,0.0,0.0,7.42594355,0.0
1775,scenario_1,5.598277583,0.0,0.0,0.0,5.598277583,0.0,0.0,0.0,5.598277583,0.0
1776,scenario_1,0.432686367,0.0,0.0,0.0,0.432686367,0.0,0.0,0.0,0.432686367,0.0
1777,scenario_1,0.496935117,0.0,0.0,0.0,0.496935117,0.0,0.0,0.0,0.496935117,0.0
1778,scenario_1,0.48298715,0.0,0.0,0.0,0.48298715,0.0,0.0,0.0,0.48298715,0.0
1779,scenario_1,1.6698878,0.0,0.0,0.0,1.6698878,0.0,0.0,0.0,1.6698878,0.0
1780,scenario_1,7.667253833,0.0,0.0,0.0,7.667253833,0.0,0.0,0.0,7.667253833,0.0
1781,scenario_1,7.620009567,0.0,0.0,0.0,7.620009567,0.0,0.0,0.0,7.620009567,0.0
1782,scenario_1,5.103280267,0.0,0.0,0.0,5.103280267,0.0,0.0,0.0,5.103280267,0.0
1783,scenario_1,20.4878141,14.092334919149998,0.0,0.0,6.395479180850003,0.0,0.0,0.0,20.4878141,0.0
1784,scenario_1,39.7865736,43.98907923825,0.0,0.0,0.0,0.0,4.202505638250003,0.0,39.7865736,0.0
1785,scenario_1,58.32621698,58.32621698,0.0,0.0,0.0,0.0,0.0,0.0,58.32621698,0.0
1786,scenario_1,61.74828118,89.74828117999999,0.0,0.0,0.0,0.0,28.0,0.0,61.74828117999999,-7.105427357601002e-15
1787,scenario_1,36.14954681,64.14954681,0.0,0.0,0.0,0.0,28.0,0.0,36.149546810000004,7.105427357601002e-15
1788,scenario_1,29.03291588,29.03291588,0.0,0.0,0.0,0.0,0.0,0.0,29.03291588,0.0
1789,scenario_1,76.96132283,76.96132283,0.0,0.0,0.0,0.0,0.0,0.0,76.96132283,0.0
1790,scenario_1,63.59911965,63.59911965,0.0,0.0,0.0,0.0,0.0,0.0,63.59911965,0.0
1791,scenario_1,16.61184124,44.611841240000004,0.0,0.0,0.0,0.0,28.0,0.0,16.611841240000004,3.552713678800501e-15
1792,scenario_1,11.71688022,11.71688022,0.0,0.0,0.0,0.0,0.0,0.0,11.71688022,0.0
1793,scenario_1,7.804318683,30.26856702405,0.0,0.0,0.0,0.0,22.464248341050002,0.0,7.804318682999998,-1.7763568394002505e-15
1794,scenario_1,9.399129017,2.33071803285,0.0,0.0,7.06841098415,0.0,0.0,0.0,9.399129017,0.0
1795,scenario_1,10.45707592,0.0,0.0,0.0,10.45707592,0.0,0.0,0.0,10.45707592,0.0
1796,scenario_1,9.39259195,0.0,0.0,0.0,9.39259195,0.0,0.0,0.0,9.39259195,0.0
1797,scenario_1,8.59947475,0.0,0.0,0.0,8.59947475,0.0,0.0,0.0,8.59947475,0.0
1798,scenario_1,8.29038885,0.0,0.0,0.0,8.29038885,0.0,0.0,0.0,8.29038885,0.0
1799,scenario_1,6.515939083,0.0,0.0,0.0,6.515939083,0.0,0.0,0.0,6.515939083,0.0
1800,scenario_1,0.430453033,0.0,0.0,0.0,0.430453033,0.0,0.0,0.0,0.430453033,0.0
1801,scenario_1,0.45911895,0.0,0.0,0.0,0.45911895,0.0,0.0,0.0,0.45911895,0.0
1802,scenario_1,0.51060375,0.0,0.0,0.0,0.51060375,0.0,0.0,0.0,0.51060375,0.0
1803,scenario_1,0.928353733,0.0,0.0,0.0,0.928353733,0.0,0.0,0.0,0.928353733,0.0
1804,scenario_1,6.684055117,0.0,0.0,0.0,6.684055117,0.0,0.0,0.0,6.684055117,0.0
1805,scenario_1,7.2524727,0.0,0.0,0.0,7.2524727,0.0,0.0,0.0,7.2524727,0.0
1806,scenario_1,4.04461155,0.0,0.0,0.0,4.04461155,0.0,0.0,0.0,4.04461155,0.0
1807,scenario_1,19.15336117,15.833207792100001,0.0,0.0,3.3201533778999988,0.0,0.0,0.0,19.15336117,0.0
1808,scenario_1,54.26643936,45.142341650549994,0.0,0.0,9.124097709450005,0.0,0.0,0.0,54.26643936,0.0
1809,scenario_1,79.78532711,70.75655183219999,0.0,0.0,9.028775277800008,0.0,0.0,0.0,79.78532711,0.0
1810,scenario_1,75.24774691,90.50550161174999,0.0,0.0,0.0,0.0,15.257754701749988,0.0,75.24774691,0.0
1811,scenario_1,32.81483261,60.81483261,0.0,0.0,0.0,0.0,28.0,0.0,32.81483261,0.0
1812,scenario_1,28.72573313,28.72573313,0.0,0.0,0.0,0.0,0.0,0.0,28.72573313,0.0
1813,scenario_1,55.8413587,83.8413587,0.0,0.0,0.0,0.0,28.0,0.0,55.8413587,0.0
1814,scenario_1,32.14378188,45.56114153846182,0.0,0.0,0.0,0.0,13.417359658461818,0.0,32.14378188,0.0
1815,scenario_1,18.71402418,18.71402418,0.0,0.0,0.0,0.0,0.0,0.0,18.71402418,0.0
1816,scenario_1,10.77246658,10.77246658,0.0,0.0,0.0,0.0,0.0,0.0,10.77246658,0.0
1817,scenario_1,7.046085117,29.615639741849996,0.0,0.0,0.0,0.0,22.569554624849996,0.0,7.0460851170000005,8.881784197001252e-16
1818,scenario_1,8.688781917,2.33071803285,0.0,0.0,6.35806388415,0.0,0.0,0.0,8.688781917,0.0
1819,scenario_1,10.24464318,0.0,0.0,0.0,10.24464318,0.0,0.0,0.0,10.24464318,0.0
1820,scenario_1,9.71515775,0.0,0.0,0.0,9.71515775,0.0,0.0,0.0,9.71515775,0.0
1821,scenario_1,8.33064395,0.0,0.0,0.0,8.33064395,0.0,0.0,0.0,8.33064395,0.0
1822,scenario_1,8.0009611,0.0,0.0,0.0,8.0009611,0.0,0.0,0.0,8.0009611,0.0
1823,scenario_1,6.9670124,0.0,0.0,0.0,6.9670124,0.0,0.0,0.0,6.9670124,0.0
1824,scenario_1,0.436004033,0.0,0.0,0.0,0.436004033,0.0,0.0,0.0,0.436004033,0.0
1825,scenario_1,0.47790225,0.0,0.0,0.0,0.47790225,0.0,0.0,0.0,0.47790225,0.0
1826,scenario_1,0.50096985,0.0,0.0,0.0,0.50096985,0.0,0.0,0.0,0.50096985,0.0
1827,scenario_1,1.360622,0.0,0.0,0.0,1.360622,0.0,0.0,0.0,1.360622,0.0
1828,scenario_1,7.4719068,0.0,0.0,0.0,7.4719068,0.0,0.0,0.0,7.4719068,0.0
1829,scenario_1,7.647159967,0.0,0.0,0.0,7.647159967,0.0,0.0,0.0,7.647159967,0.0
1830,scenario_1,4.562896167,0.0,0.0,0.0,4.562896167,0.0,0.0,0.0,4.562896167,0.0
1831,scenario_1,19.66353228,16.443680690549996,0.0,0.0,3.219851589450002,0.0,0.0,0.0,19.66353228,0.0
1832,scenario_1,55.5007071,46.08063518624999,0.0,0.0,9.420071913750007,0.0,0.0,0.0,55.5007071,0.0
1833,scenario_1,82.39904417,71.55130586175,0.0,0.0,10.847738308250001,0.0,0.0,0.0,82.39904417,0.0
1834,scenario_1,74.82688841,74.82688841,0.0,0.0,0.0,0.0,0.0,0.0,74.82688841,0.0
1835,scenario_1,37.75737763,65.75737763000001,0.0,0.0,0.0,0.0,28.0,0.0,37.75737763000001,7.105427357601002e-15
1836,scenario_1,27.40319637,27.40319637,0.0,0.0,0.0,0.0,0.0,0.0,27.40319637,0.0
1837,scenario_1,51.79884107,51.79884107,0.0,0.0,0.0,0.0,0.0,0.0,51.79884107,0.0
1838,scenario_1,31.16339297,46.80078657703702,0.0,0.0,0.0,0.0,15.637393607037021,0.0,31.163392970000004,3.552713678800501e-15
1839,scenario_1,14.27116022,42.27116022,0.0,0.0,0.0,0.0,28.0,0.0,14.271160219999999,-1.7763568394002505e-15
1840,scenario_1,9.98067204,37.98067204,0.0,0.0,0.0,0.0,28.0,0.0,9.980672040000002,1.7763568394002505e-15
1841,scenario_1,8.735937396,8.735937396,0.0,0.0,0.0,0.0,0.0,0.0,8.735937396,0.0
1842,scenario_1,9.0713921,2.3251252184999998,0.0,0.0,6.7462668815,0.0,0.0,0.0,9.0713921,0.0
1843,scenario_1,8.95039305,0.0,0.0,0.0,8.95039305,0.0,0.0,0.0,8.95039305,0.0
1844,scenario_1,8.136828383,0.0,0.0,0.0,8.136828383,0.0,0.0,0.0,8.136828383,0.0
1845,scenario_1,7.7626926,0.0,0.0,0.0,7.7626926,0.0,0.0,0.0,7.7626926,0.0
1846,scenario_1,7.39242525,0.0,0.0,0.0,7.39242525,0.0,0.0,0.0,7.39242525,0.0
1847,scenario_1,6.364576267,0.0,0.0,0.0,6.364576267,0.0,0.0,0.0,6.364576267,0.0
1848,scenario_1,0.438554367,0.0,0.0,0.0,0.438554367,0.0,0.0,0.0,0.438554367,0.0
1849,scenario_1,0.484538567,0.0,0.0,0.0,0.484538567,0.0,0.0,0.0,0.484538567,0.0
1850,scenario_1,0.559188,0.0,0.0,0.0,0.559188,0.0,0.0,0.0,0.559188,0.0
1851,scenario_1,1.269438133,0.0,0.0,0.0,1.269438133,0.0,0.0,0.0,1.269438133,0.0
1852,scenario_1,6.900522917,0.0,0.0,0.0,6.900522917,0.0,0.0,0.0,6.900522917,0.0
1853,scenario_1,7.73762325,0.0,0.0,0.0,7.73762325,0.0,0.0,0.0,7.73762325,0.0
1854,scenario_1,3.721945267,0.0,0.0,0.0,3.721945267,0.0,0.0,0.0,3.721945267,0.0
1855,scenario_1,17.34582396,16.702109963850003,0.0,0.0,0.643713996149998,0.0,0.0,0.0,17.34582396,0.0
1856,scenario_1,52.73408984,45.6081376563,0.0,0.0,7.125952183700001,0.0,0.0,0.0,52.73408984,0.0
1857,scenario_1,72.87868829,66.40705858065,0.0,0.0,6.4716297093499975,0.0,0.0,0.0,72.87868829,0.0
1858,scenario_1,77.59821044,77.59821044,0.0,0.0,0.0,0.0,0.0,0.0,77.59821044,0.0
1859,scenario_1,28.91820236,41.36264680444444,0.0,0.0,0.0,0.0,12.444444444444445,0.0,28.918202359999995,-3.552713678800501e-15
1860,scenario_1,28.75382624,56.753826239999995,0.0,0.0,0.0,0.0,28.0,0.0,28.753826239999995,-3.552713678800501e-15
1861,scenario_1,75.96284333,103.96284333,0.0,0.0,0.0,0.0,28.0,0.0,75.96284333,0.0
1862,scenario_1,42.07921895,42.07921895,0.0,0.0,0.0,0.0,0.0,0.0,42.07921895,0.0
1863,scenario_1,15.70973486,43.70973486,0.0,0.0,0.0,0.0,28.0,0.0,15.709734859999998,-1.7763568394002505e-15
1864,scenario_1,13.82674969,41.82674969,0.0,0.0,0.0,0.0,28.0,0.0,13.82674969,0.0
1865,scenario_1,8.939300317,8.939300317,0.0,0.0,0.0,0.0,0.0,0.0,8.939300317,0.0
1866,scenario_1,8.267014033,2.4425303244,0.0,0.0,5.824483708600001,0.0,0.0,0.0,8.267014033,0.0
1867,scenario_1,9.312527833,0.0,0.0,0.0,9.312527833,0.0,0.0,0.0,9.312527833,0.0
1868,scenario_1,9.108577433,0.0,0.0,0.0,9.108577433,0.0,0.0,0.0,9.108577433,0.0
1869,scenario_1,8.736742883,0.0,0.0,0.0,8.736742883,0.0,0.0,0.0,8.736742883,0.0
1870,scenario_1,8.218273117,0.0,0.0,0.0,8.218273117,0.0,0.0,0.0,8.218273117,0.0
1871,scenario_1,6.513708933,0.0,0.0,0.0,6.513708933,0.0,0.0,0.0,6.513708933,0.0
1872,scenario_1,0.425769467,0.0,0.0,0.0,0.425769467,0.0,0.0,0.0,0.425769467,0.0
1873,scenario_1,0.4660017,0.0,0.0,0.0,0.4660017,0.0,0.0,0.0,0.4660017,0.0
1874,scenario_1,0.519334817,0.0,0.0,0.0,0.519334817,0.0,0.0,0.0,0.519334817,0.0
1875,scenario_1,0.959571467,0.0,0.0,0.0,0.959571467,0.0,0.0,0.0,0.959571467,0.0
1876,scenario_1,6.616538267,0.0,0.0,0.0,6.616538267,0.0,0.0,0.0,6.616538267,0.0
1877,scenario_1,7.3221543,0.0,0.0,0.0,6.460024593142997,0.8621297068570035,0.0,0.0,7.3221543,0.0
1878,scenario_1,3.264839767,0.0,0.0,0.0,3.264839767,0.0,0.0,0.0,3.264839767,0.0
1879,scenario_1,5.427135483,8.389462458299999,0.0,0.0,0.0,0.0,2.962326975299999,0.0,5.427135483,0.0
1880,scenario_1,28.65348237,6.3759914487,0.0,0.0,22.2774909213,0.0,0.0,0.0,28.65348237,0.0
1881,scenario_1,55.7568603,41.26126035705,0.0,0.0,14.495599942950001,0.0,0.0,0.0,55.7568603,0.0
1882,scenario_1,44.85223294,44.85223294,0.0,0.0,0.0,0.0,0.0,0.0,44.85223294,0.0
1883,scenario_1,18.40126025,46.40126025,0.0,0.0,0.0,0.0,28.0,0.0,18.40126025,0.0
1884,scenario_1,8.211920645,36.211920645,0.0,0.0,0.0,0.0,28.0,0.0,8.211920645,0.0
1885,scenario_1,47.4403753,75.4403753,0.0,0.0,0.0,0.0,28.0,0.0,47.4403753,0.0
1886,scenario_1,14.27021724,26.714661684444447,0.0,0.0,0.0,0.0,12.444444444444445,0.0,14.270217240000003,3.552713678800501e-15
1887,scenario_1,4.896158454,4.896158454,0.0,0.0,0.0,0.0,0.0,0.0,4.896158454,0.0
1888,scenario_1,3.95914101,31.95914101,0.0,0.0,0.0,0.0,28.0,0.0,3.9591410099999997,-4.440892098500626e-16
1889,scenario_1,5.956457367,5.956457367,0.0,0.0,0.0,0.0,0.0,0.0,5.956457367,0.0
1890,scenario_1,8.849923283,2.3552389398,0.0,0.0,6.494684343200001,0.0,0.0,0.0,8.849923283,0.0
1891,scenario_1,9.071341433,0.0,0.0,0.0,9.071341433,0.0,0.0,0.0,9.071341433,0.0
1892,scenario_1,8.5392236,0.0,0.0,0.0,8.5392236,0.0,0.0,0.0,8.5392236,0.0
1893,scenario_1,7.928873617,0.0,0.0,0.0,7.928873617,0.0,0.0,0.0,7.928873617,0.0
1894,scenario_1,7.805689567,0.0,0.0,0.0,7.805689567,0.0,0.0,0.0,7.805689567,0.0
1895,scenario_1,7.27647495,0.0,0.0,0.0,7.27647495,0.0,0.0,0.0,7.27647495,0.0
1896,scenario_1,0.441002233,0.0,0.0,0.0,0.441002233,0.0,0.0,0.0,0.441002233,0.0
1897,scenario_1,0.463801567,0.0,0.0,0.0,0.463801567,0.0,0.0,0.0,0.463801567,0.0
1898,scenario_1,0.4775682,0.0,0.0,0.0,0.4775682,0.0,0.0,0.0,0.4775682,0.0
1899,scenario_1,0.887586517,0.0,0.0,0.0,0.887586517,0.0,0.0,0.0,0.887586517,0.0
1900,scenario_1,6.643672,0.0,0.0,0.0,6.643672,0.0,0.0,0.0,6.643672,0.0
1901,scenario_1,7.9478578,0.0,0.0,0.0,7.9478578,0.0,0.0,0.0,7.9478578,0.0
1902,scenario_1,3.501073883,0.0,0.0,0.0,3.501073883,0.0,0.0,0.0,3.501073883,0.0
1903,scenario_1,8.292354272,16.93927583175,0.0,0.0,0.0,0.0,8.646921559749998,0.0,8.292354272,0.0
1904,scenario_1,26.49543254,26.49543254,0.0,0.0,0.0,0.0,0.0,0.0,26.49543254,0.0
1905,scenario_1,53.88949319,53.88949319,0.0,0.0,0.0,0.0,0.0,0.0,53.88949319,0.0
1906,scenario_1,49.94023611,77.94023611,0.0,0.0,0.0,0.0,28.0,0.0,49.94023611,0.0
1907,scenario_1,18.07578376,18.07578376,0.0,0.0,0.0,0.0,0.0,0.0,18.07578376,0.0
1908,scenario_1,4.715777926,23.376078230694446,0.0,0.0,0.0,0.0,18.66030030469444,0.0,4.715777926000005,4.440892098500626e-15
1909,scenario_1,43.95324725,71.95324725,0.0,0.0,0.0,0.0,28.0,0.0,43.953247250000004,7.105427357601002e-15
1910,scenario_1,19.13044608,19.13044608,0.0,0.0,0.0,0.0,0.0,0.0,19.13044608,0.0
1911,scenario_1,4.777254265,4.777254265,0.0,0.0,0.0,0.0,0.0,0.0,4.777254265,0.0
1912,scenario_1,4.091678367,4.091678367,0.0,0.0,0.0,0.0,0.0,0.0,4.091678367,0.0
1913,scenario_1,3.812824383,3.812824383,0.0,0.0,0.0,0.0,0.0,0.0,3.812824383,0.0
1914,scenario_1,6.447725433,0.35181004485,0.0,0.0,6.09591538815,0.0,0.0,0.0,6.447725433,0.0
1915,scenario_1,8.095476633,0.0,0.0,0.0,8.095476633,0.0,0.0,0.0,8.095476633,0.0
1916,scenario_1,8.568307117,0.0,0.0,0.0,8.568307117,0.0,0.0,0.0,8.568307117,0.0
1917,scenario_1,8.299757233,0.0,0.0,0.0,8.299757233,0.0,0.0,0.0,8.299757233,0.0
1918,scenario_1,8.07470605,0.0,0.0,0.0,8.07470605,0.0,0.0,0.0,8.07470605,0.0
1919,scenario_1,6.818907367,0.0,0.0,0.0,6.818907367,0.0,0.0,0.0,6.818907367,0.0
1920,scenario_1,0.447302967,0.0,0.0,0.0,0.447302967,0.0,0.0,0.0,0.447302967,0.0
1921,scenario_1,0.491068533,0.0,0.0,0.0,0.491068533,0.0,0.0,0.0,0.491068533,0.0
1922,scenario_1,0.5252197,0.0,0.0,0.0,0.5252197,0.0,0.0,0.0,0.5252197,0.0
1923,scenario_1,1.024354083,0.0,0.0,0.0,1.024354083,0.0,0.0,0.0,1.024354083,0.0
1924,scenario_1,6.866755633,0.0,0.0,0.0,6.866755633,0.0,0.0,0.0,6.866755633,0.0
1925,scenario_1,7.55230685,0.0,0.0,0.0,7.55230685,0.0,0.0,0.0,7.55230685,0.0
1926,scenario_1,3.130846167,0.0,0.0,0.0,3.130846167,0.0,0.0,0.0,3.130846167,0.0
1927,scenario_1,10.77864298,6.146699173199999,0.0,0.0,4.631943806800002,0.0,0.0,0.0,10.77864298,0.0
1928,scenario_1,56.21163032,47.96279215515,0.0,0.0,8.24883816485,0.0,0.0,0.0,56.21163032,0.0
1929,scenario_1,84.97007674,73.73473607415,0.0,0.0,11.23534066584999,0.0,0.0,0.0,84.97007674,0.0
1930,scenario_1,71.9428512,93.78731119935,0.0,0.0,0.0,0.0,21.844459999349993,0.0,71.9428512,0.0
1931,scenario_1,36.88617016,36.88617016,0.0,0.0,0.0,0.0,0.0,0.0,36.88617016,0.0
1932,scenario_1,29.57968277,57.579682770000005,0.0,0.0,0.0,0.0,28.0,0.0,29.579682770000005,3.552713678800501e-15
1933,scenario_1,54.28077195,54.28077195,0.0,0.0,0.0,0.0,0.0,0.0,54.28077195,0.0
1934,scenario_1,40.95931124,40.95931124,0.0,0.0,0.0,0.0,0.0,0.0,40.95931124,0.0
1935,scenario_1,22.09389461,30.466995122494446,0.0,0.0,0.0,0.0,8.373100512494444,0.0,22.09389461,0.0
1936,scenario_1,11.41502091,39.41502091,0.0,0.0,0.0,0.0,28.0,0.0,11.415020910000003,1.7763568394002505e-15
1937,scenario_1,5.7421317,30.7678382976,0.0,0.0,0.0,0.0,25.0257065976,0.0,5.742131700000002,1.7763568394002505e-15
1938,scenario_1,7.765095033,2.20650944115,0.0,0.0,5.558585591849999,0.0,0.0,0.0,7.765095033,0.0
1939,scenario_1,9.347876433,0.0,0.0,0.0,9.347876433,0.0,0.0,0.0,9.347876433,0.0
1940,scenario_1,8.982559917,0.0,0.0,0.0,8.982559917,0.0,0.0,0.0,8.982559917,0.0
1941,scenario_1,7.799211067,0.0,0.0,0.0,7.799211067,0.0,0.0,0.0,7.799211067,0.0
1942,scenario_1,7.3976586,0.0,0.0,0.0,0.663358451099981,6.734300148900019,0.0,0.0,7.3976586,0.0
1943,scenario_1,6.360456633,0.0,0.0,0.0,6.360456633,0.0,0.0,0.0,6.360456633,0.0
1944,scenario_1,0.44528695,0.0,0.0,0.0,0.0,0.44528695,0.0,0.0,0.44528695,0.0
1945,scenario_1,0.509285333,0.0,0.0,0.0,0.509285333,0.0,0.0,0.0,0.509285333,0.0
1946,scenario_1,0.565319867,0.0,0.0,0.0,0.565319867,0.0,0.0,0.0,0.565319867,0.0
1947,scenario_1,1.141987933,0.0,0.0,0.0,0.0,1.141987933,0.0,0.0,1.141987933,0.0
1948,scenario_1,6.939257133,0.0,0.0,0.0,6.939257133,0.0,0.0,0.0,6.939257133,0.0
1949,scenario_1,7.2757418,0.0,0.0,0.0,7.2757418,0.0,0.0,0.0,7.2757418,0.0
1950,scenario_1,2.98354815,0.0,0.0,0.0,2.98354815,0.0,0.0,0.0,2.98354815,0.0
1951,scenario_1,12.44656863,8.775229269899999,0.0,0.0,3.671339360100001,0.0,0.0,0.0,12.44656863,0.0
1952,scenario_1,40.51334462,31.005693264149993,0.0,0.0,9.507651355850005,0.0,0.0,0.0,40.51334462,0.0
1953,scenario_1,79.46428072,63.433917271199995,0.0,0.0,16.03036344880001,0.0,0.0,0.0,79.46428072,0.0
1954,scenario_1,76.23315833,61.6277128707,0.0,0.0,14.605445459299993,0.0,0.0,0.0,76.23315833,0.0
1955,scenario_1,30.93713063,58.93713063,0.0,0.0,0.0,0.0,28.0,0.0,30.93713063,0.0
1956,scenario_1,26.45139614,38.89584058444445,0.0,0.0,0.0,0.0,12.444444444444445,0.0,26.451396140000007,7.105427357601002e-15
1957,scenario_1,65.39939673,93.39939673,0.0,0.0,0.0,0.0,28.0,0.0,65.39939673,0.0
1958,scenario_1,49.83641682,77.83641682,0.0,0.0,0.0,0.0,28.0,0.0,49.83641682,0.0
1959,scenario_1,18.70855102,18.70855102,0.0,0.0,0.0,0.0,0.0,0.0,18.70855102,0.0
1960,scenario_1,10.2258932,38.2258932,0.0,0.0,0.0,0.0,28.0,0.0,10.225893200000002,1.7763568394002505e-15
1961,scenario_1,7.4843489,7.4843489,0.0,0.0,0.0,0.0,0.0,0.0,7.4843489,0.0
1962,scenario_1,8.691496233,1.64044461855,0.0,0.0,7.05105161445,0.0,0.0,0.0,8.691496233,0.0
1963,scenario_1,9.325626983,0.0,0.0,0.0,0.0,9.325626983,0.0,0.0,9.325626983,0.0
1964,scenario_1,9.082775167,0.0,0.0,0.0,0.0,9.082775167,0.0,0.0,9.082775167,0.0
1965,scenario_1,8.903494033,0.0,0.0,0.0,6.019667283949968,2.883826749050032,0.0,0.0,8.903494033,0.0
1966,scenario_1,8.06081225,0.0,0.0,0.0,8.06081225,0.0,0.0,0.0,8.06081225,0.0
1967,scenario_1,6.624759483,0.0,0.0,0.0,0.0,6.624759483,0.0,0.0,6.624759483,0.0
1968,scenario_1,0.43540255,0.0,0.0,0.0,0.0,0.43540255,0.0,0.0,0.43540255,0.0
1969,scenario_1,0.465802233,0.0,0.0,0.0,0.465802233,0.0,0.0,0.0,0.465802233,0.0
1970,scenario_1,0.47963585,0.0,0.0,0.0,0.0,0.47963585,0.0,0.0,0.47963585,0.0
1971,scenario_1,1.027353067,0.0,0.0,0.0,1.027353067,0.0,0.0,0.0,1.027353067,0.0
1972,scenario_1,6.925688433,0.0,0.0,0.0,6.925688433,0.0,0.0,0.0,6.925688433,0.0
1973,scenario_1,7.872422867,0.0,0.0,0.0,0.0,7.872422867,0.0,0.0,7.872422867,0.0
1974,scenario_1,4.8362477,0.0,0.0,0.0,0.0,4.8362477,0.0,0.0,4.8362477,0.0
1975,scenario_1,12.22300666,1.69180409805,0.0,0.0,10.53120256195,0.0,0.0,0.0,12.22300666,0.0
1976,scenario_1,44.44227612,21.810365903099996,0.0,0.0,22.631910216900007,0.0,0.0,0.0,44.44227612,0.0
1977,scenario_1,82.93446831,36.568081267800004,0.0,0.0,28.0,18.366387042199996,0.0,0.0,82.93446831,0.0
1978,scenario_1,59.54041961,49.45390727025,0.0,0.0,10.086512339750001,0.0,0.0,0.0,59.54041961,0.0
1979,scenario_1,30.24925229,58.24925229,0.0,0.0,0.0,0.0,28.0,0.0,30.24925229,0.0
1980,scenario_1,31.19455303,31.19455303,0.0,0.0,0.0,0.0,0.0,0.0,31.19455303,0.0
1981,scenario_1,83.52109742,105.17194394235,0.0,0.0,0.0,0.0,21.650846522349994,0.0,83.52109742,0.0
1982,scenario_1,43.4753007,71.47530069999999,0.0,0.0,0.0,0.0,28.0,0.0,43.47530069999999,-7.105427357601002e-15
1983,scenario_1,18.57566487,46.57566487,0.0,0.0,0.0,0.0,28.0,0.0,18.575664869999997,-3.552713678800501e-15
1984,scenario_1,11.40218625,30.195784172094452,0.0,0.0,0.0,0.0,18.793597922094452,0.0,11.40218625,0.0
1985,scenario_1,7.656052884,7.656052884,0.0,0.0,0.0,0.0,0.0,0.0,7.656052884,0.0
1986,scenario_1,8.955476467,1.9963121713499996,0.0,0.0,6.959164295650001,0.0,0.0,0.0,8.955476467,0.0
1987,scenario_1,8.624128167,0.0,0.0,0.0,3.034874698150014,5.589253468849986,0.0,0.0,8.624128167,0.0
1988,scenario_1,8.20521215,0.0,0.0,0.0,8.20521215,0.0,0.0,0.0,8.20521215,0.0
1989,scenario_1,8.711159383,0.0,0.0,0.0,8.711159383,0.0,0.0,0.0,8.711159383,0.0
1990,scenario_1,8.921340133,0.0,0.0,0.0,0.0,8.921340133,0.0,0.0,8.921340133,0.0
1991,scenario_1,6.46602505,0.0,0.0,0.0,6.46602505,0.0,0.0,0.0,6.46602505,0.0
1992,scenario_1,0.450552933,0.0,0.0,0.0,0.450552933,0.0,0.0,0.0,0.450552933,0.0
1993,scenario_1,0.508285183,0.0,0.0,0.0,0.508285183,0.0,0.0,0.0,0.508285183,0.0
1994,scenario_1,0.533468317,0.0,0.0,0.0,0.533468317,0.0,0.0,0.0,0.533468317,0.0
1995,scenario_1,1.1750214,0.0,0.0,0.0,0.0,1.1750214,0.0,0.0,1.1750214,0.0
1996,scenario_1,6.980740183,0.0,0.0,0.0,6.980740183,0.0,0.0,0.0,6.980740183,0.0
1997,scenario_1,7.699824783,0.0,0.0,0.0,0.0,7.699824783,0.0,0.0,7.699824783,0.0
1998,scenario_1,4.90158035,0.0,0.0,0.0,4.90158035,0.0,0.0,0.0,4.90158035,0.0
1999,scenario_1,19.41957617,15.155973820349999,0.0,0.0,4.26360234965,0.0,0.0,0.0,19.41957617,0.0
2000,scenario_1,55.29542248,43.7731683198,0.0,0.0,11.5222541602,0.0,0.0,0.0,55.29542248,0.0
2001,scenario_1,78.50770219,42.470449932449995,0.0,0.0,28.0,8.037252257550008,0.0,0.0,78.50770219,0.0
2002,scenario_1,73.71911592,63.45603497265,0.0,0.0,10.26308094734999,0.0,0.0,0.0,73.71911592,0.0
2003,scenario_1,40.32731899,68.32731899000001,0.0,0.0,0.0,0.0,28.0,0.0,40.32731899000001,7.105427357601002e-15
2004,scenario_1,20.17265177,37.550434118993806,0.0,0.0,0.0,0.0,17.377782348993804,0.0,20.17265177,0.0
2005,scenario_1,56.41543038,56.41543038,0.0,0.0,0.0,0.0,0.0,0.0,56.41543038,0.0
2006,scenario_1,36.70633043,36.70633043,0.0,0.0,0.0,0.0,0.0,0.0,36.70633043,0.0
2007,scenario_1,17.15610697,45.156106969999996,0.0,0.0,0.0,0.0,28.0,0.0,17.156106969999996,-3.552713678800501e-15
2008,scenario_1,11.72348624,39.72348624,0.0,0.0,0.0,0.0,28.0,0.0,11.72348624,0.0
2009,scenario_1,8.189984591,26.370939519749996,0.0,0.0,0.0,0.0,18.180954928749998,0.0,8.189984590999998,-1.7763568394002505e-15
2010,scenario_1,9.617063217,0.35163430814999996,0.0,0.0,9.26542890885,0.0,0.0,0.0,9.617063217,0.0
2011,scenario_1,9.835295333,0.0,0.0,0.0,9.835295333,0.0,0.0,0.0,9.835295333,0.0
2012,scenario_1,9.742892883,0.0,0.0,0.0,9.742892883,0.0,0.0,0.0,9.742892883,0.0
2013,scenario_1,9.017708917,0.0,0.0,0.0,9.017708917,0.0,0.0,0.0,9.017708917,0.0
2014,scenario_1,8.385741117,0.0,0.0,0.0,8.385741117,0.0,0.0,0.0,8.385741117,0.0
2015,scenario_1,6.695226017,0.0,0.0,0.0,6.695226017,0.0,0.0,0.0,6.695226017,0.0
2016,scenario_1,0.429803117,0.0,0.0,0.0,0.429803117,0.0,0.0,0.0,0.429803117,0.0
2017,scenario_1,0.469052217,0.0,0.0,0.0,0.469052217,0.0,0.0,0.0,0.469052217,0.0
2018,scenario_1,0.51060435,0.0,0.0,0.0,0.51060435,0.0,0.0,0.0,0.51060435,0.0
2019,scenario_1,1.081088067,0.0,0.0,0.0,1.081088067,0.0,0.0,0.0,1.081088067,0.0
2020,scenario_1,7.073372767,0.0,0.0,0.0,7.073372767,0.0,0.0,0.0,7.073372767,0.0
2021,scenario_1,8.80324195,0.0,0.0,0.0,8.80324195,0.0,0.0,0.0,8.80324195,0.0
2022,scenario_1,5.188444367,0.0,0.0,0.0,5.188444367,0.0,0.0,0.0,5.188444367,0.0
2023,scenario_1,15.11267263,16.05492243345,0.0,0.0,0.0,0.0,0.9422498034499984,0.0,15.11267263,0.0
2024,scenario_1,42.90668339,33.1184382297,0.0,0.0,9.7882451603,0.0,0.0,0.0,42.90668339,0.0
2025,scenario_1,73.19644237,62.093291840400006,0.0,0.0,11.103150529599993,0.0,0.0,0.0,73.19644237,0.0
2026,scenario_1,65.98333664,84.6242034588,0.0,0.0,0.0,0.0,18.640866818799992,0.0,65.98333664,0.0
2027,scenario_1,28.5768975,28.5768975,0.0,0.0,0.0,0.0,0.0,0.0,28.5768975,0.0
2028,scenario_1,29.64332694,57.64332694,0.0,0.0,0.0,0.0,28.0,0.0,29.64332694,0.0
2029,scenario_1,77.64470098,77.64470098,0.0,0.0,0.0,0.0,0.0,0.0,77.64470098,0.0
2030,scenario_1,40.24592428,40.24592428,0.0,0.0,0.0,0.0,0.0,0.0,40.24592428,0.0
2031,scenario_1,21.08898209,21.08898209,0.0,0.0,0.0,0.0,0.0,0.0,21.08898209,0.0
2032,scenario_1,13.37921006,41.37921006,0.0,0.0,0.0,0.0,28.0,0.0,13.379210059999998,-1.7763568394002505e-15
2033,scenario_1,6.026038567,30.3767890908,0.0,0.0,0.0,0.0,24.3507505238,0.0,6.0260385670000005,8.881784197001252e-16
2034,scenario_1,7.507629967,1.99337440275,0.0,0.0,5.51425556425,0.0,0.0,0.0,7.507629967,0.0
2035,scenario_1,10.35219233,0.0,0.0,0.0,10.35219233,0.0,0.0,0.0,10.35219233,0.0
2036,scenario_1,8.712659217,0.0,0.0,0.0,8.712659217,0.0,0.0,0.0,8.712659217,0.0
2037,scenario_1,8.579326533,0.0,0.0,0.0,8.579326533,0.0,0.0,0.0,8.579326533,0.0
2038,scenario_1,8.595290233,0.0,0.0,0.0,8.595290233,0.0,0.0,0.0,8.595290233,0.0
2039,scenario_1,6.570758217,0.0,0.0,0.0,6.570758217,0.0,0.0,0.0,6.570758217,0.0
2040,scenario_1,0.451601917,0.0,0.0,0.0,0.451601917,0.0,0.0,0.0,0.451601917,0.0
2041,scenario_1,0.478400833,0.0,0.0,0.0,0.478400833,0.0,0.0,0.0,0.478400833,0.0
2042,scenario_1,0.464601817,0.0,0.0,0.0,0.464601817,0.0,0.0,0.0,0.464601817,0.0
2043,scenario_1,1.148936367,0.0,0.0,0.0,1.148936367,0.0,0.0,0.0,1.148936367,0.0
2044,scenario_1,6.803938533,0.0,0.0,0.0,6.803938533,0.0,0.0,0.0,6.803938533,0.0
2045,scenario_1,7.14440615,0.0,0.0,0.0,7.14440615,0.0,0.0,0.0,7.14440615,0.0
2046,scenario_1,4.222156867,0.0,0.0,0.0,4.222156867,0.0,0.0,0.0,4.222156867,0.0
2047,scenario_1,4.345693,4.345693,0.0,0.0,0.0,0.0,0.0,0.0,4.345693,0.0
2048,scenario_1,32.0471254,41.71039654815,0.0,0.0,0.0,0.0,9.663271148150002,0.0,32.0471254,0.0
2049,scenario_1,67.61800263,63.3621840993,0.0,0.0,4.2558185307000045,0.0,0.0,0.0,67.61800263,0.0
2050,scenario_1,42.11624892,52.172442008550036,0.0,0.0,0.0,0.0,10.056193088550039,0.0,42.11624892,0.0
2051,scenario_1,16.00594226,16.00594226,0.0,0.0,0.0,0.0,0.0,0.0,16.00594226,0.0
2052,scenario_1,8.373453709,8.373453709,0.0,0.0,0.0,0.0,0.0,0.0,8.373453709,0.0
2053,scenario_1,37.69613631,65.69613631,0.0,0.0,0.0,0.0,28.0,0.0,37.69613631,0.0
2054,scenario_1,8.085299096,8.085299096,0.0,0.0,0.0,0.0,0.0,0.0,8.085299096,0.0
2055,scenario_1,3.442385839,3.442385839,0.0,0.0,0.0,0.0,0.0,0.0,3.442385839,0.0
2056,scenario_1,3.723338185,31.723338185,0.0,0.0,0.0,0.0,28.0,0.0,3.7233381849999994,-4.440892098500626e-16
2057,scenario_1,5.263878133,5.263878133,0.0,0.0,0.0,0.0,0.0,0.0,5.263878133,0.0
2058,scenario_1,8.93585855,1.8782373297,0.0,0.0,7.057621220300001,0.0,0.0,0.0,8.93585855,0.0
2059,scenario_1,9.009008883,0.0,0.0,0.0,9.009008883,0.0,0.0,0.0,9.009008883,0.0
2060,scenario_1,7.899509467,0.0,0.0,0.0,7.899509467,0.0,0.0,0.0,7.899509467,0.0
2061,scenario_1,7.915591617,0.0,0.0,0.0,7.915591617,0.0,0.0,0.0,7.915591617,0.0
2062,scenario_1,8.329690817,0.0,0.0,0.0,8.329690817,0.0,0.0,0.0,8.329690817,0.0
2063,scenario_1,6.029443117,0.0,0.0,0.0,6.029443117,0.0,0.0,0.0,6.029443117,0.0
2064,scenario_1,0.432403117,0.0,0.0,0.0,0.432403117,0.0,0.0,0.0,0.432403117,0.0
2065,scenario_1,0.476601217,0.0,0.0,0.0,0.476601217,0.0,0.0,0.0,0.476601217,0.0
2066,scenario_1,0.503201167,0.0,0.0,0.0,0.503201167,0.0,0.0,0.0,0.503201167,0.0
2067,scenario_1,1.296003,0.0,0.0,0.0,1.296003,0.0,0.0,0.0,1.296003,0.0
2068,scenario_1,7.5492688,0.0,0.0,0.0,7.5492688,0.0,0.0,0.0,7.5492688,0.0
2069,scenario_1,8.053071383,0.0,0.0,0.0,8.053071383,0.0,0.0,0.0,8.053071383,0.0
2070,scenario_1,3.886723,0.0,0.0,0.0,3.886723,0.0,0.0,0.0,3.886723,0.0
2071,scenario_1,3.299873433,3.299873433,0.0,0.0,0.0,0.0,0.0,0.0,3.299873433,0.0
2072,scenario_1,30.76080295,35.72435961779445,0.0,0.0,0.0,0.0,4.963556667794451,0.0,30.76080295,0.0
2073,scenario_1,61.41640589,71.7389266029,0.0,0.0,0.0,0.0,10.322520712899994,0.0,61.41640589,0.0
2074,scenario_1,41.56169945,69.56169944999999,0.0,0.0,0.0,0.0,28.0,0.0,41.56169944999999,-7.105427357601002e-15
2075,scenario_1,6.037276083,6.037276083,0.0,0.0,0.0,0.0,0.0,0.0,6.037276083,0.0
2076,scenario_1,4.98172607,32.98172607,0.0,0.0,0.0,0.0,28.0,0.0,4.981726070000001,8.881784197001252e-16
2077,scenario_1,46.56520728,46.56520728,0.0,0.0,0.0,0.0,0.0,0.0,46.56520728,0.0
2078,scenario_1,17.08183641,17.08183641,0.0,0.0,0.0,0.0,0.0,0.0,17.08183641,0.0
2079,scenario_1,4.431622404,32.431622404,0.0,0.0,0.0,0.0,28.0,0.0,4.431622404000002,2.6645352591003757e-15
2080,scenario_1,4.324477325,4.324477325,0.0,0.0,0.0,0.0,0.0,0.0,4.324477325,0.0
2081,scenario_1,4.826108717,29.984475780749996,0.0,0.0,0.0,0.0,25.158367063749996,0.0,4.826108717,0.0
2082,scenario_1,9.074304867,1.87780460565,0.0,0.0,7.196500261350001,0.0,0.0,0.0,9.074304867,0.0
2083,scenario_1,10.08677142,0.0,0.0,0.0,10.08677142,0.0,0.0,0.0,10.08677142,0.0
2084,scenario_1,8.492524533,0.0,0.0,0.0,8.492524533,0.0,0.0,0.0,8.492524533,0.0
2085,scenario_1,7.728809433,0.0,0.0,0.0,7.728809433,0.0,0.0,0.0,7.728809433,0.0
2086,scenario_1,7.567657483,0.0,0.0,0.0,7.567657483,0.0,0.0,0.0,7.567657483,0.0
2087,scenario_1,5.49965885,0.0,0.0,0.0,5.49965885,0.0,0.0,0.0,5.49965885,0.0
2088,scenario_1,0.44850295,0.0,0.0,0.0,0.44850295,0.0,0.0,0.0,0.44850295,0.0
2089,scenario_1,0.4662024,0.0,0.0,0.0,0.4662024,0.0,0.0,0.0,0.4662024,0.0
2090,scenario_1,0.519202717,0.0,0.0,0.0,0.519202717,0.0,0.0,0.0,0.519202717,0.0
2091,scenario_1,1.233769667,0.0,0.0,0.0,1.233769667,0.0,0.0,0.0,1.233769667,0.0
2092,scenario_1,7.01142235,0.0,0.0,0.0,7.01142235,0.0,0.0,0.0,7.01142235,0.0
2093,scenario_1,7.74354105,0.0,0.0,0.0,7.74354105,0.0,0.0,0.0,7.74354105,0.0
2094,scenario_1,3.81834465,0.0,0.0,0.0,3.81834465,0.0,0.0,0.0,3.81834465,0.0
2095,scenario_1,11.16403771,19.1417617113,0.0,0.0,0.0,0.0,7.977724001299999,0.0,11.16403771,0.0
2096,scenario_1,50.52614725,31.59633426375,0.0,0.0,17.659788993752983,1.2700239924970163,0.0,0.0,50.526147249999994,-7.105427357601002e-15
2097,scenario_1,90.11242771,68.32316802704999,0.0,0.0,21.789259682950018,0.0,0.0,0.0,90.11242771,0.0
2098,scenario_1,65.41825424,83.1331138341,0.0,0.0,0.0,0.0,17.714859594100005,0.0,65.41825424,0.0
2099,scenario_1,34.69434061,62.69434061,0.0,0.0,0.0,0.0,28.0,0.0,34.69434061,0.0
2100,scenario_1,33.12945904,33.12945904,0.0,0.0,0.0,0.0,0.0,0.0,33.12945904,0.0
2101,scenario_1,72.70760736,95.43719221034445,0.0,0.0,0.0,0.0,22.729584850344445,0.0,72.70760736,0.0
2102,scenario_1,33.3522788,33.3522788,0.0,0.0,0.0,0.0,0.0,0.0,33.3522788,0.0
2103,scenario_1,19.07488451,47.074884510000004,0.0,0.0,0.0,0.0,28.0,0.0,19.074884510000004,3.552713678800501e-15
2104,scenario_1,10.93441037,38.93441037,0.0,0.0,0.0,0.0,28.0,0.0,10.934410370000002,1.7763568394002505e-15
2105,scenario_1,7.2959013,7.2959013,0.0,0.0,0.0,0.0,0.0,0.0,7.2959013,0.0
2106,scenario_1,10.02806092,1.87441487265,0.0,0.0,0.0,8.15364604735,0.0,0.0,10.02806092,0.0
2107,scenario_1,9.692811083,0.0,0.0,0.0,9.692811083,0.0,0.0,0.0,9.692811083,0.0
2108,scenario_1,9.0101104,0.0,0.0,0.0,9.0101104,0.0,0.0,0.0,9.0101104,0.0
2109,scenario_1,8.2961942,0.0,0.0,0.0,8.2961942,0.0,0.0,0.0,8.2961942,0.0
2110,scenario_1,7.890040883,0.0,0.0,0.0,0.0,7.890040883,0.0,0.0,7.890040883,0.0
2111,scenario_1,6.051375867,0.0,0.0,0.0,6.051375867,0.0,0.0,0.0,6.051375867,0.0
2112,scenario_1,0.428002333,0.0,0.0,0.0,0.428002333,0.0,0.0,0.0,0.428002333,0.0
2113,scenario_1,0.46648565,0.0,0.0,0.0,0.46648565,0.0,0.0,0.0,0.46648565,0.0
2114,scenario_1,0.5928179,0.0,0.0,0.0,0.5928179,0.0,0.0,0.0,0.5928179,0.0
2115,scenario_1,1.368853717,0.0,0.0,0.0,1.368853717,0.0,0.0,0.0,1.368853717,0.0
2116,scenario_1,7.447372183,0.0,0.0,0.0,7.447372183,0.0,0.0,0.0,7.447372183,0.0
2117,scenario_1,9.0065908,0.0,0.0,0.0,0.0,9.0065908,0.0,0.0,9.0065908,0.0
2118,scenario_1,4.75808275,0.0,0.0,0.0,4.75808275,0.0,0.0,0.0,4.75808275,0.0
2119,scenario_1,21.47703294,1.81209917805,0.0,0.0,19.66493376195,0.0,0.0,0.0,21.47703294,0.0
2120,scenario_1,59.79543992,36.627613116599996,0.0,0.0,23.167826803400004,0.0,0.0,0.0,59.79543992,0.0
2121,scenario_1,75.02502171,65.0001788208,0.0,0.0,9.855133351650013,0.16970953754998952,0.0,0.0,75.02502171,0.0
2122,scenario_1,58.70442335,58.70442335,0.0,0.0,0.0,0.0,0.0,0.0,58.70442335,0.0
2123,scenario_1,36.33832148,64.33832147999999,0.0,0.0,0.0,0.0,28.0,0.0,36.33832147999999,-7.105427357601002e-15
2124,scenario_1,27.47821872,55.47821872,0.0,0.0,0.0,0.0,28.0,0.0,27.47821872,0.0
2125,scenario_1,70.35826647,98.35826647,0.0,0.0,0.0,0.0,28.0,0.0,70.35826647,0.0
2126,scenario_1,42.22530287,43.295201631049395,0.0,0.0,0.0,0.0,1.0698987610493935,0.0,42.22530287,0.0
2127,scenario_1,22.13907826,22.13907826,0.0,0.0,0.0,0.0,0.0,0.0,22.13907826,0.0
2128,scenario_1,13.80488334,13.80488334,0.0,0.0,0.0,0.0,0.0,0.0,13.80488334,0.0
2129,scenario_1,5.748273227,5.748273227,0.0,0.0,0.0,0.0,0.0,0.0,5.748273227,0.0
2130,scenario_1,7.223662983,1.99143272055,0.0,0.0,5.23223026245,0.0,0.0,0.0,7.223662983,0.0
2131,scenario_1,9.407727167,0.0,0.0,0.0,9.407727167,0.0,0.0,0.0,9.407727167,0.0
2132,scenario_1,9.1781911,0.0,0.0,0.0,9.1781911,0.0,0.0,0.0,9.1781911,0.0
2133,scenario_1,8.6125422,0.0,0.0,0.0,8.6125422,0.0,0.0,0.0,8.6125422,0.0
2134,scenario_1,7.961074,0.0,0.0,0.0,7.961074,0.0,0.0,0.0,7.961074,0.0
2135,scenario_1,5.527574217,0.0,0.0,0.0,5.527574217,0.0,0.0,0.0,5.527574217,0.0
2136,scenario_1,0.427203283,0.0,0.0,0.0,0.427203283,0.0,0.0,0.0,0.427203283,0.0
2137,scenario_1,0.45266855,0.0,0.0,0.0,0.45266855,0.0,0.0,0.0,0.45266855,0.0
2138,scenario_1,0.531801567,0.0,0.0,0.0,0.531801567,0.0,0.0,0.0,0.531801567,0.0
2139,scenario_1,1.818570783,0.0,0.0,0.0,1.818570783,0.0,0.0,0.0,1.818570783,0.0
2140,scenario_1,7.716774867,0.0,0.0,0.0,7.716774867,0.0,0.0,0.0,7.716774867,0.0
2141,scenario_1,7.820078783,0.0,0.0,0.0,7.820078783,0.0,0.0,0.0,7.820078783,0.0
2142,scenario_1,4.220181217,0.0,0.0,0.0,4.220181217,0.0,0.0,0.0,4.220181217,0.0
2143,scenario_1,6.587742267,17.9224063683,0.0,0.0,0.0,0.0,11.3346641013,0.0,6.587742266999999,-8.881784197001252e-16
2144,scenario_1,36.74852529,47.59689609075,0.0,0.0,0.0,0.0,10.848370800749997,0.0,36.74852529,0.0
2145,scenario_1,88.13148573,72.88616678564999,0.0,0.0,15.245318944350004,0.0,0.0,0.0,88.13148573,0.0
2146,scenario_1,79.67646763,93.57547421055,0.0,0.0,0.0,0.0,13.899006580549994,0.0,79.67646763,0.0
2147,scenario_1,30.01789965,58.017899650000004,0.0,0.0,0.0,0.0,28.0,0.0,30.017899650000004,3.552713678800501e-15
2148,scenario_1,32.38053353,55.56431790462223,0.0,0.0,0.0,0.0,23.183784374622228,0.0,32.38053353,0.0
2149,scenario_1,67.24063289,95.24063289,0.0,0.0,0.0,0.0,28.0,0.0,67.24063289,0.0
2150,scenario_1,45.87110258,73.87110258,0.0,0.0,0.0,0.0,28.0,0.0,45.87110258,0.0
2151,scenario_1,18.33468269,18.33468269,0.0,0.0,0.0,0.0,0.0,0.0,18.33468269,0.0
2152,scenario_1,11.48746136,11.48746136,0.0,0.0,0.0,0.0,0.0,0.0,11.48746136,0.0
2153,scenario_1,6.936325515,6.936325515,0.0,0.0,0.0,0.0,0.0,0.0,6.936325515,0.0
2154,scenario_1,8.502192867,1.8688613968499999,0.0,0.0,6.63333147015,0.0,0.0,0.0,8.502192867,0.0
2155,scenario_1,9.267292267,0.0,0.0,0.0,9.267292267,0.0,0.0,0.0,9.267292267,0.0
2156,scenario_1,9.25897395,0.0,0.0,0.0,9.25897395,0.0,0.0,0.0,9.25897395,0.0
2157,scenario_1,9.550457367,0.0,0.0,0.0,9.550457367,0.0,0.0,0.0,9.550457367,0.0
2158,scenario_1,9.957638117,0.0,0.0,0.0,9.957638117,0.0,0.0,0.0,9.957638117,0.0
2159,scenario_1,6.251925183,0.0,0.0,0.0,6.251925183,0.0,0.0,0.0,6.251925183,0.0
2160,scenario_1,0.4082035,0.0,0.0,0.0,0.4082035,0.0,0.0,0.0,0.4082035,0.0
2161,scenario_1,0.475751683,0.0,0.0,0.0,0.475751683,0.0,0.0,0.0,0.475751683,0.0
2162,scenario_1,0.5136353,0.0,0.0,0.0,0.5136353,0.0,0.0,0.0,0.5136353,0.0
2163,scenario_1,1.007269567,0.0,0.0,0.0,1.007269567,0.0,0.0,0.0,1.007269567,0.0
2164,scenario_1,7.278922667,0.0,0.0,0.0,7.278922667,0.0,0.0,0.0,7.278922667,0.0
2165,scenario_1,7.20355775,0.0,0.0,0.0,7.20355775,0.0,0.0,0.0,7.20355775,0.0
2166,scenario_1,4.22946065,0.0,0.0,0.0,4.22946065,0.0,0.0,0.0,4.22946065,0.0
2167,scenario_1,9.909239823,9.9198918585,0.0,0.0,0.0,0.0,0.010652035499999712,0.0,9.909239823,0.0
2168,scenario_1,69.22276008,39.97508903835,0.0,0.0,28.0,1.2476710416500012,0.0,0.0,69.22276008,0.0
2169,scenario_1,61.75277818,61.75277818,0.0,0.0,0.0,0.0,0.0,0.0,61.75277818,0.0
2170,scenario_1,64.52474461,90.29703413520001,0.0,0.0,0.0,0.0,25.77228952520001,0.0,64.52474461,0.0
2171,scenario_1,27.81396245,41.53277332281854,0.0,0.0,0.0,0.0,13.71881087281854,0.0,27.813962450000002,3.552713678800501e-15
2172,scenario_1,24.54058161,52.540581610000004,0.0,0.0,0.0,0.0,28.0,0.0,24.540581610000004,3.552713678800501e-15
2173,scenario_1,69.38834855,97.38834855,0.0,0.0,0.0,0.0,28.0,0.0,69.38834855,0.0
2174,scenario_1,42.56407888,42.56407888,0.0,0.0,0.0,0.0,0.0,0.0,42.56407888,0.0
2175,scenario_1,19.83033172,19.83033172,0.0,0.0,0.0,0.0,0.0,0.0,19.83033172,0.0
2176,scenario_1,10.49118909,38.49118909,0.0,0.0,0.0,0.0,28.0,0.0,10.491189089999999,-1.7763568394002505e-15
2177,scenario_1,7.3923354,7.3923354,0.0,0.0,0.0,0.0,0.0,0.0,7.3923354,0.0
2178,scenario_1,7.78132635,5.7561771765,0.0,0.0,2.0251491735,0.0,0.0,0.0,7.78132635,0.0
2179,scenario_1,8.324245,0.0,0.0,0.0,8.324245,0.0,0.0,0.0,8.324245,0.0
2180,scenario_1,8.5220127,0.0,0.0,0.0,8.5220127,0.0,0.0,0.0,8.5220127,0.0
2181,scenario_1,8.913925833,0.0,0.0,0.0,8.913925833,0.0,0.0,0.0,8.913925833,0.0
2182,scenario_1,8.66249025,0.0,0.0,0.0,8.66249025,0.0,0.0,0.0,8.66249025,0.0
2183,scenario_1,6.993009017,0.0,0.0,0.0,6.993009017,0.0,0.0,0.0,6.993009017,0.0
2184,scenario_1,0.44220245,0.0,0.0,0.0,0.44220245,0.0,0.0,0.0,0.44220245,0.0
2185,scenario_1,0.487500883,0.0,0.0,0.0,0.487500883,0.0,0.0,0.0,0.487500883,0.0
2186,scenario_1,0.58265155,0.0,0.0,0.0,0.58265155,0.0,0.0,0.0,0.58265155,0.0
2187,scenario_1,0.947635017,0.0,0.0,0.0,0.947635017,0.0,0.0,0.0,0.947635017,0.0
2188,scenario_1,7.02440805,0.0,0.0,0.0,7.02440805,0.0,0.0,0.0,7.02440805,0.0
2189,scenario_1,7.254424883,0.0,0.0,0.0,7.254424883,0.0,0.0,0.0,7.254424883,0.0
2190,scenario_1,4.7266815,0.0,0.0,0.0,4.7266815,0.0,0.0,0.0,4.7266815,0.0
2191,scenario_1,25.47765945,9.115796700299999,0.0,0.0,16.361862749700002,0.0,0.0,0.0,25.47765945,0.0
2192,scenario_1,55.23126851,37.79919148425,0.0,0.0,3.482871018800018,13.949206006949979,0.0,0.0,55.23126851,0.0
2193,scenario_1,81.14551687,65.096586945,0.0,0.0,16.048929924999996,0.0,0.0,0.0,81.14551687,0.0
2194,scenario_1,67.19109029,87.90293275215,0.0,0.0,0.0,0.0,20.71184246214999,0.0,67.19109029,0.0
2195,scenario_1,31.21772793,59.217727929999995,0.0,0.0,0.0,0.0,28.0,0.0,31.217727929999995,-3.552713678800501e-15
2196,scenario_1,24.3942339,24.3942339,0.0,0.0,0.0,0.0,0.0,0.0,24.3942339,0.0
2197,scenario_1,62.13369769,90.13369768999999,0.0,0.0,0.0,0.0,28.0,0.0,62.13369768999999,-7.105427357601002e-15
2198,scenario_1,44.52708698,44.52708698,0.0,0.0,0.0,0.0,0.0,0.0,44.52708698,0.0
2199,scenario_1,17.6246785,17.6246785,0.0,0.0,0.0,0.0,0.0,0.0,17.6246785,0.0
2200,scenario_1,10.31881399,22.03808378667717,0.0,0.0,0.0,0.0,11.719269796677168,0.0,10.318813990000002,1.7763568394002505e-15
2201,scenario_1,6.536533883,6.536533883,0.0,0.0,0.0,0.0,0.0,0.0,6.536533883,0.0
2202,scenario_1,8.0439628,6.371937249599999,0.0,0.0,1.6720255504,0.0,0.0,0.0,8.0439628,0.0
2203,scenario_1,9.41016345,0.0,0.0,0.0,9.41016345,0.0,0.0,0.0,9.41016345,0.0
2204,scenario_1,8.262861783,0.0,0.0,0.0,8.262861783,0.0,0.0,0.0,8.262861783,0.0
2205,scenario_1,8.013511883,0.0,0.0,0.0,8.013511883,0.0,0.0,0.0,8.013511883,0.0
2206,scenario_1,7.96127655,0.0,0.0,0.0,7.96127655,0.0,0.0,0.0,7.96127655,0.0
2207,scenario_1,5.940145333,0.0,0.0,0.0,5.940145333,0.0,0.0,0.0,5.940145333,0.0
2208,scenario_1,0.43287045,0.0,0.0,0.0,0.43287045,0.0,0.0,0.0,0.43287045,0.0
2209,scenario_1,0.4972011,0.0,0.0,0.0,0.4972011,0.0,0.0,0.0,0.4972011,0.0
2210,scenario_1,0.47800295,0.0,0.0,0.0,0.47800295,0.0,0.0,0.0,0.47800295,0.0
2211,scenario_1,1.053420567,0.0,0.0,0.0,1.053420567,0.0,0.0,0.0,1.053420567,0.0
2212,scenario_1,7.032605317,0.0,0.0,0.0,7.032605317,0.0,0.0,0.0,7.032605317,0.0
2213,scenario_1,7.919523483,0.0,0.0,0.0,7.919523483,0.0,0.0,0.0,7.919523483,0.0
2214,scenario_1,3.800957733,0.0,0.0,0.0,3.800957733,0.0,0.0,0.0,3.800957733,0.0
2215,scenario_1,18.40565793,9.251023149749999,0.0,0.0,9.154634780250001,0.0,0.0,0.0,18.40565793,0.0
2216,scenario_1,32.77855984,32.77855984,0.0,0.0,0.0,0.0,0.0,0.0,32.77855984,0.0
2217,scenario_1,42.04886702,65.96156224709999,0.0,0.0,0.0,0.0,23.912695227099988,0.0,42.04886702,0.0
2218,scenario_1,36.46461844,36.46461844,0.0,0.0,0.0,0.0,0.0,0.0,36.46461844,0.0
2219,scenario_1,9.750805591,29.47761967667779,0.0,0.0,0.0,0.0,19.726814085677784,0.0,9.750805591000006,5.329070518200751e-15
2220,scenario_1,4.367392517,32.367392517,0.0,0.0,0.0,0.0,28.0,0.0,4.367392516999999,-8.881784197001252e-16
2221,scenario_1,35.59217659,35.59217659,0.0,0.0,0.0,0.0,0.0,0.0,35.59217659,0.0
2222,scenario_1,31.58223435,31.58223435,0.0,0.0,0.0,0.0,0.0,0.0,31.58223435,0.0
2223,scenario_1,8.49213734,8.49213734,0.0,0.0,0.0,0.0,0.0,0.0,8.49213734,0.0
2224,scenario_1,4.842833857,4.842833857,0.0,0.0,0.0,0.0,0.0,0.0,4.842833857,0.0
2225,scenario_1,5.163340517,5.163340517,0.0,0.0,0.0,0.0,0.0,0.0,5.163340517,0.0
2226,scenario_1,7.486523233,5.91893497365,0.0,0.0,1.56758825935,0.0,0.0,0.0,7.486523233,0.0
2227,scenario_1,8.74329065,0.0,0.0,0.0,8.74329065,0.0,0.0,0.0,8.74329065,0.0
2228,scenario_1,7.802209883,0.0,0.0,0.0,7.802209883,0.0,0.0,0.0,7.802209883,0.0
2229,scenario_1,7.3896106,0.0,0.0,0.0,7.3896106,0.0,0.0,0.0,7.3896106,0.0
2230,scenario_1,7.508425383,0.0,0.0,0.0,7.508425383,0.0,0.0,0.0,7.508425383,0.0
2231,scenario_1,6.5566757,0.0,0.0,0.0,6.5566757,0.0,0.0,0.0,6.5566757,0.0
2232,scenario_1,0.426802967,0.0,0.0,0.0,0.426802967,0.0,0.0,0.0,0.426802967,0.0
2233,scenario_1,0.47040205,0.0,0.0,0.0,0.47040205,0.0,0.0,0.0,0.47040205,0.0
2234,scenario_1,0.50726965,0.0,0.0,0.0,0.50726965,0.0,0.0,0.0,0.50726965,0.0
2235,scenario_1,0.91443775,0.0,0.0,0.0,0.91443775,0.0,0.0,0.0,0.91443775,0.0
2236,scenario_1,6.840890267,0.0,0.0,0.0,6.840890267,0.0,0.0,0.0,6.840890267,0.0
2237,scenario_1,6.795573767,0.0,0.0,0.0,6.795573767,0.0,0.0,0.0,6.795573767,0.0
2238,scenario_1,2.504825617,0.0,0.0,0.0,2.504825617,0.0,0.0,0.0,2.504825617,0.0
2239,scenario_1,3.853410843,3.853410843,0.0,0.0,0.0,0.0,0.0,0.0,3.853410843,0.0
2240,scenario_1,30.07841676,37.82365417995,0.0,0.0,0.0,0.0,7.745237419949998,0.0,30.07841676,0.0
2241,scenario_1,67.11214188,65.66593218599999,0.0,0.0,1.4462096940000038,0.0,0.0,0.0,67.11214188,0.0
2242,scenario_1,35.26077599,35.26077599,0.0,0.0,0.0,0.0,0.0,0.0,35.26077599,0.0
2243,scenario_1,16.96564785,16.96564785,0.0,0.0,0.0,0.0,0.0,0.0,16.96564785,0.0
2244,scenario_1,8.062744263,8.062744263,0.0,0.0,0.0,0.0,0.0,0.0,8.062744263,0.0
2245,scenario_1,51.65337228,79.65337228,0.0,0.0,0.0,0.0,28.0,0.0,51.65337228,0.0
2246,scenario_1,14.04914397,42.04914397,0.0,0.0,0.0,0.0,28.0,0.0,14.049143970000003,3.552713678800501e-15
2247,scenario_1,4.760422873,32.760422873,0.0,0.0,0.0,0.0,28.0,0.0,4.760422873000003,2.6645352591003757e-15
2248,scenario_1,4.5323574,32.5323574,0.0,0.0,0.0,0.0,28.0,0.0,4.532357400000002,1.7763568394002505e-15
2249,scenario_1,5.727475867,12.212126958161122,0.0,0.0,0.0,0.0,6.484651091161121,0.0,5.727475867000001,8.881784197001252e-16
2250,scenario_1,9.233092867,5.9363070489,0.0,0.0,3.2967858181,0.0,0.0,0.0,9.233092867,0.0
2251,scenario_1,9.57667765,0.0,0.0,0.0,9.57667765,0.0,0.0,0.0,9.57667765,0.0
2252,scenario_1,8.148812217,0.0,0.0,0.0,0.0,8.148812217,0.0,0.0,8.148812217,0.0
2253,scenario_1,8.107926033,0.0,0.0,0.0,8.107926033,0.0,0.0,0.0,8.107926033,0.0
2254,scenario_1,7.814190533,0.0,0.0,0.0,0.0,7.814190533,0.0,0.0,7.814190533,0.0
2255,scenario_1,6.288574633,0.0,0.0,0.0,6.288574633,0.0,0.0,0.0,6.288574633,0.0
2256,scenario_1,0.436786117,0.0,0.0,0.0,0.436786117,0.0,0.0,0.0,0.436786117,0.0
2257,scenario_1,0.5241686,0.0,0.0,0.0,0.5241686,0.0,0.0,0.0,0.5241686,0.0
2258,scenario_1,0.5907547,0.0,0.0,0.0,0.5907547,0.0,0.0,0.0,0.5907547,0.0
2259,scenario_1,1.319505167,0.0,0.0,0.0,1.319505167,0.0,0.0,0.0,1.319505167,0.0
2260,scenario_1,7.13567175,0.0,0.0,0.0,7.13567175,0.0,0.0,0.0,7.13567175,0.0
2261,scenario_1,7.3514078,0.0,0.0,0.0,7.3514078,0.0,0.0,0.0,7.3514078,0.0
2262,scenario_1,4.168577783,0.0,0.0,0.0,4.168577783,0.0,0.0,0.0,4.168577783,0.0
2263,scenario_1,19.61858799,1.0851762058499999,0.0,0.0,18.53341178415,0.0,0.0,0.0,19.61858799,0.0
2264,scenario_1,34.66252313,7.1624693091,0.0,0.0,5.469752164749986,22.03030165615001,0.0,0.0,34.66252313,0.0
2265,scenario_1,76.68448752,28.529261075399997,0.0,0.0,28.0,20.155226444600007,0.0,0.0,76.68448752,0.0
2266,scenario_1,67.10309029,67.10309029,0.0,0.0,0.0,0.0,0.0,0.0,67.10309029,0.0
2267,scenario_1,33.8572724,33.8572724,0.0,0.0,0.0,0.0,0.0,0.0,33.8572724,0.0
2268,scenario_1,28.01462255,47.136045651851866,0.0,0.0,0.0,0.0,19.121423101851864,0.0,28.014622550000002,3.552713678800501e-15
2269,scenario_1,70.06094305,98.06094305,0.0,0.0,0.0,0.0,28.0,0.0,70.06094305,0.0
2270,scenario_1,45.04097347,45.04097347,0.0,0.0,0.0,0.0,0.0,0.0,45.04097347,0.0
2271,scenario_1,17.71125187,45.71125187,0.0,0.0,0.0,0.0,28.0,0.0,17.711251869999998,-3.552713678800501e-15
2272,scenario_1,9.15639428,37.15639428,0.0,0.0,0.0,0.0,28.0,0.0,9.15639428,0.0
2273,scenario_1,6.472826967,6.472826967,0.0,0.0,0.0,0.0,0.0,0.0,6.472826967,0.0
2274,scenario_1,7.842625,6.42717433365,0.0,0.0,1.41545066635,0.0,0.0,0.0,7.842625,0.0
2275,scenario_1,10.0018758,0.0,0.0,0.0,10.0018758,0.0,0.0,0.0,10.0018758,0.0
2276,scenario_1,9.047975917,0.0,0.0,0.0,9.047975917,0.0,0.0,0.0,9.047975917,0.0
2277,scenario_1,8.6024245,0.0,0.0,0.0,8.6024245,0.0,0.0,0.0,8.6024245,0.0
2278,scenario_1,8.244042467,0.0,0.0,0.0,8.244042467,0.0,0.0,0.0,8.244042467,0.0
2279,scenario_1,5.607742683,0.0,0.0,0.0,5.607742683,0.0,0.0,0.0,5.607742683,0.0
2280,scenario_1,0.408403833,0.0,0.0,0.0,0.408403833,0.0,0.0,0.0,0.408403833,0.0
2281,scenario_1,0.4817359,0.0,0.0,0.0,0.4817359,0.0,0.0,0.0,0.4817359,0.0
2282,scenario_1,0.563022267,0.0,0.0,0.0,0.563022267,0.0,0.0,0.0,0.563022267,0.0
2283,scenario_1,1.4769399,0.0,0.0,0.0,1.4769399,0.0,0.0,0.0,1.4769399,0.0
2284,scenario_1,6.923957483,0.0,0.0,0.0,6.923957483,0.0,0.0,0.0,6.923957483,0.0
2285,scenario_1,7.761574833,0.0,0.0,0.0,7.761574833,0.0,0.0,0.0,7.761574833,0.0
2286,scenario_1,3.886680183,0.0,0.0,0.0,3.886680183,0.0,0.0,0.0,3.886680183,0.0
2287,scenario_1,16.45242243,9.75354212085,0.0,0.0,6.698880309149999,0.0,0.0,0.0,16.45242243,0.0
2288,scenario_1,37.75348988,37.75348988,0.0,0.0,0.0,0.0,0.0,0.0,37.75348988,0.0
2289,scenario_1,60.10078688,58.33416434115,0.0,0.0,1.766622538850001,0.0,0.0,0.0,60.10078688,0.0
2290,scenario_1,73.51451747,62.873494037849994,0.0,0.0,10.641023432150007,0.0,0.0,0.0,73.51451747,0.0
2291,scenario_1,32.98171766,60.98171766,0.0,0.0,0.0,0.0,28.0,0.0,32.98171766,0.0
2292,scenario_1,27.81638187,40.26082631444445,0.0,0.0,0.0,0.0,12.444444444444445,0.0,27.816381870000008,7.105427357601002e-15
2293,scenario_1,67.60155438,67.60155438,0.0,0.0,0.0,0.0,0.0,0.0,67.60155438,0.0
2294,scenario_1,55.53532304,83.53532304000001,0.0,0.0,0.0,0.0,28.0,0.0,55.53532304000001,7.105427357601002e-15
2295,scenario_1,15.23939114,43.23939114,0.0,0.0,0.0,0.0,28.0,0.0,15.239391140000002,1.7763568394002505e-15
2296,scenario_1,9.036183131,9.036183131,0.0,0.0,0.0,0.0,0.0,0.0,9.036183131,0.0
2297,scenario_1,5.907401133,33.907401133,0.0,0.0,0.0,0.0,28.0,0.0,5.9074011330000005,8.881784197001252e-16
2298,scenario_1,9.879609233,6.0814856613,0.0,0.0,3.7981235716999997,0.0,0.0,0.0,9.879609233,0.0
2299,scenario_1,9.065926683,0.0,0.0,0.0,9.065926683,0.0,0.0,0.0,9.065926683,0.0
2300,scenario_1,7.776110117,0.0,0.0,0.0,7.776110117,0.0,0.0,0.0,7.776110117,0.0
2301,scenario_1,8.304694933,0.0,0.0,0.0,8.304694933,0.0,0.0,0.0,8.304694933,0.0
2302,scenario_1,7.8545759,0.0,0.0,0.0,2.3633925938999893,5.491183306100011,0.0,0.0,7.8545759,0.0
2303,scenario_1,5.508761133,0.0,0.0,0.0,0.0,5.508761133,0.0,0.0,5.508761133,0.0
2304,scenario_1,0.419804117,0.0,0.0,0.0,0.419804117,0.0,0.0,0.0,0.419804117,0.0
2305,scenario_1,0.468852983,0.0,0.0,0.0,0.468852983,0.0,0.0,0.0,0.468852983,0.0
2306,scenario_1,0.545903883,0.0,0.0,0.0,0.545903883,0.0,0.0,0.0,0.545903883,0.0
2307,scenario_1,1.155339017,0.0,0.0,0.0,1.155339017,0.0,0.0,0.0,1.155339017,0.0
2308,scenario_1,6.794923883,0.0,0.0,0.0,6.794923883,0.0,0.0,0.0,6.794923883,0.0
2309,scenario_1,7.717975083,0.0,0.0,0.0,0.0,7.717975083,0.0,0.0,7.717975083,0.0
2310,scenario_1,3.517564317,0.0,0.0,0.0,3.517564317,0.0,0.0,0.0,3.517564317,0.0
2311,scenario_1,17.94984528,10.0730847507,0.0,0.0,7.876760529300002,0.0,0.0,0.0,17.94984528,0.0
2312,scenario_1,55.29573028,34.5831269079,0.0,0.0,20.7126033721,0.0,0.0,0.0,55.29573028,0.0
2313,scenario_1,79.89514323,42.98961364455,0.0,0.0,28.0,8.905529585450005,0.0,0.0,79.89514323,0.0
2314,scenario_1,58.36188218,58.36188218,0.0,0.0,0.0,0.0,0.0,0.0,58.36188218,0.0
2315,scenario_1,25.02184191,42.35540329944445,0.0,0.0,0.0,0.0,17.333561389444448,0.0,25.02184191,0.0
2316,scenario_1,27.31831677,23.570673367799998,0.0,0.0,3.7476434022000014,0.0,0.0,0.0,27.31831677,0.0
2317,scenario_1,80.78211786,80.56957653674999,0.0,0.0,0.21254132325000796,0.0,0.0,0.0,80.78211786,0.0
2318,scenario_1,36.73688841,64.73688841,0.0,0.0,0.0,0.0,28.0,0.0,36.736888410000006,7.105427357601002e-15
2319,scenario_1,19.33799144,47.337991439999996,0.0,0.0,0.0,0.0,27.999999999999996,0.0,19.33799144,0.0
2320,scenario_1,12.78751777,40.78751777,0.0,0.0,0.0,0.0,28.0,0.0,12.787517770000001,1.7763568394002505e-15
2321,scenario_1,8.017770383,36.017770383,0.0,0.0,0.0,0.0,28.0,0.0,8.017770382999998,-1.7763568394002505e-15
2322,scenario_1,9.639230083,5.970972399749999,0.0,0.0,3.6682576832500002,0.0,0.0,0.0,9.639230083,0.0
2323,scenario_1,10.35821138,0.0,0.0,0.0,10.35821138,0.0,0.0,0.0,10.35821138,0.0
2324,scenario_1,9.30732735,0.0,0.0,0.0,9.30732735,0.0,0.0,0.0,9.30732735,0.0
2325,scenario_1,8.67024345,0.0,0.0,0.0,8.67024345,0.0,0.0,0.0,8.67024345,0.0
2326,scenario_1,8.041875367,0.0,0.0,0.0,6.485184069550021,1.5566912974499783,0.0,0.0,8.041875367,0.0
2327,scenario_1,4.385827283,0.0,0.0,0.0,4.385827283,0.0,0.0,0.0,4.385827283,0.0
2328,scenario_1,0.42493735,0.0,0.0,0.0,0.42493735,0.0,0.0,0.0,0.42493735,0.0
2329,scenario_1,0.456602917,0.0,0.0,0.0,0.456602917,0.0,0.0,0.0,0.456602917,0.0
2330,scenario_1,0.521688433,0.0,0.0,0.0,0.521688433,0.0,0.0,0.0,0.521688433,0.0
2331,scenario_1,1.256007667,0.0,0.0,0.0,1.256007667,0.0,0.0,0.0,1.256007667,0.0
2332,scenario_1,7.3109593,0.0,0.0,0.0,7.3109593,0.0,0.0,0.0,7.3109593,0.0
2333,scenario_1,8.088159167,0.0,0.0,0.0,8.088159167,0.0,0.0,0.0,8.088159167,0.0
2334,scenario_1,3.951545983,0.0,0.0,0.0,3.951545983,0.0,0.0,0.0,3.951545983,0.0
2335,scenario_1,17.4224103,9.5073623328,0.0,0.0,7.9150479672,0.0,0.0,0.0,17.4224103,0.0
2336,scenario_1,67.27554379,38.910590939100004,0.0,0.0,28.0,0.3649528508999964,0.0,0.0,67.27554379,0.0
2337,scenario_1,63.21729452,63.21729452,0.0,0.0,0.0,0.0,0.0,0.0,63.21729452,0.0
2338,scenario_1,56.63128533,84.63128533,0.0,0.0,0.0,0.0,28.0,0.0,56.63128533,0.0
2339,scenario_1,37.01769485,37.01769485,0.0,0.0,0.0,0.0,0.0,0.0,37.01769485,0.0
2340,scenario_1,31.54022298,43.984667424444446,0.0,0.0,0.0,0.0,12.444444444444445,0.0,31.540222980000003,3.552713678800501e-15
2341,scenario_1,62.99483174,90.99483174,0.0,0.0,0.0,0.0,27.999999999999993,0.0,62.99483174,0.0
2342,scenario_1,49.41170483,49.41170483,0.0,0.0,0.0,0.0,0.0,0.0,49.41170483,0.0
2343,scenario_1,23.40248634,51.402486339999996,0.0,0.0,0.0,0.0,28.0,0.0,23.402486339999996,-3.552713678800501e-15
2344,scenario_1,10.38483336,10.38483336,0.0,0.0,0.0,0.0,0.0,0.0,10.38483336,0.0
2345,scenario_1,7.462278766,35.462278766,0.0,0.0,0.0,0.0,28.0,0.0,7.462278765999997,-2.6645352591003757e-15
2346,scenario_1,10.09551272,6.0611867244,0.0,0.0,4.034325995600001,0.0,0.0,0.0,10.09551272,0.0
2347,scenario_1,9.553964083,0.0,0.0,0.0,9.553964083,0.0,0.0,0.0,9.553964083,0.0
2348,scenario_1,8.748046633,0.0,0.0,0.0,8.748046633,0.0,0.0,0.0,8.748046633,0.0
2349,scenario_1,8.1626778,0.0,0.0,0.0,8.1626778,0.0,0.0,0.0,8.1626778,0.0
2350,scenario_1,8.457327683,0.0,0.0,0.0,8.457327683,0.0,0.0,0.0,8.457327683,0.0
2351,scenario_1,6.245893533,0.0,0.0,0.0,6.245893533,0.0,0.0,0.0,6.245893533,0.0
2352,scenario_1,0.440002583,0.0,0.0,0.0,0.440002583,0.0,0.0,0.0,0.440002583,0.0
2353,scenario_1,0.475035033,0.0,0.0,0.0,0.475035033,0.0,0.0,0.0,0.475035033,0.0
2354,scenario_1,0.504518883,0.0,0.0,0.0,0.504518883,0.0,0.0,0.0,0.504518883,0.0
2355,scenario_1,1.269204467,0.0,0.0,0.0,1.269204467,0.0,0.0,0.0,1.269204467,0.0
2356,scenario_1,7.439873,0.0,0.0,0.0,7.439873,0.0,0.0,0.0,7.439873,0.0
2357,scenario_1,8.63604155,0.0,0.0,0.0,0.0,8.63604155,0.0,0.0,8.63604155,0.0
2358,scenario_1,5.000911683,0.0,0.0,0.0,5.000911683,0.0,0.0,0.0,5.000911683,0.0
2359,scenario_1,11.06028935,7.8294783216,0.0,0.0,3.2308110284,0.0,0.0,0.0,11.06028935,0.0
2360,scenario_1,44.61935438,30.48328565355,0.0,0.0,9.237407595000013,4.8986611314499875,0.0,0.0,44.619354380000004,7.105427357601002e-15
2361,scenario_1,74.62345704,41.194140825,0.0,0.0,28.0,5.429316215000007,0.0,0.0,74.62345704,0.0
2362,scenario_1,53.63355464,53.63355464,0.0,0.0,0.0,0.0,0.0,0.0,53.63355464,0.0
2363,scenario_1,31.11137786,31.11137786,0.0,0.0,0.0,0.0,0.0,0.0,31.11137786,0.0
2364,scenario_1,28.5778334,28.5778334,0.0,0.0,0.0,0.0,0.0,0.0,28.5778334,0.0
2365,scenario_1,71.42269549,99.2061068778,0.0,0.0,0.0,0.0,27.7834113878,0.0,71.42269549,0.0
2366,scenario_1,51.85479874,79.85479874,0.0,0.0,0.0,0.0,28.0,0.0,51.85479874000001,7.105427357601002e-15
2367,scenario_1,18.15548113,18.15548113,0.0,0.0,0.0,0.0,0.0,0.0,18.15548113,0.0
2368,scenario_1,12.02996706,40.029967060000004,0.0,0.0,0.0,0.0,28.0,0.0,12.029967060000004,3.552713678800501e-15
2369,scenario_1,8.493800983,36.493800983,0.0,0.0,0.0,0.0,28.0,0.0,8.493800983,0.0
2370,scenario_1,7.891630533,5.98999926765,0.0,0.0,1.9016312653499998,0.0,0.0,0.0,7.891630533,0.0
2371,scenario_1,9.0189944,0.0,0.0,0.0,9.0189944,0.0,0.0,0.0,9.0189944,0.0
2372,scenario_1,8.120761417,0.0,0.0,0.0,8.120761417,0.0,0.0,0.0,8.120761417,0.0
2373,scenario_1,7.67064425,0.0,0.0,0.0,7.67064425,0.0,0.0,0.0,7.67064425,0.0
2374,scenario_1,7.753860383,0.0,0.0,0.0,7.753860383,0.0,0.0,0.0,7.753860383,0.0
2375,scenario_1,6.409445417,0.0,0.0,0.0,6.409445417,0.0,0.0,0.0,6.409445417,0.0
2376,scenario_1,0.428403583,0.0,0.0,0.0,0.428403583,0.0,0.0,0.0,0.428403583,0.0
2377,scenario_1,0.474002067,0.0,0.0,0.0,0.474002067,0.0,0.0,0.0,0.474002067,0.0
2378,scenario_1,0.47903575,0.0,0.0,0.0,0.47903575,0.0,0.0,0.0,0.47903575,0.0
2379,scenario_1,1.275920633,0.0,0.0,0.0,1.275920633,0.0,0.0,0.0,1.275920633,0.0
2380,scenario_1,7.134904783,0.0,0.0,0.0,7.134904783,0.0,0.0,0.0,7.134904783,0.0
2381,scenario_1,7.713139233,0.0,0.0,0.0,7.713139233,0.0,0.0,0.0,7.713139233,0.0
2382,scenario_1,3.815875983,0.0,0.0,0.0,3.815875983,0.0,0.0,0.0,3.815875983,0.0
2383,scenario_1,9.022359255,9.15556233705,0.0,0.0,0.0,0.0,0.13320308205000053,0.0,9.022359255,0.0
2384,scenario_1,24.79335176,25.829378447099998,0.0,0.0,0.0,0.0,1.036026687099998,0.0,24.79335176,0.0
2385,scenario_1,48.06524751,45.86876486385,0.0,0.0,2.1964826461500024,0.0,0.0,0.0,48.06524751,0.0
2386,scenario_1,41.19310418,69.1223779746,0.0,0.0,0.0,0.0,27.9292737946,0.0,41.19310418,0.0
2387,scenario_1,16.72113472,16.72113472,0.0,0.0,0.0,0.0,0.0,0.0,16.72113472,0.0
2388,scenario_1,8.757775702,36.757775702,0.0,0.0,0.0,0.0,28.0,0.0,8.757775702000004,3.552713678800501e-15
2389,scenario_1,48.02949371,55.089679759067245,0.0,0.0,0.0,0.0,7.060186049067249,0.0,48.02949371,0.0
2390,scenario_1,29.57879731,29.57879731,0.0,0.0,0.0,0.0,0.0,0.0,29.57879731,0.0
2391,scenario_1,4.827784832,4.827784832,0.0,0.0,0.0,0.0,0.0,0.0,4.827784832,0.0
2392,scenario_1,4.819779848,4.819779848,0.0,0.0,0.0,0.0,0.0,0.0,4.819779848,0.0
2393,scenario_1,5.28109345,33.28109345,0.0,0.0,0.0,0.0,28.0,0.0,5.28109345,0.0
2394,scenario_1,7.515109617,6.3376460439,0.0,0.0,1.1774635730999998,0.0,0.0,0.0,7.515109617,0.0
2395,scenario_1,8.5149069,0.0,0.0,0.0,8.5149069,0.0,0.0,0.0,8.5149069,0.0
2396,scenario_1,8.13259075,0.0,0.0,0.0,8.13259075,0.0,0.0,0.0,8.13259075,0.0
2397,scenario_1,7.746026017,0.0,0.0,0.0,7.746026017,0.0,0.0,0.0,7.746026017,0.0
2398,scenario_1,7.432691083,0.0,0.0,0.0,7.432691083,0.0,0.0,0.0,7.432691083,0.0
2399,scenario_1,4.602740733,0.0,0.0,0.0,4.602740733,0.0,0.0,0.0,4.602740733,0.0
2400,scenario_1,0.433336883,0.0,0.0,0.0,0.433336883,0.0,0.0,0.0,0.433336883,0.0
2401,scenario_1,0.460935317,0.0,0.0,0.0,0.460935317,0.0,0.0,0.0,0.460935317,0.0
2402,scenario_1,0.968268567,0.0,0.0,0.0,0.968268567,0.0,0.0,0.0,0.968268567,0.0
2403,scenario_1,1.827136733,0.0,0.0,0.0,1.827136733,0.0,0.0,0.0,1.827136733,0.0
2404,scenario_1,7.407238983,0.0,0.0,0.0,7.407238983,0.0,0.0,0.0,7.407238983,0.0
2405,scenario_1,8.208436817,0.0,0.0,0.0,8.208436817,0.0,0.0,0.0,8.208436817,0.0
2406,scenario_1,4.579072017,0.0,0.0,0.0,4.579072017,0.0,0.0,0.0,4.579072017,0.0
2407,scenario_1,3.122091633,0.9686429206499999,0.0,0.0,2.1534487123500003,0.0,0.0,0.0,3.122091633,0.0
2408,scenario_1,33.75170001,7.902917757149999,0.0,0.0,25.84878225285,0.0,0.0,0.0,33.75170001,0.0
2409,scenario_1,62.18786342,35.4730207917,0.0,0.0,11.306924661700004,15.407917966599994,0.0,0.0,62.18786342,0.0
2410,scenario_1,29.71406431,42.15850875444444,0.0,0.0,0.0,0.0,12.444444444444445,0.0,29.714064309999998,-3.552713678800501e-15
2411,scenario_1,7.006372621,35.006372621,0.0,0.0,0.0,0.0,28.0,0.0,7.006372620999997,-2.6645352591003757e-15
2412,scenario_1,4.551078433,4.551078433,0.0,0.0,0.0,0.0,0.0,0.0,4.551078433,0.0
2413,scenario_1,53.91533709,81.91533709000001,0.0,0.0,0.0,0.0,28.0,0.0,53.91533709000001,7.105427357601002e-15
2414,scenario_1,29.44022153,29.44022153,0.0,0.0,0.0,0.0,0.0,0.0,29.44022153,0.0
2415,scenario_1,5.182167314,33.182167314,0.0,0.0,0.0,0.0,28.0,0.0,5.182167313999997,-2.6645352591003757e-15
2416,scenario_1,4.108355146,32.108355146,0.0,0.0,0.0,0.0,28.0,0.0,4.108355146000001,8.881784197001252e-16
2417,scenario_1,6.637026843,6.637026843,0.0,0.0,0.0,0.0,0.0,0.0,6.637026843,0.0
2418,scenario_1,9.031107833,5.979696244049999,0.0,0.0,0.0,3.0514115889500006,0.0,0.0,9.031107833,0.0
2419,scenario_1,8.91277625,0.0,0.0,0.0,8.91277625,0.0,0.0,0.0,8.91277625,0.0
2420,scenario_1,8.996641467,0.0,0.0,0.0,0.0,8.996641467,0.0,0.0,8.996641467,0.0
2421,scenario_1,7.9925259,0.0,0.0,0.0,7.9925259,0.0,0.0,0.0,7.9925259,0.0
2422,scenario_1,7.47335895,0.0,0.0,0.0,0.0,7.47335895,0.0,0.0,7.47335895,0.0
2423,scenario_1,6.810858517,0.0,0.0,0.0,0.0,6.810858517,0.0,0.0,6.810858517,0.0
2424,scenario_1,0.4560021,0.0,0.0,0.0,0.0,0.4560021,0.0,0.0,0.4560021,0.0
2425,scenario_1,0.507801817,0.0,0.0,0.0,0.507801817,0.0,0.0,0.0,0.507801817,0.0
2426,scenario_1,0.5389704,0.0,0.0,0.0,0.5389704,0.0,0.0,0.0,0.5389704,0.0
2427,scenario_1,1.410457833,0.0,0.0,0.0,1.410457833,0.0,0.0,0.0,1.410457833,0.0
2428,scenario_1,8.119393533,0.0,0.0,0.0,8.119393533,0.0,0.0,0.0,8.119393533,0.0
2429,scenario_1,8.170694233,0.0,0.0,0.0,8.170694233,0.0,0.0,0.0,8.170694233,0.0
2430,scenario_1,2.987215167,0.0,0.0,0.0,2.987215167,0.0,0.0,0.0,2.987215167,0.0
2431,scenario_1,8.341640083,0.9695803055999999,0.0,0.0,0.0,7.3720597774,0.0,0.0,8.341640083,0.0
2432,scenario_1,38.0042501,10.75863839685,0.0,0.0,27.24561170315,0.0,0.0,0.0,38.0042501,0.0
2433,scenario_1,87.74133665,33.184061058599994,0.0,0.0,27.898020146450023,26.659255444949977,0.0,0.0,87.74133665,0.0
2434,scenario_1,81.6333373,74.6168042826,0.0,0.0,7.016533017399993,0.0,0.0,0.0,81.6333373,0.0
2435,scenario_1,33.15515648,33.15515648,0.0,0.0,0.0,0.0,0.0,0.0,33.15515648,0.0
2436,scenario_1,29.43686145,57.436861449999995,0.0,0.0,0.0,0.0,28.0,0.0,29.436861449999995,-3.552713678800501e-15
2437,scenario_1,65.88877425,93.88877425,0.0,0.0,0.0,0.0,28.0,0.0,65.88877425,0.0
2438,scenario_1,38.8902572,66.89025720000001,0.0,0.0,0.0,0.0,28.0,0.0,38.89025720000001,7.105427357601002e-15
2439,scenario_1,15.53556355,43.53556355,0.0,0.0,0.0,0.0,28.0,0.0,15.535563549999999,-1.7763568394002505e-15
2440,scenario_1,9.910309146,22.354753590444464,0.0,0.0,0.0,0.0,12.444444444444445,0.0,9.910309146000019,1.9539925233402755e-14
2441,scenario_1,7.504730865,7.504730865,0.0,0.0,0.0,0.0,0.0,0.0,7.504730865,0.0
2442,scenario_1,8.742175567,5.6294090054999995,0.0,0.0,3.112766561500001,0.0,0.0,0.0,8.742175567,0.0
2443,scenario_1,9.995525483,0.0,0.0,0.0,9.995525483,0.0,0.0,0.0,9.995525483,0.0
2444,scenario_1,8.4894788,0.0,0.0,0.0,8.4894788,0.0,0.0,0.0,8.4894788,0.0
2445,scenario_1,8.707043,0.0,0.0,0.0,0.0,8.707043,0.0,0.0,8.707043,0.0
2446,scenario_1,8.408857333,0.0,0.0,0.0,8.408857333,0.0,0.0,0.0,8.408857333,0.0
2447,scenario_1,5.794625417,0.0,0.0,0.0,0.0,5.794625417,0.0,0.0,5.794625417,0.0
2448,scenario_1,0.449187267,0.0,0.0,0.0,0.0,0.449187267,0.0,0.0,0.449187267,0.0
2449,scenario_1,0.5180358,0.0,0.0,0.0,0.5180358,0.0,0.0,0.0,0.5180358,0.0
2450,scenario_1,0.531502517,0.0,0.0,0.0,0.0,0.531502517,0.0,0.0,0.531502517,0.0
2451,scenario_1,1.159940117,0.0,0.0,0.0,1.159940117,0.0,0.0,0.0,1.159940117,0.0
2452,scenario_1,7.250058133,0.0,0.0,0.0,7.250058133,0.0,0.0,0.0,7.250058133,0.0
2453,scenario_1,8.72114205,0.0,0.0,0.0,0.0,8.72114205,0.0,0.0,8.72114205,0.0
2454,scenario_1,5.230810667,0.0,0.0,0.0,5.230810667,0.0,0.0,0.0,5.230810667,0.0
2455,scenario_1,12.45339448,10.74401793675,0.0,0.0,0.0,1.7093765432500003,0.0,0.0,12.45339448,0.0
2456,scenario_1,56.79950883,10.94912031285,0.0,0.0,0.6345271054999742,45.215861411650025,0.0,0.0,56.79950883,0.0
2457,scenario_1,83.54379013,32.959050312449996,0.0,0.0,28.0,22.58473981755001,0.0,0.0,83.54379013,0.0
2458,scenario_1,66.64370376,34.74660848535,0.0,0.0,28.0,3.897095274649992,0.0,0.0,66.64370376,0.0
2459,scenario_1,32.36149466,58.19751030675,0.0,0.0,0.0,0.0,25.83601564675,0.0,32.36149466,0.0
2460,scenario_1,29.37782329,29.37782329,0.0,0.0,0.0,0.0,0.0,0.0,29.37782329,0.0
2461,scenario_1,64.65853806,92.65853806,0.0,0.0,0.0,0.0,28.0,0.0,64.65853806,0.0
2462,scenario_1,34.92593263,34.92593263,0.0,0.0,0.0,0.0,0.0,0.0,34.92593263,0.0
2463,scenario_1,15.57105067,30.179479467694442,0.0,0.0,0.0,0.0,14.608428797694444,0.0,15.571050669999998,-1.7763568394002505e-15
2464,scenario_1,11.38709488,39.38709488,0.0,0.0,0.0,0.0,28.0,0.0,11.38709488,0.0
2465,scenario_1,5.7056008,33.7056008,0.0,0.0,0.0,0.0,28.0,0.0,5.705600799999999,-8.881784197001252e-16
2466,scenario_1,7.0694807,6.088111694699999,0.0,0.0,0.0,0.9813690053000004,0.0,0.0,7.0694807,0.0
2467,scenario_1,8.63544435,0.0,0.0,0.0,8.63544435,0.0,0.0,0.0,8.63544435,0.0
2468,scenario_1,8.100178017,0.0,0.0,0.0,0.0,8.100178017,0.0,0.0,8.100178017,0.0
2469,scenario_1,7.546893183,0.0,0.0,0.0,0.0,7.546893183,0.0,0.0,7.546893183,0.0
2470,scenario_1,7.207840733,0.0,0.0,0.0,7.207840733,0.0,0.0,0.0,7.207840733,0.0
2471,scenario_1,5.70680725,0.0,0.0,0.0,5.70680725,0.0,0.0,0.0,5.70680725,0.0
2472,scenario_1,0.455902267,0.0,0.0,0.0,0.0,0.455902267,0.0,0.0,0.455902267,0.0
2473,scenario_1,0.4785688,0.0,0.0,0.0,0.0,0.4785688,0.0,0.0,0.4785688,0.0
2474,scenario_1,0.477386017,0.0,0.0,0.0,0.0,0.477386017,0.0,0.0,0.477386017,0.0
2475,scenario_1,1.06117105,0.0,0.0,0.0,1.06117105,0.0,0.0,0.0,1.06117105,0.0
2476,scenario_1,6.7044891,0.0,0.0,0.0,6.7044891,0.0,0.0,0.0,6.7044891,0.0
2477,scenario_1,7.370290733,0.0,0.0,0.0,0.0,7.370290733,0.0,0.0,7.370290733,0.0
2478,scenario_1,3.3032464,0.0,0.0,0.0,3.3032464,0.0,0.0,0.0,3.3032464,0.0
2479,scenario_1,18.20524844,8.306713879650001,0.0,0.0,0.0,9.898534560349997,0.0,0.0,18.20524844,0.0
2480,scenario_1,38.76847278,7.632654075449999,0.0,0.0,28.0,3.1358187045500046,0.0,0.0,38.76847278,0.0
2481,scenario_1,68.7692764,33.3504395955,0.0,0.0,17.24343602245,18.175400782049998,0.0,0.0,68.7692764,0.0
2482,scenario_1,78.4363619,55.49879680545,0.0,0.0,22.937565094549996,0.0,0.0,0.0,78.4363619,0.0
2483,scenario_1,36.4736712,64.4736712,0.0,0.0,0.0,0.0,28.0,0.0,36.4736712,0.0
2484,scenario_1,37.26317949,65.26317949,0.0,0.0,0.0,0.0,28.0,0.0,37.26317949,0.0
2485,scenario_1,73.18148259,73.18148259,0.0,0.0,0.0,0.0,0.0,0.0,73.18148259,0.0
2486,scenario_1,41.50370946,69.50370946000001,0.0,0.0,0.0,0.0,28.0,0.0,41.50370946000001,7.105427357601002e-15
2487,scenario_1,19.67536026,19.67536026,0.0,0.0,0.0,0.0,0.0,0.0,19.67536026,0.0
2488,scenario_1,8.361799817,20.806244261444448,0.0,0.0,0.0,0.0,12.444444444444445,0.0,8.361799817000003,3.552713678800501e-15
2489,scenario_1,4.504867033,32.504867033,0.0,0.0,0.0,0.0,28.0,0.0,4.5048670329999965,-3.552713678800501e-15
2490,scenario_1,6.19784455,5.580811803,0.0,0.0,0.6170327470000005,0.0,0.0,0.0,6.19784455,0.0
2491,scenario_1,8.9466621,0.0,0.0,0.0,8.9466621,0.0,0.0,0.0,8.9466621,0.0
2492,scenario_1,9.433742267,0.0,0.0,0.0,9.433742267,0.0,0.0,0.0,9.433742267,0.0
2493,scenario_1,9.179374933,0.0,0.0,0.0,9.179374933,0.0,0.0,0.0,9.179374933,0.0
2494,scenario_1,8.5894091,0.0,0.0,0.0,8.5894091,0.0,0.0,0.0,8.5894091,0.0
2495,scenario_1,5.814695617,0.0,0.0,0.0,0.4964912947000016,5.318204322299998,0.0,0.0,5.814695617,0.0
2496,scenario_1,0.463919467,0.0,0.0,0.0,0.463919467,0.0,0.0,0.0,0.463919467,0.0
2497,scenario_1,0.50515115,0.0,0.0,0.0,0.50515115,0.0,0.0,0.0,0.50515115,0.0
2498,scenario_1,0.4887017,0.0,0.0,0.0,0.0,0.4887017,0.0,0.0,0.4887017,0.0
2499,scenario_1,1.378286433,0.0,0.0,0.0,1.378286433,0.0,0.0,0.0,1.378286433,0.0
2500,scenario_1,6.937306533,0.0,0.0,0.0,6.937306533,0.0,0.0,0.0,6.937306533,0.0
2501,scenario_1,7.896225,0.0,0.0,0.0,7.896225,0.0,0.0,0.0,7.896225,0.0
2502,scenario_1,4.171012417,0.0,0.0,0.0,4.171012417,0.0,0.0,0.0,4.171012417,0.0
2503,scenario_1,13.0909744,1.0933695312,0.0,0.0,11.9976048688,0.0,0.0,0.0,13.0909744,0.0
2504,scenario_1,56.26241656,41.5226566884,0.0,0.0,14.7397598716,0.0,0.0,0.0,56.26241656,0.0
2505,scenario_1,84.79543223,69.34741041209999,0.0,0.0,15.448021817900013,0.0,0.0,0.0,84.79543223,0.0
2506,scenario_1,59.4493308,87.4493308,0.0,0.0,0.0,0.0,28.0,0.0,59.4493308,0.0
2507,scenario_1,34.51770972,62.51770972,0.0,0.0,0.0,0.0,28.0,0.0,34.51770972,0.0
2508,scenario_1,25.55161717,25.55161717,0.0,0.0,0.0,0.0,0.0,0.0,25.55161717,0.0
2509,scenario_1,73.02092094,73.02092094,0.0,0.0,0.0,0.0,0.0,0.0,73.02092094,0.0
2510,scenario_1,40.44218292,68.44218292,0.0,0.0,0.0,0.0,27.999999999999993,0.0,40.44218292,0.0
2511,scenario_1,17.98696502,17.98696502,0.0,0.0,0.0,0.0,0.0,0.0,17.98696502,0.0
2512,scenario_1,8.917690767,36.917690766999996,0.0,0.0,0.0,0.0,28.0,0.0,8.917690766999996,-3.552713678800501e-15
2513,scenario_1,9.135090087,21.579534531444466,0.0,0.0,0.0,0.0,12.444444444444445,0.0,9.135090087000021,2.1316282072803006e-14
2514,scenario_1,9.251028983,5.4562252671,0.0,0.0,3.7948037158999997,0.0,0.0,0.0,9.251028983,0.0
2515,scenario_1,9.328513483,0.0,0.0,0.0,0.0,9.328513483,0.0,0.0,9.328513483,0.0
2516,scenario_1,8.063462717,0.0,0.0,0.0,8.063462717,0.0,0.0,0.0,8.063462717,0.0
2517,scenario_1,7.810892917,0.0,0.0,0.0,7.657552519700006,0.1533403972999947,0.0,0.0,7.810892917,0.0
2518,scenario_1,7.9629744,0.0,0.0,0.0,7.9629744,0.0,0.0,0.0,7.9629744,0.0
2519,scenario_1,6.489074833,0.0,0.0,0.0,0.0,6.489074833,0.0,0.0,6.489074833,0.0
2520,scenario_1,0.431769517,0.0,0.0,0.0,0.431769517,0.0,0.0,0.0,0.431769517,0.0
2521,scenario_1,0.470235083,0.0,0.0,0.0,0.470235083,0.0,0.0,0.0,0.470235083,0.0
2522,scenario_1,0.51473645,0.0,0.0,0.0,0.51473645,0.0,0.0,0.0,0.51473645,0.0
2523,scenario_1,0.927657317,0.0,0.0,0.0,0.927657317,0.0,0.0,0.0,0.927657317,0.0
2524,scenario_1,6.407925233,0.0,0.0,0.0,6.407925233,0.0,0.0,0.0,6.407925233,0.0
2525,scenario_1,7.360309333,0.0,0.0,0.0,0.0,7.360309333,0.0,0.0,7.360309333,0.0
2526,scenario_1,3.245344633,0.0,0.0,0.0,0.0,3.245344633,0.0,0.0,3.245344633,0.0
2527,scenario_1,9.543438883,0.9745558355999998,0.0,0.0,8.5688830474,0.0,0.0,0.0,9.543438883,0.0
2528,scenario_1,37.92548395,3.75496692675,0.0,0.0,0.0,34.17051702325,0.0,0.0,37.92548395,0.0
2529,scenario_1,81.46208145,18.90208173015,0.0,0.0,28.0,34.55999971985,0.0,0.0,81.46208145,0.0
2530,scenario_1,89.65501207,28.8265139436,0.0,0.0,28.0,32.8284981264,0.0,0.0,89.65501207,0.0
2531,scenario_1,36.23458064,36.23458064,0.0,0.0,0.0,0.0,0.0,0.0,36.23458064,0.0
2532,scenario_1,25.80324817,50.63193510649444,0.0,0.0,0.0,0.0,24.828686936494435,0.0,25.803248170000003,3.552713678800501e-15
2533,scenario_1,50.60598245,76.354127985,0.0,0.0,0.0,0.0,25.748145535000006,0.0,50.60598245,0.0
2534,scenario_1,40.31105494,68.31105493999999,0.0,0.0,0.0,0.0,28.0,0.0,40.31105493999999,-7.105427357601002e-15
2535,scenario_1,13.32506514,31.19267711295,0.0,0.0,0.0,0.0,17.86761197295,0.0,13.32506514,0.0
2536,scenario_1,10.7544552,10.7544552,0.0,0.0,0.0,0.0,0.0,0.0,10.7544552,0.0
2537,scenario_1,6.462822605,34.462822605,0.0,0.0,0.0,0.0,28.0,0.0,6.4628226049999995,-8.881784197001252e-16
2538,scenario_1,7.271277917,6.1700459286,0.0,0.0,1.1012319884000004,0.0,0.0,0.0,7.271277917,0.0
2539,scenario_1,9.305495033,0.0,0.0,0.0,9.305495033,0.0,0.0,0.0,9.305495033,0.0
2540,scenario_1,8.92647675,0.0,0.0,0.0,8.92647675,0.0,0.0,0.0,8.92647675,0.0
2541,scenario_1,8.881309417,0.0,0.0,0.0,8.881309417,0.0,0.0,0.0,8.881309417,0.0
2542,scenario_1,7.914362117,0.0,0.0,0.0,7.914362117,0.0,0.0,0.0,7.914362117,0.0
2543,scenario_1,5.460728483,0.0,0.0,0.0,5.460728483,0.0,0.0,0.0,5.460728483,0.0
2544,scenario_1,0.42292105,0.0,0.0,0.0,0.42292105,0.0,0.0,0.0,0.42292105,0.0
2545,scenario_1,0.4919362,0.0,0.0,0.0,0.4919362,0.0,0.0,0.0,0.4919362,0.0
2546,scenario_1,0.51890385,0.0,0.0,0.0,0.51890385,0.0,0.0,0.0,0.51890385,0.0
2547,scenario_1,1.2772906,0.0,0.0,0.0,1.2772906,0.0,0.0,0.0,1.2772906,0.0
2548,scenario_1,7.302823833,0.0,0.0,0.0,7.302823833,0.0,0.0,0.0,7.302823833,0.0
2549,scenario_1,7.427722767,0.0,0.0,0.0,7.427722767,0.0,0.0,0.0,7.427722767,0.0
2550,scenario_1,2.3691923,0.0,0.0,0.0,2.3691923,0.0,0.0,0.0,2.3691923,0.0
2551,scenario_1,3.998954557,10.373991684962963,0.0,0.0,0.0,0.0,6.375037127962963,0.0,3.9989545570000002,4.440892098500626e-16
2552,scenario_1,31.52513903,26.88104065935,0.0,0.0,4.644098370649999,0.0,0.0,0.0,31.52513903,0.0
2553,scenario_1,56.68557508,11.5426379286,0.0,0.0,28.0,17.142937151399998,0.0,0.0,56.68557508,0.0
2554,scenario_1,59.41041577,47.4911284554,0.0,0.0,11.919287314599998,0.0,0.0,0.0,59.41041577,0.0
2555,scenario_1,14.52324825,42.52324825,0.0,0.0,0.0,0.0,28.0,0.0,14.523248250000002,1.7763568394002505e-15
2556,scenario_1,4.7150775,4.7150775,0.0,0.0,0.0,0.0,0.0,0.0,4.7150775,0.0
2557,scenario_1,35.87020475,48.31464919444445,0.0,0.0,0.0,0.0,12.444444444444445,0.0,35.870204750000006,7.105427357601002e-15
2558,scenario_1,12.24241623,12.24241623,0.0,0.0,0.0,0.0,0.0,0.0,12.24241623,0.0
2559,scenario_1,5.462535988,33.462535988,0.0,0.0,0.0,0.0,28.0,0.0,5.462535987999999,-8.881784197001252e-16
2560,scenario_1,4.796165321,32.796165321000004,0.0,0.0,0.0,0.0,28.0,0.0,4.796165321000004,3.552713678800501e-15
2561,scenario_1,5.438524126,33.438524126,0.0,0.0,0.0,0.0,28.0,0.0,5.438524125999997,-2.6645352591003757e-15
2562,scenario_1,7.59082655,4.9796218219499995,0.0,0.0,0.0,2.6112047280500006,0.0,0.0,7.59082655,0.0
2563,scenario_1,10.32739138,0.0,0.0,0.0,10.32739138,0.0,0.0,0.0,10.32739138,0.0
2564,scenario_1,9.494108733,0.0,0.0,0.0,0.0,9.494108733,0.0,0.0,9.494108733,0.0
2565,scenario_1,8.407891733,0.0,0.0,0.0,0.0,8.407891733,0.0,0.0,8.407891733,0.0
2566,scenario_1,7.461040717,0.0,0.0,0.0,0.0,7.461040717,0.0,0.0,7.461040717,0.0
2567,scenario_1,5.222208033,0.0,0.0,0.0,0.0,5.222208033,0.0,0.0,5.222208033,0.0
2568,scenario_1,0.433603083,0.0,0.0,0.0,0.0,0.433603083,0.0,0.0,0.433603083,0.0
2569,scenario_1,0.471201683,0.0,0.0,0.0,0.0,0.471201683,0.0,0.0,0.471201683,0.0
2570,scenario_1,0.485202117,0.0,0.0,0.0,0.0,0.485202117,0.0,0.0,0.485202117,0.0
2571,scenario_1,1.269536333,0.0,0.0,0.0,0.0,1.269536333,0.0,0.0,1.269536333,0.0
2572,scenario_1,6.836720083,0.0,0.0,0.0,0.0,6.836720083,0.0,0.0,6.836720083,0.0
2573,scenario_1,7.181156067,0.0,0.0,0.0,0.0,7.181156067,0.0,0.0,7.181156067,0.0
2574,scenario_1,2.779389033,0.0,0.0,0.0,0.0,2.779389033,0.0,0.0,2.779389033,0.0
2575,scenario_1,2.501593233,0.0,0.0,0.0,0.0,2.501593233,0.0,0.0,2.501593233,0.0
2576,scenario_1,28.05711534,0.0,0.0,0.0,0.0,28.05711534,0.0,0.0,28.05711534,0.0
2577,scenario_1,43.73008904,0.0,0.0,0.0,18.629595459999987,25.100493580000016,0.0,0.0,43.73008904,0.0
2578,scenario_1,60.97997303,0.0,0.0,0.0,0.0,60.97997303,0.0,0.0,60.97997303,0.0
2579,scenario_1,18.86351833,0.0,0.0,0.0,18.86351833,0.0,0.0,0.0,18.86351833,0.0
2580,scenario_1,7.135902878,0.0,0.0,0.0,0.0,7.135902878,0.0,0.0,7.135902878,0.0
2581,scenario_1,29.45599729,0.0,0.0,0.0,28.0,1.4559972899999991,0.0,0.0,29.45599729,0.0
2582,scenario_1,24.97949483,0.0,0.0,0.0,24.97949483,0.0,0.0,0.0,24.97949483,0.0
2583,scenario_1,6.662785529,0.0,0.0,0.0,0.0,6.662785529,0.0,0.0,6.662785529,0.0
2584,scenario_1,3.493309092,31.493309092,0.0,0.0,0.0,0.0,28.0,0.0,3.4933090920000005,4.440892098500626e-16
2585,scenario_1,5.046309867,29.19990038655,0.0,0.0,0.0,0.0,24.15359051955,0.0,5.046309866999998,-1.7763568394002505e-15
2586,scenario_1,7.70900765,5.7866009492999995,0.0,0.0,0.0,1.9224067007000007,0.0,0.0,7.70900765,0.0
2587,scenario_1,9.409874333,0.0,0.0,0.0,0.0,9.409874333,0.0,0.0,9.409874333,0.0
2588,scenario_1,9.452290483,0.0,0.0,0.0,9.452290483,0.0,0.0,0.0,9.452290483,0.0
2589,scenario_1,7.875291083,0.0,0.0,0.0,0.0,7.875291083,0.0,0.0,7.875291083,0.0
2590,scenario_1,8.470821733,0.0,0.0,0.0,0.0,8.470821733,0.0,0.0,8.470821733,0.0
2591,scenario_1,5.849226183,0.0,0.0,0.0,5.273602443303988,0.5756237396960122,0.0,0.0,5.849226183,0.0
2592,scenario_1,0.436653217,0.0,0.0,0.0,0.0,0.436653217,0.0,0.0,0.436653217,0.0
2593,scenario_1,0.488735567,0.0,0.0,0.0,0.0,0.488735567,0.0,0.0,0.488735567,0.0
2594,scenario_1,0.532636083,0.0,0.0,0.0,0.0,0.532636083,0.0,0.0,0.532636083,0.0
2595,scenario_1,1.5748035,0.0,0.0,0.0,0.0,1.5748035,0.0,0.0,1.5748035,0.0
2596,scenario_1,8.00013845,0.0,0.0,0.0,0.0,8.00013845,0.0,0.0,8.00013845,0.0
2597,scenario_1,8.00499255,0.0,0.0,0.0,0.0,8.00499255,0.0,0.0,8.00499255,0.0
2598,scenario_1,3.415564317,0.0,0.0,0.0,0.0,3.415564317,0.0,0.0,3.415564317,0.0
2599,scenario_1,16.80923575,2.4265402455,0.0,0.0,0.0,14.3826955045,0.0,0.0,16.80923575,0.0
2600,scenario_1,33.70090125,34.29532668885,0.0,0.0,0.0,0.0,0.5944254388499957,0.0,33.70090125,0.0
2601,scenario_1,82.3287431,39.383850607499994,0.0,0.0,28.0,14.944892492500003,0.0,0.0,82.3287431,0.0
2602,scenario_1,72.62137813,63.66292265715,0.0,0.0,0.0,8.958455472849998,0.0,0.0,72.62137813,0.0
2603,scenario_1,34.44171301,62.44171301,0.0,0.0,0.0,0.0,28.0,0.0,34.44171301,0.0
2604,scenario_1,35.91415091,35.91415091,0.0,0.0,0.0,0.0,0.0,0.0,35.91415091,0.0
2605,scenario_1,80.75664246,93.20108690444444,0.0,0.0,0.0,0.0,12.444444444444445,0.0,80.75664246,0.0
2606,scenario_1,37.71529412,37.71529412,0.0,0.0,0.0,0.0,0.0,0.0,37.71529412,0.0
2607,scenario_1,18.19282901,46.19282901,0.0,0.0,0.0,0.0,27.999999999999996,0.0,18.19282901,0.0
2608,scenario_1,12.03408084,40.03408084,0.0,0.0,0.0,0.0,28.0,0.0,12.034080840000001,1.7763568394002505e-15
2609,scenario_1,7.364888148,35.364888148,0.0,0.0,0.0,0.0,28.0,0.0,7.364888147999999,-1.7763568394002505e-15
2610,scenario_1,8.074341267,5.423231620799999,0.0,0.0,2.6511096462,0.0,0.0,0.0,8.074341267,0.0
2611,scenario_1,9.120693133,0.0,0.0,0.0,9.120693133,0.0,0.0,0.0,9.120693133,0.0
2612,scenario_1,8.855308517,0.0,0.0,0.0,0.0,8.855308517,0.0,0.0,8.855308517,0.0
2613,scenario_1,8.546893067,0.0,0.0,0.0,0.0,8.546893067,0.0,0.0,8.546893067,0.0
2614,scenario_1,7.4923626,0.0,0.0,0.0,7.4923626,0.0,0.0,0.0,7.4923626,0.0
2615,scenario_1,6.701293933,0.0,0.0,0.0,0.0,6.701293933,0.0,0.0,6.701293933,0.0
2616,scenario_1,0.416603083,0.0,0.0,0.0,0.416603083,0.0,0.0,0.0,0.416603083,0.0
2617,scenario_1,0.472302617,0.0,0.0,0.0,0.0,0.472302617,0.0,0.0,0.472302617,0.0
2618,scenario_1,0.541552583,0.0,0.0,0.0,0.541552583,0.0,0.0,0.0,0.541552583,0.0
2619,scenario_1,0.88218795,0.0,0.0,0.0,0.0,0.88218795,0.0,0.0,0.88218795,0.0
2620,scenario_1,7.628571383,0.0,0.0,0.0,7.628571383,0.0,0.0,0.0,7.628571383,0.0
2621,scenario_1,8.0112068,0.0,0.0,0.0,8.0112068,0.0,0.0,0.0,8.0112068,0.0
2622,scenario_1,3.94792655,0.0,0.0,0.0,3.94792655,0.0,0.0,0.0,3.94792655,0.0
2623,scenario_1,14.64671094,1.2126869073000002,0.0,0.0,13.4340240327,0.0,0.0,0.0,14.64671094,0.0
2624,scenario_1,46.51883335,17.836745634000003,0.0,0.0,28.0,0.6820877159999981,0.0,0.0,46.51883335,0.0
2625,scenario_1,69.30293518,31.71116753535,0.0,0.0,19.555950189099974,18.03581745555003,0.0,0.0,69.30293518,0.0
2626,scenario_1,61.28866455,72.30931021005,0.0,0.0,0.0,0.0,11.02064566005,0.0,61.28866455,0.0
2627,scenario_1,32.23731264,60.23731264,0.0,0.0,0.0,0.0,28.0,0.0,32.23731264,0.0
2628,scenario_1,38.40922094,66.40922094,0.0,0.0,0.0,0.0,28.0,0.0,38.40922094,0.0
2629,scenario_1,70.78473753,98.78473753,0.0,0.0,0.0,0.0,28.0,0.0,70.78473753,0.0
2630,scenario_1,50.21412845,78.21412845,0.0,0.0,0.0,0.0,28.0,0.0,50.214128450000004,7.105427357601002e-15
2631,scenario_1,14.22487519,14.22487519,0.0,0.0,0.0,0.0,0.0,0.0,14.22487519,0.0
2632,scenario_1,8.75011862,8.75011862,0.0,0.0,0.0,0.0,0.0,0.0,8.75011862,0.0
2633,scenario_1,7.410661483,8.834460267394453,0.0,0.0,0.0,0.0,1.4237987843944526,0.0,7.410661483,0.0
2634,scenario_1,10.63567695,5.2878072530999995,0.0,0.0,0.0,5.347869696900001,0.0,0.0,10.63567695,0.0
2635,scenario_1,10.13617577,0.0,0.0,0.0,10.13617577,0.0,0.0,0.0,10.13617577,0.0
2636,scenario_1,9.2161721,0.0,0.0,0.0,9.2161721,0.0,0.0,0.0,9.2161721,0.0
2637,scenario_1,8.005590383,0.0,0.0,0.0,0.0,8.005590383,0.0,0.0,8.005590383,0.0
2638,scenario_1,7.450089417,0.0,0.0,0.0,0.0,7.450089417,0.0,0.0,7.450089417,0.0
2639,scenario_1,5.77190685,0.0,0.0,0.0,5.77190685,0.0,0.0,0.0,5.77190685,0.0
2640,scenario_1,0.42060305,0.0,0.0,0.0,0.0,0.42060305,0.0,0.0,0.42060305,0.0
2641,scenario_1,0.470969367,0.0,0.0,0.0,0.0,0.470969367,0.0,0.0,0.470969367,0.0
2642,scenario_1,0.516569617,0.0,0.0,0.0,0.516569617,0.0,0.0,0.0,0.516569617,0.0
2643,scenario_1,1.140552967,0.0,0.0,0.0,0.0,1.140552967,0.0,0.0,1.140552967,0.0
2644,scenario_1,6.7465585,0.0,0.0,0.0,0.0,6.7465585,0.0,0.0,6.7465585,0.0
2645,scenario_1,7.973326083,0.0,0.0,0.0,0.0,7.973326083,0.0,0.0,7.973326083,0.0
2646,scenario_1,4.027430833,0.0,0.0,0.0,0.0,4.027430833,0.0,0.0,4.027430833,0.0
2647,scenario_1,10.46292887,1.0959248212500001,0.0,0.0,0.0,9.367004048750001,0.0,0.0,10.46292887,0.0
2648,scenario_1,41.39197193,9.535254345150001,0.0,0.0,22.212077113100012,9.644640471749984,0.0,0.0,41.39197193,0.0
2649,scenario_1,81.10146015,36.12128553659999,0.0,0.0,28.0,16.980174613400003,0.0,0.0,81.10146015000001,1.4210854715202004e-14
2650,scenario_1,76.49100379,51.5439052401,0.0,0.0,24.94709854989999,0.0,0.0,0.0,76.49100379,0.0
2651,scenario_1,43.1689523,62.00406784229999,0.0,0.0,0.0,0.0,18.835115542299988,0.0,43.1689523,0.0
2652,scenario_1,28.60887935,38.13155848139999,0.0,0.0,0.0,0.0,9.522679131399993,0.0,28.60887935,0.0
2653,scenario_1,80.32424397,96.65733759074999,0.0,0.0,0.0,0.0,16.33309362074999,0.0,80.32424397,0.0
2654,scenario_1,28.17236587,51.92592201999446,0.0,0.0,0.0,0.0,23.753556149994463,0.0,28.172365869999997,-3.552713678800501e-15
2655,scenario_1,16.74662855,16.74662855,0.0,0.0,0.0,0.0,0.0,0.0,16.74662855,0.0
2656,scenario_1,10.8734196,38.8734196,0.0,0.0,0.0,0.0,28.0,0.0,10.873419599999998,-1.7763568394002505e-15
2657,scenario_1,5.864557825,33.864557825,0.0,0.0,0.0,0.0,28.0,0.0,5.864557824999999,-1.7763568394002505e-15
2658,scenario_1,6.937411733,1.9137172704,0.0,0.0,5.0236944626,0.0,0.0,0.0,6.937411733,0.0
2659,scenario_1,8.170044667,0.0,0.0,0.0,8.170044667,0.0,0.0,0.0,8.170044667,0.0
2660,scenario_1,8.62087565,0.0,0.0,0.0,8.62087565,0.0,0.0,0.0,8.62087565,0.0
2661,scenario_1,8.76069105,0.0,0.0,0.0,0.0,8.76069105,0.0,0.0,8.76069105,0.0
2662,scenario_1,8.26589035,0.0,0.0,0.0,0.0,8.26589035,0.0,0.0,8.26589035,0.0
2663,scenario_1,6.531025733,0.0,0.0,0.0,6.531025733,0.0,0.0,0.0,6.531025733,0.0
2664,scenario_1,0.44640235,0.0,0.0,0.0,0.44640235,0.0,0.0,0.0,0.44640235,0.0
2665,scenario_1,0.508202067,0.0,0.0,0.0,0.0,0.508202067,0.0,0.0,0.508202067,0.0
2666,scenario_1,0.52873715,0.0,0.0,0.0,0.0,0.52873715,0.0,0.0,0.52873715,0.0
2667,scenario_1,0.775239617,0.0,0.0,0.0,0.0,0.775239617,0.0,0.0,0.775239617,0.0
2668,scenario_1,7.155658333,0.0,0.0,0.0,7.155658333,0.0,0.0,0.0,7.155658333,0.0
2669,scenario_1,8.106341717,0.0,0.0,0.0,0.0,8.106341717,0.0,0.0,8.106341717,0.0
2670,scenario_1,4.4447288,0.0,0.0,0.0,0.0,4.4447288,0.0,0.0,4.4447288,0.0
2671,scenario_1,16.27694859,1.10156285655,0.0,0.0,11.161687327450016,4.013698405999984,0.0,0.0,16.27694859,0.0
2672,scenario_1,58.16988038,3.7767618314999996,0.0,0.0,0.0,54.393118548500006,0.0,0.0,58.16988038,0.0
2673,scenario_1,70.4332038,6.4130147841,0.0,0.0,28.0,36.0201890159,0.0,0.0,70.4332038,0.0
2674,scenario_1,58.45936699,37.308523343249995,0.0,0.0,21.150843646750005,0.0,0.0,0.0,58.45936699,0.0
2675,scenario_1,37.83084249,33.291074659799996,0.0,0.0,4.539767830200006,0.0,0.0,0.0,37.83084249,0.0
2676,scenario_1,35.88230068,63.88230068,0.0,0.0,0.0,0.0,28.0,0.0,35.88230068,0.0
2677,scenario_1,65.41225744,76.67877029425925,0.0,0.0,0.0,0.0,11.26651285425925,0.0,65.41225744,0.0
2678,scenario_1,45.56652191,45.56652191,0.0,0.0,0.0,0.0,0.0,0.0,45.56652191,0.0
2679,scenario_1,17.82071952,45.82071952,0.0,0.0,0.0,0.0,28.0,0.0,17.820719519999997,-3.552713678800501e-15
2680,scenario_1,10.74842835,38.74842835,0.0,0.0,0.0,0.0,28.0,0.0,10.748428349999998,-1.7763568394002505e-15
2681,scenario_1,6.62472869,34.62472869,0.0,0.0,0.0,0.0,28.0,0.0,6.624728689999998,-2.6645352591003757e-15
2682,scenario_1,7.6288621,5.60178464235,0.0,0.0,2.02707745765,0.0,0.0,0.0,7.6288621,0.0
2683,scenario_1,8.801177267,0.0,0.0,0.0,8.801177267,0.0,0.0,0.0,8.801177267,0.0
2684,scenario_1,8.418159683,0.0,0.0,0.0,8.418159683,0.0,0.0,0.0,8.418159683,0.0
2685,scenario_1,8.8754074,0.0,0.0,0.0,8.8754074,0.0,0.0,0.0,8.8754074,0.0
2686,scenario_1,8.405787717,0.0,0.0,0.0,8.405787717,0.0,0.0,0.0,8.405787717,0.0
2687,scenario_1,5.6314569,0.0,0.0,0.0,5.6314569,0.0,0.0,0.0,5.6314569,0.0
2688,scenario_1,0.437320033,0.0,0.0,0.0,0.437320033,0.0,0.0,0.0,0.437320033,0.0
2689,scenario_1,0.495451883,0.0,0.0,0.0,0.495451883,0.0,0.0,0.0,0.495451883,0.0
2690,scenario_1,0.5159352,0.0,0.0,0.0,0.5159352,0.0,0.0,0.0,0.5159352,0.0
2691,scenario_1,0.948920667,0.0,0.0,0.0,0.948920667,0.0,0.0,0.0,0.948920667,0.0
2692,scenario_1,6.498472417,0.0,0.0,0.0,6.498472417,0.0,0.0,0.0,6.498472417,0.0
2693,scenario_1,7.475906333,0.0,0.0,0.0,7.475906333,0.0,0.0,0.0,7.475906333,0.0
2694,scenario_1,4.410993717,0.0,0.0,0.0,4.410993717,0.0,0.0,0.0,4.410993717,0.0
2695,scenario_1,14.66826098,5.7644522427,0.0,0.0,8.9038087373,0.0,0.0,0.0,14.66826098,0.0
2696,scenario_1,62.12612539,26.8026668706,0.0,0.0,28.0,7.323458519399999,0.0,0.0,62.12612539,0.0
2697,scenario_1,62.34943618,62.34943618,0.0,0.0,0.0,0.0,0.0,0.0,62.34943618,0.0
2698,scenario_1,48.44313855,48.44313855,0.0,0.0,0.0,0.0,0.0,0.0,48.44313855,0.0
2699,scenario_1,33.6003159,33.6003159,0.0,0.0,0.0,0.0,0.0,0.0,33.6003159,0.0
2700,scenario_1,39.9957691,39.9957691,0.0,0.0,0.0,0.0,0.0,0.0,39.9957691,0.0
2701,scenario_1,89.88517951,109.40244665864999,0.0,0.0,0.0,0.0,19.517267148649992,0.0,89.88517951,0.0
2702,scenario_1,38.41724072,59.344418015794446,0.0,0.0,0.0,0.0,20.927177295794447,0.0,38.417240719999995,-7.105427357601002e-15
2703,scenario_1,14.74971513,42.74971513,0.0,0.0,0.0,0.0,28.0,0.0,14.749715129999998,-1.7763568394002505e-15
2704,scenario_1,9.016812873,37.016812873,0.0,0.0,0.0,0.0,28.0,0.0,9.016812873,0.0
2705,scenario_1,5.370567833,33.370567833,0.0,0.0,0.0,0.0,28.0,0.0,5.370567833000003,2.6645352591003757e-15
2706,scenario_1,7.554646167,5.60199640875,0.0,0.0,1.9526497582499998,0.0,0.0,0.0,7.554646167,0.0
2707,scenario_1,8.819443283,0.0,0.0,0.0,8.819443283,0.0,0.0,0.0,8.819443283,0.0
2708,scenario_1,8.5854278,0.0,0.0,0.0,8.5854278,0.0,0.0,0.0,8.5854278,0.0
2709,scenario_1,7.936045033,0.0,0.0,0.0,7.936045033,0.0,0.0,0.0,7.936045033,0.0
2710,scenario_1,7.69850615,0.0,0.0,0.0,7.69850615,0.0,0.0,0.0,7.69850615,0.0
2711,scenario_1,5.908023983,0.0,0.0,0.0,5.908023983,0.0,0.0,0.0,5.908023983,0.0
2712,scenario_1,0.418203667,0.0,0.0,0.0,0.418203667,0.0,0.0,0.0,0.418203667,0.0
2713,scenario_1,0.4650022,0.0,0.0,0.0,0.4650022,0.0,0.0,0.0,0.4650022,0.0
2714,scenario_1,0.8381349,0.0,0.0,0.0,0.8381349,0.0,0.0,0.0,0.8381349,0.0
2715,scenario_1,1.39126875,0.0,0.0,0.0,1.39126875,0.0,0.0,0.0,1.39126875,0.0
2716,scenario_1,7.036804833,0.0,0.0,0.0,7.036804833,0.0,0.0,0.0,7.036804833,0.0
2717,scenario_1,7.931870783,0.0,0.0,0.0,7.931870783,0.0,0.0,0.0,7.931870783,0.0
2718,scenario_1,4.1321379,0.0,0.0,0.0,4.1321379,0.0,0.0,0.0,4.1321379,0.0
2719,scenario_1,11.66328082,11.523177846449999,0.0,0.0,0.14010297355000212,0.0,0.0,0.0,11.66328082,0.0
2720,scenario_1,35.50368505,38.37501153195,0.0,0.0,0.0,0.0,2.8713264819499997,0.0,35.50368505,0.0
2721,scenario_1,53.37594815,38.7401133498,0.0,0.0,14.635834800200001,0.0,0.0,0.0,53.37594815,0.0
2722,scenario_1,39.24153525,39.24153525,0.0,0.0,0.0,0.0,0.0,0.0,39.24153525,0.0
2723,scenario_1,18.20393172,18.20393172,0.0,0.0,0.0,0.0,0.0,0.0,18.20393172,0.0
2724,scenario_1,4.890246602,4.890246602,0.0,0.0,0.0,0.0,0.0,0.0,4.890246602,0.0
2725,scenario_1,33.9521561,61.9521561,0.0,0.0,0.0,0.0,28.0,0.0,33.9521561,0.0
2726,scenario_1,20.89870705,48.89870705,0.0,0.0,0.0,0.0,28.0,0.0,20.89870705,0.0
2727,scenario_1,3.864616315,13.153113060210497,0.0,0.0,0.0,0.0,9.288496745210498,0.0,3.8646163149999992,-8.881784197001252e-16
2728,scenario_1,4.247320006,32.247320006,0.0,0.0,0.0,0.0,28.0,0.0,4.2473200060000025,2.6645352591003757e-15
2729,scenario_1,5.540438255,5.540438255,0.0,0.0,0.0,0.0,0.0,0.0,5.540438255,0.0
2730,scenario_1,8.262606583,5.82818669865,0.0,0.0,2.4344198843500005,0.0,0.0,0.0,8.262606583,0.0
2731,scenario_1,9.423443267,0.0,0.0,0.0,9.423443267,0.0,0.0,0.0,9.423443267,0.0
2732,scenario_1,9.1126917,0.0,0.0,0.0,9.1126917,0.0,0.0,0.0,9.1126917,0.0
2733,scenario_1,8.809006717,0.0,0.0,0.0,8.809006717,0.0,0.0,0.0,8.809006717,0.0
2734,scenario_1,8.10427365,0.0,0.0,0.0,8.10427365,0.0,0.0,0.0,8.10427365,0.0
2735,scenario_1,6.649876033,0.0,0.0,0.0,6.649876033,0.0,0.0,0.0,6.649876033,0.0
2736,scenario_1,0.435653467,0.0,0.0,0.0,0.435653467,0.0,0.0,0.0,0.435653467,0.0
2737,scenario_1,0.463202233,0.0,0.0,0.0,0.463202233,0.0,0.0,0.0,0.463202233,0.0
2738,scenario_1,0.48640245,0.0,0.0,0.0,0.48640245,0.0,0.0,0.0,0.48640245,0.0
2739,scenario_1,1.3053701,0.0,0.0,0.0,1.3053701,0.0,0.0,0.0,1.3053701,0.0
2740,scenario_1,7.139187333,0.0,0.0,0.0,7.139187333,0.0,0.0,0.0,7.139187333,0.0
2741,scenario_1,7.3735231,0.0,0.0,0.0,7.3735231,0.0,0.0,0.0,7.3735231,0.0
2742,scenario_1,2.9328578,0.0,0.0,0.0,2.9328578,0.0,0.0,0.0,2.9328578,0.0
2743,scenario_1,5.893953353,12.660737314499999,0.0,0.0,0.0,0.0,6.766783961499999,0.0,5.893953353,0.0
2744,scenario_1,22.99893958,43.006826037150006,0.0,0.0,0.0,0.0,20.007886457150008,0.0,22.99893958,0.0
2745,scenario_1,56.10394859,56.10394859,0.0,0.0,0.0,0.0,0.0,0.0,56.10394859,0.0
2746,scenario_1,44.56687655,44.56687655,0.0,0.0,0.0,0.0,0.0,0.0,44.56687655,0.0
2747,scenario_1,22.11610586,22.11610586,0.0,0.0,0.0,0.0,0.0,0.0,22.11610586,0.0
2748,scenario_1,5.929687176,5.929687176,0.0,0.0,0.0,0.0,0.0,0.0,5.929687176,0.0
2749,scenario_1,39.20811687,39.20811687,0.0,0.0,0.0,0.0,0.0,0.0,39.20811687,0.0
2750,scenario_1,28.98866429,56.98866429,0.0,0.0,0.0,0.0,28.0,0.0,28.988664290000003,3.552713678800501e-15
2751,scenario_1,4.002224029,29.066945874979677,0.0,0.0,0.0,0.0,25.064721845979676,0.0,4.002224029000001,8.881784197001252e-16
2752,scenario_1,3.343497,3.343497,0.0,0.0,0.0,0.0,0.0,0.0,3.343497,0.0
2753,scenario_1,4.3801106,4.3801106,0.0,0.0,0.0,0.0,0.0,0.0,4.3801106,0.0
2754,scenario_1,7.811142717,0.9533559111,0.0,0.0,2.444244583999989,4.413542221900011,0.0,0.0,7.811142717,0.0
2755,scenario_1,8.7130751,0.0,0.0,0.0,8.7130751,0.0,0.0,0.0,8.7130751,0.0
2756,scenario_1,8.58547545,0.0,0.0,0.0,8.58547545,0.0,0.0,0.0,8.58547545,0.0
2757,scenario_1,8.690507233,0.0,0.0,0.0,8.690507233,0.0,0.0,0.0,8.690507233,0.0
2758,scenario_1,9.00937155,0.0,0.0,0.0,9.00937155,0.0,0.0,0.0,9.00937155,0.0
2759,scenario_1,6.7886245,0.0,0.0,0.0,0.0,6.7886245,0.0,0.0,6.7886245,0.0
2760,scenario_1,0.4206044,0.0,0.0,0.0,0.0,0.4206044,0.0,0.0,0.4206044,0.0
2761,scenario_1,0.520635883,0.0,0.0,0.0,0.0,0.520635883,0.0,0.0,0.520635883,0.0
2762,scenario_1,0.511586533,0.0,0.0,0.0,0.0,0.511586533,0.0,0.0,0.511586533,0.0
2763,scenario_1,0.994488517,0.0,0.0,0.0,0.0,0.994488517,0.0,0.0,0.994488517,0.0
2764,scenario_1,6.75733965,0.0,0.0,0.0,0.0,6.75733965,0.0,0.0,6.75733965,0.0
2765,scenario_1,7.357326083,0.0,0.0,0.0,7.357326083,0.0,0.0,0.0,7.357326083,0.0
2766,scenario_1,3.542730633,0.0,0.0,0.0,0.0,3.542730633,0.0,0.0,3.542730633,0.0
2767,scenario_1,10.03925887,2.5508858481,0.0,0.0,0.0,7.488373021899999,0.0,0.0,10.03925887,0.0
2768,scenario_1,51.26182046,20.8916754654,0.0,0.0,28.0,2.370144994600004,0.0,0.0,51.26182046,0.0
2769,scenario_1,77.6939634,37.882299502049996,0.0,0.0,28.0,11.811663897950005,0.0,0.0,77.6939634,0.0
2770,scenario_1,69.97534931,20.3046107199,0.0,0.0,0.0,49.6707385901,0.0,0.0,69.97534931,0.0
2771,scenario_1,46.29733963,61.3980171606,0.0,0.0,0.0,0.0,15.100677530599995,0.0,46.29733963,0.0
2772,scenario_1,32.24617036,60.24617036,0.0,0.0,0.0,0.0,28.0,0.0,32.24617036,0.0
2773,scenario_1,54.11972422,82.11972422,0.0,0.0,0.0,0.0,28.0,0.0,54.119724219999995,-7.105427357601002e-15
2774,scenario_1,35.67434613,35.67434613,0.0,0.0,0.0,0.0,0.0,0.0,35.67434613,0.0
2775,scenario_1,17.90878996,45.90878996,0.0,0.0,0.0,0.0,28.0,0.0,17.90878996,0.0
2776,scenario_1,10.00206755,10.00206755,0.0,0.0,0.0,0.0,0.0,0.0,10.00206755,0.0
2777,scenario_1,6.653039624,31.996806537844456,0.0,0.0,0.0,0.0,25.343766913844455,0.0,6.653039624000002,1.7763568394002505e-15
2778,scenario_1,8.337560533,5.69542215615,0.0,0.0,2.6421383768499993,0.0,0.0,0.0,8.337560533,0.0
2779,scenario_1,10.52872342,0.0,0.0,0.0,10.52872342,0.0,0.0,0.0,10.52872342,0.0
2780,scenario_1,9.204491,0.0,0.0,0.0,1.350575486149998,7.853915513850003,0.0,0.0,9.204491,0.0
2781,scenario_1,8.7251242,0.0,0.0,0.0,8.7251242,0.0,0.0,0.0,8.7251242,0.0
2782,scenario_1,7.936707067,0.0,0.0,0.0,7.936707067,0.0,0.0,0.0,7.936707067,0.0
2783,scenario_1,6.1651911,0.0,0.0,0.0,0.0,6.1651911,0.0,0.0,6.1651911,0.0
2784,scenario_1,0.441752783,0.0,0.0,0.0,0.441752783,0.0,0.0,0.0,0.441752783,0.0
2785,scenario_1,0.49081915,0.0,0.0,0.0,0.0,0.49081915,0.0,0.0,0.49081915,0.0
2786,scenario_1,0.55672155,0.0,0.0,0.0,0.55672155,0.0,0.0,0.0,0.55672155,0.0
2787,scenario_1,1.177004233,0.0,0.0,0.0,1.177004233,0.0,0.0,0.0,1.177004233,0.0
2788,scenario_1,6.852371917,0.0,0.0,0.0,0.0,6.852371917,0.0,0.0,6.852371917,0.0
2789,scenario_1,7.765291117,0.0,0.0,0.0,7.765291117,0.0,0.0,0.0,7.765291117,0.0
2790,scenario_1,3.675961767,0.0,0.0,0.0,3.675961767,0.0,0.0,0.0,3.675961767,0.0
2791,scenario_1,15.07770762,1.09434294585,0.0,0.0,0.0,13.98336467415,0.0,0.0,15.07770762,0.0
2792,scenario_1,45.69250258,5.315476347,0.0,0.0,28.0,12.377026233000002,0.0,0.0,45.69250258,0.0
2793,scenario_1,70.91375437,35.0632785432,0.0,0.0,28.0,7.850475826800007,0.0,0.0,70.91375437,0.0
2794,scenario_1,68.75634286,67.9811833059,0.0,0.0,0.0,0.7751595541,0.0,0.0,68.75634286,0.0
2795,scenario_1,35.74025065,35.74025065,0.0,0.0,0.0,0.0,0.0,0.0,35.74025065,0.0
2796,scenario_1,36.52185274,48.96629718444444,0.0,0.0,0.0,0.0,12.444444444444445,0.0,36.52185274,0.0
2797,scenario_1,67.79910712,95.79910712,0.0,0.0,0.0,0.0,28.0,0.0,67.79910712,0.0
2798,scenario_1,33.83207318,61.83207318,0.0,0.0,0.0,0.0,28.0,0.0,33.83207318,0.0
2799,scenario_1,18.44818868,46.44818868,0.0,0.0,0.0,0.0,28.0,0.0,18.44818868,0.0
2800,scenario_1,11.89027128,39.89027128,0.0,0.0,0.0,0.0,28.0,0.0,11.89027128,0.0
2801,scenario_1,6.897496532,6.897496532,0.0,0.0,0.0,0.0,0.0,0.0,6.897496532,0.0
2802,scenario_1,8.339896733,5.21474036955,0.0,0.0,3.1251563634499995,0.0,0.0,0.0,8.339896733,0.0
2803,scenario_1,9.423478883,0.0,0.0,0.0,0.0,9.423478883,0.0,0.0,9.423478883,0.0
2804,scenario_1,8.987462133,0.0,0.0,0.0,0.0,8.987462133,0.0,0.0,8.987462133,0.0
2805,scenario_1,9.010975567,0.0,0.0,0.0,0.0,9.010975567,0.0,0.0,9.010975567,0.0
2806,scenario_1,8.190689467,0.0,0.0,0.0,0.0,8.190689467,0.0,0.0,8.190689467,0.0
2807,scenario_1,7.1952754,0.0,0.0,0.0,0.0,7.1952754,0.0,0.0,7.1952754,0.0
2808,scenario_1,0.4436039,0.0,0.0,0.0,0.0,0.4436039,0.0,0.0,0.4436039,0.0
2809,scenario_1,0.481470317,0.0,0.0,0.0,0.0,0.481470317,0.0,0.0,0.481470317,0.0
2810,scenario_1,0.537221517,0.0,0.0,0.0,0.0,0.537221517,0.0,0.0,0.537221517,0.0
2811,scenario_1,1.1125897,0.0,0.0,0.0,0.0,1.1125897,0.0,0.0,1.1125897,0.0
2812,scenario_1,7.737091267,0.0,0.0,0.0,0.0,7.737091267,0.0,0.0,7.737091267,0.0
2813,scenario_1,8.032244683,0.0,0.0,0.0,0.0,8.032244683,0.0,0.0,8.032244683,0.0
2814,scenario_1,4.47754685,0.0,0.0,0.0,0.0,4.47754685,0.0,0.0,4.47754685,0.0
2815,scenario_1,13.68180079,1.09933195635,0.0,0.0,0.0,12.582468833650001,0.0,0.0,13.68180079,0.0
2816,scenario_1,40.23034608,3.7658644403999997,0.0,0.0,0.0,36.464481639599995,0.0,0.0,40.23034608,0.0
2817,scenario_1,70.48192716,6.40393811835,0.0,0.0,28.0,36.07798904165,0.0,0.0,70.48192716,0.0
2818,scenario_1,65.8207464,8.5555311888,0.0,0.0,23.895650837394022,33.36956437380598,0.0,0.0,65.82074639999999,-1.4210854715202004e-14
2819,scenario_1,43.72947134,10.107129385799999,0.0,0.0,0.0,33.6223419542,0.0,0.0,43.72947134,0.0
2820,scenario_1,26.32539588,10.883877021299998,0.0,0.0,0.0,15.4415188587,0.0,0.0,26.32539588,0.0
2821,scenario_1,77.34393331,12.951792338999999,0.0,0.0,28.0,36.392140970999996,0.0,0.0,77.34393331,0.0
2822,scenario_1,39.09136819,16.1702099979,0.0,0.0,0.0,22.9211581921,0.0,0.0,39.09136819,0.0
2823,scenario_1,16.97960662,15.8187255684,0.0,0.0,0.0,1.1608810515999988,0.0,0.0,16.97960662,0.0
2824,scenario_1,10.17087182,24.71678560035,0.0,0.0,0.0,0.0,14.54591378035,0.0,10.17087182,0.0
2825,scenario_1,6.504203137,15.693144049050002,0.0,0.0,0.0,0.0,9.18894091205,0.0,6.504203137000001,8.881784197001252e-16
2826,scenario_1,6.164230267,5.28374851965,0.0,0.0,0.0,0.8804817473500002,0.0,0.0,6.164230267,0.0
2827,scenario_1,8.53512715,0.0,0.0,0.0,0.0,8.53512715,0.0,0.0,8.53512715,0.0
2828,scenario_1,9.0044251,0.0,0.0,0.0,9.0044251,0.0,0.0,0.0,9.0044251,0.0
2829,scenario_1,8.759510483,0.0,0.0,0.0,0.0,8.759510483,0.0,0.0,8.759510483,0.0
2830,scenario_1,7.551894067,0.0,0.0,0.0,0.0,7.551894067,0.0,0.0,7.551894067,0.0
2831,scenario_1,6.356744933,0.0,0.0,0.0,0.0,6.356744933,0.0,0.0,6.356744933,0.0
2832,scenario_1,0.417403867,0.0,0.0,0.0,0.0,0.417403867,0.0,0.0,0.417403867,0.0
2833,scenario_1,0.477319983,0.0,0.0,0.0,0.0,0.477319983,0.0,0.0,0.477319983,0.0
2834,scenario_1,0.525719683,0.0,0.0,0.0,0.0,0.525719683,0.0,0.0,0.525719683,0.0
2835,scenario_1,1.16522255,0.0,0.0,0.0,0.0,1.16522255,0.0,0.0,1.16522255,0.0
2836,scenario_1,7.410840033,0.0,0.0,0.0,0.0,7.410840033,0.0,0.0,7.410840033,0.0
2837,scenario_1,8.081973033,0.0,0.0,0.0,0.0,8.081973033,0.0,0.0,8.081973033,0.0
2838,scenario_1,5.077042467,0.0,0.0,0.0,0.0,5.077042467,0.0,0.0,5.077042467,0.0
2839,scenario_1,17.82056136,1.10131947225,0.0,0.0,0.0,16.719241887749998,0.0,0.0,17.82056136,0.0
2840,scenario_1,50.86383237,5.3539462626,0.0,0.0,0.0,45.5098861074,0.0,0.0,50.86383237,0.0
2841,scenario_1,82.30110168,31.571311146899998,0.0,0.0,28.0,22.729790533100005,0.0,0.0,82.30110168,0.0
2842,scenario_1,74.47991261,71.5237408128,0.0,0.0,0.0,2.9561717971999997,0.0,0.0,74.47991261,0.0
2843,scenario_1,31.6503369,59.6503369,0.0,0.0,0.0,0.0,28.0,0.0,31.6503369,0.0
2844,scenario_1,30.3631516,52.8714518898,0.0,0.0,0.0,0.0,22.5083002898,0.0,30.3631516,0.0
2845,scenario_1,67.157635,64.8016181637,0.0,0.0,2.3560168363000003,0.0,0.0,0.0,67.157635,0.0
2846,scenario_1,37.8069899,65.80698989999999,0.0,0.0,0.0,0.0,28.0,0.0,37.80698989999999,-7.105427357601002e-15
2847,scenario_1,17.74057305,17.74057305,0.0,0.0,0.0,0.0,0.0,0.0,17.74057305,0.0
2848,scenario_1,10.45505683,38.455056830000004,0.0,0.0,0.0,0.0,28.0,0.0,10.455056830000004,3.552713678800501e-15
2849,scenario_1,6.63651925,27.481326165508655,0.0,0.0,0.0,0.0,20.844806915508656,0.0,6.636519249999999,-8.881784197001252e-16
2850,scenario_1,7.4895947,5.75318119665,0.0,0.0,1.7364135033499997,0.0,0.0,0.0,7.4895947,0.0
2851,scenario_1,8.772094133,0.0,0.0,0.0,8.772094133,0.0,0.0,0.0,8.772094133,0.0
2852,scenario_1,8.5400763,0.0,0.0,0.0,0.0,8.5400763,0.0,0.0,8.5400763,0.0
2853,scenario_1,8.422895467,0.0,0.0,0.0,8.422895467,0.0,0.0,0.0,8.422895467,0.0
2854,scenario_1,7.7929423,0.0,0.0,0.0,7.7929423,0.0,0.0,0.0,7.7929423,0.0
2855,scenario_1,5.7328266,0.0,0.0,0.0,5.7328266,0.0,0.0,0.0,5.7328266,0.0
2856,scenario_1,0.439602933,0.0,0.0,0.0,0.439602933,0.0,0.0,0.0,0.439602933,0.0
2857,scenario_1,0.44393595,0.0,0.0,0.0,0.0,0.44393595,0.0,0.0,0.44393595,0.0
2858,scenario_1,0.542570467,0.0,0.0,0.0,0.542570467,0.0,0.0,0.0,0.542570467,0.0
2859,scenario_1,1.343774,0.0,0.0,0.0,0.0,1.343774,0.0,0.0,1.343774,0.0
2860,scenario_1,6.779873667,0.0,0.0,0.0,6.779873667,0.0,0.0,0.0,6.779873667,0.0
2861,scenario_1,7.902774533,0.0,0.0,0.0,0.0,7.902774533,0.0,0.0,7.902774533,0.0
2862,scenario_1,4.2809491,0.0,0.0,0.0,4.2809491,0.0,0.0,0.0,4.2809491,0.0
2863,scenario_1,5.37982875,2.92099628445,0.0,0.0,0.29983182964997895,2.1590006359000204,0.0,0.0,5.37982875,0.0
2864,scenario_1,47.20267797,15.817254968399999,0.0,0.0,0.0,31.385423001600003,0.0,0.0,47.20267797,0.0
2865,scenario_1,65.52798472,26.9845673454,0.0,0.0,28.0,10.543417374600008,0.0,0.0,65.52798472,0.0
2866,scenario_1,80.41786624,45.711210539700005,0.0,0.0,28.0,6.70665570029999,0.0,0.0,80.41786624,0.0
2867,scenario_1,37.18627166,37.18627166,0.0,0.0,0.0,0.0,0.0,0.0,37.18627166,0.0
2868,scenario_1,30.53440643,58.534406430000004,0.0,0.0,0.0,0.0,28.0,0.0,30.534406430000004,3.552713678800501e-15
2869,scenario_1,73.88233194,81.20743629645,0.0,0.0,0.0,0.0,7.325104356449998,0.0,73.88233194,0.0
2870,scenario_1,43.29696055,43.29696055,0.0,0.0,0.0,0.0,0.0,0.0,43.29696055,0.0
2871,scenario_1,17.56316533,45.563165330000004,0.0,0.0,0.0,0.0,28.0,0.0,17.563165330000004,3.552713678800501e-15
2872,scenario_1,11.8203363,30.09156574348826,0.0,0.0,0.0,0.0,18.271229443488263,0.0,11.820336299999997,-1.7763568394002505e-15
2873,scenario_1,7.257447817,7.257447817,0.0,0.0,0.0,0.0,0.0,0.0,7.257447817,0.0
2874,scenario_1,7.80216165,5.679734163,0.0,0.0,2.1224274870000004,0.0,0.0,0.0,7.80216165,0.0
2875,scenario_1,9.171028033,0.0,0.0,0.0,9.171028033,0.0,0.0,0.0,9.171028033,0.0
2876,scenario_1,8.511027717,0.0,0.0,0.0,8.511027717,0.0,0.0,0.0,8.511027717,0.0
2877,scenario_1,7.823579417,0.0,0.0,0.0,7.823579417,0.0,0.0,0.0,7.823579417,0.0
2878,scenario_1,7.737509,0.0,0.0,0.0,7.737509,0.0,0.0,0.0,7.737509,0.0
2879,scenario_1,6.025225683,0.0,0.0,0.0,6.025225683,0.0,0.0,0.0,6.025225683,0.0
2880,scenario_1,0.4521039,0.0,0.0,0.0,0.4521039,0.0,0.0,0.0,0.4521039,0.0
2881,scenario_1,0.491953483,0.0,0.0,0.0,0.491953483,0.0,0.0,0.0,0.491953483,0.0
2882,scenario_1,0.510653383,0.0,0.0,0.0,0.510653383,0.0,0.0,0.0,0.510653383,0.0
2883,scenario_1,0.994203767,0.0,0.0,0.0,0.994203767,0.0,0.0,0.0,0.994203767,0.0
2884,scenario_1,6.841372783,0.0,0.0,0.0,6.841372783,0.0,0.0,0.0,6.841372783,0.0
2885,scenario_1,7.595638517,0.0,0.0,0.0,7.595638517,0.0,0.0,0.0,7.595638517,0.0
2886,scenario_1,2.942256,0.0,0.0,0.0,2.942256,0.0,0.0,0.0,2.942256,0.0
2887,scenario_1,1.967825,1.967825,0.0,0.0,0.0,0.0,0.0,0.0,1.967825,0.0
2888,scenario_1,34.94119015,30.06713894205,0.0,0.0,4.8740512079499965,0.0,0.0,0.0,34.94119015,0.0
2889,scenario_1,49.52143676,66.22246617255,0.0,0.0,0.0,0.0,16.70102941255,0.0,49.52143676,0.0
2890,scenario_1,54.38039687,82.38039687,0.0,0.0,0.0,0.0,28.0,0.0,54.38039687,0.0
2891,scenario_1,24.91242256,52.912422559999996,0.0,0.0,0.0,0.0,28.0,0.0,24.912422559999996,-3.552713678800501e-15
2892,scenario_1,9.150809385,9.150809385,0.0,0.0,0.0,0.0,0.0,0.0,9.150809385,0.0
2893,scenario_1,30.5766378,52.0147597422,0.0,0.0,0.0,0.0,21.4381219422,0.0,30.5766378,0.0
2894,scenario_1,13.70064745,13.70064745,0.0,0.0,0.0,0.0,0.0,0.0,13.70064745,0.0
2895,scenario_1,4.455346872,4.455346872,0.0,0.0,0.0,0.0,0.0,0.0,4.455346872,0.0
2896,scenario_1,4.153009433,25.202841476336463,0.0,0.0,0.0,0.0,21.049832043336462,0.0,4.153009433000001,8.881784197001252e-16
2897,scenario_1,4.7895231,4.7895231,0.0,0.0,0.0,0.0,0.0,0.0,4.7895231,0.0
2898,scenario_1,6.628458333,0.8385748458,0.0,0.0,5.7898834872,0.0,0.0,0.0,6.628458333,0.0
2899,scenario_1,8.166842867,0.0,0.0,0.0,8.166842867,0.0,0.0,0.0,8.166842867,0.0
2900,scenario_1,8.148657183,0.0,0.0,0.0,8.148657183,0.0,0.0,0.0,8.148657183,0.0
2901,scenario_1,7.773690667,0.0,0.0,0.0,7.773690667,0.0,0.0,0.0,7.773690667,0.0
2902,scenario_1,7.936940067,0.0,0.0,0.0,7.936940067,0.0,0.0,0.0,7.936940067,0.0
2903,scenario_1,6.805923667,0.0,0.0,0.0,6.805923667,0.0,0.0,0.0,6.805923667,0.0
2904,scenario_1,0.440103517,0.0,0.0,0.0,0.440103517,0.0,0.0,0.0,0.440103517,0.0
2905,scenario_1,0.4817359,0.0,0.0,0.0,0.4817359,0.0,0.0,0.0,0.4817359,0.0
2906,scenario_1,0.50606845,0.0,0.0,0.0,0.50606845,0.0,0.0,0.0,0.50606845,0.0
2907,scenario_1,1.04586865,0.0,0.0,0.0,1.04586865,0.0,0.0,0.0,1.04586865,0.0
2908,scenario_1,6.9479534,0.0,0.0,0.0,6.9479534,0.0,0.0,0.0,6.9479534,0.0
2909,scenario_1,7.02297215,0.0,0.0,0.0,7.02297215,0.0,0.0,0.0,7.02297215,0.0
2910,scenario_1,2.332807633,0.0,0.0,0.0,2.332807633,0.0,0.0,0.0,2.332807633,0.0
2911,scenario_1,3.119363248,2.19193456965,0.0,0.0,0.9274286783500001,0.0,0.0,0.0,3.119363248,0.0
2912,scenario_1,27.54536214,24.20822515935,0.0,0.0,3.3371369806500013,0.0,0.0,0.0,27.54536214,0.0
2913,scenario_1,34.61890258,62.61890258,0.0,0.0,0.0,0.0,28.0,0.0,34.61890258,0.0
2914,scenario_1,52.87637076,52.87637076,0.0,0.0,0.0,0.0,0.0,0.0,52.87637076,0.0
2915,scenario_1,30.07339025,30.07339025,0.0,0.0,0.0,0.0,0.0,0.0,30.07339025,0.0
2916,scenario_1,5.634346792,5.634346792,0.0,0.0,0.0,0.0,0.0,0.0,5.634346792,0.0
2917,scenario_1,41.77503305,41.77503305,0.0,0.0,0.0,0.0,0.0,0.0,41.77503305,0.0
2918,scenario_1,25.49977189,53.499771890000005,0.0,0.0,0.0,0.0,28.0,0.0,25.499771890000005,3.552713678800501e-15
2919,scenario_1,3.910575819,3.910575819,0.0,0.0,0.0,0.0,0.0,0.0,3.910575819,0.0
2920,scenario_1,4.421763449,32.421763449,0.0,0.0,0.0,0.0,28.0,0.0,4.421763448999997,-3.552713678800501e-15
2921,scenario_1,5.943722283,5.943722283,0.0,0.0,0.0,0.0,0.0,0.0,5.943722283,0.0
2922,scenario_1,9.6498404,0.35851610339999995,0.0,0.0,9.291324296600001,0.0,0.0,0.0,9.6498404,0.0
2923,scenario_1,10.67647163,0.0,0.0,0.0,10.67647163,0.0,0.0,0.0,10.67647163,0.0
2924,scenario_1,9.219755417,0.0,0.0,0.0,9.219755417,0.0,0.0,0.0,9.219755417,0.0
2925,scenario_1,8.446856133,0.0,0.0,0.0,8.446856133,0.0,0.0,0.0,8.446856133,0.0
2926,scenario_1,7.539041367,0.0,0.0,0.0,7.539041367,0.0,0.0,0.0,7.539041367,0.0
2927,scenario_1,5.6517932,0.0,0.0,0.0,5.6517932,0.0,0.0,0.0,5.6517932,0.0
2928,scenario_1,0.45376995,0.0,0.0,0.0,0.45376995,0.0,0.0,0.0,0.45376995,0.0
2929,scenario_1,0.495868567,0.0,0.0,0.0,0.495868567,0.0,0.0,0.0,0.495868567,0.0
2930,scenario_1,0.5994025,0.0,0.0,0.0,0.5994025,0.0,0.0,0.0,0.5994025,0.0
2931,scenario_1,1.629086883,0.0,0.0,0.0,1.629086883,0.0,0.0,0.0,1.629086883,0.0
2932,scenario_1,7.23300625,0.0,0.0,0.0,7.23300625,0.0,0.0,0.0,7.23300625,0.0
2933,scenario_1,7.6921751,0.0,0.0,0.0,7.6921751,0.0,0.0,0.0,7.6921751,0.0
2934,scenario_1,4.166579883,0.0,0.0,0.0,4.166579883,0.0,0.0,0.0,4.166579883,0.0
2935,scenario_1,12.44659475,12.44659475,0.0,0.0,0.0,0.0,0.0,0.0,12.44659475,0.0
2936,scenario_1,47.0973047,41.39801978444999,0.0,0.0,5.69928491555001,0.0,0.0,0.0,47.0973047,0.0
2937,scenario_1,69.87639077,54.991743606899995,0.0,0.0,14.884647163100006,0.0,0.0,0.0,69.87639077,0.0
2938,scenario_1,70.89201034,90.14676834974999,0.0,0.0,0.0,0.0,19.25475800974999,0.0,70.89201034,0.0
2939,scenario_1,41.48432886,41.48432886,0.0,0.0,0.0,0.0,0.0,0.0,41.48432886,0.0
2940,scenario_1,27.19110083,55.191100829999996,0.0,0.0,0.0,0.0,28.0,0.0,27.191100829999996,-3.552713678800501e-15
2941,scenario_1,72.34755434,93.53724077469445,0.0,0.0,0.0,0.0,21.18968643469445,0.0,72.34755434,0.0
2942,scenario_1,43.34494165,71.34494165000001,0.0,0.0,0.0,0.0,28.0,0.0,43.34494165000001,7.105427357601002e-15
2943,scenario_1,19.15518738,19.15518738,0.0,0.0,0.0,0.0,0.0,0.0,19.15518738,0.0
2944,scenario_1,8.981891469,36.981891469000004,0.0,0.0,0.0,0.0,28.0,0.0,8.981891469000004,3.552713678800501e-15
2945,scenario_1,5.231568133,5.231568133,0.0,0.0,0.0,0.0,0.0,0.0,5.231568133,0.0
2946,scenario_1,6.972275317,0.59535880695,0.0,0.0,6.37691651005,0.0,0.0,0.0,6.972275317,0.0
2947,scenario_1,9.32806085,0.0,0.0,0.0,9.32806085,0.0,0.0,0.0,9.32806085,0.0
2948,scenario_1,8.337544767,0.0,0.0,0.0,2.286274706950006,6.051270060049995,0.0,0.0,8.337544767,0.0
2949,scenario_1,7.513944933,0.0,0.0,0.0,0.0,7.513944933,0.0,0.0,7.513944933,0.0
2950,scenario_1,7.591143883,0.0,0.0,0.0,0.0,7.591143883,0.0,0.0,7.591143883,0.0
2951,scenario_1,6.4677778,0.0,0.0,0.0,6.4677778,0.0,0.0,0.0,6.4677778,0.0
2952,scenario_1,0.43120385,0.0,0.0,0.0,0.0,0.43120385,0.0,0.0,0.43120385,0.0
2953,scenario_1,0.497552333,0.0,0.0,0.0,0.0,0.497552333,0.0,0.0,0.497552333,0.0
2954,scenario_1,0.5146867,0.0,0.0,0.0,0.5146867,0.0,0.0,0.0,0.5146867,0.0
2955,scenario_1,1.063072133,0.0,0.0,0.0,1.063072133,0.0,0.0,0.0,1.063072133,0.0
2956,scenario_1,7.278588583,0.0,0.0,0.0,7.278588583,0.0,0.0,0.0,7.278588583,0.0
2957,scenario_1,7.698559067,0.0,0.0,0.0,7.698559067,0.0,0.0,0.0,7.698559067,0.0
2958,scenario_1,3.78606365,0.0,0.0,0.0,3.78606365,0.0,0.0,0.0,3.78606365,0.0
2959,scenario_1,10.53897095,2.6771052402,0.0,0.0,0.0,7.8618657098,0.0,0.0,10.53897095,0.0
2960,scenario_1,41.75424068,5.55124012035,0.0,0.0,0.0,36.20300055965,0.0,0.0,41.75424068,0.0
2961,scenario_1,85.63812244,12.536796004349998,0.0,0.0,28.0,45.10132643565001,0.0,0.0,85.63812244,0.0
2962,scenario_1,72.46133763,26.326601542499997,0.0,0.0,28.0,18.134736087500006,0.0,0.0,72.46133763,0.0
2963,scenario_1,35.40901465,63.40901465,0.0,0.0,0.0,0.0,28.0,0.0,35.40901465,0.0
2964,scenario_1,32.32267176,42.006293675244436,0.0,0.0,0.0,0.0,9.683621915244439,0.0,32.32267176,0.0
2965,scenario_1,58.04339656,86.04339655999999,0.0,0.0,0.0,0.0,28.0,0.0,58.04339655999999,-7.105427357601002e-15
2966,scenario_1,42.63346078,70.63346078000001,0.0,0.0,0.0,0.0,28.0,0.0,42.63346078000001,7.105427357601002e-15
2967,scenario_1,15.73176751,43.73176751,0.0,0.0,0.0,0.0,28.0,0.0,15.731767509999997,-1.7763568394002505e-15
2968,scenario_1,9.371434571,9.371434571,0.0,0.0,0.0,0.0,0.0,0.0,9.371434571,0.0
2969,scenario_1,8.711750133,11.472572662200001,0.0,0.0,0.0,0.0,2.7608225292000004,0.0,8.711750133,0.0
2970,scenario_1,8.037414133,0.11952436304999998,0.0,0.0,0.0,7.91788976995,0.0,0.0,8.037414133,0.0
2971,scenario_1,9.364445867,0.0,0.0,0.0,4.384550125349992,4.979895741650009,0.0,0.0,9.364445867,0.0
2972,scenario_1,9.042510733,0.0,0.0,0.0,9.042510733,0.0,0.0,0.0,9.042510733,0.0
2973,scenario_1,8.7065623,0.0,0.0,0.0,0.0,8.7065623,0.0,0.0,8.7065623,0.0
2974,scenario_1,7.913742767,0.0,0.0,0.0,7.913742767,0.0,0.0,0.0,7.913742767,0.0
2975,scenario_1,5.99084315,0.0,0.0,0.0,0.0,5.99084315,0.0,0.0,5.99084315,0.0
2976,scenario_1,0.4554025,0.0,0.0,0.0,0.4554025,0.0,0.0,0.0,0.4554025,0.0
2977,scenario_1,0.471052483,0.0,0.0,0.0,0.471052483,0.0,0.0,0.0,0.471052483,0.0
2978,scenario_1,0.541270183,0.0,0.0,0.0,0.541270183,0.0,0.0,0.0,0.541270183,0.0
2979,scenario_1,1.15968855,0.0,0.0,0.0,1.15968855,0.0,0.0,0.0,1.15968855,0.0
2980,scenario_1,7.521139767,0.0,0.0,0.0,0.0,7.521139767,0.0,0.0,7.521139767,0.0
2981,scenario_1,8.817289917,0.0,0.0,0.0,8.817289917,0.0,0.0,0.0,8.817289917,0.0
2982,scenario_1,4.675982217,0.0,0.0,0.0,0.0,4.675982217,0.0,0.0,4.675982217,0.0
2983,scenario_1,14.20285792,2.1883651783499998,0.0,0.0,12.014492741649999,0.0,0.0,0.0,14.20285792,0.0
2984,scenario_1,65.46806632,8.666911491599999,0.0,0.0,28.0,28.80115482840001,0.0,0.0,65.46806632,0.0
2985,scenario_1,69.20220823,24.4917785307,0.0,0.0,28.0,16.710429699299997,0.0,0.0,69.20220823,0.0
2986,scenario_1,51.47971431,51.47971431,0.0,0.0,0.0,0.0,0.0,0.0,51.47971431,0.0
2987,scenario_1,33.77882966,53.4835776201,0.0,0.0,0.0,0.0,19.7047479601,0.0,33.77882966,0.0
2988,scenario_1,33.85822211,61.85822211,0.0,0.0,0.0,0.0,28.0,0.0,33.85822211,0.0
2989,scenario_1,70.5001561,86.41564119705,0.0,0.0,0.0,0.0,15.915485097049995,0.0,70.5001561,0.0
2990,scenario_1,42.00678118,46.83099256729443,0.0,0.0,0.0,0.0,4.824211387294434,0.0,42.00678118,0.0
2991,scenario_1,19.29552818,47.295528180000005,0.0,0.0,0.0,0.0,28.0,0.0,19.295528180000005,3.552713678800501e-15
2992,scenario_1,12.21909133,40.21909133,0.0,0.0,0.0,0.0,28.0,0.0,12.219091329999998,-1.7763568394002505e-15
2993,scenario_1,7.109417017,7.109417017,0.0,0.0,0.0,0.0,0.0,0.0,7.109417017,0.0
2994,scenario_1,7.822330183,0.8398998564,0.0,0.0,6.9824303266,0.0,0.0,0.0,7.822330183,0.0
2995,scenario_1,9.117993817,0.0,0.0,0.0,9.117993817,0.0,0.0,0.0,9.117993817,0.0
2996,scenario_1,8.752992133,0.0,0.0,0.0,8.752992133,0.0,0.0,0.0,8.752992133,0.0
2997,scenario_1,8.926190633,0.0,0.0,0.0,8.926190633,0.0,0.0,0.0,8.926190633,0.0
2998,scenario_1,7.971958367,0.0,0.0,0.0,7.971958367,0.0,0.0,0.0,7.971958367,0.0
2999,scenario_1,5.5812614,0.0,0.0,0.0,5.5812614,0.0,0.0,0.0,5.5812614,0.0
3000,scenario_1,0.44030365,0.0,0.0,0.0,0.44030365,0.0,0.0,0.0,0.44030365,0.0
3001,scenario_1,0.48718535,0.0,0.0,0.0,0.48718535,0.0,0.0,0.0,0.48718535,0.0
3002,scenario_1,0.52630155,0.0,0.0,0.0,0.52630155,0.0,0.0,0.0,0.52630155,0.0
3003,scenario_1,1.372420933,0.0,0.0,0.0,1.372420933,0.0,0.0,0.0,1.372420933,0.0
3004,scenario_1,7.60029165,0.0,0.0,0.0,7.60029165,0.0,0.0,0.0,7.60029165,0.0
3005,scenario_1,8.162876,0.0,0.0,0.0,8.162876,0.0,0.0,0.0,8.162876,0.0
3006,scenario_1,4.990662167,0.0,0.0,0.0,4.990662167,0.0,0.0,0.0,4.990662167,0.0
3007,scenario_1,21.92608712,25.91945115099505,0.0,0.0,0.0,0.0,3.9933640309950547,0.0,21.92608712,0.0
3008,scenario_1,44.00844384,55.66866948795,0.0,0.0,0.0,0.0,11.66022564795,0.0,44.00844384,0.0
3009,scenario_1,70.80945313,79.22805244679999,0.0,0.0,0.0,0.0,8.418599316799998,0.0,70.80945313,0.0
3010,scenario_1,80.02012351,96.5065127322,0.0,0.0,0.0,0.0,16.48638922219999,0.0,80.02012351,0.0
3011,scenario_1,45.12139779,45.12139779,0.0,0.0,0.0,0.0,0.0,0.0,45.12139779,0.0
3012,scenario_1,33.3760995,33.3760995,0.0,0.0,0.0,0.0,0.0,0.0,33.3760995,0.0
3013,scenario_1,66.19373225,66.19373225,0.0,0.0,0.0,0.0,0.0,0.0,66.19373225,0.0
3014,scenario_1,34.18507626,34.18507626,0.0,0.0,0.0,0.0,0.0,0.0,34.18507626,0.0
3015,scenario_1,15.21963032,15.21963032,0.0,0.0,0.0,0.0,0.0,0.0,15.21963032,0.0
3016,scenario_1,10.42890612,38.42890612,0.0,0.0,0.0,0.0,28.0,0.0,10.42890612,0.0
3017,scenario_1,7.749811017,26.737983387449997,0.0,0.0,0.0,0.0,18.98817237045,0.0,7.749811016999999,-8.881784197001252e-16
3018,scenario_1,9.287224267,0.83182368885,0.0,0.0,8.45540057815,0.0,0.0,0.0,9.287224267,0.0
3019,scenario_1,9.30959245,0.0,0.0,0.0,9.30959245,0.0,0.0,0.0,9.30959245,0.0
3020,scenario_1,8.767625833,0.0,0.0,0.0,8.767625833,0.0,0.0,0.0,8.767625833,0.0
3021,scenario_1,8.592675467,0.0,0.0,0.0,8.592675467,0.0,0.0,0.0,8.592675467,0.0
3022,scenario_1,7.866726283,0.0,0.0,0.0,7.866726283,0.0,0.0,0.0,7.866726283,0.0
3023,scenario_1,5.431228083,0.0,0.0,0.0,5.431228083,0.0,0.0,0.0,5.431228083,0.0
3024,scenario_1,0.463186067,0.0,0.0,0.0,0.13606228885000318,0.3271237781499968,0.0,0.0,0.463186067,0.0
3025,scenario_1,0.503785817,0.0,0.0,0.0,0.503785817,0.0,0.0,0.0,0.503785817,0.0
3026,scenario_1,0.603469083,0.0,0.0,0.0,0.603469083,0.0,0.0,0.0,0.603469083,0.0
3027,scenario_1,1.758573217,0.0,0.0,0.0,1.758573217,0.0,0.0,0.0,1.758573217,0.0
3028,scenario_1,7.936506417,0.0,0.0,0.0,7.936506417,0.0,0.0,0.0,7.936506417,0.0
3029,scenario_1,8.32530915,0.0,0.0,0.0,8.32530915,0.0,0.0,0.0,8.32530915,0.0
3030,scenario_1,5.113045333,0.0,0.0,0.0,5.113045333,0.0,0.0,0.0,5.113045333,0.0
3031,scenario_1,15.33989165,4.598796716549999,0.0,0.0,0.0,10.74109493345,0.0,0.0,15.339891649999998,-1.7763568394002505e-15
3032,scenario_1,67.44056368,9.464047035299998,0.0,0.0,28.0,29.9765166447,0.0,0.0,67.44056368,0.0
3033,scenario_1,51.85405044,62.32056780074999,0.0,0.0,0.0,0.0,10.46651736074999,0.0,51.85405044,0.0
3034,scenario_1,61.56143484,61.56143484,0.0,0.0,0.0,0.0,0.0,0.0,61.56143484,0.0
3035,scenario_1,42.35969638,70.35969638,0.0,0.0,0.0,0.0,28.0,0.0,42.35969638,0.0
3036,scenario_1,31.82950012,31.82950012,0.0,0.0,0.0,0.0,0.0,0.0,31.82950012,0.0
3037,scenario_1,63.2530231,81.53053446944999,0.0,0.0,0.0,0.0,18.27751136944999,0.0,63.2530231,0.0
3038,scenario_1,53.67172385,53.67172385,0.0,0.0,0.0,0.0,0.0,0.0,53.67172385,0.0
3039,scenario_1,20.39313571,48.393135709999996,0.0,0.0,0.0,0.0,28.0,0.0,20.393135709999996,-3.552713678800501e-15
3040,scenario_1,9.94324855,9.94324855,0.0,0.0,0.0,0.0,0.0,0.0,9.94324855,0.0
3041,scenario_1,7.920466617,7.920466617,0.0,0.0,0.0,0.0,0.0,0.0,7.920466617,0.0
3042,scenario_1,8.701510517,0.9516974419500001,0.0,0.0,7.749813075049999,0.0,0.0,0.0,8.701510517,0.0
3043,scenario_1,9.76787905,0.0,0.0,0.0,9.76787905,0.0,0.0,0.0,9.76787905,0.0
3044,scenario_1,8.312227517,0.0,0.0,0.0,8.312227517,0.0,0.0,0.0,8.312227517,0.0
3045,scenario_1,8.323860217,0.0,0.0,0.0,8.323860217,0.0,0.0,0.0,8.323860217,0.0
3046,scenario_1,7.867092917,0.0,0.0,0.0,7.867092917,0.0,0.0,0.0,7.867092917,0.0
3047,scenario_1,6.309226783,0.0,0.0,0.0,6.309226783,0.0,0.0,0.0,6.309226783,0.0
3048,scenario_1,0.435135967,0.0,0.0,0.0,0.435135967,0.0,0.0,0.0,0.435135967,0.0
3049,scenario_1,0.499968367,0.0,0.0,0.0,0.499968367,0.0,0.0,0.0,0.499968367,0.0
3050,scenario_1,0.67401855,0.0,0.0,0.0,0.67401855,0.0,0.0,0.0,0.67401855,0.0
3051,scenario_1,1.682402717,0.0,0.0,0.0,1.682402717,0.0,0.0,0.0,1.682402717,0.0
3052,scenario_1,7.2004211,0.0,0.0,0.0,7.2004211,0.0,0.0,0.0,7.2004211,0.0
3053,scenario_1,6.91783925,0.0,0.0,0.0,6.91783925,0.0,0.0,0.0,6.91783925,0.0
3054,scenario_1,2.105239983,0.0,0.0,0.0,2.105239983,0.0,0.0,0.0,2.105239983,0.0
3055,scenario_1,4.093317893,4.093317893,0.0,0.0,0.0,0.0,0.0,0.0,4.093317893,0.0
3056,scenario_1,22.43556866,22.43556866,0.0,0.0,0.0,0.0,0.0,0.0,22.43556866,0.0
3057,scenario_1,42.81789565,70.81789565,0.0,0.0,0.0,0.0,28.0,0.0,42.81789565,0.0
3058,scenario_1,43.12766634,71.12766633999999,0.0,0.0,0.0,0.0,28.0,0.0,43.12766633999999,-7.105427357601002e-15
3059,scenario_1,14.86393872,42.86393872,0.0,0.0,0.0,0.0,28.0,0.0,14.86393872,0.0
3060,scenario_1,6.769577588,18.229407491195083,0.0,0.0,0.0,0.0,11.459829903195084,0.0,6.769577587999999,-8.881784197001252e-16
3061,scenario_1,48.68806669,48.68806669,0.0,0.0,0.0,0.0,0.0,0.0,48.68806669,0.0
3062,scenario_1,30.18830652,58.18830652,0.0,0.0,0.0,0.0,28.0,0.0,30.188306519999998,-3.552713678800501e-15
3063,scenario_1,5.690078191,5.690078191,0.0,0.0,0.0,0.0,0.0,0.0,5.690078191,0.0
3064,scenario_1,4.524785485,4.524785485,0.0,0.0,0.0,0.0,0.0,0.0,4.524785485,0.0
3065,scenario_1,7.470646921,7.470646921,0.0,0.0,0.0,0.0,0.0,0.0,7.470646921,0.0
3066,scenario_1,8.940256183,0.83018323455,0.0,0.0,8.11007294845,0.0,0.0,0.0,8.940256183,0.0
3067,scenario_1,10.15627372,0.0,0.0,0.0,10.15627372,0.0,0.0,0.0,10.15627372,0.0
3068,scenario_1,8.668628117,0.0,0.0,0.0,8.668628117,0.0,0.0,0.0,8.668628117,0.0
3069,scenario_1,7.9503934,0.0,0.0,0.0,7.9503934,0.0,0.0,0.0,7.9503934,0.0
3070,scenario_1,7.330942033,0.0,0.0,0.0,7.330942033,0.0,0.0,0.0,7.330942033,0.0
3071,scenario_1,5.4886411,0.0,0.0,0.0,5.4886411,0.0,0.0,0.0,5.4886411,0.0
3072,scenario_1,0.446185933,0.0,0.0,0.0,0.446185933,0.0,0.0,0.0,0.446185933,0.0
3073,scenario_1,0.48845175,0.0,0.0,0.0,0.48845175,0.0,0.0,0.0,0.48845175,0.0
3074,scenario_1,0.503135117,0.0,0.0,0.0,0.503135117,0.0,0.0,0.0,0.503135117,0.0
3075,scenario_1,1.338870183,0.0,0.0,0.0,1.338870183,0.0,0.0,0.0,1.338870183,0.0
3076,scenario_1,6.6548071,0.0,0.0,0.0,6.6548071,0.0,0.0,0.0,6.6548071,0.0
3077,scenario_1,7.4266741,0.0,0.0,0.0,7.4266741,0.0,0.0,0.0,7.4266741,0.0
3078,scenario_1,3.653606,0.0,0.0,0.0,3.653606,0.0,0.0,0.0,3.653606,0.0
3079,scenario_1,8.169941572,18.28219343775,0.0,0.0,0.0,0.0,10.112251865749998,0.0,8.169941572,0.0
3080,scenario_1,36.30243373,36.30243373,0.0,0.0,0.0,0.0,0.0,0.0,36.30243373,0.0
3081,scenario_1,33.95615547,33.95615547,0.0,0.0,0.0,0.0,0.0,0.0,33.95615547,0.0
3082,scenario_1,35.24269062,63.24269062,0.0,0.0,0.0,0.0,28.0,0.0,35.24269062,0.0
3083,scenario_1,18.06488674,18.06488674,0.0,0.0,0.0,0.0,0.0,0.0,18.06488674,0.0
3084,scenario_1,6.838864459,34.838864459,0.0,0.0,0.0,0.0,28.0,0.0,6.838864459,0.0
3085,scenario_1,36.78666372,36.78666372,0.0,0.0,0.0,0.0,0.0,0.0,36.78666372,0.0
3086,scenario_1,35.25235352,35.25235352,0.0,0.0,0.0,0.0,0.0,0.0,35.25235352,0.0
3087,scenario_1,7.232210798,25.33808424268213,0.0,0.0,0.0,0.0,18.10587344468213,0.0,7.2322107980000006,8.881784197001252e-16
3088,scenario_1,4.699124846,4.699124846,0.0,0.0,0.0,0.0,0.0,0.0,4.699124846,0.0
3089,scenario_1,5.204541267,5.204541267,0.0,0.0,0.0,0.0,0.0,0.0,5.204541267,0.0
3090,scenario_1,7.822940567,0.9559517651999999,0.0,0.0,6.8669888018,0.0,0.0,0.0,7.822940567,0.0
3091,scenario_1,8.80070965,0.0,0.0,0.0,8.80070965,0.0,0.0,0.0,8.80070965,0.0
3092,scenario_1,8.058542867,0.0,0.0,0.0,0.0,8.058542867,0.0,0.0,8.058542867,0.0
3093,scenario_1,7.8050766,0.0,0.0,0.0,7.8050766,0.0,0.0,0.0,7.8050766,0.0
3094,scenario_1,7.510209283,0.0,0.0,0.0,0.0,7.510209283,0.0,0.0,7.510209283,0.0
3095,scenario_1,4.958790733,0.0,0.0,0.0,0.0,4.958790733,0.0,0.0,4.958790733,0.0
3096,scenario_1,0.4452027,0.0,0.0,0.0,0.0,0.4452027,0.0,0.0,0.4452027,0.0
3097,scenario_1,0.46587,0.0,0.0,0.0,0.46587,0.0,0.0,0.0,0.46587,0.0
3098,scenario_1,0.490602317,0.0,0.0,0.0,0.0,0.490602317,0.0,0.0,0.490602317,0.0
3099,scenario_1,1.100736283,0.0,0.0,0.0,0.0,1.100736283,0.0,0.0,1.100736283,0.0
3100,scenario_1,6.869208783,0.0,0.0,0.0,6.869208783,0.0,0.0,0.0,6.869208783,0.0
3101,scenario_1,7.608509233,0.0,0.0,0.0,7.608509233,0.0,0.0,0.0,7.608509233,0.0
3102,scenario_1,3.921393867,0.0,0.0,0.0,3.921393867,0.0,0.0,0.0,3.921393867,0.0
3103,scenario_1,10.85939452,14.69827702155,0.0,0.0,0.0,0.0,3.8388825015499997,0.0,10.85939452,0.0
3104,scenario_1,65.16247508,4.7020468072499995,0.0,0.0,28.0,32.46042827274999,0.0,0.0,65.16247508,0.0
3105,scenario_1,82.04409275,7.0630655727,0.0,0.0,28.0,46.98102717730001,0.0,0.0,82.04409275,0.0
3106,scenario_1,34.92586977,19.51374397635,0.0,0.0,0.0,15.412125793649999,0.0,0.0,34.92586977,0.0
3107,scenario_1,27.73704174,35.93940356685,0.0,0.0,0.0,0.0,8.202361826849998,0.0,27.73704174,0.0
3108,scenario_1,28.44013634,56.440136339999995,0.0,0.0,0.0,0.0,28.0,0.0,28.440136339999995,-3.552713678800501e-15
3109,scenario_1,70.02611551,0.0,0.0,0.0,27.44044453239101,42.585670977608984,0.0,0.0,70.02611551,0.0
3110,scenario_1,53.20032465,81.20032465,0.0,0.0,0.0,0.0,28.0,0.0,53.20032465,0.0
3111,scenario_1,22.80073461,50.80073461,0.0,0.0,0.0,0.0,28.0,0.0,22.80073461,0.0
3112,scenario_1,15.78884597,34.04720803725,0.0,0.0,0.0,0.0,18.25836206725,0.0,15.78884597,0.0
3113,scenario_1,7.545087983,10.13238853395,0.0,0.0,0.0,0.0,2.5873005509499993,0.0,7.545087983,0.0
3114,scenario_1,7.40663005,0.47621692244999997,0.0,0.0,6.9304131275500005,0.0,0.0,0.0,7.40663005,0.0
3115,scenario_1,9.137614317,0.0,0.0,0.0,9.137614317,0.0,0.0,0.0,9.137614317,0.0
3116,scenario_1,8.631228083,0.0,0.0,0.0,8.631228083,0.0,0.0,0.0,8.631228083,0.0
3117,scenario_1,8.582058583,0.0,0.0,0.0,8.582058583,0.0,0.0,0.0,8.582058583,0.0
3118,scenario_1,8.8491557,0.0,0.0,0.0,8.8491557,0.0,0.0,0.0,8.8491557,0.0
3119,scenario_1,7.21927475,0.0,0.0,0.0,0.0,7.21927475,0.0,0.0,7.21927475,0.0
3120,scenario_1,0.4344025,0.0,0.0,0.0,0.4344025,0.0,0.0,0.0,0.4344025,0.0
3121,scenario_1,0.4578355,0.0,0.0,0.0,0.0,0.4578355,0.0,0.0,0.4578355,0.0
3122,scenario_1,0.517136317,0.0,0.0,0.0,0.517136317,0.0,0.0,0.0,0.517136317,0.0
3123,scenario_1,1.0290044,0.0,0.0,0.0,1.0290044,0.0,0.0,0.0,1.0290044,0.0
3124,scenario_1,6.789206533,0.0,0.0,0.0,6.789206533,0.0,0.0,0.0,6.789206533,0.0
3125,scenario_1,7.2199568,0.0,0.0,0.0,0.0,7.2199568,0.0,0.0,7.2199568,0.0
3126,scenario_1,3.433545933,0.0,0.0,0.0,3.433545933,0.0,0.0,0.0,3.433545933,0.0
3127,scenario_1,10.4620221,2.1855259399499998,0.0,0.0,8.276496160050002,0.0,0.0,0.0,10.462022100000002,1.7763568394002505e-15
3128,scenario_1,43.25713597,48.681552439499995,0.0,0.0,0.0,0.0,5.424416469499995,0.0,43.25713597,0.0
3129,scenario_1,81.74150436,70.25779551375,0.0,0.0,11.483708846249996,0.0,0.0,0.0,81.74150436,0.0
3130,scenario_1,64.51084727,64.51084727,0.0,0.0,0.0,0.0,0.0,0.0,64.51084727,0.0
3131,scenario_1,33.36055941,61.36055941,0.0,0.0,0.0,0.0,28.0,0.0,33.36055941,0.0
3132,scenario_1,26.78228611,54.78228611,0.0,0.0,0.0,0.0,28.0,0.0,26.78228611,0.0
3133,scenario_1,80.46447021,94.09963489889999,0.0,0.0,0.0,0.0,13.635164688899991,0.0,80.46447021,0.0
3134,scenario_1,37.70899265,65.70899265,0.0,0.0,0.0,0.0,28.0,0.0,37.70899265,0.0
3135,scenario_1,16.90638287,39.131221826408684,0.0,0.0,0.0,0.0,22.22483895640868,0.0,16.906382870000005,3.552713678800501e-15
3136,scenario_1,9.546371577,9.546371577,0.0,0.0,0.0,0.0,0.0,0.0,9.546371577,0.0
3137,scenario_1,6.7593321,6.7593321,0.0,0.0,0.0,0.0,0.0,0.0,6.7593321,0.0
3138,scenario_1,9.04711145,0.8263975425000001,0.0,0.0,8.220713907499999,0.0,0.0,0.0,9.04711145,0.0
3139,scenario_1,9.418825567,0.0,0.0,0.0,9.418825567,0.0,0.0,0.0,9.418825567,0.0
3140,scenario_1,8.787126967,0.0,0.0,0.0,8.787126967,0.0,0.0,0.0,8.787126967,0.0
3141,scenario_1,8.7743427,0.0,0.0,0.0,8.7743427,0.0,0.0,0.0,8.7743427,0.0
3142,scenario_1,8.119610417,0.0,0.0,0.0,8.119610417,0.0,0.0,0.0,8.119610417,0.0
3143,scenario_1,6.178460283,0.0,0.0,0.0,6.178460283,0.0,0.0,0.0,6.178460283,0.0
3144,scenario_1,0.437203633,0.0,0.0,0.0,0.437203633,0.0,0.0,0.0,0.437203633,0.0
3145,scenario_1,0.4781689,0.0,0.0,0.0,0.4781689,0.0,0.0,0.0,0.4781689,0.0
3146,scenario_1,0.970553617,0.0,0.0,0.0,0.970553617,0.0,0.0,0.0,0.970553617,0.0
3147,scenario_1,1.403487933,0.0,0.0,0.0,1.403487933,0.0,0.0,0.0,1.403487933,0.0
3148,scenario_1,7.5772911,0.0,0.0,0.0,7.5772911,0.0,0.0,0.0,7.5772911,0.0
3149,scenario_1,8.004844483,0.0,0.0,0.0,8.004844483,0.0,0.0,0.0,8.004844483,0.0
3150,scenario_1,3.988379883,0.0,0.0,0.0,3.988379883,0.0,0.0,0.0,3.988379883,0.0
3151,scenario_1,13.46466953,2.1834167318999995,0.0,0.0,11.2812527981,0.0,0.0,0.0,13.46466953,0.0
3152,scenario_1,57.10323634,43.656895575899995,0.0,0.0,13.446340764100007,0.0,0.0,0.0,57.10323634,0.0
3153,scenario_1,68.03332338,68.03332338,0.0,0.0,0.0,0.0,0.0,0.0,68.03332338,0.0
3154,scenario_1,74.23347805,94.3093135371,0.0,0.0,0.0,0.0,20.075835487099994,0.0,74.23347805,0.0
3155,scenario_1,37.46120684,65.46120684,0.0,0.0,0.0,0.0,28.0,0.0,37.46120684,0.0
3156,scenario_1,26.30208614,27.218380167159253,0.0,0.0,0.0,0.0,0.9162940271592548,0.0,26.30208614,0.0
3157,scenario_1,59.8343226,59.8343226,0.0,0.0,0.0,0.0,0.0,0.0,59.8343226,0.0
3158,scenario_1,36.45070704,64.45070704,0.0,0.0,0.0,0.0,28.0,0.0,36.45070704,0.0
3159,scenario_1,17.25119201,45.25119201,0.0,0.0,0.0,0.0,28.0,0.0,17.251192009999997,-3.552713678800501e-15
3160,scenario_1,7.700220131,7.700220131,0.0,0.0,0.0,0.0,0.0,0.0,7.700220131,0.0
3161,scenario_1,5.075284633,5.075284633,0.0,0.0,0.0,0.0,0.0,0.0,5.075284633,0.0
3162,scenario_1,7.7144276,0.8257981504499999,0.0,0.0,6.88862944955,0.0,0.0,0.0,7.7144276,0.0
3163,scenario_1,8.6261251,0.0,0.0,0.0,8.6261251,0.0,0.0,0.0,8.6261251,0.0
3164,scenario_1,8.2156757,0.0,0.0,0.0,8.2156757,0.0,0.0,0.0,8.2156757,0.0
3165,scenario_1,8.290209717,0.0,0.0,0.0,8.290209717,0.0,0.0,0.0,8.290209717,0.0
3166,scenario_1,8.155394183,0.0,0.0,0.0,8.155394183,0.0,0.0,0.0,8.155394183,0.0
3167,scenario_1,4.412477117,0.0,0.0,0.0,4.412477117,0.0,0.0,0.0,4.412477117,0.0
3168,scenario_1,0.432985933,0.0,0.0,0.0,0.432985933,0.0,0.0,0.0,0.432985933,0.0
3169,scenario_1,0.47013515,0.0,0.0,0.0,0.47013515,0.0,0.0,0.0,0.47013515,0.0
3170,scenario_1,0.5388868,0.0,0.0,0.0,0.5388868,0.0,0.0,0.0,0.5388868,0.0
3171,scenario_1,1.297638317,0.0,0.0,0.0,1.297638317,0.0,0.0,0.0,1.297638317,0.0
3172,scenario_1,7.361356833,0.0,0.0,0.0,7.361356833,0.0,0.0,0.0,7.361356833,0.0
3173,scenario_1,7.7728258,0.0,0.0,0.0,7.7728258,0.0,0.0,0.0,7.7728258,0.0
3174,scenario_1,3.431544517,0.0,0.0,0.0,3.431544517,0.0,0.0,0.0,3.431544517,0.0
3175,scenario_1,21.33323815,2.1834978599999997,0.0,0.0,19.14974029,0.0,0.0,0.0,21.33323815,0.0
3176,scenario_1,45.52011894,47.108881769999996,0.0,0.0,0.0,0.0,1.5887628299999932,0.0,45.52011894,0.0
3177,scenario_1,64.04845584,76.9168293003,0.0,0.0,0.0,0.0,12.868373460299992,0.0,64.04845584,0.0
3178,scenario_1,97.22750988,87.11479924125,0.0,0.0,10.112710638750002,0.0,0.0,0.0,97.22750988,0.0
3179,scenario_1,46.47205758,74.47205758,0.0,0.0,0.0,0.0,28.0,0.0,46.47205758,0.0
3180,scenario_1,29.26821302,57.268213020000005,0.0,0.0,0.0,0.0,28.0,0.0,29.268213020000005,3.552713678800501e-15
3181,scenario_1,55.79733713,76.11000363748275,0.0,0.0,0.0,0.0,20.312666507482742,0.0,55.79733713,0.0
3182,scenario_1,26.66588281,54.66588281,0.0,0.0,0.0,0.0,28.0,0.0,26.66588281,0.0
3183,scenario_1,15.21504729,15.21504729,0.0,0.0,0.0,0.0,0.0,0.0,15.21504729,0.0
3184,scenario_1,10.59293642,10.59293642,0.0,0.0,0.0,0.0,0.0,0.0,10.59293642,0.0
3185,scenario_1,8.135713085,25.84585419165,0.0,0.0,0.0,0.0,17.71014110665,0.0,8.135713085000003,1.7763568394002505e-15
3186,scenario_1,8.99951395,0.8281326053999999,0.0,0.0,8.1713813446,0.0,0.0,0.0,8.99951395,0.0
3187,scenario_1,10.1559114,0.0,0.0,0.0,10.1559114,0.0,0.0,0.0,10.1559114,0.0
3188,scenario_1,9.81174215,0.0,0.0,0.0,9.81174215,0.0,0.0,0.0,9.81174215,0.0
3189,scenario_1,8.513391117,0.0,0.0,0.0,8.513391117,0.0,0.0,0.0,8.513391117,0.0
3190,scenario_1,8.109573483,0.0,0.0,0.0,8.109573483,0.0,0.0,0.0,8.109573483,0.0
3191,scenario_1,6.384859183,0.0,0.0,0.0,6.384859183,0.0,0.0,0.0,6.384859183,0.0
3192,scenario_1,0.44471985,0.0,0.0,0.0,0.44471985,0.0,0.0,0.0,0.44471985,0.0
3193,scenario_1,0.497169667,0.0,0.0,0.0,0.497169667,0.0,0.0,0.0,0.497169667,0.0
3194,scenario_1,0.497871967,0.0,0.0,0.0,0.497871967,0.0,0.0,0.0,0.497871967,0.0
3195,scenario_1,1.2396736,0.0,0.0,0.0,1.2396736,0.0,0.0,0.0,1.2396736,0.0
3196,scenario_1,7.2877436,0.0,0.0,0.0,7.2877436,0.0,0.0,0.0,7.2877436,0.0
3197,scenario_1,7.828892767,0.0,0.0,0.0,7.828892767,0.0,0.0,0.0,7.828892767,0.0
3198,scenario_1,3.640246533,0.0,0.0,0.0,3.640246533,0.0,0.0,0.0,3.640246533,0.0
3199,scenario_1,10.55464247,10.55464247,0.0,0.0,0.0,0.0,0.0,0.0,10.55464247,0.0
3200,scenario_1,60.69194374,52.858389162749994,0.0,0.0,7.8335545772500055,0.0,0.0,0.0,60.69194374,0.0
3201,scenario_1,73.49689154,68.59775894925,0.0,0.0,4.89913259075,0.0,0.0,0.0,73.49689154,0.0
3202,scenario_1,68.74752598,67.32826080315,0.0,0.0,1.4192651768500042,0.0,0.0,0.0,68.74752598,0.0
3203,scenario_1,40.28426964,67.69411299465,0.0,0.0,0.0,0.0,27.40984335465,0.0,40.28426964,0.0
3204,scenario_1,30.5189458,30.5189458,0.0,0.0,0.0,0.0,0.0,0.0,30.5189458,0.0
3205,scenario_1,63.34741614,63.34741614,0.0,0.0,0.0,0.0,0.0,0.0,63.34741614,0.0
3206,scenario_1,37.23142558,37.23142558,0.0,0.0,0.0,0.0,0.0,0.0,37.23142558,0.0
3207,scenario_1,22.43978901,50.43978901,0.0,0.0,0.0,0.0,28.0,0.0,22.43978901,0.0
3208,scenario_1,11.26667694,39.266676939999996,0.0,0.0,0.0,0.0,28.0,0.0,11.266676939999996,-3.552713678800501e-15
3209,scenario_1,5.997505133,5.997505133,0.0,0.0,0.0,0.0,0.0,0.0,5.997505133,0.0
3210,scenario_1,7.35077745,0.82904744115,0.0,0.0,6.52173000885,0.0,0.0,0.0,7.35077745,0.0
3211,scenario_1,8.844509683,0.0,0.0,0.0,8.844509683,0.0,0.0,0.0,8.844509683,0.0
3212,scenario_1,8.445245283,0.0,0.0,0.0,8.445245283,0.0,0.0,0.0,8.445245283,0.0
3213,scenario_1,8.987475767,0.0,0.0,0.0,8.987475767,0.0,0.0,0.0,8.987475767,0.0
3214,scenario_1,7.83440925,0.0,0.0,0.0,7.83440925,0.0,0.0,0.0,7.83440925,0.0
3215,scenario_1,6.036174567,0.0,0.0,0.0,6.036174567,0.0,0.0,0.0,6.036174567,0.0
3216,scenario_1,0.4428023,0.0,0.0,0.0,0.4428023,0.0,0.0,0.0,0.4428023,0.0
3217,scenario_1,0.47560165,0.0,0.0,0.0,0.47560165,0.0,0.0,0.0,0.47560165,0.0
3218,scenario_1,0.555734767,0.0,0.0,0.0,0.555734767,0.0,0.0,0.0,0.555734767,0.0
3219,scenario_1,0.915538267,0.0,0.0,0.0,0.915538267,0.0,0.0,0.0,0.915538267,0.0
3220,scenario_1,6.822972133,0.0,0.0,0.0,6.822972133,0.0,0.0,0.0,6.822972133,0.0
3221,scenario_1,7.6881401,0.0,0.0,0.0,7.6881401,0.0,0.0,0.0,7.6881401,0.0
3222,scenario_1,3.728773383,0.0,0.0,0.0,3.728773383,0.0,0.0,0.0,3.728773383,0.0
3223,scenario_1,7.9123682,26.683242753449996,0.0,0.0,0.0,0.0,18.770874553449996,0.0,7.9123681999999995,-8.881784197001252e-16
3224,scenario_1,37.00342304,37.00342304,0.0,0.0,0.0,0.0,0.0,0.0,37.00342304,0.0
3225,scenario_1,61.10836362,77.54595602445,0.0,0.0,0.0,0.0,16.437592404450008,0.0,61.10836362,0.0
3226,scenario_1,40.52569572,40.52569572,0.0,0.0,0.0,0.0,0.0,0.0,40.52569572,0.0
3227,scenario_1,6.662748068,34.662748068,0.0,0.0,0.0,0.0,28.0,0.0,6.662748067999999,-8.881784197001252e-16
3228,scenario_1,5.488542833,5.488542833,0.0,0.0,0.0,0.0,0.0,0.0,5.488542833,0.0
3229,scenario_1,50.20001148,78.20001148,0.0,0.0,0.0,0.0,28.0,0.0,50.20001148,0.0
3230,scenario_1,18.82755121,18.82755121,0.0,0.0,0.0,0.0,0.0,0.0,18.82755121,0.0
3231,scenario_1,5.589378211,5.589378211,0.0,0.0,0.0,0.0,0.0,0.0,5.589378211,0.0
3232,scenario_1,3.782124718,3.782124718,0.0,0.0,0.0,0.0,0.0,0.0,3.782124718,0.0
3233,scenario_1,5.527142117,21.523883954400002,0.0,0.0,0.0,0.0,15.996741837400002,0.0,5.527142117,0.0
3234,scenario_1,8.801845633,0.70774867665,0.0,0.0,8.094096956349999,0.0,0.0,0.0,8.801845633,0.0
3235,scenario_1,9.295026917,0.0,0.0,0.0,9.295026917,0.0,0.0,0.0,9.295026917,0.0
3236,scenario_1,8.722043267,0.0,0.0,0.0,8.722043267,0.0,0.0,0.0,8.722043267,0.0
3237,scenario_1,7.682191183,0.0,0.0,0.0,7.682191183,0.0,0.0,0.0,7.682191183,0.0
3238,scenario_1,7.76307315,0.0,0.0,0.0,7.76307315,0.0,0.0,0.0,7.76307315,0.0
3239,scenario_1,5.7408245,0.0,0.0,0.0,5.7408245,0.0,0.0,0.0,5.7408245,0.0
3240,scenario_1,0.442953233,0.0,0.0,0.0,0.442953233,0.0,0.0,0.0,0.442953233,0.0
3241,scenario_1,0.4798015,0.0,0.0,0.0,0.4798015,0.0,0.0,0.0,0.4798015,0.0
3242,scenario_1,0.492402,0.0,0.0,0.0,0.492402,0.0,0.0,0.0,0.492402,0.0
3243,scenario_1,0.792685183,0.0,0.0,0.0,0.792685183,0.0,0.0,0.0,0.792685183,0.0
3244,scenario_1,6.497037367,0.0,0.0,0.0,6.497037367,0.0,0.0,0.0,6.497037367,0.0
3245,scenario_1,7.675170483,0.0,0.0,0.0,7.675170483,0.0,0.0,0.0,7.675170483,0.0
3246,scenario_1,4.0757545,0.0,0.0,0.0,4.0757545,0.0,0.0,0.0,4.0757545,0.0
3247,scenario_1,12.78580985,12.78580985,0.0,0.0,0.0,0.0,0.0,0.0,12.78580985,0.0
3248,scenario_1,34.62408778,34.62408778,0.0,0.0,0.0,0.0,0.0,0.0,34.62408778,0.0
3249,scenario_1,26.16322807,54.16322807,0.0,0.0,0.0,0.0,28.0,0.0,26.163228070000002,3.552713678800501e-15
3250,scenario_1,28.81748126,28.81748126,0.0,0.0,0.0,0.0,0.0,0.0,28.81748126,0.0
3251,scenario_1,11.23506096,11.23506096,0.0,0.0,0.0,0.0,0.0,0.0,11.23506096,0.0
3252,scenario_1,8.376235222,36.376235222,0.0,0.0,0.0,0.0,28.0,0.0,8.376235221999998,-1.7763568394002505e-15
3253,scenario_1,52.00770409,52.00770409,0.0,0.0,0.0,0.0,0.0,0.0,52.00770409,0.0
3254,scenario_1,37.91515817,48.83398883306354,0.0,0.0,0.0,0.0,10.918830663063549,0.0,37.91515817,0.0
3255,scenario_1,4.292074563,4.292074563,0.0,0.0,0.0,0.0,0.0,0.0,4.292074563,0.0
3256,scenario_1,4.381435741,4.381435741,0.0,0.0,0.0,0.0,0.0,0.0,4.381435741,0.0
3257,scenario_1,6.140241467,22.867164185849997,0.0,0.0,0.0,0.0,16.72692271885,0.0,6.140241466999999,-8.881784197001252e-16
3258,scenario_1,8.554258117,0.82235939745,0.0,0.0,7.73189871955,0.0,0.0,0.0,8.554258117,0.0
3259,scenario_1,8.35902625,0.0,0.0,0.0,8.35902625,0.0,0.0,0.0,8.35902625,0.0
3260,scenario_1,8.76264315,0.0,0.0,0.0,8.76264315,0.0,0.0,0.0,8.76264315,0.0
3261,scenario_1,8.4448258,0.0,0.0,0.0,8.4448258,0.0,0.0,0.0,8.4448258,0.0
3262,scenario_1,7.79017365,0.0,0.0,0.0,7.79017365,0.0,0.0,0.0,7.79017365,0.0
3263,scenario_1,7.085041167,0.0,0.0,0.0,7.085041167,0.0,0.0,0.0,7.085041167,0.0
3264,scenario_1,0.434402333,0.0,0.0,0.0,0.434402333,0.0,0.0,0.0,0.434402333,0.0
3265,scenario_1,0.47328515,0.0,0.0,0.0,0.47328515,0.0,0.0,0.0,0.47328515,0.0
3266,scenario_1,0.576386783,0.0,0.0,0.0,0.576386783,0.0,0.0,0.0,0.576386783,0.0
3267,scenario_1,1.108156633,0.0,0.0,0.0,1.108156633,0.0,0.0,0.0,1.108156633,0.0
3268,scenario_1,7.035076683,0.0,0.0,0.0,7.035076683,0.0,0.0,0.0,7.035076683,0.0
3269,scenario_1,8.03199445,0.0,0.0,0.0,8.03199445,0.0,0.0,0.0,8.03199445,0.0
3270,scenario_1,4.55643195,0.0,0.0,0.0,4.55643195,0.0,0.0,0.0,4.55643195,0.0
3271,scenario_1,16.56490553,25.63363999395,0.0,0.0,0.0,0.0,9.068734463949998,0.0,16.56490553,0.0
3272,scenario_1,51.93977041,52.62930816345,0.0,0.0,0.0,0.0,0.6895377534499971,0.0,51.93977041,0.0
3273,scenario_1,69.05907742,69.05907742,0.0,0.0,0.0,0.0,0.0,0.0,69.05907742,0.0
3274,scenario_1,61.60212951,61.60212951,0.0,0.0,0.0,0.0,0.0,0.0,61.60212951,0.0
3275,scenario_1,30.7928606,30.7928606,0.0,0.0,0.0,0.0,0.0,0.0,30.7928606,0.0
3276,scenario_1,26.89954486,54.89954486,0.0,0.0,0.0,0.0,28.0,0.0,26.89954486,0.0
3277,scenario_1,74.96498568,74.96498568,0.0,0.0,0.0,0.0,0.0,0.0,74.96498568,0.0
3278,scenario_1,47.9025551,75.9025551,0.0,0.0,0.0,0.0,28.0,0.0,47.9025551,0.0
3279,scenario_1,16.46461118,37.60676207192099,0.0,0.0,0.0,0.0,21.142150891920988,0.0,16.464611180000002,3.552713678800501e-15
3280,scenario_1,8.67664825,8.67664825,0.0,0.0,0.0,0.0,0.0,0.0,8.67664825,0.0
3281,scenario_1,5.9376337,5.9376337,0.0,0.0,0.0,0.0,0.0,0.0,5.9376337,0.0
3282,scenario_1,7.239561533,0.82403146965,0.0,0.0,0.0,6.415530063349999,0.0,0.0,7.239561533,0.0
3283,scenario_1,9.038593783,0.0,0.0,0.0,6.649435632000009,2.3891581509999913,0.0,0.0,9.038593783,0.0
3284,scenario_1,8.743028183,0.0,0.0,0.0,0.0,8.743028183,0.0,0.0,8.743028183,0.0
3285,scenario_1,8.610510017,0.0,0.0,0.0,8.610510017,0.0,0.0,0.0,8.610510017,0.0
3286,scenario_1,8.285041417,0.0,0.0,0.0,8.285041417,0.0,0.0,0.0,8.285041417,0.0
3287,scenario_1,6.735526833,0.0,0.0,0.0,6.735526833,0.0,0.0,0.0,6.735526833,0.0
3288,scenario_1,0.4501529,0.0,0.0,0.0,0.4501529,0.0,0.0,0.0,0.4501529,0.0
3289,scenario_1,0.463085617,0.0,0.0,0.0,0.463085617,0.0,0.0,0.0,0.463085617,0.0
3290,scenario_1,0.514203767,0.0,0.0,0.0,0.514203767,0.0,0.0,0.0,0.514203767,0.0
3291,scenario_1,1.407873533,0.0,0.0,0.0,1.407873533,0.0,0.0,0.0,1.407873533,0.0
3292,scenario_1,7.20412445,0.0,0.0,0.0,0.0,7.20412445,0.0,0.0,7.20412445,0.0
3293,scenario_1,7.648308517,0.0,0.0,0.0,7.648308517,0.0,0.0,0.0,7.648308517,0.0
3294,scenario_1,4.035861767,0.0,0.0,0.0,4.035861767,0.0,0.0,0.0,4.035861767,0.0
3295,scenario_1,10.83058667,4.46778831555,0.0,0.0,0.0,6.362798354450001,0.0,0.0,10.83058667,0.0
3296,scenario_1,44.09844635,6.359987889299999,0.0,0.0,0.0,37.7384584607,0.0,0.0,44.09844635,0.0
3297,scenario_1,71.28929794,12.8038161552,0.0,0.0,28.0,30.485481784799997,0.0,0.0,71.28929794,0.0
3298,scenario_1,81.74301724,42.27766995885,0.0,0.0,28.0,11.465347281150002,0.0,0.0,81.74301724,0.0
3299,scenario_1,37.41280049,65.41280049,0.0,0.0,0.0,0.0,28.0,0.0,37.412800489999995,-7.105427357601002e-15
3300,scenario_1,29.08917073,57.08917073,0.0,0.0,0.0,0.0,28.0,0.0,29.08917073,0.0
3301,scenario_1,72.65693814,53.84047594095,0.0,0.0,18.816462199049994,0.0,0.0,0.0,72.65693814,0.0
3302,scenario_1,46.6546038,74.65460379999999,0.0,0.0,0.0,0.0,28.0,0.0,46.65460379999999,-7.105427357601002e-15
3303,scenario_1,16.10065639,44.10065639,0.0,0.0,0.0,0.0,28.0,0.0,16.100656389999997,-3.552713678800501e-15
3304,scenario_1,10.01809975,37.305139002450005,0.0,0.0,0.0,0.0,27.287039252450008,0.0,10.018099749999998,-1.7763568394002505e-15
3305,scenario_1,6.072081709,13.645207445099999,0.0,0.0,0.0,0.0,7.573125736099999,0.0,6.072081709,0.0
3306,scenario_1,7.92927735,0.94358512215,0.0,0.0,6.9856922278499995,0.0,0.0,0.0,7.92927735,0.0
3307,scenario_1,9.30601055,0.0,0.0,0.0,9.30601055,0.0,0.0,0.0,9.30601055,0.0
3308,scenario_1,9.537958967,0.0,0.0,0.0,9.537958967,0.0,0.0,0.0,9.537958967,0.0
3309,scenario_1,8.886474967,0.0,0.0,0.0,8.886474967,0.0,0.0,0.0,8.886474967,0.0
3310,scenario_1,7.5958075,0.0,0.0,0.0,7.5958075,0.0,0.0,0.0,7.5958075,0.0
3311,scenario_1,5.309488633,0.0,0.0,0.0,5.309488633,0.0,0.0,0.0,5.309488633,0.0
3312,scenario_1,0.430269783,0.0,0.0,0.0,0.430269783,0.0,0.0,0.0,0.430269783,0.0
3313,scenario_1,0.50847065,0.0,0.0,0.0,0.50847065,0.0,0.0,0.0,0.50847065,0.0
3314,scenario_1,0.608371867,0.0,0.0,0.0,0.608371867,0.0,0.0,0.0,0.608371867,0.0
3315,scenario_1,1.086373283,0.0,0.0,0.0,0.0,1.086373283,0.0,0.0,1.086373283,0.0
3316,scenario_1,6.96943985,0.0,0.0,0.0,0.0,6.96943985,0.0,0.0,6.96943985,0.0
3317,scenario_1,7.6098611,0.0,0.0,0.0,7.6098611,0.0,0.0,0.0,7.6098611,0.0
3318,scenario_1,4.162829583,0.0,0.0,0.0,4.162829583,0.0,0.0,0.0,4.162829583,0.0
3319,scenario_1,23.01586841,2.1830110914,0.0,0.0,20.8328573186,0.0,0.0,0.0,23.01586841,0.0
3320,scenario_1,52.82154022,17.845905511199998,0.0,0.0,18.366178295225513,16.609456413574488,0.0,0.0,52.82154022,0.0
3321,scenario_1,59.64274278,65.3261775072,0.0,0.0,0.0,0.0,5.683434727200002,0.0,59.64274278,0.0
3322,scenario_1,63.83109245,74.38928616344998,0.0,0.0,0.0,0.0,10.558193713449981,0.0,63.83109245,0.0
3323,scenario_1,31.36636896,54.67267120139999,0.0,0.0,0.0,0.0,23.306302241399994,0.0,31.36636896,0.0
3324,scenario_1,27.82214847,55.82214847,0.0,0.0,0.0,0.0,28.0,0.0,27.822148470000002,3.552713678800501e-15
3325,scenario_1,70.70429321,71.97396436619448,0.0,0.0,0.0,0.0,1.2696711561944736,0.0,70.70429321,0.0
3326,scenario_1,54.86271706,61.12215649785,0.0,0.0,0.0,0.0,6.2594394378499985,0.0,54.86271706,0.0
3327,scenario_1,19.98739056,47.98739056,0.0,0.0,0.0,0.0,28.0,0.0,19.98739056,0.0
3328,scenario_1,12.60866917,21.82172175375,0.0,0.0,0.0,0.0,9.21305258375,0.0,12.60866917,0.0
3329,scenario_1,6.3867649,18.5411154846,0.0,0.0,0.0,0.0,12.1543505846,0.0,6.386764899999999,-8.881784197001252e-16
3330,scenario_1,7.4163276,0.5898380520000001,0.0,0.0,6.826489548,0.0,0.0,0.0,7.4163276,0.0
3331,scenario_1,9.126792233,0.0,0.0,0.0,9.126792233,0.0,0.0,0.0,9.126792233,0.0
3332,scenario_1,8.740476517,0.0,0.0,0.0,8.740476517,0.0,0.0,0.0,8.740476517,0.0
3333,scenario_1,8.1035426,0.0,0.0,0.0,6.527447988449978,1.5760946115500234,0.0,0.0,8.1035426,0.0
3334,scenario_1,7.99366065,0.0,0.0,0.0,7.99366065,0.0,0.0,0.0,7.99366065,0.0
3335,scenario_1,6.704679583,0.0,0.0,0.0,6.704679583,0.0,0.0,0.0,6.704679583,0.0
3336,scenario_1,0.417588233,0.0,0.0,0.0,0.417588233,0.0,0.0,0.0,0.417588233,0.0
3337,scenario_1,0.471452783,0.0,0.0,0.0,0.471452783,0.0,0.0,0.0,0.471452783,0.0
3338,scenario_1,0.503202817,0.0,0.0,0.0,0.503202817,0.0,0.0,0.0,0.503202817,0.0
3339,scenario_1,1.081737767,0.0,0.0,0.0,1.081737767,0.0,0.0,0.0,1.081737767,0.0
3340,scenario_1,6.962505467,0.0,0.0,0.0,6.962505467,0.0,0.0,0.0,6.962505467,0.0
3341,scenario_1,6.720140783,0.0,0.0,0.0,6.720140783,0.0,0.0,0.0,6.720140783,0.0
3342,scenario_1,3.528728167,0.0,0.0,0.0,3.528728167,0.0,0.0,0.0,3.528728167,0.0
3343,scenario_1,17.96755852,10.772461056449998,0.0,0.0,7.1950974635500025,0.0,0.0,0.0,17.96755852,0.0
3344,scenario_1,54.51823601,25.266734240099996,0.0,0.0,28.0,1.2515017699000062,0.0,0.0,54.518236009999995,-7.105427357601002e-15
3345,scenario_1,62.65022829,62.65022829,0.0,0.0,0.0,0.0,0.0,0.0,62.65022829,0.0
3346,scenario_1,87.45034742,87.45034742,0.0,0.0,0.0,0.0,0.0,0.0,87.45034742,0.0
3347,scenario_1,49.58820123,49.58820123,0.0,0.0,0.0,0.0,0.0,0.0,49.58820123,0.0
3348,scenario_1,31.73060596,31.73060596,0.0,0.0,0.0,0.0,0.0,0.0,31.73060596,0.0
3349,scenario_1,64.56225611,87.50159461499999,0.0,0.0,0.0,0.0,22.93933850499998,0.0,64.56225611,0.0
3350,scenario_1,39.73362101,67.73362101000001,0.0,0.0,0.0,0.0,28.0,0.0,39.73362101000001,7.105427357601002e-15
3351,scenario_1,18.74519732,46.74519732,0.0,0.0,0.0,0.0,28.0,0.0,18.745197320000003,3.552713678800501e-15
3352,scenario_1,8.968225406,8.968225406,0.0,0.0,0.0,0.0,0.0,0.0,8.968225406,0.0
3353,scenario_1,5.192183117,23.222243864699998,0.0,0.0,0.0,0.0,18.0300607477,0.0,5.192183116999999,-8.881784197001252e-16
3354,scenario_1,6.801262817,0.9455320740000001,0.0,0.0,5.855730743,0.0,0.0,0.0,6.801262817,0.0
3355,scenario_1,9.163160633,0.0,0.0,0.0,9.163160633,0.0,0.0,0.0,9.163160633,0.0
3356,scenario_1,8.988075733,0.0,0.0,0.0,8.988075733,0.0,0.0,0.0,8.988075733,0.0
3357,scenario_1,9.326508867,0.0,0.0,0.0,9.326508867,0.0,0.0,0.0,9.326508867,0.0
3358,scenario_1,8.364592967,0.0,0.0,0.0,8.364592967,0.0,0.0,0.0,8.364592967,0.0
3359,scenario_1,5.8286421,0.0,0.0,0.0,5.8286421,0.0,0.0,0.0,5.8286421,0.0
3360,scenario_1,0.4372026,0.0,0.0,0.0,0.4372026,0.0,0.0,0.0,0.4372026,0.0
3361,scenario_1,0.48500175,0.0,0.0,0.0,0.48500175,0.0,0.0,0.0,0.48500175,0.0
3362,scenario_1,0.500403033,0.0,0.0,0.0,0.500403033,0.0,0.0,0.0,0.500403033,0.0
3363,scenario_1,1.594322417,0.0,0.0,0.0,1.594322417,0.0,0.0,0.0,1.594322417,0.0
3364,scenario_1,7.8127894,0.0,0.0,0.0,7.8127894,0.0,0.0,0.0,7.8127894,0.0
3365,scenario_1,9.509889683,0.0,0.0,0.0,9.509889683,0.0,0.0,0.0,9.509889683,0.0
3366,scenario_1,5.458327167,0.0,0.0,0.0,5.458327167,0.0,0.0,0.0,5.458327167,0.0
3367,scenario_1,20.06247453,20.6116327839,0.0,0.0,0.0,0.0,0.5491582539,0.0,20.06247453,0.0
3368,scenario_1,48.04050282,48.04050282,0.0,0.0,0.0,0.0,0.0,0.0,48.04050282,0.0
3369,scenario_1,68.48920994,74.0211786843,0.0,0.0,0.0,0.0,5.531968744300002,0.0,68.48920994,0.0
3370,scenario_1,77.32281065,77.32281065,0.0,0.0,0.0,0.0,0.0,0.0,77.32281065,0.0
3371,scenario_1,38.06730952,57.84301541885311,0.0,0.0,0.0,0.0,19.77570589885311,0.0,38.06730952,0.0
3372,scenario_1,29.30656102,57.306561020000004,0.0,0.0,0.0,0.0,28.0,0.0,29.306561020000004,3.552713678800501e-15
3373,scenario_1,60.18613751,60.18613751,0.0,0.0,0.0,0.0,0.0,0.0,60.18613751,0.0
3374,scenario_1,43.22329167,71.22329167000001,0.0,0.0,0.0,0.0,28.0,0.0,43.22329167000001,7.105427357601002e-15
3375,scenario_1,16.61708834,16.61708834,0.0,0.0,0.0,0.0,0.0,0.0,16.61708834,0.0
3376,scenario_1,10.47362235,10.47362235,0.0,0.0,0.0,0.0,0.0,0.0,10.47362235,0.0
3377,scenario_1,6.554268817,6.554268817,0.0,0.0,0.0,0.0,0.0,0.0,6.554268817,0.0
3378,scenario_1,7.286945017,0.9361219497,0.0,0.0,6.3508230673,0.0,0.0,0.0,7.286945017000001,8.881784197001252e-16
3379,scenario_1,9.933442383,0.0,0.0,0.0,9.933442383,0.0,0.0,0.0,9.933442383,0.0
3380,scenario_1,10.10489125,0.0,0.0,0.0,10.10489125,0.0,0.0,0.0,10.10489125,0.0
3381,scenario_1,8.86612795,0.0,0.0,0.0,8.86612795,0.0,0.0,0.0,8.86612795,0.0
3382,scenario_1,8.067292633,0.0,0.0,0.0,8.067292633,0.0,0.0,0.0,8.067292633,0.0
3383,scenario_1,7.005011083,0.0,0.0,0.0,7.005011083,0.0,0.0,0.0,7.005011083,0.0
3384,scenario_1,0.459852417,0.0,0.0,0.0,0.459852417,0.0,0.0,0.0,0.459852417,0.0
3385,scenario_1,0.513968383,0.0,0.0,0.0,0.513968383,0.0,0.0,0.0,0.513968383,0.0
3386,scenario_1,0.54173565,0.0,0.0,0.0,0.54173565,0.0,0.0,0.0,0.54173565,0.0
3387,scenario_1,1.412270333,0.0,0.0,0.0,1.412270333,0.0,0.0,0.0,1.412270333,0.0
3388,scenario_1,7.428238333,0.0,0.0,0.0,7.428238333,0.0,0.0,0.0,7.428238333,0.0
3389,scenario_1,7.494958633,0.0,0.0,0.0,7.494958633,0.0,0.0,0.0,7.494958633,0.0
3390,scenario_1,3.345988833,0.0,0.0,0.0,3.345988833,0.0,0.0,0.0,3.345988833,0.0
3391,scenario_1,10.71916116,16.88688521655,0.0,0.0,0.0,0.0,6.167724056549998,0.0,10.71916116,0.0
3392,scenario_1,19.58696156,19.58696156,0.0,0.0,0.0,0.0,0.0,0.0,19.58696156,0.0
3393,scenario_1,61.46873329,61.46873329,0.0,0.0,0.0,0.0,0.0,0.0,61.46873329,0.0
3394,scenario_1,47.12366215,47.12366215,0.0,0.0,0.0,0.0,0.0,0.0,47.12366215,0.0
3395,scenario_1,20.9167744,48.9167744,0.0,0.0,0.0,0.0,28.0,0.0,20.9167744,0.0
3396,scenario_1,10.36720053,10.36720053,0.0,0.0,0.0,0.0,0.0,0.0,10.36720053,0.0
3397,scenario_1,33.40623011,61.40623011,0.0,0.0,0.0,0.0,28.0,0.0,33.40623011,0.0
3398,scenario_1,17.3255838,45.325583800000004,0.0,0.0,0.0,0.0,28.0,0.0,17.325583800000004,3.552713678800501e-15
3399,scenario_1,4.12674399,32.12674399,0.0,0.0,0.0,0.0,28.0,0.0,4.126743990000001,1.7763568394002505e-15
3400,scenario_1,3.888481554,3.888481554,0.0,0.0,0.0,0.0,0.0,0.0,3.888481554,0.0
3401,scenario_1,5.120279067,11.396999454894463,0.0,0.0,0.0,0.0,6.2767203878944615,0.0,5.120279067000001,8.881784197001252e-16
3402,scenario_1,8.642942933,0.58636780365,0.0,0.0,8.056575129350001,0.0,0.0,0.0,8.642942933,0.0
3403,scenario_1,9.234193967,0.0,0.0,0.0,9.234193967,0.0,0.0,0.0,9.234193967,0.0
3404,scenario_1,8.42585785,0.0,0.0,0.0,8.42585785,0.0,0.0,0.0,8.42585785,0.0
3405,scenario_1,8.25467395,0.0,0.0,0.0,8.25467395,0.0,0.0,0.0,8.25467395,0.0
3406,scenario_1,7.7776912,0.0,0.0,0.0,7.7776912,0.0,0.0,0.0,7.7776912,0.0
3407,scenario_1,6.199608183,0.0,0.0,0.0,6.199608183,0.0,0.0,0.0,6.199608183,0.0
3408,scenario_1,0.4354026,0.0,0.0,0.0,0.4354026,0.0,0.0,0.0,0.4354026,0.0
3409,scenario_1,0.475201117,0.0,0.0,0.0,0.475201117,0.0,0.0,0.0,0.475201117,0.0
3410,scenario_1,0.462936017,0.0,0.0,0.0,0.462936017,0.0,0.0,0.0,0.462936017,0.0
3411,scenario_1,1.581770133,0.0,0.0,0.0,1.581770133,0.0,0.0,0.0,1.581770133,0.0
3412,scenario_1,7.1561032,0.0,0.0,0.0,7.1561032,0.0,0.0,0.0,7.1561032,0.0
3413,scenario_1,7.5216711,0.0,0.0,0.0,7.5216711,0.0,0.0,0.0,7.5216711,0.0
3414,scenario_1,2.918689417,0.0,0.0,0.0,2.918689417,0.0,0.0,0.0,2.918689417,0.0
3415,scenario_1,3.683440333,19.87871772945,0.0,0.0,0.0,0.0,16.19527739645,0.0,3.683440333,0.0
3416,scenario_1,35.01726683,16.842854349599996,0.0,0.0,18.1744124804,0.0,0.0,0.0,35.01726683,0.0
3417,scenario_1,59.81606244,59.81606244,0.0,0.0,0.0,0.0,0.0,0.0,59.81606244,0.0
3418,scenario_1,38.99941125,38.99941125,0.0,0.0,0.0,0.0,0.0,0.0,38.99941125,0.0
3419,scenario_1,13.33684252,13.33684252,0.0,0.0,0.0,0.0,0.0,0.0,13.33684252,0.0
3420,scenario_1,6.755632839,6.755632839,0.0,0.0,0.0,0.0,0.0,0.0,6.755632839,0.0
3421,scenario_1,39.83348687,67.83348687,0.0,0.0,0.0,0.0,28.0,0.0,39.83348687,0.0
3422,scenario_1,22.66027134,22.66027134,0.0,0.0,0.0,0.0,0.0,0.0,22.66027134,0.0
3423,scenario_1,4.471624783,32.471624783,0.0,0.0,0.0,0.0,28.0,0.0,4.471624783000003,2.6645352591003757e-15
3424,scenario_1,4.215486021,16.367147457208027,0.0,0.0,0.0,0.0,12.151661436208027,0.0,4.215486021,0.0
3425,scenario_1,5.2373772,27.896347433699997,0.0,0.0,0.0,0.0,22.658970233699996,0.0,5.237377200000001,8.881784197001252e-16
3426,scenario_1,6.582991633,1.1789300196,0.0,0.0,3.7238894159999885,1.6801721974000112,0.0,0.0,6.582991633000001,8.881784197001252e-16
3427,scenario_1,8.223958883,0.0,0.0,0.0,0.0,8.223958883,0.0,0.0,8.223958883,0.0
3428,scenario_1,8.029940067,0.0,0.0,0.0,0.0,8.029940067,0.0,0.0,8.029940067,0.0
3429,scenario_1,7.739307483,0.0,0.0,0.0,0.0,7.739307483,0.0,0.0,7.739307483,0.0
3430,scenario_1,7.47537465,0.0,0.0,0.0,0.0,7.47537465,0.0,0.0,7.47537465,0.0
3431,scenario_1,6.575041667,0.0,0.0,0.0,0.0,6.575041667,0.0,0.0,6.575041667,0.0
3432,scenario_1,0.4359541,0.0,0.0,0.0,0.0,0.4359541,0.0,0.0,0.4359541,0.0
3433,scenario_1,0.491536267,0.0,0.0,0.0,0.0,0.491536267,0.0,0.0,0.491536267,0.0
3434,scenario_1,0.47672125,0.0,0.0,0.0,0.47672125,0.0,0.0,0.0,0.47672125,0.0
3435,scenario_1,1.215388,0.0,0.0,0.0,1.215388,0.0,0.0,0.0,1.215388,0.0
3436,scenario_1,6.943673067,0.0,0.0,0.0,6.943673067,0.0,0.0,0.0,6.943673067,0.0
3437,scenario_1,7.346808283,0.0,0.0,0.0,0.0,7.346808283,0.0,0.0,7.346808283,0.0
3438,scenario_1,4.440328267,0.0,0.0,0.0,4.440328267,0.0,0.0,0.0,4.440328267,0.0
3439,scenario_1,18.4333924,3.7599965013,0.0,0.0,0.0,14.673395898699999,0.0,0.0,18.4333924,0.0
3440,scenario_1,63.64032079,4.5890349963,0.0,0.0,28.0,31.051285793699996,0.0,0.0,63.64032079,0.0
3441,scenario_1,67.5289371,6.954620219850001,0.0,0.0,28.0,32.57431688014999,0.0,0.0,67.5289371,0.0
3442,scenario_1,77.40169574,10.80677481135,0.0,0.0,28.0,38.59492092865,0.0,0.0,77.40169574,0.0
3443,scenario_1,44.22088895,13.21068423855,0.0,0.0,0.0,31.01020471145,0.0,0.0,44.22088895,0.0
3444,scenario_1,31.55049196,21.757982518349998,0.0,0.0,0.0,9.792509441650001,0.0,0.0,31.55049196,0.0
3445,scenario_1,54.88320186,46.64017789785,0.0,0.0,0.0,8.243023962149998,0.0,0.0,54.88320186,0.0
3446,scenario_1,37.43663226,54.863805696149996,0.0,0.0,0.0,0.0,17.427173436149992,0.0,37.43663226,0.0
3447,scenario_1,16.70223506,14.29187916255,0.0,0.0,2.4103558974499997,0.0,0.0,0.0,16.70223506,0.0
3448,scenario_1,10.71061147,31.7879971941,0.0,0.0,0.0,0.0,21.0773857241,0.0,10.71061147,0.0
3449,scenario_1,6.556072112,28.838616368849998,0.0,0.0,0.0,0.0,22.28254425685,0.0,6.556072111999999,-8.881784197001252e-16
3450,scenario_1,8.985393567,1.3090800803999998,0.0,0.0,7.6763134866,0.0,0.0,0.0,8.985393567,0.0
3451,scenario_1,9.044095517,0.0,0.0,0.0,9.044095517,0.0,0.0,0.0,9.044095517,0.0
3452,scenario_1,8.8592926,0.0,0.0,0.0,8.8592926,0.0,0.0,0.0,8.8592926,0.0
3453,scenario_1,8.179026433,0.0,0.0,0.0,0.0,8.179026433,0.0,0.0,8.179026433,0.0
3454,scenario_1,7.699591467,0.0,0.0,0.0,0.0,7.699591467,0.0,0.0,7.699591467,0.0
3455,scenario_1,4.986609267,0.0,0.0,0.0,4.986609267,0.0,0.0,0.0,4.986609267,0.0
3456,scenario_1,0.451337067,0.0,0.0,0.0,0.451337067,0.0,0.0,0.0,0.451337067,0.0
3457,scenario_1,0.498570783,0.0,0.0,0.0,0.0,0.498570783,0.0,0.0,0.498570783,0.0
3458,scenario_1,0.581005933,0.0,0.0,0.0,0.0,0.581005933,0.0,0.0,0.581005933,0.0
3459,scenario_1,1.186523733,0.0,0.0,0.0,0.0,1.186523733,0.0,0.0,1.186523733,0.0
3460,scenario_1,7.307641183,0.0,0.0,0.0,7.307641183,0.0,0.0,0.0,7.307641183,0.0
3461,scenario_1,7.888161617,0.0,0.0,0.0,0.0,7.888161617,0.0,0.0,7.888161617,0.0
3462,scenario_1,3.6095297,0.0,0.0,0.0,0.0,3.6095297,0.0,0.0,3.6095297,0.0
3463,scenario_1,10.2259225,14.0310262179,0.0,0.0,0.0,0.0,3.8051037179,0.0,10.2259225,0.0
3464,scenario_1,61.07253121,36.3953183661,0.0,0.0,11.584042761300006,13.093170082599997,0.0,0.0,61.07253121,0.0
3465,scenario_1,61.12929405,66.33886244684999,0.0,0.0,0.0,0.0,5.209568396849988,0.0,61.12929405,0.0
3466,scenario_1,71.06360625,67.64924792984999,0.0,0.0,0.0,3.414358320150015,0.0,0.0,71.06360625,0.0
3467,scenario_1,38.2380628,56.6307192186,0.0,0.0,0.0,0.0,18.392656418599998,0.0,38.2380628,0.0
3468,scenario_1,27.62005625,55.620056250000005,0.0,0.0,0.0,0.0,28.0,0.0,27.620056250000005,3.552713678800501e-15
3469,scenario_1,66.59086961,59.852338128599996,0.0,0.0,6.738531481400003,0.0,0.0,0.0,66.59086961,0.0
3470,scenario_1,30.21351286,37.56560334104999,0.0,0.0,0.0,0.0,7.352090481049991,0.0,30.21351286,0.0
3471,scenario_1,17.68196269,41.16538924694999,0.0,0.0,0.0,0.0,23.483426556949993,0.0,17.68196269,0.0
3472,scenario_1,10.46014111,25.72281987405,0.0,0.0,0.0,0.0,15.26267876405,0.0,10.46014111,0.0
3473,scenario_1,5.0522503,20.1763310172,0.0,0.0,0.0,0.0,15.124080717199998,0.0,5.052250300000001,8.881784197001252e-16
3474,scenario_1,7.058463767,1.0709180035499999,0.0,0.0,5.98754576345,0.0,0.0,0.0,7.058463767,0.0
3475,scenario_1,9.129545917,0.0,0.0,0.0,9.129545917,0.0,0.0,0.0,9.129545917,0.0
3476,scenario_1,8.453261483,0.0,0.0,0.0,8.453261483,0.0,0.0,0.0,8.453261483,0.0
3477,scenario_1,7.756546633,0.0,0.0,0.0,0.0,7.756546633,0.0,0.0,7.756546633,0.0
3478,scenario_1,7.39454505,0.0,0.0,0.0,0.0,7.39454505,0.0,0.0,7.39454505,0.0
3479,scenario_1,6.125996417,0.0,0.0,0.0,0.0,6.125996417,0.0,0.0,6.125996417,0.0
3480,scenario_1,0.432603933,0.0,0.0,0.0,0.432603933,0.0,0.0,0.0,0.432603933,0.0
3481,scenario_1,0.481385767,0.0,0.0,0.0,0.481385767,0.0,0.0,0.0,0.481385767,0.0
3482,scenario_1,0.498486733,0.0,0.0,0.0,0.0,0.498486733,0.0,0.0,0.498486733,0.0
3483,scenario_1,1.5229531,0.0,0.0,0.0,0.0,1.5229531,0.0,0.0,1.5229531,0.0
3484,scenario_1,7.459454683,0.0,0.0,0.0,7.459454683,0.0,0.0,0.0,7.459454683,0.0
3485,scenario_1,7.614559467,0.0,0.0,0.0,7.614559467,0.0,0.0,0.0,7.614559467,0.0
3486,scenario_1,4.81449725,0.0,0.0,0.0,4.81449725,0.0,0.0,0.0,4.81449725,0.0
3487,scenario_1,22.25414388,6.773411539799999,0.0,0.0,15.480732340200003,0.0,0.0,0.0,22.25414388,0.0
3488,scenario_1,58.01969489,33.05691138944999,0.0,0.0,14.322320115856964,10.640463384693039,0.0,0.0,58.01969489,0.0
3489,scenario_1,83.92639697,73.4529890898,0.0,0.0,10.4734078802,0.0,0.0,0.0,83.92639697,0.0
3490,scenario_1,53.55716935,53.55716935,0.0,0.0,0.0,0.0,0.0,0.0,53.55716935,0.0
3491,scenario_1,34.49781909,34.49781909,0.0,0.0,0.0,0.0,0.0,0.0,34.49781909,0.0
3492,scenario_1,33.82029108,33.82029108,0.0,0.0,0.0,0.0,0.0,0.0,33.82029108,0.0
3493,scenario_1,77.38714008,99.86697503235,0.0,0.0,0.0,0.0,22.479834952350004,0.0,77.38714008,0.0
3494,scenario_1,38.58039757,66.58039757,0.0,0.0,0.0,0.0,28.0,0.0,38.58039757,0.0
3495,scenario_1,18.70342364,18.70342364,0.0,0.0,0.0,0.0,0.0,0.0,18.70342364,0.0
3496,scenario_1,11.10429865,39.104298650000004,0.0,0.0,0.0,0.0,28.0,0.0,11.104298650000004,3.552713678800501e-15
3497,scenario_1,6.542779136,18.919669738499998,0.0,0.0,0.0,0.0,12.376890602499998,0.0,6.542779136,0.0
3498,scenario_1,7.323297133,0.9486335694,0.0,0.0,6.3746635635999995,0.0,0.0,0.0,7.323297133,0.0
3499,scenario_1,9.003727217,0.0,0.0,0.0,9.003727217,0.0,0.0,0.0,9.003727217,0.0
3500,scenario_1,8.203094317,0.0,0.0,0.0,8.203094317,0.0,0.0,0.0,8.203094317,0.0
3501,scenario_1,8.453242167,0.0,0.0,0.0,8.453242167,0.0,0.0,0.0,8.453242167,0.0
3502,scenario_1,8.0314916,0.0,0.0,0.0,8.0314916,0.0,0.0,0.0,8.0314916,0.0
3503,scenario_1,5.394193167,0.0,0.0,0.0,5.394193167,0.0,0.0,0.0,5.394193167,0.0
3504,scenario_1,0.438803967,0.0,0.0,0.0,0.438803967,0.0,0.0,0.0,0.438803967,0.0
3505,scenario_1,0.492202833,0.0,0.0,0.0,0.492202833,0.0,0.0,0.0,0.492202833,0.0
3506,scenario_1,0.553536017,0.0,0.0,0.0,0.553536017,0.0,0.0,0.0,0.553536017,0.0
3507,scenario_1,1.710837417,0.0,0.0,0.0,1.710837417,0.0,0.0,0.0,1.710837417,0.0
3508,scenario_1,7.026658317,0.0,0.0,0.0,7.026658317,0.0,0.0,0.0,7.026658317,0.0
3509,scenario_1,7.837409383,0.0,0.0,0.0,7.837409383,0.0,0.0,0.0,7.837409383,0.0
3510,scenario_1,3.868079183,0.0,0.0,0.0,3.868079183,0.0,0.0,0.0,3.868079183,0.0
3511,scenario_1,17.40472088,17.40472088,0.0,0.0,0.0,0.0,0.0,0.0,17.40472088,0.0
3512,scenario_1,54.34807713,51.33714807134999,0.0,0.0,3.0109290586500066,0.0,0.0,0.0,54.34807713,0.0
3513,scenario_1,73.41533108,73.41533108,0.0,0.0,0.0,0.0,0.0,0.0,73.41533108,0.0
3514,scenario_1,51.15577799,51.15577799,0.0,0.0,0.0,0.0,0.0,0.0,51.15577799,0.0
3515,scenario_1,36.70360382,64.70360382,0.0,0.0,0.0,0.0,28.0,0.0,36.70360382,0.0
3516,scenario_1,28.50434975,56.50434975,0.0,0.0,0.0,0.0,28.0,0.0,28.504349750000003,3.552713678800501e-15
3517,scenario_1,81.63540984,98.2478161233,0.0,0.0,0.0,0.0,16.612406283300004,0.0,81.63540984,0.0
3518,scenario_1,42.66165856,42.66165856,0.0,0.0,0.0,0.0,0.0,0.0,42.66165856,0.0
3519,scenario_1,16.67959352,24.862036174858055,0.0,0.0,0.0,0.0,8.182442654858054,0.0,16.67959352,0.0
3520,scenario_1,10.40203128,38.40203128,0.0,0.0,0.0,0.0,28.0,0.0,10.402031280000003,3.552713678800501e-15
3521,scenario_1,6.9748535,18.679906423349998,0.0,0.0,0.0,0.0,11.705052923349998,0.0,6.9748535,0.0
3522,scenario_1,7.22489575,1.0617902344499999,0.0,0.0,6.16310551555,0.0,0.0,0.0,7.22489575,0.0
3523,scenario_1,9.1859788,0.0,0.0,0.0,9.1859788,0.0,0.0,0.0,9.1859788,0.0
3524,scenario_1,8.298263633,0.0,0.0,0.0,8.298263633,0.0,0.0,0.0,8.298263633,0.0
3525,scenario_1,7.8259608,0.0,0.0,0.0,7.8259608,0.0,0.0,0.0,7.8259608,0.0
3526,scenario_1,8.096589083,0.0,0.0,0.0,8.096589083,0.0,0.0,0.0,8.096589083,0.0
3527,scenario_1,5.6640247,0.0,0.0,0.0,5.6640247,0.0,0.0,0.0,5.6640247,0.0
3528,scenario_1,0.436970783,0.0,0.0,0.0,0.436970783,0.0,0.0,0.0,0.436970783,0.0
3529,scenario_1,0.500435917,0.0,0.0,0.0,0.500435917,0.0,0.0,0.0,0.500435917,0.0
3530,scenario_1,0.51781915,0.0,0.0,0.0,0.51781915,0.0,0.0,0.0,0.51781915,0.0
3531,scenario_1,1.203336383,0.0,0.0,0.0,1.203336383,0.0,0.0,0.0,1.203336383,0.0
3532,scenario_1,7.125937583,0.0,0.0,0.0,7.125937583,0.0,0.0,0.0,7.125937583,0.0
3533,scenario_1,8.487524533,0.0,0.0,0.0,8.487524533,0.0,0.0,0.0,8.487524533,0.0
3534,scenario_1,3.882560767,0.0,0.0,0.0,3.882560767,0.0,0.0,0.0,3.882560767,0.0
3535,scenario_1,11.68429562,11.68429562,0.0,0.0,0.0,0.0,0.0,0.0,11.68429562,0.0
3536,scenario_1,59.53543196,44.428988272199994,0.0,0.0,15.106443687800002,0.0,0.0,0.0,59.53543196,0.0
3537,scenario_1,79.20708413,64.04643528404999,0.0,0.0,15.160648845950007,0.0,0.0,0.0,79.20708413,0.0
3538,scenario_1,58.63830546,74.34613777905,0.0,0.0,0.0,0.0,15.707832319049999,0.0,58.63830546,0.0
3539,scenario_1,29.00011346,57.00011346,0.0,0.0,0.0,0.0,28.0,0.0,29.00011346,0.0
3540,scenario_1,31.31290235,31.31290235,0.0,0.0,0.0,0.0,0.0,0.0,31.31290235,0.0
3541,scenario_1,74.40914453,74.47664985255,0.0,0.0,0.0,0.0,0.06750532254999086,0.0,74.40914453,0.0
3542,scenario_1,47.32911326,47.32911326,0.0,0.0,0.0,0.0,0.0,0.0,47.32911326,0.0
3543,scenario_1,16.00078215,42.45410004675,0.0,0.0,0.0,0.0,26.45331789675,0.0,16.00078215,0.0
3544,scenario_1,10.09189238,10.09189238,0.0,0.0,0.0,0.0,0.0,0.0,10.09189238,0.0
3545,scenario_1,8.431258966,20.091606321324743,0.0,0.0,0.0,0.0,11.660347355324742,0.0,8.431258966000001,1.7763568394002505e-15
3546,scenario_1,9.087029,1.0605731903999998,0.0,0.0,8.0264558096,0.0,0.0,0.0,9.087029,0.0
3547,scenario_1,8.9675449,0.0,0.0,0.0,8.9675449,0.0,0.0,0.0,8.9675449,0.0
3548,scenario_1,8.702746083,0.0,0.0,0.0,8.702746083,0.0,0.0,0.0,8.702746083,0.0
3549,scenario_1,8.169694383,0.0,0.0,0.0,8.169694383,0.0,0.0,0.0,8.169694383,0.0
3550,scenario_1,8.1353088,0.0,0.0,0.0,8.1353088,0.0,0.0,0.0,8.1353088,0.0
3551,scenario_1,5.319741233,0.0,0.0,0.0,5.319741233,0.0,0.0,0.0,5.319741233,0.0
3552,scenario_1,0.4293198,0.0,0.0,0.0,0.4293198,0.0,0.0,0.0,0.4293198,0.0
3553,scenario_1,0.4599018,0.0,0.0,0.0,0.4599018,0.0,0.0,0.0,0.4599018,0.0
3554,scenario_1,0.497285267,0.0,0.0,0.0,0.497285267,0.0,0.0,0.0,0.497285267,0.0
3555,scenario_1,1.256253083,0.0,0.0,0.0,1.256253083,0.0,0.0,0.0,1.256253083,0.0
3556,scenario_1,6.9754885,0.0,0.0,0.0,6.9754885,0.0,0.0,0.0,6.9754885,0.0
3557,scenario_1,7.01775605,0.0,0.0,0.0,7.01775605,0.0,0.0,0.0,7.01775605,0.0
3558,scenario_1,2.846224817,0.0,0.0,0.0,2.846224817,0.0,0.0,0.0,2.846224817,0.0
3559,scenario_1,3.873975183,10.15769118735,0.0,0.0,0.0,0.0,6.2837160043499996,0.0,3.8739751830000007,4.440892098500626e-16
3560,scenario_1,25.6873782,17.926796599499998,0.0,0.0,7.760581600500004,0.0,0.0,0.0,25.6873782,0.0
3561,scenario_1,53.4197328,53.4197328,0.0,0.0,0.0,0.0,0.0,0.0,53.4197328,0.0
3562,scenario_1,41.87120611,45.18081168402036,0.0,0.0,0.0,0.0,3.3096055740203627,0.0,41.87120611,0.0
3563,scenario_1,15.80891449,43.80891449,0.0,0.0,0.0,0.0,28.0,0.0,15.80891449,0.0
3564,scenario_1,14.23816676,42.23816676,0.0,0.0,0.0,0.0,28.0,0.0,14.238166759999999,-1.7763568394002505e-15
3565,scenario_1,47.77045463,75.77045463,0.0,0.0,0.0,0.0,28.0,0.0,47.77045463,0.0
3566,scenario_1,15.71759008,15.71759008,0.0,0.0,0.0,0.0,0.0,0.0,15.71759008,0.0
3567,scenario_1,4.235999338,4.235999338,0.0,0.0,0.0,0.0,0.0,0.0,4.235999338,0.0
3568,scenario_1,4.969377696,4.969377696,0.0,0.0,0.0,0.0,0.0,0.0,4.969377696,0.0
3569,scenario_1,4.725673367,21.670506696,0.0,0.0,0.0,0.0,16.944833329,0.0,4.725673366999999,-8.881784197001252e-16
3570,scenario_1,7.594656367,0.7072889916,0.0,0.0,6.8873673754,0.0,0.0,0.0,7.594656367000001,8.881784197001252e-16
3571,scenario_1,7.650257883,0.0,0.0,0.0,7.650257883,0.0,0.0,0.0,7.650257883,0.0
3572,scenario_1,8.23745715,0.0,0.0,0.0,8.23745715,0.0,0.0,0.0,8.23745715,0.0
3573,scenario_1,8.38635795,0.0,0.0,0.0,8.38635795,0.0,0.0,0.0,8.38635795,0.0
3574,scenario_1,7.935923083,0.0,0.0,0.0,7.935923083,0.0,0.0,0.0,7.935923083,0.0
3575,scenario_1,5.138955717,0.0,0.0,0.0,5.138955717,0.0,0.0,0.0,5.138955717,0.0
3576,scenario_1,0.434469533,0.0,0.0,0.0,0.434469533,0.0,0.0,0.0,0.434469533,0.0
3577,scenario_1,0.48660125,0.0,0.0,0.0,0.48660125,0.0,0.0,0.0,0.48660125,0.0
3578,scenario_1,0.5402016,0.0,0.0,0.0,0.5402016,0.0,0.0,0.0,0.5402016,0.0
3579,scenario_1,1.467787617,0.0,0.0,0.0,1.467787617,0.0,0.0,0.0,1.467787617,0.0
3580,scenario_1,6.9660895,0.0,0.0,0.0,6.9660895,0.0,0.0,0.0,6.9660895,0.0
3581,scenario_1,7.323027083,0.0,0.0,0.0,7.323027083,0.0,0.0,0.0,7.323027083,0.0
3582,scenario_1,2.967843567,0.0,0.0,0.0,2.967843567,0.0,0.0,0.0,2.967843567,0.0
3583,scenario_1,8.990847214,12.98882143425,0.0,0.0,0.0,0.0,3.997974220249999,0.0,8.990847214,0.0
3584,scenario_1,20.40022374,41.9218968921,0.0,0.0,0.0,0.0,21.5216731521,0.0,20.40022374,0.0
3585,scenario_1,33.27273434,20.57806376535,0.0,0.0,12.69467057465,0.0,0.0,0.0,33.27273434,0.0
3586,scenario_1,63.89516933,30.154901531399997,0.0,0.0,28.0,5.740267798600005,0.0,0.0,63.89516933,0.0
3587,scenario_1,17.85944286,45.85944286,0.0,0.0,0.0,0.0,28.0,0.0,17.85944286,0.0
3588,scenario_1,8.600474789,29.793803968044458,0.0,0.0,0.0,0.0,21.193329179044454,0.0,8.600474789000003,3.552713678800501e-15
3589,scenario_1,47.29087598,47.29087598,0.0,0.0,0.0,0.0,0.0,0.0,47.29087598,0.0
3590,scenario_1,24.47986729,24.47986729,0.0,0.0,0.0,0.0,0.0,0.0,24.47986729,0.0
3591,scenario_1,4.33999341,32.33999341,0.0,0.0,0.0,0.0,28.0,0.0,4.339993409999998,-1.7763568394002505e-15
3592,scenario_1,3.930659036,31.930659036,0.0,0.0,0.0,0.0,28.0,0.0,3.9306590360000015,1.3322676295501878e-15
3593,scenario_1,5.348773689,24.599888954399997,0.0,0.0,0.0,0.0,19.251115265399996,0.0,5.3487736890000015,1.7763568394002505e-15
3594,scenario_1,8.124059867,1.0619930546999998,0.0,0.0,7.062066812299999,0.0,0.0,0.0,8.124059867,0.0
3595,scenario_1,8.864724633,0.0,0.0,0.0,8.864724633,0.0,0.0,0.0,8.864724633,0.0
3596,scenario_1,7.919942117,0.0,0.0,0.0,7.919942117,0.0,0.0,0.0,7.919942117,0.0
3597,scenario_1,7.865008183,0.0,0.0,0.0,7.865008183,0.0,0.0,0.0,7.865008183,0.0
3598,scenario_1,7.682890067,0.0,0.0,0.0,7.682890067,0.0,0.0,0.0,7.682890067,0.0
3599,scenario_1,6.054672333,0.0,0.0,0.0,6.054672333,0.0,0.0,0.0,6.054672333,0.0
3600,scenario_1,0.438403533,0.0,0.0,0.0,0.438403533,0.0,0.0,0.0,0.438403533,0.0
3601,scenario_1,0.458003633,0.0,0.0,0.0,0.458003633,0.0,0.0,0.0,0.458003633,0.0
3602,scenario_1,0.463254267,0.0,0.0,0.0,0.463254267,0.0,0.0,0.0,0.463254267,0.0
3603,scenario_1,0.9251707,0.0,0.0,0.0,0.9251707,0.0,0.0,0.0,0.9251707,0.0
3604,scenario_1,6.888954083,0.0,0.0,0.0,6.888954083,0.0,0.0,0.0,6.888954083,0.0
3605,scenario_1,7.853004183,0.0,0.0,0.0,7.853004183,0.0,0.0,0.0,7.853004183,0.0
3606,scenario_1,3.43142855,0.0,0.0,0.0,3.43142855,0.0,0.0,0.0,3.43142855,0.0
3607,scenario_1,12.44015995,17.312492429748737,0.0,0.0,0.0,0.0,4.872332479748738,0.0,12.440159949999998,-1.7763568394002505e-15
3608,scenario_1,48.69188193,51.772814424299995,0.0,0.0,0.0,0.0,3.0809324942999936,0.0,48.69188193,0.0
3609,scenario_1,70.59131071,70.59131071,0.0,0.0,0.0,0.0,0.0,0.0,70.59131071,0.0
3610,scenario_1,75.80486137,93.21890885805,0.0,0.0,0.0,0.0,17.414047488050002,0.0,75.80486137,0.0
3611,scenario_1,47.11832213,75.11832213,0.0,0.0,0.0,0.0,28.0,0.0,47.118322129999996,-7.105427357601002e-15
3612,scenario_1,32.13593998,32.13593998,0.0,0.0,0.0,0.0,0.0,0.0,32.13593998,0.0
3613,scenario_1,48.75215527,76.75215527,0.0,0.0,0.0,0.0,28.0,0.0,48.75215527,0.0
3614,scenario_1,43.97430847,43.97430847,0.0,0.0,0.0,0.0,0.0,0.0,43.97430847,0.0
3615,scenario_1,23.4626109,23.4626109,0.0,0.0,0.0,0.0,0.0,0.0,23.4626109,0.0
3616,scenario_1,12.92282306,12.92282306,0.0,0.0,0.0,0.0,0.0,0.0,12.92282306,0.0
3617,scenario_1,7.088998034,7.088998034,0.0,0.0,0.0,0.0,0.0,0.0,7.088998034,0.0
3618,scenario_1,7.817226633,1.2945694251,0.0,0.0,6.5226572079,0.0,0.0,0.0,7.817226633,0.0
3619,scenario_1,9.981275183,0.0,0.0,0.0,9.981275183,0.0,0.0,0.0,9.981275183,0.0
3620,scenario_1,9.2764923,0.0,0.0,0.0,9.2764923,0.0,0.0,0.0,9.2764923,0.0
3621,scenario_1,9.512140833,0.0,0.0,0.0,9.512140833,0.0,0.0,0.0,9.512140833,0.0
3622,scenario_1,8.72960785,0.0,0.0,0.0,8.72960785,0.0,0.0,0.0,8.72960785,0.0
3623,scenario_1,5.86845905,0.0,0.0,0.0,5.86845905,0.0,0.0,0.0,5.86845905,0.0
3624,scenario_1,0.4400695,0.0,0.0,0.0,0.4400695,0.0,0.0,0.0,0.4400695,0.0
3625,scenario_1,0.480051817,0.0,0.0,0.0,0.480051817,0.0,0.0,0.0,0.480051817,0.0
3626,scenario_1,0.497369917,0.0,0.0,0.0,0.497369917,0.0,0.0,0.0,0.497369917,0.0
3627,scenario_1,1.316755933,0.0,0.0,0.0,1.316755933,0.0,0.0,0.0,1.316755933,0.0
3628,scenario_1,7.02834155,0.0,0.0,0.0,7.02834155,0.0,0.0,0.0,7.02834155,0.0
3629,scenario_1,8.7063412,0.0,0.0,0.0,8.7063412,0.0,0.0,0.0,8.7063412,0.0
3630,scenario_1,5.463395283,0.0,0.0,0.0,5.463395283,0.0,0.0,0.0,5.463395283,0.0
3631,scenario_1,14.83402568,24.304162323899998,0.0,0.0,0.0,0.0,9.470136643899998,0.0,14.83402568,0.0
3632,scenario_1,44.52724962,42.96452030654999,0.0,0.0,1.5627293134500064,0.0,0.0,0.0,44.52724962,0.0
3633,scenario_1,78.05164074,67.8808217187,0.0,0.0,10.170819021299991,0.0,0.0,0.0,78.05164074,0.0
3634,scenario_1,77.72391432,59.04388411199999,0.0,0.0,18.680030208000012,0.0,0.0,0.0,77.72391432,0.0
3635,scenario_1,33.82986619,51.83908169807226,0.0,0.0,0.0,0.0,18.00921550807227,0.0,33.82986618999999,-7.105427357601002e-15
3636,scenario_1,28.15946003,56.159460030000005,0.0,0.0,0.0,0.0,28.0,0.0,28.159460030000005,3.552713678800501e-15
3637,scenario_1,64.91570013,64.91570013,0.0,0.0,0.0,0.0,0.0,0.0,64.91570013,0.0
3638,scenario_1,34.07275362,62.07275362,0.0,0.0,0.0,0.0,28.0,0.0,34.07275362,0.0
3639,scenario_1,18.67841112,18.67841112,0.0,0.0,0.0,0.0,0.0,0.0,18.67841112,0.0
3640,scenario_1,12.06429249,40.06429249,0.0,0.0,0.0,0.0,28.0,0.0,12.06429249,0.0
3641,scenario_1,4.69023425,21.89796378525,0.0,0.0,0.0,0.0,17.20772953525,0.0,4.69023425,0.0
3642,scenario_1,6.71136295,1.0711208238,0.0,0.0,5.6402421261999995,0.0,0.0,0.0,6.71136295,0.0
3643,scenario_1,8.743243383,0.0,0.0,0.0,0.0,8.743243383,0.0,0.0,8.743243383,0.0
3644,scenario_1,8.577192767,0.0,0.0,0.0,8.577192767,0.0,0.0,0.0,8.577192767,0.0
3645,scenario_1,8.473657633,0.0,0.0,0.0,3.8221673779325087,4.6514902550674915,0.0,0.0,8.473657633,0.0
3646,scenario_1,8.068356517,0.0,0.0,0.0,8.068356517,0.0,0.0,0.0,8.068356517,0.0
3647,scenario_1,6.044890183,0.0,0.0,0.0,6.044890183,0.0,0.0,0.0,6.044890183,0.0
3648,scenario_1,0.448636017,0.0,0.0,0.0,0.448636017,0.0,0.0,0.0,0.448636017,0.0
3649,scenario_1,0.511251733,0.0,0.0,0.0,0.511251733,0.0,0.0,0.0,0.511251733,0.0
3650,scenario_1,0.54378575,0.0,0.0,0.0,0.54378575,0.0,0.0,0.0,0.54378575,0.0
3651,scenario_1,1.255190083,0.0,0.0,0.0,1.255190083,0.0,0.0,0.0,1.255190083,0.0
3652,scenario_1,7.313277667,0.0,0.0,0.0,7.313277667,0.0,0.0,0.0,7.313277667,0.0
3653,scenario_1,7.801662117,0.0,0.0,0.0,7.801662117,0.0,0.0,0.0,7.801662117,0.0
3654,scenario_1,6.112761233,0.0,0.0,0.0,6.112761233,0.0,0.0,0.0,6.112761233,0.0
3655,scenario_1,11.71054102,19.581285938249998,0.0,0.0,0.0,0.0,7.870744918249997,0.0,11.71054102,0.0
3656,scenario_1,57.21025002,16.71221837805,0.0,0.0,28.0,12.498031641949996,0.0,0.0,57.21025001999999,-7.105427357601002e-15
3657,scenario_1,83.81256438,60.77667456735,0.0,0.0,23.035889812649998,0.0,0.0,0.0,83.81256438,0.0
3658,scenario_1,66.08174832,66.08174832,0.0,0.0,0.0,0.0,0.0,0.0,66.08174832,0.0
3659,scenario_1,32.99704768,60.99704768,0.0,0.0,0.0,0.0,28.0,0.0,32.99704768,0.0
3660,scenario_1,33.33785302,61.33785302,0.0,0.0,0.0,0.0,28.0,0.0,33.33785302,0.0
3661,scenario_1,70.44485722,93.86478336283088,0.0,0.0,0.0,0.0,23.419926142830874,0.0,70.44485722,0.0
3662,scenario_1,39.89929508,39.89929508,0.0,0.0,0.0,0.0,0.0,0.0,39.89929508,0.0
3663,scenario_1,19.71111837,19.71111837,0.0,0.0,0.0,0.0,0.0,0.0,19.71111837,0.0
3664,scenario_1,13.65487337,37.26283915425,0.0,0.0,0.0,0.0,23.607965784250002,0.0,13.65487337,0.0
3665,scenario_1,10.14886178,10.14886178,0.0,0.0,0.0,0.0,0.0,0.0,10.14886178,0.0
3666,scenario_1,8.610063567,1.0612627792499998,0.0,0.0,7.548800787749999,0.0,0.0,0.0,8.610063567,0.0
3667,scenario_1,9.080331417,0.0,0.0,0.0,9.080331417,0.0,0.0,0.0,9.080331417,0.0
3668,scenario_1,8.363429067,0.0,0.0,0.0,8.363429067,0.0,0.0,0.0,8.363429067,0.0
3669,scenario_1,8.4110749,0.0,0.0,0.0,8.4110749,0.0,0.0,0.0,8.4110749,0.0
3670,scenario_1,7.520573833,0.0,0.0,0.0,7.520573833,0.0,0.0,0.0,7.520573833,0.0
3671,scenario_1,5.52103985,0.0,0.0,0.0,5.52103985,0.0,0.0,0.0,5.52103985,0.0
3672,scenario_1,0.44820235,0.0,0.0,0.0,0.44820235,0.0,0.0,0.0,0.44820235,0.0
3673,scenario_1,0.4476025,0.0,0.0,0.0,0.4476025,0.0,0.0,0.0,0.4476025,0.0
3674,scenario_1,0.725954667,0.0,0.0,0.0,0.725954667,0.0,0.0,0.0,0.725954667,0.0
3675,scenario_1,1.3453402,0.0,0.0,0.0,1.3453402,0.0,0.0,0.0,1.3453402,0.0
3676,scenario_1,7.0884401,0.0,0.0,0.0,7.0884401,0.0,0.0,0.0,7.0884401,0.0
3677,scenario_1,8.42106,0.0,0.0,0.0,8.42106,0.0,0.0,0.0,8.42106,0.0
3678,scenario_1,3.711259567,0.0,0.0,0.0,3.711259567,0.0,0.0,0.0,3.711259567,0.0
3679,scenario_1,10.67068777,22.1963542851,0.0,0.0,0.0,0.0,11.5256665151,0.0,10.67068777,0.0
3680,scenario_1,35.65267937,35.65267937,0.0,0.0,0.0,0.0,0.0,0.0,35.65267937,0.0
3681,scenario_1,73.84335296,65.0321724591,0.0,0.0,8.811180500900008,0.0,0.0,0.0,73.84335296,0.0
3682,scenario_1,80.20259195,80.14621089495,0.0,0.0,0.056381055049996576,0.0,0.0,0.0,80.20259195,0.0
3683,scenario_1,37.01989376,37.01989376,0.0,0.0,0.0,0.0,0.0,0.0,37.01989376,0.0
3684,scenario_1,25.79059675,53.79059675,0.0,0.0,0.0,0.0,28.0,0.0,25.79059675,0.0
3685,scenario_1,70.10382207,54.12140661975,0.0,0.0,15.98241545025001,0.0,0.0,0.0,70.10382207,0.0
3686,scenario_1,34.38038703,60.74262184395,0.0,0.0,0.0,0.0,26.362234813949996,0.0,34.38038703,0.0
3687,scenario_1,21.54895532,32.83909886265,0.0,0.0,0.0,0.0,11.290143542649997,0.0,21.54895532,0.0
3688,scenario_1,11.62370733,39.62370733,0.0,0.0,0.0,0.0,28.0,0.0,11.623707330000002,1.7763568394002505e-15
3689,scenario_1,8.6886942,8.6886942,0.0,0.0,0.0,0.0,0.0,0.0,8.6886942,0.0
3690,scenario_1,9.3293766,1.1833480696499998,0.0,0.0,8.14602853035,0.0,0.0,0.0,9.3293766,0.0
3691,scenario_1,10.75382622,0.0,0.0,0.0,10.75382622,0.0,0.0,0.0,10.75382622,0.0
3692,scenario_1,10.89122373,0.0,0.0,0.0,10.89122373,0.0,0.0,0.0,10.89122373,0.0
3693,scenario_1,8.085794917,0.0,0.0,0.0,8.085794917,0.0,0.0,0.0,8.085794917,0.0
3694,scenario_1,7.84796,0.0,0.0,0.0,7.84796,0.0,0.0,0.0,7.84796,0.0
3695,scenario_1,4.82624205,0.0,0.0,0.0,4.82624205,0.0,0.0,0.0,4.82624205,0.0
3696,scenario_1,0.4250024,0.0,0.0,0.0,0.4250024,0.0,0.0,0.0,0.4250024,0.0
3697,scenario_1,0.45980115,0.0,0.0,0.0,0.45980115,0.0,0.0,0.0,0.45980115,0.0
3698,scenario_1,0.503886267,0.0,0.0,0.0,0.503886267,0.0,0.0,0.0,0.503886267,0.0
3699,scenario_1,1.149172033,0.0,0.0,0.0,1.149172033,0.0,0.0,0.0,1.149172033,0.0
3700,scenario_1,7.179592567,0.0,0.0,0.0,7.179592567,0.0,0.0,0.0,7.179592567,0.0
3701,scenario_1,7.64997505,0.0,0.0,0.0,7.64997505,0.0,0.0,0.0,7.64997505,0.0
3702,scenario_1,3.23101185,0.0,0.0,0.0,3.23101185,0.0,0.0,0.0,3.23101185,0.0
3703,scenario_1,16.9078138,16.9078138,0.0,0.0,0.0,0.0,0.0,0.0,16.9078138,0.0
3704,scenario_1,34.8058842,34.8058842,0.0,0.0,0.0,0.0,0.0,0.0,34.8058842,0.0
3705,scenario_1,63.17465418,77.35943982644999,0.0,0.0,0.0,0.0,14.184785646449988,0.0,63.17465418,0.0
3706,scenario_1,82.73036199,82.73036199,0.0,0.0,0.0,0.0,0.0,0.0,82.73036199,0.0
3707,scenario_1,40.14210679,68.14210679,0.0,0.0,0.0,0.0,28.0,0.0,40.14210679,0.0
3708,scenario_1,26.54975759,26.54975759,0.0,0.0,0.0,0.0,0.0,0.0,26.54975759,0.0
3709,scenario_1,63.48031005,33.48958543905,0.0,0.0,28.0,1.9907246109499965,0.0,0.0,63.48031005,0.0
3710,scenario_1,47.18536555,69.7603512156,0.0,0.0,0.0,0.0,22.574985665599996,0.0,47.18536555,0.0
3711,scenario_1,17.97098916,17.97098916,0.0,0.0,0.0,0.0,0.0,0.0,17.97098916,0.0
3712,scenario_1,10.1729043,38.1729043,0.0,0.0,0.0,0.0,28.0,0.0,10.172904299999999,-1.7763568394002505e-15
3713,scenario_1,6.54377145,24.9195172467,0.0,0.0,0.0,0.0,18.3757457967,0.0,6.543771450000001,8.881784197001252e-16
3714,scenario_1,6.54397875,1.4215927452,0.0,0.0,5.1223860048,0.0,0.0,0.0,6.54397875,0.0
3715,scenario_1,9.98167665,0.0,0.0,0.0,9.98167665,0.0,0.0,0.0,9.98167665,0.0
3716,scenario_1,9.847476033,0.0,0.0,0.0,9.847476033,0.0,0.0,0.0,9.847476033,0.0
3717,scenario_1,8.822641167,0.0,0.0,0.0,8.822641167,0.0,0.0,0.0,8.822641167,0.0
3718,scenario_1,8.398405117,0.0,0.0,0.0,8.398405117,0.0,0.0,0.0,8.398405117,0.0
3719,scenario_1,5.1086083,0.0,0.0,0.0,5.1086083,0.0,0.0,0.0,5.1086083,0.0
3720,scenario_1,0.434202567,0.0,0.0,0.0,0.434202567,0.0,0.0,0.0,0.434202567,0.0
3721,scenario_1,0.485600917,0.0,0.0,0.0,0.485600917,0.0,0.0,0.0,0.485600917,0.0
3722,scenario_1,0.469002683,0.0,0.0,0.0,0.469002683,0.0,0.0,0.0,0.469002683,0.0
3723,scenario_1,0.705852683,0.0,0.0,0.0,0.705852683,0.0,0.0,0.0,0.705852683,0.0
3724,scenario_1,6.785840967,0.0,0.0,0.0,6.785840967,0.0,0.0,0.0,6.785840967,0.0
3725,scenario_1,7.3723744,0.0,0.0,0.0,7.3723744,0.0,0.0,0.0,7.3723744,0.0
3726,scenario_1,2.499907167,0.0,0.0,0.0,2.499907167,0.0,0.0,0.0,2.499907167,0.0
3727,scenario_1,8.365317257,18.2781121551,0.0,0.0,0.0,0.0,9.912794898100001,0.0,8.365317257,0.0
3728,scenario_1,51.1787029,50.309627228699995,0.0,0.0,0.8690756713000027,0.0,0.0,0.0,51.1787029,0.0
3729,scenario_1,51.16207498,51.16207498,0.0,0.0,0.0,0.0,0.0,0.0,51.16207498,0.0
3730,scenario_1,30.4304808,58.4304808,0.0,0.0,0.0,0.0,28.0,0.0,30.430480799999998,-3.552713678800501e-15
3731,scenario_1,5.574943518,5.574943518,0.0,0.0,0.0,0.0,0.0,0.0,5.574943518,0.0
3732,scenario_1,7.409948382,7.409948382,0.0,0.0,0.0,0.0,0.0,0.0,7.409948382,0.0
3733,scenario_1,28.22382083,56.22382083,0.0,0.0,0.0,0.0,28.0,0.0,28.22382083,0.0
3734,scenario_1,29.52994484,57.52994484,0.0,0.0,0.0,0.0,28.0,0.0,29.52994484,0.0
3735,scenario_1,5.679753037,5.679753037,0.0,0.0,0.0,0.0,0.0,0.0,5.679753037,0.0
3736,scenario_1,4.257821746,4.257821746,0.0,0.0,0.0,0.0,0.0,0.0,4.257821746,0.0
3737,scenario_1,4.022675717,22.401169404,0.0,0.0,0.0,0.0,18.378493687000002,0.0,4.0226757169999985,-1.7763568394002505e-15
3738,scenario_1,7.888356883,1.1807788089,0.0,0.0,6.707578074100001,0.0,0.0,0.0,7.888356883,0.0
3739,scenario_1,8.623159883,0.0,0.0,0.0,8.623159883,0.0,0.0,0.0,8.623159883,0.0
3740,scenario_1,7.811310183,0.0,0.0,0.0,7.811310183,0.0,0.0,0.0,7.811310183,0.0
3741,scenario_1,8.22072605,0.0,0.0,0.0,8.22072605,0.0,0.0,0.0,8.22072605,0.0
3742,scenario_1,8.087009,0.0,0.0,0.0,8.087009,0.0,0.0,0.0,8.087009,0.0
3743,scenario_1,6.387374033,0.0,0.0,0.0,6.387374033,0.0,0.0,0.0,6.387374033,0.0
3744,scenario_1,0.45240205,0.0,0.0,0.0,0.45240205,0.0,0.0,0.0,0.45240205,0.0
3745,scenario_1,0.483001133,0.0,0.0,0.0,0.483001133,0.0,0.0,0.0,0.483001133,0.0
3746,scenario_1,0.4686011,0.0,0.0,0.0,0.4686011,0.0,0.0,0.0,0.4686011,0.0
3747,scenario_1,1.0834677,0.0,0.0,0.0,1.0834677,0.0,0.0,0.0,1.0834677,0.0
3748,scenario_1,6.785069183,0.0,0.0,0.0,6.785069183,0.0,0.0,0.0,6.785069183,0.0
3749,scenario_1,7.736989417,0.0,0.0,0.0,7.736989417,0.0,0.0,0.0,7.736989417,0.0
3750,scenario_1,3.079572483,0.0,0.0,0.0,3.079572483,0.0,0.0,0.0,3.079572483,0.0
3751,scenario_1,7.15160824,17.163323457449998,0.0,0.0,0.0,0.0,10.011715217449998,0.0,7.15160824,0.0
3752,scenario_1,24.48335159,24.48335159,0.0,0.0,0.0,0.0,0.0,0.0,24.48335159,0.0
3753,scenario_1,46.58587498,46.58587498,0.0,0.0,0.0,0.0,0.0,0.0,46.58587498,0.0
3754,scenario_1,35.29330698,35.29330698,0.0,0.0,0.0,0.0,0.0,0.0,35.29330698,0.0
3755,scenario_1,17.13579781,17.13579781,0.0,0.0,0.0,0.0,0.0,0.0,17.13579781,0.0
3756,scenario_1,4.87180755,32.87180755,0.0,0.0,0.0,0.0,28.0,0.0,4.87180755,0.0
3757,scenario_1,43.38898265,43.38898265,0.0,0.0,0.0,0.0,0.0,0.0,43.38898265,0.0
3758,scenario_1,34.4247963,58.68789021015,0.0,0.0,0.0,0.0,24.263093910150005,0.0,34.4247963,0.0
3759,scenario_1,5.064636285,19.206000644033367,0.0,0.0,0.0,0.0,14.141364359033366,0.0,5.064636285000001,8.881784197001252e-16
3760,scenario_1,5.13395947,5.13395947,0.0,0.0,0.0,0.0,0.0,0.0,5.13395947,0.0
3761,scenario_1,4.764788324,22.9651484256,0.0,0.0,0.0,0.0,18.200360101599998,0.0,4.764788324000001,8.881784197001252e-16
3762,scenario_1,6.518872617,1.6684994998499998,0.0,0.0,4.850373117150001,0.0,0.0,0.0,6.518872617000001,8.881784197001252e-16
3763,scenario_1,9.016672583,0.0,0.0,0.0,9.016672583,0.0,0.0,0.0,9.016672583,0.0
3764,scenario_1,8.99428925,0.0,0.0,0.0,8.99428925,0.0,0.0,0.0,8.99428925,0.0
3765,scenario_1,8.344190467,0.0,0.0,0.0,8.344190467,0.0,0.0,0.0,8.344190467,0.0
3766,scenario_1,7.848357133,0.0,0.0,0.0,7.848357133,0.0,0.0,0.0,7.848357133,0.0
3767,scenario_1,5.026840533,0.0,0.0,0.0,5.026840533,0.0,0.0,0.0,5.026840533,0.0
3768,scenario_1,0.454103033,0.0,0.0,0.0,0.454103033,0.0,0.0,0.0,0.454103033,0.0
3769,scenario_1,0.4900698,0.0,0.0,0.0,0.4900698,0.0,0.0,0.0,0.4900698,0.0
3770,scenario_1,0.536071133,0.0,0.0,0.0,0.536071133,0.0,0.0,0.0,0.536071133,0.0
3771,scenario_1,1.0638409,0.0,0.0,0.0,1.0638409,0.0,0.0,0.0,1.0638409,0.0
3772,scenario_1,6.81024155,0.0,0.0,0.0,6.81024155,0.0,0.0,0.0,6.81024155,0.0
3773,scenario_1,7.5417753,0.0,0.0,0.0,7.5417753,0.0,0.0,0.0,7.5417753,0.0
3774,scenario_1,3.8012308,0.0,0.0,0.0,3.8012308,0.0,0.0,0.0,3.8012308,0.0
3775,scenario_1,17.07673512,22.38622504425,0.0,0.0,0.0,0.0,5.309489924250002,0.0,17.07673512,0.0
3776,scenario_1,50.73656661,48.495079134,0.0,0.0,2.241487475999996,0.0,0.0,0.0,50.73656661,0.0
3777,scenario_1,78.09043981,70.5267789156,0.0,0.0,7.563660894400002,0.0,0.0,0.0,78.09043981,0.0
3778,scenario_1,75.31006539,75.31006539,0.0,0.0,0.0,0.0,0.0,0.0,75.31006539,0.0
3779,scenario_1,39.34167072,49.70611751963886,0.0,0.0,0.0,0.0,10.364446799638856,0.0,39.34167072,0.0
3780,scenario_1,34.29396315,34.29396315,0.0,0.0,0.0,0.0,0.0,0.0,34.29396315,0.0
3781,scenario_1,66.38297731,66.38297731,0.0,0.0,0.0,0.0,0.0,0.0,66.38297731,0.0
3782,scenario_1,35.74053271,63.74053271,0.0,0.0,0.0,0.0,28.0,0.0,35.74053271,0.0
3783,scenario_1,19.54964259,47.549642590000005,0.0,0.0,0.0,0.0,28.0,0.0,19.549642590000005,3.552713678800501e-15
3784,scenario_1,13.39573202,13.39573202,0.0,0.0,0.0,0.0,0.0,0.0,13.39573202,0.0
3785,scenario_1,5.463985283,5.463985283,0.0,0.0,0.0,0.0,0.0,0.0,5.463985283,0.0
3786,scenario_1,6.870297783,1.7651577485999999,0.0,0.0,5.1051400344,0.0,0.0,0.0,6.870297783,0.0
3787,scenario_1,8.84996215,0.0,0.0,0.0,8.84996215,0.0,0.0,0.0,8.84996215,0.0
3788,scenario_1,8.396182083,0.0,0.0,0.0,8.396182083,0.0,0.0,0.0,8.396182083,0.0
3789,scenario_1,8.01294595,0.0,0.0,0.0,8.01294595,0.0,0.0,0.0,8.01294595,0.0
3790,scenario_1,8.733875567,0.0,0.0,0.0,8.733875567,0.0,0.0,0.0,8.733875567,0.0
3791,scenario_1,6.999028233,0.0,0.0,0.0,6.999028233,0.0,0.0,0.0,6.999028233,0.0
3792,scenario_1,0.4366026,0.0,0.0,0.0,0.4366026,0.0,0.0,0.0,0.4366026,0.0
3793,scenario_1,0.50460155,0.0,0.0,0.0,0.50460155,0.0,0.0,0.0,0.50460155,0.0
3794,scenario_1,0.53920415,0.0,0.0,0.0,0.53920415,0.0,0.0,0.0,0.53920415,0.0
3795,scenario_1,1.415705917,0.0,0.0,0.0,1.415705917,0.0,0.0,0.0,1.415705917,0.0
3796,scenario_1,7.254791667,0.0,0.0,0.0,7.254791667,0.0,0.0,0.0,7.254791667,0.0
3797,scenario_1,7.683711467,0.0,0.0,0.0,7.683711467,0.0,0.0,0.0,7.683711467,0.0
3798,scenario_1,3.751031117,0.0,0.0,0.0,3.751031117,0.0,0.0,0.0,3.751031117,0.0
3799,scenario_1,14.91941913,14.91941913,0.0,0.0,0.0,0.0,0.0,0.0,14.91941913,0.0
3800,scenario_1,64.6190576,48.0291553086,0.0,0.0,16.58990229140001,0.0,0.0,0.0,64.6190576,0.0
3801,scenario_1,60.79482925,72.2337712479,0.0,0.0,0.0,0.0,11.438941997899995,0.0,60.79482925,0.0
3802,scenario_1,60.79704756,60.79704756,0.0,0.0,0.0,0.0,0.0,0.0,60.79704756,0.0
3803,scenario_1,32.76741643,60.76741643,0.0,0.0,0.0,0.0,28.0,0.0,32.76741643,0.0
3804,scenario_1,30.73248845,30.73248845,0.0,0.0,0.0,0.0,0.0,0.0,30.73248845,0.0
3805,scenario_1,78.15761462,78.15761462,0.0,0.0,0.0,0.0,0.0,0.0,78.15761462,0.0
3806,scenario_1,49.67865197,77.67865197,0.0,0.0,0.0,0.0,28.0,0.0,49.678651970000004,7.105427357601002e-15
3807,scenario_1,19.11633687,47.11633687,0.0,0.0,0.0,0.0,28.0,0.0,19.116336869999998,-3.552713678800501e-15
3808,scenario_1,12.02473617,40.02473617,0.0,0.0,0.0,0.0,28.0,0.0,12.024736169999997,-3.552713678800501e-15
3809,scenario_1,7.55224283,7.55224283,0.0,0.0,0.0,0.0,0.0,0.0,7.55224283,0.0
3810,scenario_1,6.760696883,1.7588486294999999,0.0,0.0,5.0018482534999995,0.0,0.0,0.0,6.760696883,0.0
3811,scenario_1,8.754943683,0.0,0.0,0.0,8.754943683,0.0,0.0,0.0,8.754943683,0.0
3812,scenario_1,9.431324867,0.0,0.0,0.0,9.431324867,0.0,0.0,0.0,9.431324867,0.0
3813,scenario_1,8.506894283,0.0,0.0,0.0,8.506894283,0.0,0.0,0.0,8.506894283,0.0
3814,scenario_1,7.869708383,0.0,0.0,0.0,7.869708383,0.0,0.0,0.0,7.869708383,0.0
3815,scenario_1,6.293060733,0.0,0.0,0.0,6.293060733,0.0,0.0,0.0,6.293060733,0.0
3816,scenario_1,0.441469633,0.0,0.0,0.0,0.441469633,0.0,0.0,0.0,0.441469633,0.0
3817,scenario_1,0.518037117,0.0,0.0,0.0,0.518037117,0.0,0.0,0.0,0.518037117,0.0
3818,scenario_1,0.53782085,0.0,0.0,0.0,0.53782085,0.0,0.0,0.0,0.53782085,0.0
3819,scenario_1,1.604241967,0.0,0.0,0.0,1.604241967,0.0,0.0,0.0,1.604241967,0.0
3820,scenario_1,7.373409233,0.0,0.0,0.0,7.373409233,0.0,0.0,0.0,7.373409233,0.0
3821,scenario_1,8.385844567,0.0,0.0,0.0,8.385844567,0.0,0.0,0.0,8.385844567,0.0
3822,scenario_1,5.244563417,0.0,0.0,0.0,5.244563417,0.0,0.0,0.0,5.244563417,0.0
3823,scenario_1,12.93515742,16.26804006975,0.0,0.0,0.0,0.0,3.332882649750001,0.0,12.93515742,0.0
3824,scenario_1,61.37117948,44.19905420235,0.0,0.0,17.172125277650004,0.0,0.0,0.0,61.37117948,0.0
3825,scenario_1,71.76108524,69.1704690456,0.0,0.0,2.590616194399999,0.0,0.0,0.0,71.76108524,0.0
3826,scenario_1,64.71097392,88.7880330927,0.0,0.0,0.0,0.0,24.077059172700004,0.0,64.71097392,0.0
3827,scenario_1,35.14864699,63.14864699,0.0,0.0,0.0,0.0,28.0,0.0,35.14864699,0.0
3828,scenario_1,29.87058258,29.87058258,0.0,0.0,0.0,0.0,0.0,0.0,29.87058258,0.0
3829,scenario_1,77.77134929,77.77134929,0.0,0.0,0.0,0.0,0.0,0.0,77.77134929,0.0
3830,scenario_1,34.91874028,34.91874028,0.0,0.0,0.0,0.0,0.0,0.0,34.91874028,0.0
3831,scenario_1,15.81173947,43.81173947,0.0,0.0,0.0,0.0,28.0,0.0,15.81173947,0.0
3832,scenario_1,11.2874609,11.2874609,0.0,0.0,0.0,0.0,0.0,0.0,11.2874609,0.0
3833,scenario_1,6.75375225,26.669198910930277,0.0,0.0,0.0,0.0,19.91544666093028,0.0,6.753752249999998,-1.7763568394002505e-15
3834,scenario_1,6.909846,1.5219343567499999,0.0,0.0,5.38791164325,0.0,0.0,0.0,6.909846,0.0
3835,scenario_1,9.34764615,0.0,0.0,0.0,9.34764615,0.0,0.0,0.0,9.34764615,0.0
3836,scenario_1,8.44119475,0.0,0.0,0.0,8.44119475,0.0,0.0,0.0,8.44119475,0.0
3837,scenario_1,8.388876483,0.0,0.0,0.0,8.388876483,0.0,0.0,0.0,8.388876483,0.0
3838,scenario_1,8.4290221,0.0,0.0,0.0,8.4290221,0.0,0.0,0.0,8.4290221,0.0
3839,scenario_1,5.21828995,0.0,0.0,0.0,5.21828995,0.0,0.0,0.0,5.21828995,0.0
3840,scenario_1,0.430402717,0.0,0.0,0.0,0.430402717,0.0,0.0,0.0,0.430402717,0.0
3841,scenario_1,0.474703433,0.0,0.0,0.0,0.474703433,0.0,0.0,0.0,0.474703433,0.0
3842,scenario_1,0.5110546,0.0,0.0,0.0,0.5110546,0.0,0.0,0.0,0.5110546,0.0
3843,scenario_1,1.2093579,0.0,0.0,0.0,1.2093579,0.0,0.0,0.0,1.2093579,0.0
3844,scenario_1,7.159706867,0.0,0.0,0.0,7.159706867,0.0,0.0,0.0,7.159706867,0.0
3845,scenario_1,7.943007383,0.0,0.0,0.0,7.943007383,0.0,0.0,0.0,7.943007383,0.0
3846,scenario_1,3.190325333,0.0,0.0,0.0,3.190325333,0.0,0.0,0.0,3.190325333,0.0
3847,scenario_1,12.58465988,10.2564629334,0.0,0.0,2.3281969466000003,0.0,0.0,0.0,12.58465988,0.0
3848,scenario_1,50.58192926,46.06735885455,0.0,0.0,4.5145704054500015,0.0,0.0,0.0,50.58192926,0.0
3849,scenario_1,83.81441462,71.3957964069,0.0,0.0,12.41861821309999,0.0,0.0,0.0,83.81441462,0.0
3850,scenario_1,77.42591891,91.60187974544999,0.0,0.0,0.0,0.0,14.175960835449999,0.0,77.42591891,0.0
3851,scenario_1,30.23196284,30.23196284,0.0,0.0,0.0,0.0,0.0,0.0,30.23196284,0.0
3852,scenario_1,29.03520804,29.03520804,0.0,0.0,0.0,0.0,0.0,0.0,29.03520804,0.0
3853,scenario_1,61.00097066,89.00097066000001,0.0,0.0,0.0,0.0,28.0,0.0,61.00097066000001,7.105427357601002e-15
3854,scenario_1,32.8633703,32.8633703,0.0,0.0,0.0,0.0,0.0,0.0,32.8633703,0.0
3855,scenario_1,17.85348025,17.85348025,0.0,0.0,0.0,0.0,0.0,0.0,17.85348025,0.0
3856,scenario_1,10.11558542,38.11558542,0.0,0.0,0.0,0.0,28.0,0.0,10.115585420000002,1.7763568394002505e-15
3857,scenario_1,7.524170517,27.797885003850002,0.0,0.0,0.0,0.0,20.273714486850004,0.0,7.524170516999998,-1.7763568394002505e-15
3858,scenario_1,8.379046333,1.6436420706,0.0,0.0,6.7354042623999995,0.0,0.0,0.0,8.379046333,0.0
3859,scenario_1,9.79536255,0.0,0.0,0.0,9.79536255,0.0,0.0,0.0,9.79536255,0.0
3860,scenario_1,8.160515317,0.0,0.0,0.0,8.160515317,0.0,0.0,0.0,8.160515317,0.0
3861,scenario_1,8.75902625,0.0,0.0,0.0,8.75902625,0.0,0.0,0.0,8.75902625,0.0
3862,scenario_1,8.462757633,0.0,0.0,0.0,8.462757633,0.0,0.0,0.0,8.462757633,0.0
3863,scenario_1,5.835576317,0.0,0.0,0.0,5.835576317,0.0,0.0,0.0,5.835576317,0.0
3864,scenario_1,0.424504317,0.0,0.0,0.0,0.424504317,0.0,0.0,0.0,0.424504317,0.0
3865,scenario_1,0.47003535,0.0,0.0,0.0,0.47003535,0.0,0.0,0.0,0.47003535,0.0
3866,scenario_1,0.502785383,0.0,0.0,0.0,0.502785383,0.0,0.0,0.0,0.502785383,0.0
3867,scenario_1,0.962370767,0.0,0.0,0.0,0.962370767,0.0,0.0,0.0,0.962370767,0.0
3868,scenario_1,6.792555517,0.0,0.0,0.0,6.792555517,0.0,0.0,0.0,6.792555517,0.0
3869,scenario_1,7.0767072,0.0,0.0,0.0,7.0767072,0.0,0.0,0.0,7.0767072,0.0
3870,scenario_1,2.951346483,0.0,0.0,0.0,2.951346483,0.0,0.0,0.0,2.951346483,0.0
3871,scenario_1,15.62174857,15.62174857,0.0,0.0,0.0,0.0,0.0,0.0,15.62174857,0.0
3872,scenario_1,63.44393591,48.548331888449994,0.0,0.0,14.895604021550007,0.0,0.0,0.0,63.44393591,0.0
3873,scenario_1,64.26331843,64.26331843,0.0,0.0,0.0,0.0,0.0,0.0,64.26331843,0.0
3874,scenario_1,58.70867189,71.76229329709875,0.0,0.0,0.0,0.0,13.053621407098753,0.0,58.70867189,0.0
3875,scenario_1,29.67789977,57.677899769999996,0.0,0.0,0.0,0.0,28.0,0.0,29.677899769999996,-3.552713678800501e-15
3876,scenario_1,30.79736482,58.79736482,0.0,0.0,0.0,0.0,28.0,0.0,30.79736482,0.0
3877,scenario_1,77.80448058,77.80448058,0.0,0.0,0.0,0.0,0.0,0.0,77.80448058,0.0
3878,scenario_1,54.09828768,54.09828768,0.0,0.0,0.0,0.0,0.0,0.0,54.09828768,0.0
3879,scenario_1,16.85650369,44.85650369,0.0,0.0,0.0,0.0,28.0,0.0,16.856503689999997,-3.552713678800501e-15
3880,scenario_1,10.59649907,10.59649907,0.0,0.0,0.0,0.0,0.0,0.0,10.59649907,0.0
3881,scenario_1,7.77216635,7.77216635,0.0,0.0,0.0,0.0,0.0,0.0,7.77216635,0.0
3882,scenario_1,10.96104003,1.6433266268999998,0.0,0.0,9.317713403099999,0.0,0.0,0.0,10.96104003,0.0
3883,scenario_1,11.3704918,0.0,0.0,0.0,11.3704918,0.0,0.0,0.0,11.3704918,0.0
3884,scenario_1,9.9257589,0.0,0.0,0.0,9.9257589,0.0,0.0,0.0,9.9257589,0.0
3885,scenario_1,8.72617555,0.0,0.0,0.0,8.72617555,0.0,0.0,0.0,8.72617555,0.0
3886,scenario_1,7.777607133,0.0,0.0,0.0,7.777607133,0.0,0.0,0.0,7.777607133,0.0
3887,scenario_1,5.6708905,0.0,0.0,0.0,5.6708905,0.0,0.0,0.0,5.6708905,0.0
3888,scenario_1,0.437402633,0.0,0.0,0.0,0.437402633,0.0,0.0,0.0,0.437402633,0.0
3889,scenario_1,0.461218667,0.0,0.0,0.0,0.461218667,0.0,0.0,0.0,0.461218667,0.0
3890,scenario_1,0.496235333,0.0,0.0,0.0,0.496235333,0.0,0.0,0.0,0.496235333,0.0
3891,scenario_1,1.27758615,0.0,0.0,0.0,1.27758615,0.0,0.0,0.0,1.27758615,0.0
3892,scenario_1,7.036835683,0.0,0.0,0.0,7.036835683,0.0,0.0,0.0,7.036835683,0.0
3893,scenario_1,7.01128885,0.0,0.0,0.0,7.01128885,0.0,0.0,0.0,7.01128885,0.0
3894,scenario_1,2.145406117,0.0,0.0,0.0,2.145406117,0.0,0.0,0.0,2.145406117,0.0
3895,scenario_1,5.141639562,1.9429213030499999,0.0,0.0,3.19871825895,0.0,0.0,0.0,5.141639562,0.0
3896,scenario_1,19.75215215,15.992047788299999,0.0,0.0,3.7601043617000016,0.0,0.0,0.0,19.75215215,0.0
3897,scenario_1,43.54569883,43.54569883,0.0,0.0,0.0,0.0,0.0,0.0,43.54569883,0.0
3898,scenario_1,59.62920157,62.065416521712336,0.0,0.0,0.0,0.0,2.436214951712334,0.0,59.62920157,0.0
3899,scenario_1,39.54777746,39.54777746,0.0,0.0,0.0,0.0,0.0,0.0,39.54777746,0.0
3900,scenario_1,5.385199374,33.385199374,0.0,0.0,0.0,0.0,28.0,0.0,5.385199374000003,2.6645352591003757e-15
3901,scenario_1,37.78234975,65.78234975000001,0.0,0.0,0.0,0.0,28.0,0.0,37.78234975000001,7.105427357601002e-15
3902,scenario_1,20.75132231,20.75132231,0.0,0.0,0.0,0.0,0.0,0.0,20.75132231,0.0
3903,scenario_1,4.577968436,4.577968436,0.0,0.0,0.0,0.0,0.0,0.0,4.577968436,0.0
3904,scenario_1,3.555517209,31.555517209,0.0,0.0,0.0,0.0,28.0,0.0,3.5555172090000013,1.3322676295501878e-15
3905,scenario_1,4.60579181,16.4025471507,0.0,0.0,0.0,0.0,11.796755340699999,0.0,4.6057918099999995,-8.881784197001252e-16
3906,scenario_1,7.485324617,1.76547503055,0.0,0.0,5.71984958645,0.0,0.0,0.0,7.485324617,0.0
3907,scenario_1,7.7408257,0.0,0.0,0.0,7.7408257,0.0,0.0,0.0,7.7408257,0.0
3908,scenario_1,8.37907545,0.0,0.0,0.0,8.37907545,0.0,0.0,0.0,8.37907545,0.0
3909,scenario_1,8.8468412,0.0,0.0,0.0,8.8468412,0.0,0.0,0.0,8.8468412,0.0
3910,scenario_1,8.367706183,0.0,0.0,0.0,8.367706183,0.0,0.0,0.0,8.367706183,0.0
3911,scenario_1,5.794490533,0.0,0.0,0.0,5.794490533,0.0,0.0,0.0,5.794490533,0.0
3912,scenario_1,0.430202633,0.0,0.0,0.0,0.430202633,0.0,0.0,0.0,0.430202633,0.0
3913,scenario_1,0.459601583,0.0,0.0,0.0,0.459601583,0.0,0.0,0.0,0.459601583,0.0
3914,scenario_1,0.506168167,0.0,0.0,0.0,0.506168167,0.0,0.0,0.0,0.506168167,0.0
3915,scenario_1,1.111853667,0.0,0.0,0.0,1.111853667,0.0,0.0,0.0,1.111853667,0.0
3916,scenario_1,6.767474717,0.0,0.0,0.0,6.767474717,0.0,0.0,0.0,6.767474717,0.0
3917,scenario_1,7.092758333,0.0,0.0,0.0,7.092758333,0.0,0.0,0.0,7.092758333,0.0
3918,scenario_1,3.0742575,0.0,0.0,0.0,3.0742575,0.0,0.0,0.0,3.0742575,0.0
3919,scenario_1,5.590177144,5.590177144,0.0,0.0,0.0,0.0,0.0,0.0,5.590177144,0.0
3920,scenario_1,23.78738072,23.78738072,0.0,0.0,0.0,0.0,0.0,0.0,23.78738072,0.0
3921,scenario_1,36.17607317,36.17607317,0.0,0.0,0.0,0.0,0.0,0.0,36.17607317,0.0
3922,scenario_1,28.37832767,28.37832767,0.0,0.0,0.0,0.0,0.0,0.0,28.37832767,0.0
3923,scenario_1,18.5811545,18.5811545,0.0,0.0,0.0,0.0,0.0,0.0,18.5811545,0.0
3924,scenario_1,10.57929675,10.57929675,0.0,0.0,0.0,0.0,0.0,0.0,10.57929675,0.0
3925,scenario_1,61.18836633,89.18836633000001,0.0,0.0,0.0,0.0,28.0,0.0,61.18836633000001,7.105427357601002e-15
3926,scenario_1,37.69207832,65.69207832000001,0.0,0.0,0.0,0.0,28.0,0.0,37.69207832000001,7.105427357601002e-15
3927,scenario_1,6.385446978,6.385446978,0.0,0.0,0.0,0.0,0.0,0.0,6.385446978,0.0
3928,scenario_1,4.485354534,32.485354534,0.0,0.0,0.0,0.0,28.0,0.0,4.4853545340000025,2.6645352591003757e-15
3929,scenario_1,4.913320586,26.4965296176,0.0,0.0,0.0,0.0,21.5832090316,0.0,4.913320586000001,8.881784197001252e-16
3930,scenario_1,7.5639092,1.5334747677,0.0,0.0,6.0304344323,0.0,0.0,0.0,7.5639091999999994,-8.881784197001252e-16
3931,scenario_1,8.332274133,0.0,0.0,0.0,8.332274133,0.0,0.0,0.0,8.332274133,0.0
3932,scenario_1,8.36619205,0.0,0.0,0.0,8.36619205,0.0,0.0,0.0,8.36619205,0.0
3933,scenario_1,7.92689135,0.0,0.0,0.0,7.92689135,0.0,0.0,0.0,7.92689135,0.0
3934,scenario_1,8.168505567,0.0,0.0,0.0,8.168505567,0.0,0.0,0.0,8.168505567,0.0
3935,scenario_1,4.5870904,0.0,0.0,0.0,4.5870904,0.0,0.0,0.0,4.5870904,0.0
3936,scenario_1,0.4388026,0.0,0.0,0.0,0.4388026,0.0,0.0,0.0,0.4388026,0.0
3937,scenario_1,0.487685233,0.0,0.0,0.0,0.487685233,0.0,0.0,0.0,0.487685233,0.0
3938,scenario_1,0.49273745,0.0,0.0,0.0,0.49273745,0.0,0.0,0.0,0.49273745,0.0
3939,scenario_1,1.6199912,0.0,0.0,0.0,1.6199912,0.0,0.0,0.0,1.6199912,0.0
3940,scenario_1,7.316559233,0.0,0.0,0.0,7.316559233,0.0,0.0,0.0,7.316559233,0.0
3941,scenario_1,7.08604415,0.0,0.0,0.0,7.08604415,0.0,0.0,0.0,7.08604415,0.0
3942,scenario_1,4.5856441,0.0,0.0,0.0,4.5856441,0.0,0.0,0.0,4.5856441,0.0
3943,scenario_1,18.93303178,20.83338443535,0.0,0.0,0.0,0.0,1.900352655349998,0.0,18.93303178,0.0
3944,scenario_1,50.86004032,42.73332752565,0.0,0.0,8.126712794350006,0.0,0.0,0.0,50.86004032,0.0
3945,scenario_1,87.78873774,60.938073897749995,0.0,0.0,26.850663842250007,0.0,0.0,0.0,87.78873774,0.0
3946,scenario_1,82.26817783,88.3803205173,0.0,0.0,0.0,0.0,6.1121426873000075,0.0,82.26817783,0.0
3947,scenario_1,30.1125693,30.1125693,0.0,0.0,0.0,0.0,0.0,0.0,30.1125693,0.0
3948,scenario_1,31.82260387,40.969753742022185,0.0,0.0,0.0,0.0,9.147149872022185,0.0,31.822603870000002,3.552713678800501e-15
3949,scenario_1,58.63709287,75.3178765578,0.0,0.0,0.0,0.0,16.68078368780001,0.0,58.63709287,0.0
3950,scenario_1,27.19208074,46.3566882525,0.0,0.0,0.0,0.0,19.164607512499998,0.0,27.19208074,0.0
3951,scenario_1,17.80779141,45.80779141,0.0,0.0,0.0,0.0,28.0,0.0,17.80779141,0.0
3952,scenario_1,10.04279432,38.04279432,0.0,0.0,0.0,0.0,28.0,0.0,10.042794319999999,-1.7763568394002505e-15
3953,scenario_1,5.081952983,20.04756908025,0.0,0.0,0.0,0.0,14.965616097249999,0.0,5.081952983000001,8.881784197001252e-16
3954,scenario_1,6.275448233,1.42927332135,0.0,0.0,4.8461749116499995,0.0,0.0,0.0,6.275448233,0.0
3955,scenario_1,9.72937755,0.0,0.0,0.0,9.72937755,0.0,0.0,0.0,9.72937755,0.0
3956,scenario_1,9.614125917,0.0,0.0,0.0,9.614125917,0.0,0.0,0.0,9.614125917,0.0
3957,scenario_1,8.8141932,0.0,0.0,0.0,8.8141932,0.0,0.0,0.0,8.8141932,0.0
3958,scenario_1,7.646975617,0.0,0.0,0.0,7.646975617,0.0,0.0,0.0,7.646975617,0.0
3959,scenario_1,5.871643383,0.0,0.0,0.0,5.871643383,0.0,0.0,0.0,5.871643383,0.0
3960,scenario_1,0.427569917,0.0,0.0,0.0,0.427569917,0.0,0.0,0.0,0.427569917,0.0
3961,scenario_1,0.472402283,0.0,0.0,0.0,0.472402283,0.0,0.0,0.0,0.472402283,0.0
3962,scenario_1,0.555552683,0.0,0.0,0.0,0.555552683,0.0,0.0,0.0,0.555552683,0.0
3963,scenario_1,0.880189183,0.0,0.0,0.0,0.880189183,0.0,0.0,0.0,0.880189183,0.0
3964,scenario_1,7.260639667,0.0,0.0,0.0,7.260639667,0.0,0.0,0.0,7.260639667,0.0
3965,scenario_1,7.422008183,0.0,0.0,0.0,7.422008183,0.0,0.0,0.0,7.422008183,0.0
3966,scenario_1,3.20419335,0.0,0.0,0.0,3.20419335,0.0,0.0,0.0,3.20419335,0.0
3967,scenario_1,16.9603343,8.264550552149998,0.0,0.0,8.695783747850001,0.0,0.0,0.0,16.9603343,0.0
3968,scenario_1,58.02000167,48.64076767695,0.0,0.0,9.37923399305,0.0,0.0,0.0,58.02000167,0.0
3969,scenario_1,67.09010674,72.7759927425,0.0,0.0,0.0,0.0,5.685886002499998,0.0,67.09010674,0.0
3970,scenario_1,81.49623062,77.59163592419999,0.0,0.0,3.9045946958000144,0.0,0.0,0.0,81.49623062,0.0
3971,scenario_1,49.65753351,48.727399374899996,0.0,0.0,0.9301341351000048,0.0,0.0,0.0,49.65753351,0.0
3972,scenario_1,32.6928981,60.6928981,0.0,0.0,0.0,0.0,28.0,0.0,32.6928981,0.0
3973,scenario_1,64.79799292,66.98633017434757,0.0,0.0,0.0,0.0,2.1883372543475668,0.0,64.79799292,0.0
3974,scenario_1,25.01275411,53.01275411,0.0,0.0,0.0,0.0,28.0,0.0,25.012754110000003,3.552713678800501e-15
3975,scenario_1,15.26059395,43.26059395,0.0,0.0,0.0,0.0,28.0,0.0,15.26059395,0.0
3976,scenario_1,11.29483877,11.29483877,0.0,0.0,0.0,0.0,0.0,0.0,11.29483877,0.0
3977,scenario_1,9.03919815,27.84990380235,0.0,0.0,0.0,0.0,18.81070565235,0.0,9.03919815,0.0
3978,scenario_1,10.24454263,1.7796284526,0.0,0.0,8.4649141774,0.0,0.0,0.0,10.244542630000002,1.7763568394002505e-15
3979,scenario_1,10.40967553,0.0,0.0,0.0,10.40967553,0.0,0.0,0.0,10.40967553,0.0
3980,scenario_1,9.3139909,0.0,0.0,0.0,0.0,9.3139909,0.0,0.0,9.3139909,0.0
3981,scenario_1,8.346527367,0.0,0.0,0.0,8.346527367,0.0,0.0,0.0,8.346527367,0.0
3982,scenario_1,7.5671436,0.0,0.0,0.0,7.5671436,0.0,0.0,0.0,7.5671436,0.0
3983,scenario_1,6.1762088,0.0,0.0,0.0,0.0,6.1762088,0.0,0.0,6.1762088,0.0
3984,scenario_1,0.425804,0.0,0.0,0.0,0.0,0.425804,0.0,0.0,0.425804,0.0
3985,scenario_1,0.499786783,0.0,0.0,0.0,0.499786783,0.0,0.0,0.0,0.499786783,0.0
3986,scenario_1,0.5908541,0.0,0.0,0.0,0.5908541,0.0,0.0,0.0,0.5908541,0.0
3987,scenario_1,1.20540765,0.0,0.0,0.0,1.20540765,0.0,0.0,0.0,1.20540765,0.0
3988,scenario_1,7.174909967,0.0,0.0,0.0,0.0,7.174909967,0.0,0.0,7.174909967,0.0
3989,scenario_1,7.917342017,0.0,0.0,0.0,7.917342017,0.0,0.0,0.0,7.917342017,0.0
3990,scenario_1,4.638566467,0.0,0.0,0.0,0.0,4.638566467,0.0,0.0,4.638566467,0.0
3991,scenario_1,14.45747095,19.470735421500002,0.0,0.0,0.0,0.0,5.013264471500003,0.0,14.45747095,0.0
3992,scenario_1,58.531673,49.55069015235,0.0,0.0,8.980982847649997,0.0,0.0,0.0,58.531673,0.0
3993,scenario_1,83.5940403,73.64219709855,0.0,0.0,9.951843201450004,0.0,0.0,0.0,83.5940403,0.0
3994,scenario_1,71.92696349,77.73577053315,0.0,0.0,0.0,0.0,5.808807043149997,0.0,71.92696349,0.0
3995,scenario_1,31.99407159,59.994071590000004,0.0,0.0,0.0,0.0,28.0,0.0,31.994071590000004,3.552713678800501e-15
3996,scenario_1,37.32427399,52.43184677985,0.0,0.0,0.0,0.0,15.107572789849996,0.0,37.32427399,0.0
3997,scenario_1,64.5477054,49.340237120699996,0.0,0.0,15.207468279300002,0.0,0.0,0.0,64.5477054,0.0
3998,scenario_1,23.63953245,35.0298814623,0.0,0.0,0.0,0.0,11.390349012299996,0.0,23.63953245,0.0
3999,scenario_1,18.1755913,25.6250361261,0.0,0.0,0.0,0.0,7.449444826099999,0.0,18.1755913,0.0
4000,scenario_1,8.678558291,20.822421970199997,0.0,0.0,0.0,0.0,12.143863679199997,0.0,8.678558291,0.0
4001,scenario_1,5.279435483,13.2901982325,0.0,0.0,0.0,0.0,8.0107627495,0.0,5.279435483,0.0
4002,scenario_1,8.1970137,0.9517695013499999,0.0,0.0,7.245244198649999,0.0,0.0,0.0,8.1970137,0.0
4003,scenario_1,9.37061325,0.0,0.0,0.0,0.0,9.37061325,0.0,0.0,9.37061325,0.0
4004,scenario_1,8.642761083,0.0,0.0,0.0,8.642761083,0.0,0.0,0.0,8.642761083,0.0
4005,scenario_1,8.461292567,0.0,0.0,0.0,8.461292567,0.0,0.0,0.0,8.461292567,0.0
4006,scenario_1,7.5395756,0.0,0.0,0.0,7.5395756,0.0,0.0,0.0,7.5395756,0.0
4007,scenario_1,5.870509033,0.0,0.0,0.0,5.870509033,0.0,0.0,0.0,5.870509033,0.0
4008,scenario_1,0.419603183,0.0,0.0,0.0,0.0,0.419603183,0.0,0.0,0.419603183,0.0
4009,scenario_1,0.486517967,0.0,0.0,0.0,0.486517967,0.0,0.0,0.0,0.486517967,0.0
4010,scenario_1,0.50848665,0.0,0.0,0.0,0.50848665,0.0,0.0,0.0,0.50848665,0.0
4011,scenario_1,1.4055909,0.0,0.0,0.0,1.4055909,0.0,0.0,0.0,1.4055909,0.0
4012,scenario_1,7.8546096,0.0,0.0,0.0,7.8546096,0.0,0.0,0.0,7.8546096,0.0
4013,scenario_1,7.830943717,0.0,0.0,0.0,2.5393242790960016,5.291619437903998,0.0,0.0,7.830943717,0.0
4014,scenario_1,4.061645033,0.0,0.0,0.0,0.0,4.061645033,0.0,0.0,4.061645033,0.0
4015,scenario_1,22.27020294,3.89756806755,0.0,0.0,18.37263487245,0.0,0.0,0.0,22.27020294,0.0
4016,scenario_1,72.14084201,29.4948499275,0.0,0.0,28.0,14.645992082500001,0.0,0.0,72.14084201,0.0
4017,scenario_1,64.83967277,71.53013829045,0.0,0.0,0.0,0.0,6.69046552044999,0.0,64.83967277,0.0
4018,scenario_1,72.40880439,78.44167470974999,0.0,0.0,0.0,0.0,6.032870319749989,0.0,72.40880439,0.0
4019,scenario_1,41.59336837,69.59336837000001,0.0,0.0,0.0,0.0,28.0,0.0,41.59336837000001,7.105427357601002e-15
4020,scenario_1,28.41041514,56.41041514,0.0,0.0,0.0,0.0,28.0,0.0,28.410415139999998,-3.552713678800501e-15
4021,scenario_1,50.82696322,57.851843118994466,0.0,0.0,0.0,0.0,7.024879898994464,0.0,50.82696322,0.0
4022,scenario_1,27.31252357,45.11524854165,0.0,0.0,0.0,0.0,17.802724971649997,0.0,27.31252357,0.0
4023,scenario_1,15.43415346,29.115592849349998,0.0,0.0,0.0,0.0,13.681439389349999,0.0,15.43415346,0.0
4024,scenario_1,10.1949406,22.245088008299998,0.0,0.0,0.0,0.0,12.050147408299997,0.0,10.1949406,0.0
4025,scenario_1,6.718870389,11.88078732495,0.0,0.0,0.0,0.0,5.161916935949999,0.0,6.718870389,0.0
4026,scenario_1,9.193925917,1.7775326025,0.0,0.0,0.0,7.4163933145,0.0,0.0,9.193925917,0.0
4027,scenario_1,9.213758783,0.0,0.0,0.0,0.0,9.213758783,0.0,0.0,9.213758783,0.0
4028,scenario_1,8.481174983,0.0,0.0,0.0,8.481174983,0.0,0.0,0.0,8.481174983,0.0
4029,scenario_1,7.794176367,0.0,0.0,0.0,0.0,7.794176367,0.0,0.0,7.794176367,0.0
4030,scenario_1,7.570841467,0.0,0.0,0.0,7.570841467,0.0,0.0,0.0,7.570841467,0.0
4031,scenario_1,6.934140983,0.0,0.0,0.0,6.934140983,0.0,0.0,0.0,6.934140983,0.0
4032,scenario_1,0.464436783,0.0,0.0,0.0,0.464436783,0.0,0.0,0.0,0.464436783,0.0
4033,scenario_1,0.511118233,0.0,0.0,0.0,0.511118233,0.0,0.0,0.0,0.511118233,0.0
4034,scenario_1,0.5574045,0.0,0.0,0.0,0.5574045,0.0,0.0,0.0,0.5574045,0.0
4035,scenario_1,1.464706833,0.0,0.0,0.0,1.464706833,0.0,0.0,0.0,1.464706833,0.0
4036,scenario_1,7.40045895,0.0,0.0,0.0,7.40045895,0.0,0.0,0.0,7.40045895,0.0
4037,scenario_1,8.915511717,0.0,0.0,0.0,2.5725857855499923,6.342925931450007,0.0,0.0,8.915511717,0.0
4038,scenario_1,6.31516605,0.0,0.0,0.0,0.0,6.31516605,0.0,0.0,6.31516605,0.0
4039,scenario_1,21.25368556,8.2546939782,0.0,0.0,12.9989915818,0.0,0.0,0.0,21.25368556,0.0
4040,scenario_1,47.53732039,22.0084319484,0.0,0.0,25.5288884416,0.0,0.0,0.0,47.53732039,0.0
4041,scenario_1,80.77482549,54.45957403095,0.0,0.0,26.315251459049996,0.0,0.0,0.0,80.77482549,0.0
4042,scenario_1,62.30412975,62.30412975,0.0,0.0,0.0,0.0,0.0,0.0,62.30412975,0.0
4043,scenario_1,33.71026924,61.71026924,0.0,0.0,0.0,0.0,28.0,0.0,33.71026924,0.0
4044,scenario_1,24.77874902,52.77874902,0.0,0.0,0.0,0.0,28.0,0.0,24.77874902,0.0
4045,scenario_1,73.57032041,73.57032041,0.0,0.0,0.0,0.0,0.0,0.0,73.57032041,0.0
4046,scenario_1,41.77365029,69.77365029,0.0,0.0,0.0,0.0,28.0,0.0,41.773650290000006,7.105427357601002e-15
4047,scenario_1,16.47244928,16.47244928,0.0,0.0,0.0,0.0,0.0,0.0,16.47244928,0.0
4048,scenario_1,11.55743481,11.55743481,0.0,0.0,0.0,0.0,0.0,0.0,11.55743481,0.0
4049,scenario_1,9.157707185,16.6482096552,0.0,0.0,0.0,0.0,7.490502470199999,0.0,9.157707185,0.0
4050,scenario_1,8.462712467,1.424386395,0.0,0.0,7.038326071999999,0.0,0.0,0.0,8.462712467,0.0
4051,scenario_1,8.415179017,0.0,0.0,0.0,8.415179017,0.0,0.0,0.0,8.415179017,0.0
4052,scenario_1,8.815878183,0.0,0.0,0.0,8.815878183,0.0,0.0,0.0,8.815878183,0.0
4053,scenario_1,8.3633931,0.0,0.0,0.0,8.3633931,0.0,0.0,0.0,8.3633931,0.0
4054,scenario_1,7.8038776,0.0,0.0,0.0,7.8038776,0.0,0.0,0.0,7.8038776,0.0
4055,scenario_1,6.55569385,0.0,0.0,0.0,6.55569385,0.0,0.0,0.0,6.55569385,0.0
4056,scenario_1,0.430002983,0.0,0.0,0.0,0.430002983,0.0,0.0,0.0,0.430002983,0.0
4057,scenario_1,0.479835,0.0,0.0,0.0,0.479835,0.0,0.0,0.0,0.479835,0.0
4058,scenario_1,0.642319317,0.0,0.0,0.0,0.642319317,0.0,0.0,0.0,0.642319317,0.0
4059,scenario_1,1.368569833,0.0,0.0,0.0,1.368569833,0.0,0.0,0.0,1.368569833,0.0
4060,scenario_1,7.04082145,0.0,0.0,0.0,7.04082145,0.0,0.0,0.0,7.04082145,0.0
4061,scenario_1,8.333703617,0.0,0.0,0.0,8.333703617,0.0,0.0,0.0,8.333703617,0.0
4062,scenario_1,3.954422067,0.0,0.0,0.0,3.954422067,0.0,0.0,0.0,3.954422067,0.0
4063,scenario_1,3.68945645,12.88477084695,0.0,0.0,0.0,0.0,9.19531439695,0.0,3.6894564499999998,-4.440892098500626e-16
4064,scenario_1,25.95809503,25.95809503,0.0,0.0,0.0,0.0,0.0,0.0,25.95809503,0.0
4065,scenario_1,52.5625697,52.5625697,0.0,0.0,0.0,0.0,0.0,0.0,52.5625697,0.0
4066,scenario_1,53.83813048,74.4074116761,0.0,0.0,0.0,0.0,20.5692811961,0.0,53.83813048,0.0
4067,scenario_1,23.99479781,27.671416243624666,0.0,0.0,0.0,0.0,3.676618433624665,0.0,23.99479781,0.0
4068,scenario_1,6.169533369,6.169533369,0.0,0.0,0.0,0.0,0.0,0.0,6.169533369,0.0
4069,scenario_1,31.43700479,31.43700479,0.0,0.0,0.0,0.0,0.0,0.0,31.43700479,0.0
4070,scenario_1,28.97944779,56.979447789999995,0.0,0.0,0.0,0.0,28.0,0.0,28.979447789999995,-3.552713678800501e-15
4071,scenario_1,4.901642991,32.901642991,0.0,0.0,0.0,0.0,28.0,0.0,4.901642991000003,2.6645352591003757e-15
4072,scenario_1,3.695812371,3.695812371,0.0,0.0,0.0,0.0,0.0,0.0,3.695812371,0.0
4073,scenario_1,5.510175565,21.895245381149998,0.0,0.0,0.0,0.0,16.385069816149997,0.0,5.510175565000001,8.881784197001252e-16
4074,scenario_1,7.02679205,2.1383694352499996,0.0,0.0,4.8884226147500005,0.0,0.0,0.0,7.02679205,0.0
4075,scenario_1,8.287808467,0.0,0.0,0.0,8.287808467,0.0,0.0,0.0,8.287808467,0.0
4076,scenario_1,9.424271733,0.0,0.0,0.0,9.424271733,0.0,0.0,0.0,9.424271733,0.0
4077,scenario_1,8.662541083,0.0,0.0,0.0,8.662541083,0.0,0.0,0.0,8.662541083,0.0
4078,scenario_1,7.5265901,0.0,0.0,0.0,7.5265901,0.0,0.0,0.0,7.5265901,0.0
4079,scenario_1,5.377572867,0.0,0.0,0.0,5.377572867,0.0,0.0,0.0,5.377572867,0.0
4080,scenario_1,0.42020385,0.0,0.0,0.0,0.42020385,0.0,0.0,0.0,0.42020385,0.0
4081,scenario_1,0.4854856,0.0,0.0,0.0,0.4854856,0.0,0.0,0.0,0.4854856,0.0
4082,scenario_1,0.50903585,0.0,0.0,0.0,0.50903585,0.0,0.0,0.0,0.50903585,0.0
4083,scenario_1,1.295852617,0.0,0.0,0.0,1.295852617,0.0,0.0,0.0,1.295852617,0.0
4084,scenario_1,6.667903017,0.0,0.0,0.0,6.667903017,0.0,0.0,0.0,6.667903017,0.0
4085,scenario_1,8.014389217,0.0,0.0,0.0,8.014389217,0.0,0.0,0.0,8.014389217,0.0
4086,scenario_1,3.271174367,0.0,0.0,0.0,3.271174367,0.0,0.0,0.0,3.271174367,0.0
4087,scenario_1,2.89108261,2.0716242934499998,0.0,0.0,0.8194583165500005,0.0,0.0,0.0,2.89108261,0.0
4088,scenario_1,35.29667413,10.362809004749998,0.0,0.0,24.93386512525,0.0,0.0,0.0,35.29667413,0.0
4089,scenario_1,44.42138654,46.8502735737,0.0,0.0,0.0,0.0,2.4288870337000006,0.0,44.42138654,0.0
4090,scenario_1,42.54195748,42.54195748,0.0,0.0,0.0,0.0,0.0,0.0,42.54195748,0.0
4091,scenario_1,25.07814291,53.07814291,0.0,0.0,0.0,0.0,28.0,0.0,25.078142909999997,-3.552713678800501e-15
4092,scenario_1,6.165656858,34.165656858,0.0,0.0,0.0,0.0,28.0,0.0,6.165656857999998,-1.7763568394002505e-15
4093,scenario_1,38.59490223,38.59490223,0.0,0.0,0.0,0.0,0.0,0.0,38.59490223,0.0
4094,scenario_1,22.65964441,50.65964441,0.0,0.0,0.0,0.0,28.0,0.0,22.65964441,0.0
4095,scenario_1,4.518629331,4.518629331,0.0,0.0,0.0,0.0,0.0,0.0,4.518629331,0.0
4096,scenario_1,3.676002417,31.676002417,0.0,0.0,0.0,0.0,28.0,0.0,3.6760024169999994,-4.440892098500626e-16
4097,scenario_1,4.678100743,14.693658153744439,0.0,0.0,0.0,0.0,10.015557410744439,0.0,4.678100743,0.0
4098,scenario_1,8.047906933,2.0081368983,0.0,0.0,6.0397700347,0.0,0.0,0.0,8.047906933,0.0
4099,scenario_1,9.165073967,0.0,0.0,0.0,9.165073967,0.0,0.0,0.0,9.165073967,0.0
4100,scenario_1,8.6774734,0.0,0.0,0.0,8.6774734,0.0,0.0,0.0,8.6774734,0.0
4101,scenario_1,8.08570755,0.0,0.0,0.0,8.08570755,0.0,0.0,0.0,8.08570755,0.0
4102,scenario_1,7.875889917,0.0,0.0,0.0,7.875889917,0.0,0.0,0.0,7.875889917,0.0
4103,scenario_1,6.0829381,0.0,0.0,0.0,6.0829381,0.0,0.0,0.0,6.0829381,0.0
4104,scenario_1,0.452002317,0.0,0.0,0.0,0.452002317,0.0,0.0,0.0,0.452002317,0.0
4105,scenario_1,0.497834867,0.0,0.0,0.0,0.497834867,0.0,0.0,0.0,0.497834867,0.0
4106,scenario_1,0.529335633,0.0,0.0,0.0,0.529335633,0.0,0.0,0.0,0.529335633,0.0
4107,scenario_1,1.387326133,0.0,0.0,0.0,1.387326133,0.0,0.0,0.0,1.387326133,0.0
4108,scenario_1,7.267309067,0.0,0.0,0.0,7.267309067,0.0,0.0,0.0,7.267309067,0.0
4109,scenario_1,8.028444433,0.0,0.0,0.0,8.028444433,0.0,0.0,0.0,8.028444433,0.0
4110,scenario_1,5.323581467,0.0,0.0,0.0,5.323581467,0.0,0.0,0.0,5.323581467,0.0
4111,scenario_1,12.74100065,12.74100065,0.0,0.0,0.0,0.0,0.0,0.0,12.74100065,0.0
4112,scenario_1,46.1069814,49.931008023299995,0.0,0.0,0.0,0.0,3.824026623299993,0.0,46.1069814,0.0
4113,scenario_1,87.46343775,43.1668671459,0.0,0.0,28.0,16.296570604099998,0.0,0.0,87.46343775,0.0
4114,scenario_1,54.2778422,82.27784220000001,0.0,0.0,0.0,0.0,28.0,0.0,54.27784220000001,7.105427357601002e-15
4115,scenario_1,27.86005149,27.86005149,0.0,0.0,0.0,0.0,0.0,0.0,27.86005149,0.0
4116,scenario_1,30.10473504,41.60059749919876,0.0,0.0,0.0,0.0,11.49586245919876,0.0,30.10473504,0.0
4117,scenario_1,69.04246785,89.98515516959999,0.0,0.0,0.0,0.0,20.942687319599997,0.0,69.04246785,0.0
4118,scenario_1,38.40643493,38.40643493,0.0,0.0,0.0,0.0,0.0,0.0,38.40643493,0.0
4119,scenario_1,15.16373191,43.163731909999996,0.0,0.0,0.0,0.0,28.0,0.0,15.163731909999996,-3.552713678800501e-15
4120,scenario_1,9.186766013,37.186766012999996,0.0,0.0,0.0,0.0,28.0,0.0,9.186766012999996,-3.552713678800501e-15
4121,scenario_1,6.2461346,6.2461346,0.0,0.0,0.0,0.0,0.0,0.0,6.2461346,0.0
4122,scenario_1,7.9185477,1.771109757,0.0,0.0,6.147437943,0.0,0.0,0.0,7.9185476999999995,-8.881784197001252e-16
4123,scenario_1,8.3890791,0.0,0.0,0.0,8.3890791,0.0,0.0,0.0,8.3890791,0.0
4124,scenario_1,8.93966165,0.0,0.0,0.0,8.93966165,0.0,0.0,0.0,8.93966165,0.0
4125,scenario_1,8.62354245,0.0,0.0,0.0,8.62354245,0.0,0.0,0.0,8.62354245,0.0
4126,scenario_1,8.799958233,0.0,0.0,0.0,8.799958233,0.0,0.0,0.0,8.799958233,0.0
4127,scenario_1,6.692124033,0.0,0.0,0.0,6.692124033,0.0,0.0,0.0,6.692124033,0.0
4128,scenario_1,0.409604267,0.0,0.0,0.0,0.409604267,0.0,0.0,0.0,0.409604267,0.0
4129,scenario_1,0.492286533,0.0,0.0,0.0,0.492286533,0.0,0.0,0.0,0.492286533,0.0
4130,scenario_1,0.543736783,0.0,0.0,0.0,0.543736783,0.0,0.0,0.0,0.543736783,0.0
4131,scenario_1,1.55864005,0.0,0.0,0.0,1.55864005,0.0,0.0,0.0,1.55864005,0.0
4132,scenario_1,7.3689753,0.0,0.0,0.0,7.3689753,0.0,0.0,0.0,7.3689753,0.0
4133,scenario_1,7.856411567,0.0,0.0,0.0,7.856411567,0.0,0.0,0.0,7.856411567,0.0
4134,scenario_1,6.22460015,0.0,0.0,0.0,6.22460015,0.0,0.0,0.0,6.22460015,0.0
4135,scenario_1,15.12042535,21.984283737098792,0.0,0.0,0.0,0.0,6.863858387098792,0.0,15.120425350000001,1.7763568394002505e-15
4136,scenario_1,47.67242448,47.67242448,0.0,0.0,0.0,0.0,0.0,0.0,47.67242448,0.0
4137,scenario_1,75.03601477,73.48234753544999,0.0,0.0,1.553667234550005,0.0,0.0,0.0,75.03601477,0.0
4138,scenario_1,60.72854223,60.72854223,0.0,0.0,0.0,0.0,0.0,0.0,60.72854223,0.0
4139,scenario_1,36.23718254,64.23718253999999,0.0,0.0,0.0,0.0,27.999999999999993,0.0,36.23718254,0.0
4140,scenario_1,28.86775563,28.86775563,0.0,0.0,0.0,0.0,0.0,0.0,28.86775563,0.0
4141,scenario_1,70.9616571,70.9616571,0.0,0.0,0.0,0.0,0.0,0.0,70.9616571,0.0
4142,scenario_1,41.29130278,69.29130278,0.0,0.0,0.0,0.0,28.0,0.0,41.291302779999995,-7.105427357601002e-15
4143,scenario_1,21.03627885,49.03627885,0.0,0.0,0.0,0.0,28.0,0.0,21.036278850000002,3.552713678800501e-15
4144,scenario_1,9.326169023,9.326169023,0.0,0.0,0.0,0.0,0.0,0.0,9.326169023,0.0
4145,scenario_1,5.651866067,5.651866067,0.0,0.0,0.0,0.0,0.0,0.0,5.651866067,0.0
4146,scenario_1,8.977729167,2.365428237,0.0,0.0,6.61230093,0.0,0.0,0.0,8.977729167,0.0
4147,scenario_1,9.372661267,0.0,0.0,0.0,0.0,9.372661267,0.0,0.0,9.372661267,0.0
4148,scenario_1,8.3339788,0.0,0.0,0.0,0.0,8.3339788,0.0,0.0,8.3339788,0.0
4149,scenario_1,8.1089108,0.0,0.0,0.0,6.137249932249709,1.971660867750292,0.0,0.0,8.1089108,0.0
4150,scenario_1,8.288142733,0.0,0.0,0.0,8.288142733,0.0,0.0,0.0,8.288142733,0.0
4151,scenario_1,7.109177683,0.0,0.0,0.0,7.109177683,0.0,0.0,0.0,7.109177683,0.0
4152,scenario_1,0.4260029,0.0,0.0,0.0,0.4260029,0.0,0.0,0.0,0.4260029,0.0
4153,scenario_1,0.476168833,0.0,0.0,0.0,0.0,0.476168833,0.0,0.0,0.476168833,0.0
4154,scenario_1,0.531336,0.0,0.0,0.0,0.531336,0.0,0.0,0.0,0.531336,0.0
4155,scenario_1,1.2928696,0.0,0.0,0.0,1.2928696,0.0,0.0,0.0,1.2928696,0.0
4156,scenario_1,7.021936883,0.0,0.0,0.0,0.0,7.021936883,0.0,0.0,7.021936883,0.0
4157,scenario_1,7.44704125,0.0,0.0,0.0,7.44704125,0.0,0.0,0.0,7.44704125,0.0
4158,scenario_1,5.008496567,0.0,0.0,0.0,0.0,5.008496567,0.0,0.0,5.008496567,0.0
4159,scenario_1,9.98369915,3.02782017825,0.0,0.0,6.95587897175,0.0,0.0,0.0,9.98369915,0.0
4160,scenario_1,72.38675732,44.352517684949994,0.0,0.0,28.0,0.03423963504971539,0.0,0.0,72.3867573199997,-2.984279490192421e-13
4161,scenario_1,94.5101232,64.8668189304,0.0,0.0,28.0,1.6433042695999944,0.0,0.0,94.5101232,0.0
4162,scenario_1,59.07269894,81.4245209988,0.0,0.0,0.0,0.0,22.351822058800003,0.0,59.07269894,0.0
4163,scenario_1,28.813058,28.813058,0.0,0.0,0.0,0.0,0.0,0.0,28.813058,0.0
4164,scenario_1,28.92822504,56.92822504,0.0,0.0,0.0,0.0,28.0,0.0,28.92822504,0.0
4165,scenario_1,59.82655021,59.82655021,0.0,0.0,0.0,0.0,0.0,0.0,59.82655021,0.0
4166,scenario_1,24.48749637,52.465851774944454,0.0,0.0,0.0,0.0,27.97835540494445,0.0,24.487496370000006,7.105427357601002e-15
4167,scenario_1,16.12785927,44.12785927,0.0,0.0,0.0,0.0,28.0,0.0,16.127859270000002,3.552713678800501e-15
4168,scenario_1,10.41125026,10.41125026,0.0,0.0,0.0,0.0,0.0,0.0,10.41125026,0.0
4169,scenario_1,6.047035867,24.1613028477,0.0,0.0,0.0,0.0,18.114266980700002,0.0,6.047035866999998,-1.7763568394002505e-15
4170,scenario_1,5.487746617,2.1321030861,0.0,0.0,3.3556435309,0.0,0.0,0.0,5.487746617,0.0
4171,scenario_1,8.56406075,0.0,0.0,0.0,8.56406075,0.0,0.0,0.0,8.56406075,0.0
4172,scenario_1,8.755442433,0.0,0.0,0.0,8.755442433,0.0,0.0,0.0,8.755442433,0.0
4173,scenario_1,7.903341167,0.0,0.0,0.0,0.0,7.903341167,0.0,0.0,7.903341167,0.0
4174,scenario_1,7.5947076,0.0,0.0,0.0,7.098280416500007,0.4964271834999927,0.0,0.0,7.5947076,0.0
4175,scenario_1,6.613822767,0.0,0.0,0.0,6.613822767,0.0,0.0,0.0,6.613822767,0.0
4176,scenario_1,0.441252633,0.0,0.0,0.0,0.441252633,0.0,0.0,0.0,0.441252633,0.0
4177,scenario_1,0.4807359,0.0,0.0,0.0,0.4807359,0.0,0.0,0.0,0.4807359,0.0
4178,scenario_1,0.563071133,0.0,0.0,0.0,0.0,0.563071133,0.0,0.0,0.563071133,0.0
4179,scenario_1,0.852089333,0.0,0.0,0.0,0.852089333,0.0,0.0,0.0,0.852089333,0.0
4180,scenario_1,6.745207867,0.0,0.0,0.0,6.745207867,0.0,0.0,0.0,6.745207867,0.0
4181,scenario_1,7.196576033,0.0,0.0,0.0,7.196576033,0.0,0.0,0.0,7.196576033,0.0
4182,scenario_1,4.451164067,0.0,0.0,0.0,4.451164067,0.0,0.0,0.0,4.451164067,0.0
4183,scenario_1,13.45863527,10.866143913749998,0.0,0.0,0.0,2.5924913562500027,0.0,0.0,13.45863527,0.0
4184,scenario_1,62.26481534,51.959894229750006,0.0,0.0,0.0,10.304921110249992,0.0,0.0,62.26481534,0.0
4185,scenario_1,82.18266816,28.2666097095,0.0,0.0,28.0,25.916058450500007,0.0,0.0,82.18266816,0.0
4186,scenario_1,80.21813279,61.9724085204,0.0,0.0,18.245724269599997,0.0,0.0,0.0,80.21813279,0.0
4187,scenario_1,38.72239803,66.72239803,0.0,0.0,0.0,0.0,28.0,0.0,38.722398029999994,-7.105427357601002e-15
4188,scenario_1,29.73588132,57.735881320000004,0.0,0.0,0.0,0.0,28.0,0.0,29.735881320000004,3.552713678800501e-15
4189,scenario_1,55.71533507,55.71533507,0.0,0.0,0.0,0.0,0.0,0.0,55.71533507,0.0
4190,scenario_1,20.16254181,20.16254181,0.0,0.0,0.0,0.0,0.0,0.0,20.16254181,0.0
4191,scenario_1,18.59680828,46.596808280000005,0.0,0.0,0.0,0.0,28.0,0.0,18.596808280000005,3.552713678800501e-15
4192,scenario_1,12.80421071,12.80421071,0.0,0.0,0.0,0.0,0.0,0.0,12.80421071,0.0
4193,scenario_1,7.665888783,30.2449213692,0.0,0.0,0.0,0.0,22.5790325862,0.0,7.665888783,0.0
4194,scenario_1,8.771266317,2.2392191391,0.0,0.0,6.532047177900001,0.0,0.0,0.0,8.771266317,0.0
4195,scenario_1,8.865330183,0.0,0.0,0.0,8.865330183,0.0,0.0,0.0,8.865330183,0.0
4196,scenario_1,8.499545717,0.0,0.0,0.0,8.499545717,0.0,0.0,0.0,8.499545717,0.0
4197,scenario_1,8.046644283,0.0,0.0,0.0,8.046644283,0.0,0.0,0.0,8.046644283,0.0
4198,scenario_1,7.545643483,0.0,0.0,0.0,7.545643483,0.0,0.0,0.0,7.545643483,0.0
4199,scenario_1,6.394027167,0.0,0.0,0.0,6.394027167,0.0,0.0,0.0,6.394027167,0.0
4200,scenario_1,0.42740305,0.0,0.0,0.0,0.42740305,0.0,0.0,0.0,0.42740305,0.0
4201,scenario_1,0.489002433,0.0,0.0,0.0,0.489002433,0.0,0.0,0.0,0.489002433,0.0
4202,scenario_1,0.494104267,0.0,0.0,0.0,0.494104267,0.0,0.0,0.0,0.494104267,0.0
4203,scenario_1,1.1180741,0.0,0.0,0.0,1.1180741,0.0,0.0,0.0,1.1180741,0.0
4204,scenario_1,6.8757569,0.0,0.0,0.0,6.8757569,0.0,0.0,0.0,6.8757569,0.0
4205,scenario_1,7.275342667,0.0,0.0,0.0,7.275342667,0.0,0.0,0.0,7.275342667,0.0
4206,scenario_1,3.338879867,0.0,0.0,0.0,3.338879867,0.0,0.0,0.0,3.338879867,0.0
4207,scenario_1,13.97102856,24.288244426949998,0.0,0.0,0.0,0.0,10.317215866949997,0.0,13.97102856,0.0
4208,scenario_1,60.46052775,51.96479255325,0.0,0.0,8.495735196749997,0.0,0.0,0.0,60.46052775,0.0
4209,scenario_1,91.47460466,73.3272579369,0.0,0.0,18.1473467231,0.0,0.0,0.0,91.47460466,0.0
4210,scenario_1,54.14398926,82.14398926,0.0,0.0,0.0,0.0,28.0,0.0,54.14398926,0.0
4211,scenario_1,26.13730668,35.47393074028268,0.0,0.0,0.0,0.0,9.336624060282679,0.0,26.137306680000002,3.552713678800501e-15
4212,scenario_1,28.15930972,28.15930972,0.0,0.0,0.0,0.0,0.0,0.0,28.15930972,0.0
4213,scenario_1,67.76151492,95.76151492,0.0,0.0,0.0,0.0,28.0,0.0,67.76151492,0.0
4214,scenario_1,35.3058097,35.3058097,0.0,0.0,0.0,0.0,0.0,0.0,35.3058097,0.0
4215,scenario_1,18.64714471,46.64714471,0.0,0.0,0.0,0.0,28.0,0.0,18.64714471,0.0
4216,scenario_1,11.55610314,11.55610314,0.0,0.0,0.0,0.0,0.0,0.0,11.55610314,0.0
4217,scenario_1,6.00304793,28.101978000299997,0.0,0.0,0.0,0.0,22.098930070299996,0.0,6.003047930000001,8.881784197001252e-16
4218,scenario_1,5.760747333,2.2381058949,0.0,0.0,3.5226414381000004,0.0,0.0,0.0,5.760747333,0.0
4219,scenario_1,8.541678483,0.0,0.0,0.0,8.541678483,0.0,0.0,0.0,8.541678483,0.0
4220,scenario_1,8.4476613,0.0,0.0,0.0,8.4476613,0.0,0.0,0.0,8.4476613,0.0
4221,scenario_1,7.721277267,0.0,0.0,0.0,7.721277267,0.0,0.0,0.0,7.721277267,0.0
4222,scenario_1,7.3710932,0.0,0.0,0.0,7.3710932,0.0,0.0,0.0,7.3710932,0.0
4223,scenario_1,5.34999375,0.0,0.0,0.0,5.34999375,0.0,0.0,0.0,5.34999375,0.0
4224,scenario_1,0.455302583,0.0,0.0,0.0,0.455302583,0.0,0.0,0.0,0.455302583,0.0
4225,scenario_1,0.488035,0.0,0.0,0.0,0.488035,0.0,0.0,0.0,0.488035,0.0
4226,scenario_1,0.498701417,0.0,0.0,0.0,0.498701417,0.0,0.0,0.0,0.498701417,0.0
4227,scenario_1,1.4687206,0.0,0.0,0.0,1.4687206,0.0,0.0,0.0,1.4687206,0.0
4228,scenario_1,6.8778215,0.0,0.0,0.0,6.8778215,0.0,0.0,0.0,6.8778215,0.0
4229,scenario_1,6.864841933,0.0,0.0,0.0,6.864841933,0.0,0.0,0.0,6.864841933,0.0
4230,scenario_1,2.1653761,0.0,0.0,0.0,2.1653761,0.0,0.0,0.0,2.1653761,0.0
4231,scenario_1,2.509360233,22.49900633865,0.0,0.0,0.0,0.0,19.98964610565,0.0,2.509360232999999,-1.3322676295501878e-15
4232,scenario_1,33.75271171,33.75271171,0.0,0.0,0.0,0.0,0.0,0.0,33.75271171,0.0
4233,scenario_1,41.33160647,38.324537108550004,0.0,0.0,3.007069361449993,0.0,0.0,0.0,41.33160647,0.0
4234,scenario_1,50.89463524,36.295292198249996,0.0,0.0,14.599343041750004,0.0,0.0,0.0,50.89463524,0.0
4235,scenario_1,10.95747818,38.95747818,0.0,0.0,0.0,0.0,28.0,0.0,10.957478180000003,1.7763568394002505e-15
4236,scenario_1,6.313628667,34.313628667,0.0,0.0,0.0,0.0,28.0,0.0,6.313628667000003,3.552713678800501e-15
4237,scenario_1,45.17911749,45.17911749,0.0,0.0,0.0,0.0,0.0,0.0,45.17911749,0.0
4238,scenario_1,32.83435184,31.13841859065,0.0,0.0,1.695933249349995,0.0,0.0,0.0,32.83435184,0.0
4239,scenario_1,4.090147778,32.090147778,0.0,0.0,0.0,0.0,28.0,0.0,4.090147778000002,1.7763568394002505e-15
4240,scenario_1,3.483685594,3.483685594,0.0,0.0,0.0,0.0,0.0,0.0,3.483685594,0.0
4241,scenario_1,4.757794715,4.757794715,0.0,0.0,0.0,0.0,0.0,0.0,4.757794715,0.0
4242,scenario_1,6.325027183,2.3711080618500002,0.0,0.0,3.95391912115,0.0,0.0,0.0,6.325027183,0.0
4243,scenario_1,8.68387485,0.0,0.0,0.0,8.68387485,0.0,0.0,0.0,8.68387485,0.0
4244,scenario_1,8.1905448,0.0,0.0,0.0,8.1905448,0.0,0.0,0.0,8.1905448,0.0
4245,scenario_1,7.92437745,0.0,0.0,0.0,7.92437745,0.0,0.0,0.0,7.92437745,0.0
4246,scenario_1,7.507525517,0.0,0.0,0.0,7.507525517,0.0,0.0,0.0,7.507525517,0.0
4247,scenario_1,5.114225217,0.0,0.0,0.0,5.114225217,0.0,0.0,0.0,5.114225217,0.0
4248,scenario_1,0.427720733,0.0,0.0,0.0,0.427720733,0.0,0.0,0.0,0.427720733,0.0
4249,scenario_1,0.48050205,0.0,0.0,0.0,0.48050205,0.0,0.0,0.0,0.48050205,0.0
4250,scenario_1,0.528503117,0.0,0.0,0.0,0.528503117,0.0,0.0,0.0,0.528503117,0.0
4251,scenario_1,1.19567065,0.0,0.0,0.0,1.19567065,0.0,0.0,0.0,1.19567065,0.0
4252,scenario_1,7.073756833,0.0,0.0,0.0,7.073756833,0.0,0.0,0.0,7.073756833,0.0
4253,scenario_1,7.613190767,0.0,0.0,0.0,7.613190767,0.0,0.0,0.0,7.613190767,0.0
4254,scenario_1,2.252991483,0.0,0.0,0.0,2.252991483,0.0,0.0,0.0,2.252991483,0.0
4255,scenario_1,5.765636433,11.1039074197284,0.0,0.0,0.0,0.0,5.338270986728399,0.0,5.765636433,0.0
4256,scenario_1,43.60924014,17.995262465849997,0.0,0.0,25.61397767415,0.0,0.0,0.0,43.60924014,0.0
4257,scenario_1,59.63878203,41.07556279305,0.0,0.0,18.563219236950005,0.0,0.0,0.0,59.63878203,0.0
4258,scenario_1,39.5458054,67.5458054,0.0,0.0,0.0,0.0,28.0,0.0,39.545805400000006,7.105427357601002e-15
4259,scenario_1,8.572278016,8.572278016,0.0,0.0,0.0,0.0,0.0,0.0,8.572278016,0.0
4260,scenario_1,4.18667575,4.18667575,0.0,0.0,0.0,0.0,0.0,0.0,4.18667575,0.0
4261,scenario_1,44.19631567,44.19631567,0.0,0.0,0.0,0.0,0.0,0.0,44.19631567,0.0
4262,scenario_1,20.83456911,36.947158074899995,0.0,0.0,0.0,0.0,16.112588964899995,0.0,20.83456911,0.0
4263,scenario_1,5.025013673,23.85972984004941,0.0,0.0,0.0,0.0,18.83471616704941,0.0,5.025013673,0.0
4264,scenario_1,4.792663173,32.792663173,0.0,0.0,0.0,0.0,28.0,0.0,4.792663173000001,8.881784197001252e-16
4265,scenario_1,5.885874267,26.1598810911,0.0,0.0,0.0,0.0,20.2740068241,0.0,5.885874267000002,1.7763568394002505e-15
4266,scenario_1,7.6839253,2.2542922989,0.0,0.0,5.429633001100001,0.0,0.0,0.0,7.6839253,0.0
4267,scenario_1,7.962993883,0.0,0.0,0.0,7.962993883,0.0,0.0,0.0,7.962993883,0.0
4268,scenario_1,7.996808133,0.0,0.0,0.0,7.996808133,0.0,0.0,0.0,7.996808133,0.0
4269,scenario_1,7.564875817,0.0,0.0,0.0,7.564875817,0.0,0.0,0.0,7.564875817,0.0
4270,scenario_1,7.3949397,0.0,0.0,0.0,7.3949397,0.0,0.0,0.0,7.3949397,0.0
4271,scenario_1,6.449757483,0.0,0.0,0.0,6.449757483,0.0,0.0,0.0,6.449757483,0.0
4272,scenario_1,0.444235933,0.0,0.0,0.0,0.444235933,0.0,0.0,0.0,0.444235933,0.0
4273,scenario_1,0.492335517,0.0,0.0,0.0,0.492335517,0.0,0.0,0.0,0.492335517,0.0
4274,scenario_1,0.564003133,0.0,0.0,0.0,0.564003133,0.0,0.0,0.0,0.564003133,0.0
4275,scenario_1,1.232304517,0.0,0.0,0.0,1.232304517,0.0,0.0,0.0,1.232304517,0.0
4276,scenario_1,6.840975217,0.0,0.0,0.0,6.840975217,0.0,0.0,0.0,6.840975217,0.0
4277,scenario_1,8.154977733,0.0,0.0,0.0,8.154977733,0.0,0.0,0.0,8.154977733,0.0
4278,scenario_1,5.117645317,0.0,0.0,0.0,5.117645317,0.0,0.0,0.0,5.117645317,0.0
4279,scenario_1,16.64082268,11.880436954499999,0.0,0.0,4.760385725500001,0.0,0.0,0.0,16.64082268,0.0
4280,scenario_1,39.84826038,27.69164003625,0.0,0.0,12.15662034375,0.0,0.0,0.0,39.84826038,0.0
4281,scenario_1,78.42240322,70.89563198895,0.0,0.0,7.526771231050006,0.0,0.0,0.0,78.42240322,0.0
4282,scenario_1,57.83210045,85.83210045,0.0,0.0,0.0,0.0,28.0,0.0,57.83210045,0.0
4283,scenario_1,34.94121573,62.94121573,0.0,0.0,0.0,0.0,28.0,0.0,34.94121573,0.0
4284,scenario_1,35.8883701,35.8883701,0.0,0.0,0.0,0.0,0.0,0.0,35.8883701,0.0
4285,scenario_1,77.79025394,98.50327613265,0.0,0.0,0.0,0.0,20.71302219265,0.0,77.79025394,0.0
4286,scenario_1,33.63195143,33.63195143,0.0,0.0,0.0,0.0,0.0,0.0,33.63195143,0.0
4287,scenario_1,16.26145393,44.26145393,0.0,0.0,0.0,0.0,28.0,0.0,16.261453930000002,3.552713678800501e-15
4288,scenario_1,10.56731897,15.968140437994442,0.0,0.0,0.0,0.0,5.400821467994443,0.0,10.567318969999999,-1.7763568394002505e-15
4289,scenario_1,7.157288765,21.4878895488,0.0,0.0,0.0,0.0,14.330600783799998,0.0,7.1572887650000006,8.881784197001252e-16
4290,scenario_1,8.49332945,2.2595166053999995,0.0,0.0,6.233812844599999,0.0,0.0,0.0,8.49332945,0.0
4291,scenario_1,9.14827885,0.0,0.0,0.0,9.14827885,0.0,0.0,0.0,9.14827885,0.0
4292,scenario_1,8.92972825,0.0,0.0,0.0,8.92972825,0.0,0.0,0.0,8.92972825,0.0
4293,scenario_1,8.586309117,0.0,0.0,0.0,8.586309117,0.0,0.0,0.0,8.586309117,0.0
4294,scenario_1,8.226674133,0.0,0.0,0.0,8.226674133,0.0,0.0,0.0,8.226674133,0.0
4295,scenario_1,7.39139105,0.0,0.0,0.0,7.39139105,0.0,0.0,0.0,7.39139105,0.0
4296,scenario_1,0.422403833,0.0,0.0,0.0,0.422403833,0.0,0.0,0.0,0.422403833,0.0
4297,scenario_1,0.465669133,0.0,0.0,0.0,0.465669133,0.0,0.0,0.0,0.465669133,0.0
4298,scenario_1,0.537087283,0.0,0.0,0.0,0.537087283,0.0,0.0,0.0,0.537087283,0.0
4299,scenario_1,1.179390117,0.0,0.0,0.0,1.179390117,0.0,0.0,0.0,1.179390117,0.0
4300,scenario_1,6.9686258,0.0,0.0,0.0,6.9686258,0.0,0.0,0.0,6.9686258,0.0
4301,scenario_1,7.460761933,0.0,0.0,0.0,7.460761933,0.0,0.0,0.0,7.460761933,0.0
4302,scenario_1,4.521697033,0.0,0.0,0.0,4.521697033,0.0,0.0,0.0,4.521697033,0.0
4303,scenario_1,10.37602543,17.852027373899997,0.0,0.0,0.0,0.0,7.4760019438999965,0.0,10.37602543,0.0
4304,scenario_1,59.47193314,7.738778086199999,0.0,0.0,16.994702502559026,34.73845255124097,0.0,0.0,59.47193313999999,-7.105427357601002e-15
4305,scenario_1,73.78234056,53.99331086459999,0.0,0.0,19.789029695400004,0.0,0.0,0.0,73.78234056,0.0
4306,scenario_1,55.51142048,79.9187150799,0.0,0.0,0.0,0.0,24.4072945999,0.0,55.51142048,0.0
4307,scenario_1,37.1450544,37.1450544,0.0,0.0,0.0,0.0,0.0,0.0,37.1450544,0.0
4308,scenario_1,27.94591037,52.385465665744476,0.0,0.0,0.0,0.0,24.439555295744476,0.0,27.94591037,0.0
4309,scenario_1,68.39052185,72.52429158675,0.0,0.0,0.0,0.0,4.133769736749997,0.0,68.39052185,0.0
4310,scenario_1,46.72353907,59.25270588059999,0.0,0.0,0.0,0.0,12.529166810599989,0.0,46.72353907,0.0
4311,scenario_1,22.23440858,50.23440858,0.0,0.0,0.0,0.0,28.0,0.0,22.23440858,0.0
4312,scenario_1,10.12033206,38.12033206,0.0,0.0,0.0,0.0,28.0,0.0,10.120332060000003,1.7763568394002505e-15
4313,scenario_1,7.357740391,10.29239839245,0.0,0.0,0.0,0.0,2.93465800145,0.0,7.357740391,0.0
4314,scenario_1,8.648045933,1.7888909041499998,0.0,0.0,6.859155028850001,0.0,0.0,0.0,8.648045933,0.0
4315,scenario_1,9.425192733,0.0,0.0,0.0,9.425192733,0.0,0.0,0.0,9.425192733,0.0
4316,scenario_1,9.3665246,0.0,0.0,0.0,9.3665246,0.0,0.0,0.0,9.3665246,0.0
4317,scenario_1,8.356507783,0.0,0.0,0.0,0.0,8.356507783,0.0,0.0,8.356507783,0.0
4318,scenario_1,7.787823833,0.0,0.0,0.0,7.787823833,0.0,0.0,0.0,7.787823833,0.0
4319,scenario_1,6.102041617,0.0,0.0,0.0,3.2811042892125086,2.820937327787491,0.0,0.0,6.102041616999999,-8.881784197001252e-16
4320,scenario_1,0.439803517,0.0,0.0,0.0,0.439803517,0.0,0.0,0.0,0.439803517,0.0
4321,scenario_1,0.48460185,0.0,0.0,0.0,0.0,0.48460185,0.0,0.0,0.48460185,0.0
4322,scenario_1,0.483701983,0.0,0.0,0.0,0.483701983,0.0,0.0,0.0,0.483701983,0.0
4323,scenario_1,0.841404617,0.0,0.0,0.0,0.0,0.841404617,0.0,0.0,0.841404617,0.0
4324,scenario_1,7.0850057,0.0,0.0,0.0,7.0850057,0.0,0.0,0.0,7.0850057,0.0
4325,scenario_1,7.14260845,0.0,0.0,0.0,7.14260845,0.0,0.0,0.0,7.14260845,0.0
4326,scenario_1,3.157964083,0.0,0.0,0.0,3.157964083,0.0,0.0,0.0,3.157964083,0.0
4327,scenario_1,8.380123867,19.421370443249998,0.0,0.0,0.0,0.0,11.041246576249998,0.0,8.380123867,0.0
4328,scenario_1,66.2457371,39.531211590299996,0.0,0.0,26.714525509700003,0.0,0.0,0.0,66.2457371,0.0
4329,scenario_1,85.4706527,51.441034686749994,0.0,0.0,28.0,6.029618013250008,0.0,0.0,85.47065269999999,-1.4210854715202004e-14
4330,scenario_1,54.70356616,54.70356616,0.0,0.0,0.0,0.0,0.0,0.0,54.70356616,0.0
4331,scenario_1,30.83623254,58.83623254,0.0,0.0,0.0,0.0,28.0,0.0,30.836232539999997,-3.552713678800501e-15
4332,scenario_1,32.55706823,32.55706823,0.0,0.0,0.0,0.0,0.0,0.0,32.55706823,0.0
4333,scenario_1,64.11484844,92.11484844,0.0,0.0,0.0,0.0,28.0,0.0,64.11484844,0.0
4334,scenario_1,44.38996316,44.38996316,0.0,0.0,0.0,0.0,0.0,0.0,44.38996316,0.0
4335,scenario_1,19.47127809,47.47127809,0.0,0.0,0.0,0.0,28.0,0.0,19.47127809,0.0
4336,scenario_1,11.4311835,30.6716323809,0.0,0.0,0.0,0.0,19.2404488809,0.0,11.4311835,0.0
4337,scenario_1,9.639228337,20.1551999658,0.0,0.0,0.0,0.0,10.515971628800001,0.0,9.639228337,0.0
4338,scenario_1,9.2581786,2.24863992525,0.0,0.0,7.009538674750001,0.0,0.0,0.0,9.2581786,0.0
4339,scenario_1,11.10007762,0.0,0.0,0.0,11.10007762,0.0,0.0,0.0,11.10007762,0.0
4340,scenario_1,8.571445733,0.0,0.0,0.0,8.571445733,0.0,0.0,0.0,8.571445733,0.0
4341,scenario_1,7.7041926,0.0,0.0,0.0,7.7041926,0.0,0.0,0.0,7.7041926,0.0
4342,scenario_1,7.641823467,0.0,0.0,0.0,7.641823467,0.0,0.0,0.0,7.641823467,0.0
4343,scenario_1,6.70655875,0.0,0.0,0.0,6.70655875,0.0,0.0,0.0,6.70655875,0.0
4344,scenario_1,0.4512198,0.0,0.0,0.0,0.4512198,0.0,0.0,0.0,0.4512198,0.0
4345,scenario_1,0.519251383,0.0,0.0,0.0,0.519251383,0.0,0.0,0.0,0.519251383,0.0
4346,scenario_1,0.553735633,0.0,0.0,0.0,0.553735633,0.0,0.0,0.0,0.553735633,0.0
4347,scenario_1,0.968139633,0.0,0.0,0.0,0.968139633,0.0,0.0,0.0,0.968139633,0.0
4348,scenario_1,6.689257883,0.0,0.0,0.0,6.689257883,0.0,0.0,0.0,6.689257883,0.0
4349,scenario_1,6.982478333,0.0,0.0,0.0,6.982478333,0.0,0.0,0.0,6.982478333,0.0
4350,scenario_1,2.308482133,0.0,0.0,0.0,2.308482133,0.0,0.0,0.0,2.308482133,0.0
4351,scenario_1,7.78250915,5.0805288792,0.0,0.0,2.7019802708,0.0,0.0,0.0,7.78250915,0.0
4352,scenario_1,55.79054692,38.57768717295,0.0,0.0,17.212859747049997,0.0,0.0,0.0,55.79054692,0.0
4353,scenario_1,54.83378148,54.65731801485,0.0,0.0,0.17646346515000033,0.0,0.0,0.0,54.83378148,0.0
4354,scenario_1,69.84206298,69.84206298,0.0,0.0,0.0,0.0,0.0,0.0,69.84206298,0.0
4355,scenario_1,34.32873281,62.32873281,0.0,0.0,0.0,0.0,28.0,0.0,34.32873281,0.0
4356,scenario_1,34.49025383,34.49025383,0.0,0.0,0.0,0.0,0.0,0.0,34.49025383,0.0
4357,scenario_1,75.0280905,75.0280905,0.0,0.0,0.0,0.0,0.0,0.0,75.0280905,0.0
4358,scenario_1,43.33018096,56.49738148270554,0.0,0.0,0.0,0.0,13.167200522705542,0.0,43.33018096,0.0
4359,scenario_1,17.37186338,45.37186338,0.0,0.0,0.0,0.0,28.0,0.0,17.37186338,0.0
4360,scenario_1,10.58326026,38.58326026,0.0,0.0,0.0,0.0,28.0,0.0,10.583260260000003,3.552713678800501e-15
4361,scenario_1,8.188829113,29.484350211149998,0.0,0.0,0.0,0.0,21.295521098149997,0.0,8.188829113,0.0
4362,scenario_1,8.454543817,2.7193753087499997,0.0,0.0,5.73516850825,0.0,0.0,0.0,8.454543817,0.0
4363,scenario_1,9.407961783,0.0,0.0,0.0,9.407961783,0.0,0.0,0.0,9.407961783,0.0
4364,scenario_1,8.61394575,0.0,0.0,0.0,8.61394575,0.0,0.0,0.0,8.61394575,0.0
4365,scenario_1,7.707311167,0.0,0.0,0.0,7.707311167,0.0,0.0,0.0,7.707311167,0.0
4366,scenario_1,7.69260785,0.0,0.0,0.0,7.69260785,0.0,0.0,0.0,7.69260785,0.0
4367,scenario_1,6.8555434,0.0,0.0,0.0,6.8555434,0.0,0.0,0.0,6.8555434,0.0
4368,scenario_1,0.44480355,0.0,0.0,0.0,0.44480355,0.0,0.0,0.0,0.44480355,0.0
4369,scenario_1,0.46500345,0.0,0.0,0.0,0.46500345,0.0,0.0,0.0,0.46500345,0.0
4370,scenario_1,0.595554667,0.0,0.0,0.0,0.595554667,0.0,0.0,0.0,0.595554667,0.0
4371,scenario_1,1.264605467,0.0,0.0,0.0,1.264605467,0.0,0.0,0.0,1.264605467,0.0
4372,scenario_1,7.286557517,0.0,0.0,0.0,7.286557517,0.0,0.0,0.0,7.286557517,0.0
4373,scenario_1,7.6789414,0.0,0.0,0.0,7.6789414,0.0,0.0,0.0,7.6789414,0.0
4374,scenario_1,5.736929817,0.0,0.0,0.0,5.736929817,0.0,0.0,0.0,5.736929817,0.0
4375,scenario_1,14.53224172,15.655239334049998,0.0,0.0,0.0,0.0,1.1229976140499982,0.0,14.53224172,0.0
4376,scenario_1,53.67766795,43.04515146629999,0.0,0.0,10.632516483700009,0.0,0.0,0.0,53.67766795,0.0
4377,scenario_1,78.56569662,66.3756275694,0.0,0.0,12.190069050600002,0.0,0.0,0.0,78.56569662,0.0
4378,scenario_1,66.75000751,82.33598650125,0.0,0.0,0.0,0.0,15.585978991250002,0.0,66.75000751,0.0
4379,scenario_1,42.38494493,70.38494493,0.0,0.0,0.0,0.0,28.0,0.0,42.38494493,0.0
4380,scenario_1,22.09075337,50.09075337,0.0,0.0,0.0,0.0,28.0,0.0,22.09075337,0.0
4381,scenario_1,72.86254353,47.9943378732,0.0,0.0,24.868205656799994,0.0,0.0,0.0,72.86254353,0.0
4382,scenario_1,35.64553523,35.64553523,0.0,0.0,0.0,0.0,0.0,0.0,35.64553523,0.0
4383,scenario_1,15.74331207,43.74331207,0.0,0.0,0.0,0.0,28.0,0.0,15.743312070000002,1.7763568394002505e-15
4384,scenario_1,9.774000765,37.774000765,0.0,0.0,0.0,0.0,28.0,0.0,9.774000764999997,-3.552713678800501e-15
4385,scenario_1,9.1509701,25.103383022292597,0.0,0.0,0.0,0.0,15.952412922292593,0.0,9.150970100000004,3.552713678800501e-15
4386,scenario_1,9.5657955,2.1318413193,0.0,0.0,7.433954180700001,0.0,0.0,0.0,9.5657955,0.0
4387,scenario_1,8.955243667,0.0,0.0,0.0,8.955243667,0.0,0.0,0.0,8.955243667,0.0
4388,scenario_1,8.822592883,0.0,0.0,0.0,8.822592883,0.0,0.0,0.0,8.822592883,0.0
4389,scenario_1,8.3132093,0.0,0.0,0.0,8.3132093,0.0,0.0,0.0,8.3132093,0.0
4390,scenario_1,8.2782062,0.0,0.0,0.0,8.2782062,0.0,0.0,0.0,8.2782062,0.0
4391,scenario_1,7.038643283,0.0,0.0,0.0,7.038643283,0.0,0.0,0.0,7.038643283,0.0
4392,scenario_1,0.4314029,0.0,0.0,0.0,0.4314029,0.0,0.0,0.0,0.4314029,0.0
4393,scenario_1,0.485902333,0.0,0.0,0.0,0.485902333,0.0,0.0,0.0,0.485902333,0.0
4394,scenario_1,0.583118833,0.0,0.0,0.0,0.583118833,0.0,0.0,0.0,0.583118833,0.0
4395,scenario_1,1.29915255,0.0,0.0,0.0,1.29915255,0.0,0.0,0.0,1.29915255,0.0
4396,scenario_1,7.643070667,0.0,0.0,0.0,7.643070667,0.0,0.0,0.0,7.643070667,0.0
4397,scenario_1,7.680071367,0.0,0.0,0.0,7.680071367,0.0,0.0,0.0,7.680071367,0.0
4398,scenario_1,3.8121731,0.0,0.0,0.0,3.325371624499997,0.48680147550000274,0.0,0.0,3.8121731,0.0
4399,scenario_1,5.884764856,3.40802787675,0.0,0.0,2.4767369792500005,0.0,0.0,0.0,5.884764856,0.0
4400,scenario_1,20.98555654,5.92645733775,0.0,0.0,15.059099202250001,0.0,0.0,0.0,20.98555654,0.0
4401,scenario_1,36.98295703,24.0087329997,0.0,0.0,12.9742240303,0.0,0.0,0.0,36.98295703,0.0
4402,scenario_1,44.68428106,49.3682844039,0.0,0.0,0.0,0.0,4.684003343899995,0.0,44.68428106,0.0
4403,scenario_1,22.88913195,37.2896056674,0.0,0.0,0.0,0.0,14.400473717399997,0.0,22.88913195,0.0
4404,scenario_1,5.023954837,33.023954837,0.0,0.0,0.0,0.0,28.0,0.0,5.023954836999998,-1.7763568394002505e-15
4405,scenario_1,54.12764658,54.12764658,0.0,0.0,0.0,0.0,0.0,0.0,54.12764658,0.0
4406,scenario_1,33.19488858,47.723774556749994,0.0,0.0,0.0,0.0,14.528885976749997,0.0,33.19488858,0.0
4407,scenario_1,3.540339942,31.540339942,0.0,0.0,0.0,0.0,28.0,0.0,3.5403399419999992,-8.881784197001252e-16
4408,scenario_1,3.476171522,30.201732175649997,0.0,0.0,0.0,0.0,26.725560653649996,0.0,3.4761715220000013,1.3322676295501878e-15
4409,scenario_1,4.976878667,13.082399419744473,0.0,0.0,0.0,0.0,8.105520752744471,0.0,4.976878667000001,8.881784197001252e-16
4410,scenario_1,7.95034255,0.7148603756999999,0.0,0.0,0.0,7.2354821743,0.0,0.0,7.95034255,0.0
4411,scenario_1,8.653024817,0.0,0.0,0.0,8.653024817,0.0,0.0,0.0,8.653024817,0.0
4412,scenario_1,7.6131938,0.0,0.0,0.0,0.26136239219997887,7.351831407800021,0.0,0.0,7.6131938,0.0
4413,scenario_1,7.343059767,0.0,0.0,0.0,7.343059767,0.0,0.0,0.0,7.343059767,0.0
4414,scenario_1,7.52612475,0.0,0.0,0.0,7.52612475,0.0,0.0,0.0,7.52612475,0.0
4415,scenario_1,6.75545725,0.0,0.0,0.0,6.75545725,0.0,0.0,0.0,6.75545725,0.0
4416,scenario_1,0.438587767,0.0,0.0,0.0,0.438587767,0.0,0.0,0.0,0.438587767,0.0
4417,scenario_1,0.477203233,0.0,0.0,0.0,0.0,0.477203233,0.0,0.0,0.477203233,0.0
4418,scenario_1,0.482786417,0.0,0.0,0.0,0.0,0.482786417,0.0,0.0,0.482786417,0.0
4419,scenario_1,1.505187383,0.0,0.0,0.0,1.505187383,0.0,0.0,0.0,1.505187383,0.0
4420,scenario_1,7.0170734,0.0,0.0,0.0,7.0170734,0.0,0.0,0.0,7.0170734,0.0
4421,scenario_1,7.9256397,0.0,0.0,0.0,7.9256397,0.0,0.0,0.0,7.9256397,0.0
4422,scenario_1,3.320877283,0.0,0.0,0.0,3.320877283,0.0,0.0,0.0,3.320877283,0.0
4423,scenario_1,11.1271533,1.70587430865,0.0,0.0,9.42127899135,0.0,0.0,0.0,11.1271533,0.0
4424,scenario_1,22.0279361,9.39560960055,0.0,0.0,12.632326499450002,0.0,0.0,0.0,22.0279361,0.0
4425,scenario_1,50.52574072,12.093535718099998,0.0,0.0,0.0,38.4322050019,0.0,0.0,50.52574072,0.0
4426,scenario_1,50.42410558,0.0,0.0,0.0,28.0,22.424105580000003,0.0,0.0,50.42410558,0.0
4427,scenario_1,11.00820807,34.74323713484999,0.0,0.0,0.0,0.0,23.73502906484999,0.0,11.008208070000002,1.7763568394002505e-15
4428,scenario_1,6.946299772,34.946299772,0.0,0.0,0.0,0.0,28.0,0.0,6.946299772000003,3.552713678800501e-15
4429,scenario_1,30.33812317,58.33812317,0.0,0.0,0.0,0.0,28.0,0.0,30.338123170000003,3.552713678800501e-15
4430,scenario_1,28.36564887,28.36564887,0.0,0.0,0.0,0.0,0.0,0.0,28.36564887,0.0
4431,scenario_1,6.607920325,6.607920325,0.0,0.0,0.0,0.0,0.0,0.0,6.607920325,0.0
4432,scenario_1,3.815640288,31.815640288,0.0,0.0,0.0,0.0,28.0,0.0,3.815640288000001,8.881784197001252e-16
4433,scenario_1,3.34764265,11.1250961079,0.0,0.0,0.0,0.0,7.777453457899999,0.0,3.34764265,0.0
4434,scenario_1,5.936860467,2.2627606264499995,0.0,0.0,3.6740998405500003,0.0,0.0,0.0,5.936860467,0.0
4435,scenario_1,9.10156095,0.0,0.0,0.0,9.10156095,0.0,0.0,0.0,9.10156095,0.0
4436,scenario_1,7.58156045,0.0,0.0,0.0,7.58156045,0.0,0.0,0.0,7.58156045,0.0
4437,scenario_1,7.627392333,0.0,0.0,0.0,7.627392333,0.0,0.0,0.0,7.627392333,0.0
4438,scenario_1,7.4099936,0.0,0.0,0.0,7.4099936,0.0,0.0,0.0,7.4099936,0.0
4439,scenario_1,6.711410433,0.0,0.0,0.0,6.711410433,0.0,0.0,0.0,6.711410433,0.0
4440,scenario_1,0.434303667,0.0,0.0,0.0,0.434303667,0.0,0.0,0.0,0.434303667,0.0
4441,scenario_1,0.491553283,0.0,0.0,0.0,0.491553283,0.0,0.0,0.0,0.491553283,0.0
4442,scenario_1,0.640853167,0.0,0.0,0.0,0.640853167,0.0,0.0,0.0,0.640853167,0.0
4443,scenario_1,1.6448889,0.0,0.0,0.0,1.6448889,0.0,0.0,0.0,1.6448889,0.0
4444,scenario_1,7.364703083,0.0,0.0,0.0,7.364703083,0.0,0.0,0.0,7.364703083,0.0
4445,scenario_1,6.9851913,0.0,0.0,0.0,6.9851913,0.0,0.0,0.0,6.9851913,0.0
4446,scenario_1,3.76941235,0.0,0.0,0.0,3.76941235,0.0,0.0,0.0,3.76941235,0.0
4447,scenario_1,14.08359604,16.44760376115,0.0,0.0,0.0,0.0,2.3640077211499992,0.0,14.08359604,0.0
4448,scenario_1,67.50577855,48.33570984435,0.0,0.0,19.170068705650003,0.0,0.0,0.0,67.50577855,0.0
4449,scenario_1,71.93542817,65.2123692438,0.0,0.0,6.723058926199997,0.0,0.0,0.0,71.93542817,0.0
4450,scenario_1,73.90124456,73.90124456,0.0,0.0,0.0,0.0,0.0,0.0,73.90124456,0.0
4451,scenario_1,38.49603664,66.49603664,0.0,0.0,0.0,0.0,28.0,0.0,38.49603664,0.0
4452,scenario_1,28.1495177,56.149517700000004,0.0,0.0,0.0,0.0,28.0,0.0,28.149517700000004,3.552713678800501e-15
4453,scenario_1,48.70966186,54.263528085470355,0.0,0.0,0.0,0.0,5.553866225470361,0.0,48.70966186,0.0
4454,scenario_1,42.57137346,54.68645011065,0.0,0.0,0.0,0.0,12.115076650650003,0.0,42.57137346,0.0
4455,scenario_1,16.77329402,44.77329402,0.0,0.0,0.0,0.0,28.0,0.0,16.77329402,0.0
4456,scenario_1,9.550408977,9.550408977,0.0,0.0,0.0,0.0,0.0,0.0,9.550408977,0.0
4457,scenario_1,8.625814721,23.808839611350002,0.0,0.0,0.0,0.0,15.183024890350003,0.0,8.625814721,0.0
4458,scenario_1,8.371279017,2.72424838695,0.0,0.0,0.0,5.647030630050001,0.0,0.0,8.371279017,0.0
4459,scenario_1,9.453312667,0.0,0.0,0.0,9.453312667,0.0,0.0,0.0,9.453312667,0.0
4460,scenario_1,9.200212567,0.0,0.0,0.0,2.4979461432999983,6.702266423700001,0.0,0.0,9.200212567,0.0
4461,scenario_1,8.24586415,0.0,0.0,0.0,0.0,8.24586415,0.0,0.0,8.24586415,0.0
4462,scenario_1,7.935976917,0.0,0.0,0.0,0.0,7.935976917,0.0,0.0,7.935976917,0.0
4463,scenario_1,7.00864285,0.0,0.0,0.0,7.00864285,0.0,0.0,0.0,7.00864285,0.0
4464,scenario_1,0.443186467,0.0,0.0,0.0,0.443186467,0.0,0.0,0.0,0.443186467,0.0
4465,scenario_1,0.526368533,0.0,0.0,0.0,0.526368533,0.0,0.0,0.0,0.526368533,0.0
4466,scenario_1,0.5280028,0.0,0.0,0.0,0.5280028,0.0,0.0,0.0,0.5280028,0.0
4467,scenario_1,1.560187333,0.0,0.0,0.0,1.560187333,0.0,0.0,0.0,1.560187333,0.0
4468,scenario_1,6.88418865,0.0,0.0,0.0,6.88418865,0.0,0.0,0.0,6.88418865,0.0
4469,scenario_1,7.787256817,0.0,0.0,0.0,7.787256817,0.0,0.0,0.0,7.787256817,0.0
4470,scenario_1,4.057213617,0.0,0.0,0.0,0.0,4.057213617,0.0,0.0,4.057213617,0.0
4471,scenario_1,10.99849921,1.70379218415,0.0,0.0,9.29470702585,0.0,0.0,0.0,10.99849921,0.0
4472,scenario_1,48.88249774,9.5021429283,0.0,0.0,0.0,39.380354811699995,0.0,0.0,48.88249773999999,-7.105427357601002e-15
4473,scenario_1,87.85809332,36.25281244665,0.0,0.0,28.0,23.605280873349997,0.0,0.0,87.85809332,0.0
4474,scenario_1,72.91221568,46.096014966149994,0.0,0.0,26.81620071385001,0.0,0.0,0.0,72.91221568,0.0
4475,scenario_1,22.43881803,44.21498555049446,0.0,0.0,0.0,0.0,21.77616752049446,0.0,22.43881803,0.0
4476,scenario_1,26.45865195,54.458651950000004,0.0,0.0,0.0,0.0,28.0,0.0,26.458651950000004,3.552713678800501e-15
4477,scenario_1,80.14852206,98.81679898395,0.0,0.0,0.0,0.0,18.66827692394999,0.0,80.14852206,0.0
4478,scenario_1,30.51341296,30.51341296,0.0,0.0,0.0,0.0,0.0,0.0,30.51341296,0.0
4479,scenario_1,16.26820806,44.26820806,0.0,0.0,0.0,0.0,28.0,0.0,16.26820806,0.0
4480,scenario_1,10.48746436,38.487464360000004,0.0,0.0,0.0,0.0,28.0,0.0,10.487464360000004,3.552713678800501e-15
4481,scenario_1,5.738688583,5.738688583,0.0,0.0,0.0,0.0,0.0,0.0,5.738688583,0.0
4482,scenario_1,7.659629267,2.7497656254,0.0,0.0,0.0,4.909863641599999,0.0,0.0,7.659629267,0.0
4483,scenario_1,8.433529217,0.0,0.0,0.0,8.433529217,0.0,0.0,0.0,8.433529217,0.0
4484,scenario_1,9.7191083,0.0,0.0,0.0,9.7191083,0.0,0.0,0.0,9.7191083,0.0
4485,scenario_1,8.895027483,0.0,0.0,0.0,0.0,8.895027483,0.0,0.0,8.895027483,0.0
4486,scenario_1,8.1572911,0.0,0.0,0.0,7.521185165999988,0.6361059340000113,0.0,0.0,8.157291099999998,-1.7763568394002505e-15
4487,scenario_1,6.67004325,0.0,0.0,0.0,6.67004325,0.0,0.0,0.0,6.67004325,0.0
4488,scenario_1,0.433686217,0.0,0.0,0.0,0.433686217,0.0,0.0,0.0,0.433686217,0.0
4489,scenario_1,0.489352617,0.0,0.0,0.0,0.489352617,0.0,0.0,0.0,0.489352617,0.0
4490,scenario_1,0.556569067,0.0,0.0,0.0,0.0,0.556569067,0.0,0.0,0.556569067,0.0
4491,scenario_1,0.969302533,0.0,0.0,0.0,0.969302533,0.0,0.0,0.0,0.969302533,0.0
4492,scenario_1,6.800040483,0.0,0.0,0.0,0.0,6.800040483,0.0,0.0,6.800040483,0.0
4493,scenario_1,6.90812845,0.0,0.0,0.0,6.90812845,0.0,0.0,0.0,6.90812845,0.0
4494,scenario_1,3.65566425,0.0,0.0,0.0,3.65566425,0.0,0.0,0.0,3.65566425,0.0
4495,scenario_1,10.5385031,3.5235866443499995,0.0,0.0,0.0,7.014916455650001,0.0,0.0,10.5385031,0.0
4496,scenario_1,77.07691324,14.855646907949998,0.0,0.0,28.0,34.22126633205,0.0,0.0,77.07691324,0.0
4497,scenario_1,82.56150815,26.6469428307,0.0,0.0,28.0,27.914565319299996,0.0,0.0,82.56150815,0.0
4498,scenario_1,53.3887788,53.3887788,0.0,0.0,0.0,0.0,0.0,0.0,53.3887788,0.0
4499,scenario_1,23.00498275,51.004982749999996,0.0,0.0,0.0,0.0,28.0,0.0,23.004982749999996,-3.552713678800501e-15
4500,scenario_1,33.85430096,61.85430096,0.0,0.0,0.0,0.0,28.0,0.0,33.85430096,0.0
4501,scenario_1,57.39504272,57.39504272,0.0,0.0,0.0,0.0,0.0,0.0,57.39504272,0.0
4502,scenario_1,34.26980645,62.26980645,0.0,0.0,0.0,0.0,28.0,0.0,34.26980645,0.0
4503,scenario_1,15.52658251,27.971026954444447,0.0,0.0,0.0,0.0,12.444444444444445,0.0,15.526582510000003,1.7763568394002505e-15
4504,scenario_1,10.59297374,38.59297374,0.0,0.0,0.0,0.0,28.0,0.0,10.592973739999998,-1.7763568394002505e-15
4505,scenario_1,6.929715367,6.929715367,0.0,0.0,0.0,0.0,0.0,0.0,6.929715367,0.0
4506,scenario_1,7.660161417,3.9941781541499997,0.0,0.0,3.6659832628500006,0.0,0.0,0.0,7.660161417,0.0
4507,scenario_1,8.635827533,0.0,0.0,0.0,8.635827533,0.0,0.0,0.0,8.635827533,0.0
4508,scenario_1,8.780144917,0.0,0.0,0.0,8.780144917,0.0,0.0,0.0,8.780144917,0.0
4509,scenario_1,8.154893733,0.0,0.0,0.0,8.154893733,0.0,0.0,0.0,8.154893733,0.0
4510,scenario_1,7.911859283,0.0,0.0,0.0,7.911859283,0.0,0.0,0.0,7.911859283,0.0
4511,scenario_1,6.946528417,0.0,0.0,0.0,6.946528417,0.0,0.0,0.0,6.946528417,0.0
4512,scenario_1,0.42460295,0.0,0.0,0.0,0.42460295,0.0,0.0,0.0,0.42460295,0.0
4513,scenario_1,0.472401683,0.0,0.0,0.0,0.472401683,0.0,0.0,0.0,0.472401683,0.0
4514,scenario_1,0.47040225,0.0,0.0,0.0,0.47040225,0.0,0.0,0.0,0.47040225,0.0
4515,scenario_1,1.259670267,0.0,0.0,0.0,1.259670267,0.0,0.0,0.0,1.259670267,0.0
4516,scenario_1,6.748821317,0.0,0.0,0.0,6.748821317,0.0,0.0,0.0,6.748821317,0.0
4517,scenario_1,7.332825083,0.0,0.0,0.0,7.332825083,0.0,0.0,0.0,7.332825083,0.0
4518,scenario_1,3.909478067,0.0,0.0,0.0,3.909478067,0.0,0.0,0.0,3.909478067,0.0
4519,scenario_1,26.22801468,16.8241801806,0.0,0.0,9.403834499400002,0.0,0.0,0.0,26.22801468,0.0
4520,scenario_1,51.07629793,48.611887666499996,0.0,0.0,2.4644102635000067,0.0,0.0,0.0,51.07629793,0.0
4521,scenario_1,53.72593889,59.25122118735,0.0,0.0,0.0,0.0,5.525282297349996,0.0,53.72593889,0.0
4522,scenario_1,75.82030396,74.77310455259999,0.0,0.0,1.047199407400015,0.0,0.0,0.0,75.82030396,0.0
4523,scenario_1,43.38434165,71.38434165000001,0.0,0.0,0.0,0.0,28.0,0.0,43.38434165000001,7.105427357601002e-15
4524,scenario_1,31.45189619,59.45189619,0.0,0.0,0.0,0.0,28.0,0.0,31.45189619,0.0
4525,scenario_1,69.27745705,47.679625061399996,0.0,0.0,21.5978319886,0.0,0.0,0.0,69.27745705,0.0
4526,scenario_1,39.43010308,67.43010308000001,0.0,0.0,0.0,0.0,28.0,0.0,39.43010308000001,7.105427357601002e-15
4527,scenario_1,15.92063015,20.8974650399957,0.0,0.0,0.0,0.0,4.9768348899957005,0.0,15.920630150000001,1.7763568394002505e-15
4528,scenario_1,11.58893518,39.58893518,0.0,0.0,0.0,0.0,28.0,0.0,11.58893518,0.0
4529,scenario_1,8.524102467,8.524102467,0.0,0.0,0.0,0.0,0.0,0.0,8.524102467,0.0
4530,scenario_1,9.427062883,3.2011522021500003,0.0,0.0,6.225910680849999,0.0,0.0,0.0,9.427062883,0.0
4531,scenario_1,9.172545333,0.0,0.0,0.0,9.172545333,0.0,0.0,0.0,9.172545333,0.0
4532,scenario_1,9.6174251,0.0,0.0,0.0,9.6174251,0.0,0.0,0.0,9.6174251,0.0
4533,scenario_1,8.29719245,0.0,0.0,0.0,8.29719245,0.0,0.0,0.0,8.29719245,0.0
4534,scenario_1,7.723159217,0.0,0.0,0.0,7.723159217,0.0,0.0,0.0,7.723159217,0.0
4535,scenario_1,5.2216394,0.0,0.0,0.0,5.2216394,0.0,0.0,0.0,5.2216394,0.0
4536,scenario_1,0.431269783,0.0,0.0,0.0,0.431269783,0.0,0.0,0.0,0.431269783,0.0
4537,scenario_1,0.477701867,0.0,0.0,0.0,0.477701867,0.0,0.0,0.0,0.477701867,0.0
4538,scenario_1,0.5536189,0.0,0.0,0.0,0.5536189,0.0,0.0,0.0,0.5536189,0.0
4539,scenario_1,0.794687267,0.0,0.0,0.0,0.794687267,0.0,0.0,0.0,0.794687267,0.0
4540,scenario_1,6.788390383,0.0,0.0,0.0,6.788390383,0.0,0.0,0.0,6.788390383,0.0
4541,scenario_1,7.901559167,0.0,0.0,0.0,7.901559167,0.0,0.0,0.0,7.901559167,0.0
4542,scenario_1,4.68421305,0.0,0.0,0.0,4.68421305,0.0,0.0,0.0,4.68421305,0.0
4543,scenario_1,24.21587901,19.18508374905,0.0,0.0,5.030795260949997,0.0,0.0,0.0,24.21587901,0.0
4544,scenario_1,45.94595271,45.94595271,0.0,0.0,0.0,0.0,0.0,0.0,45.94595271,0.0
4545,scenario_1,92.6035639,71.0752465386,0.0,0.0,21.5283173614,0.0,0.0,0.0,92.6035639,0.0
4546,scenario_1,71.63778082,86.9883711465,0.0,0.0,0.0,0.0,15.350590326499997,0.0,71.63778082,0.0
4547,scenario_1,37.30193456,61.73773170931227,0.0,0.0,0.0,0.0,24.435797149312272,0.0,37.30193456,0.0
4548,scenario_1,31.14536494,31.14536494,0.0,0.0,0.0,0.0,0.0,0.0,31.14536494,0.0
4549,scenario_1,52.50801148,80.50801148,0.0,0.0,0.0,0.0,28.0,0.0,52.50801147999999,-7.105427357601002e-15
4550,scenario_1,37.17218951,37.17218951,0.0,0.0,0.0,0.0,0.0,0.0,37.17218951,0.0
4551,scenario_1,15.78249526,15.78249526,0.0,0.0,0.0,0.0,0.0,0.0,15.78249526,0.0
4552,scenario_1,9.135515633,37.135515633,0.0,0.0,0.0,0.0,28.0,0.0,9.135515632999997,-3.552713678800501e-15
4553,scenario_1,7.882765617,28.6993722402,0.0,0.0,0.0,0.0,20.8166066232,0.0,7.8827656170000004,8.881784197001252e-16
4554,scenario_1,8.894110867,3.2941719413999997,0.0,0.0,5.5999389256,0.0,0.0,0.0,8.894110867,0.0
4555,scenario_1,9.156810083,0.0,0.0,0.0,9.156810083,0.0,0.0,0.0,9.156810083,0.0
4556,scenario_1,9.818358917,0.0,0.0,0.0,9.818358917,0.0,0.0,0.0,9.818358917,0.0
4557,scenario_1,8.806643017,0.0,0.0,0.0,8.806643017,0.0,0.0,0.0,8.806643017,0.0
4558,scenario_1,8.478357633,0.0,0.0,0.0,0.0,8.478357633,0.0,0.0,8.478357633,0.0
4559,scenario_1,6.672275733,0.0,0.0,0.0,0.0,6.672275733,0.0,0.0,6.672275733,0.0
4560,scenario_1,0.43260375,0.0,0.0,0.0,0.0,0.43260375,0.0,0.0,0.43260375,0.0
4561,scenario_1,0.468402267,0.0,0.0,0.0,0.468402267,0.0,0.0,0.0,0.468402267,0.0
4562,scenario_1,0.463803967,0.0,0.0,0.0,0.0,0.463803967,0.0,0.0,0.463803967,0.0
4563,scenario_1,0.880237783,0.0,0.0,0.0,0.880237783,0.0,0.0,0.0,0.880237783,0.0
4564,scenario_1,6.6713387,0.0,0.0,0.0,0.0,6.6713387,0.0,0.0,6.6713387,0.0
4565,scenario_1,8.4290041,0.0,0.0,0.0,8.4290041,0.0,0.0,0.0,8.4290041,0.0
4566,scenario_1,3.83828935,0.0,0.0,0.0,3.83828935,0.0,0.0,0.0,3.83828935,0.0
4567,scenario_1,6.109602517,22.082115993749998,0.0,0.0,0.0,0.0,15.972513476749999,0.0,6.109602516999999,-8.881784197001252e-16
4568,scenario_1,39.96591236,10.863691810799999,0.0,0.0,28.0,1.1022205491999983,0.0,0.0,39.96591236,0.0
4569,scenario_1,62.96463613,25.924520507249998,0.0,0.0,28.0,9.040115622750005,0.0,0.0,62.96463613,0.0
4570,scenario_1,51.76902819,33.65566961085,0.0,0.0,10.74005147356751,7.373307105582493,0.0,0.0,51.76902819,0.0
4571,scenario_1,20.8058745,31.614080361599996,0.0,0.0,0.0,0.0,10.808205861599994,0.0,20.8058745,0.0
4572,scenario_1,4.499151996,32.499151996,0.0,0.0,0.0,0.0,28.0,0.0,4.499151996000002,1.7763568394002505e-15
4573,scenario_1,26.81980938,26.81980938,0.0,0.0,0.0,0.0,0.0,0.0,26.81980938,0.0
4574,scenario_1,14.21501482,42.21501482,0.0,0.0,0.0,0.0,28.0,0.0,14.21501482,0.0
4575,scenario_1,4.137029947,4.137029947,0.0,0.0,0.0,0.0,0.0,0.0,4.137029947,0.0
4576,scenario_1,3.623958235,31.623958235,0.0,0.0,0.0,0.0,28.0,0.0,3.623958235,0.0
4577,scenario_1,6.466276983,29.11326660525,0.0,0.0,0.0,0.0,22.64698962225,0.0,6.466276983,0.0
4578,scenario_1,8.4985109,3.5966861262,0.0,0.0,4.9018247738,0.0,0.0,0.0,8.4985109,0.0
4579,scenario_1,8.359760317,0.0,0.0,0.0,8.359760317,0.0,0.0,0.0,8.359760317,0.0
4580,scenario_1,8.106825967,0.0,0.0,0.0,8.106825967,0.0,0.0,0.0,8.106825967,0.0
4581,scenario_1,8.028875767,0.0,0.0,0.0,8.028875767,0.0,0.0,0.0,8.028875767,0.0
4582,scenario_1,7.62494195,0.0,0.0,0.0,7.62494195,0.0,0.0,0.0,7.62494195,0.0
4583,scenario_1,6.190125017,0.0,0.0,0.0,6.190125017,0.0,0.0,0.0,6.190125017,0.0
4584,scenario_1,0.433369983,0.0,0.0,0.0,0.433369983,0.0,0.0,0.0,0.433369983,0.0
4585,scenario_1,0.497500917,0.0,0.0,0.0,0.497500917,0.0,0.0,0.0,0.497500917,0.0
4586,scenario_1,0.480484917,0.0,0.0,0.0,0.480484917,0.0,0.0,0.0,0.480484917,0.0
4587,scenario_1,1.0160872,0.0,0.0,0.0,1.0160872,0.0,0.0,0.0,1.0160872,0.0
4588,scenario_1,6.66457245,0.0,0.0,0.0,6.66457245,0.0,0.0,0.0,6.66457245,0.0
4589,scenario_1,6.710957467,0.0,0.0,0.0,6.710957467,0.0,0.0,0.0,6.710957467,0.0
4590,scenario_1,2.877175717,0.0,0.0,0.0,2.877175717,0.0,0.0,0.0,2.877175717,0.0
4591,scenario_1,2.457077217,12.931074281099999,0.0,0.0,0.0,0.0,10.473997064099999,0.0,2.457077217,0.0
4592,scenario_1,23.34557348,22.733654171699996,0.0,0.0,0.6119193083000027,0.0,0.0,0.0,23.34557348,0.0
4593,scenario_1,24.79854272,16.0979417727,0.0,0.0,8.7006009473,0.0,0.0,0.0,24.79854272,0.0
4594,scenario_1,52.53041514,37.85179889039999,0.0,0.0,14.678616249600012,0.0,0.0,0.0,52.53041514,0.0
4595,scenario_1,33.41345811,57.435848086049994,0.0,0.0,0.0,0.0,24.022389976049993,0.0,33.41345811,0.0
4596,scenario_1,8.69068551,33.94378386087659,0.0,0.0,0.0,0.0,25.253098350876588,0.0,8.690685510000005,5.329070518200751e-15
4597,scenario_1,55.20072064,30.308568079350003,0.0,0.0,24.892152560649997,0.0,0.0,0.0,55.20072064,0.0
4598,scenario_1,19.83034722,47.83034722,0.0,0.0,0.0,0.0,28.0,0.0,19.83034722,0.0
4599,scenario_1,4.479435472,32.479435472,0.0,0.0,0.0,0.0,28.0,0.0,4.479435471999999,-8.881784197001252e-16
4600,scenario_1,4.447269061,32.447269061,0.0,0.0,0.0,0.0,28.0,0.0,4.447269061,0.0
4601,scenario_1,4.902975183,4.902975183,0.0,0.0,0.0,0.0,0.0,0.0,4.902975183,0.0
4602,scenario_1,7.65970805,3.3127796883,0.0,0.0,4.3469283617,0.0,0.0,0.0,7.65970805,0.0
4603,scenario_1,8.60995675,0.0,0.0,0.0,0.0,8.60995675,0.0,0.0,8.60995675,0.0
4604,scenario_1,8.8902913,0.0,0.0,0.0,8.8902913,0.0,0.0,0.0,8.8902913,0.0
4605,scenario_1,9.220538883,0.0,0.0,0.0,9.220538883,0.0,0.0,0.0,9.220538883,0.0
4606,scenario_1,8.857338217,0.0,0.0,0.0,8.857338217,0.0,0.0,0.0,8.857338217,0.0
4607,scenario_1,6.925374933,0.0,0.0,0.0,6.925374933,0.0,0.0,0.0,6.925374933,0.0
4608,scenario_1,0.435403217,0.0,0.0,0.0,0.435403217,0.0,0.0,0.0,0.435403217,0.0
4609,scenario_1,0.467403017,0.0,0.0,0.0,0.0,0.467403017,0.0,0.0,0.467403017,0.0
4610,scenario_1,0.544070833,0.0,0.0,0.0,0.0,0.544070833,0.0,0.0,0.544070833,0.0
4611,scenario_1,1.406224733,0.0,0.0,0.0,1.406224733,0.0,0.0,0.0,1.406224733,0.0
4612,scenario_1,7.1709594,0.0,0.0,0.0,0.0,7.1709594,0.0,0.0,7.1709594,0.0
4613,scenario_1,7.229043333,0.0,0.0,0.0,0.0,7.229043333,0.0,0.0,7.229043333,0.0
4614,scenario_1,2.7750643,0.0,0.0,0.0,2.7750643,0.0,0.0,0.0,2.7750643,0.0
4615,scenario_1,7.612125917,1.5868445574,0.0,0.0,0.0,6.0252813596,0.0,0.0,7.612125917,0.0
4616,scenario_1,44.19887871,24.307808308949998,0.0,0.0,0.0,19.891070401050005,0.0,0.0,44.19887871,0.0
4617,scenario_1,71.64476063,30.487016810849997,0.0,0.0,0.0,41.15774381915,0.0,0.0,71.64476063,0.0
4618,scenario_1,68.28978049,45.50164231905,0.0,0.0,14.062145605774495,8.725992565175506,0.0,0.0,68.28978049,0.0
4619,scenario_1,38.82498116,43.56139517955,0.0,0.0,0.0,0.0,4.736414019549997,0.0,38.82498116,0.0
4620,scenario_1,30.547242,39.6567003393,0.0,0.0,0.0,0.0,9.109458339300001,0.0,30.547242,0.0
4621,scenario_1,63.60257928,48.820278059100005,0.0,0.0,0.0,14.782301220899996,0.0,0.0,63.60257928,0.0
4622,scenario_1,48.81339821,56.4634595472,0.0,0.0,0.0,0.0,7.6500613372,0.0,48.81339821,0.0
4623,scenario_1,15.93421157,33.07175954745,0.0,0.0,0.0,0.0,17.137547977449998,0.0,15.934211570000002,1.7763568394002505e-15
4624,scenario_1,11.48931106,29.8839562266,0.0,0.0,0.0,0.0,18.3946451666,0.0,11.489311059999999,-1.7763568394002505e-15
4625,scenario_1,7.746983033,20.989608724350003,0.0,0.0,0.0,0.0,13.242625691350003,0.0,7.746983032999999,-8.881784197001252e-16
4626,scenario_1,10.26004297,3.176949435,0.0,0.0,7.083093535000001,0.0,0.0,0.0,10.26004297,0.0
4627,scenario_1,9.706746317,0.0,0.0,0.0,9.706746317,0.0,0.0,0.0,9.706746317,0.0
4628,scenario_1,8.581744783,0.0,0.0,0.0,0.0,8.581744783,0.0,0.0,8.581744783,0.0
4629,scenario_1,8.867726717,0.0,0.0,0.0,0.0,8.867726717,0.0,0.0,8.867726717,0.0
4630,scenario_1,7.866476633,0.0,0.0,0.0,7.866476633,0.0,0.0,0.0,7.866476633,0.0
4631,scenario_1,6.496359867,0.0,0.0,0.0,6.496359867,0.0,0.0,0.0,6.496359867,0.0
4632,scenario_1,0.456802833,0.0,0.0,0.0,0.0,0.456802833,0.0,0.0,0.456802833,0.0
4633,scenario_1,0.457003483,0.0,0.0,0.0,0.0,0.457003483,0.0,0.0,0.457003483,0.0
4634,scenario_1,0.486422433,0.0,0.0,0.0,0.486422433,0.0,0.0,0.0,0.486422433,0.0
4635,scenario_1,1.0838731,0.0,0.0,0.0,0.0,1.0838731,0.0,0.0,1.0838731,0.0
4636,scenario_1,6.5996748,0.0,0.0,0.0,6.5996748,0.0,0.0,0.0,6.5996748,0.0
4637,scenario_1,7.3326057,0.0,0.0,0.0,7.3326057,0.0,0.0,0.0,7.3326057,0.0
4638,scenario_1,3.559309917,0.0,0.0,0.0,3.559309917,0.0,0.0,0.0,3.559309917,0.0
4639,scenario_1,18.41668071,8.087565312749998,0.0,0.0,10.329115397250003,0.0,0.0,0.0,18.41668071,0.0
4640,scenario_1,48.26415728,5.338478981999999,0.0,0.0,13.340195400749987,29.58548289725001,0.0,0.0,48.26415727999999,-7.105427357601002e-15
4641,scenario_1,62.96694295,25.47577990755,0.0,0.0,28.0,9.491163042450005,0.0,0.0,62.96694295,0.0
4642,scenario_1,66.20371841,66.20371841,0.0,0.0,0.0,0.0,0.0,0.0,66.20371841,0.0
4643,scenario_1,35.79135091,63.69216578325,0.0,0.0,0.0,0.0,27.90081487325,0.0,35.79135091,0.0
4644,scenario_1,36.46040006,36.46040006,0.0,0.0,0.0,0.0,0.0,0.0,36.46040006,0.0
4645,scenario_1,71.35597674,87.49921444889999,0.0,0.0,0.0,0.0,16.14323770889999,0.0,71.35597674,0.0
4646,scenario_1,45.31273833,73.31273833,0.0,0.0,0.0,0.0,28.0,0.0,45.31273833,0.0
4647,scenario_1,22.00465993,22.00465993,0.0,0.0,0.0,0.0,0.0,0.0,22.00465993,0.0
4648,scenario_1,10.7764885,38.7764885,0.0,0.0,0.0,0.0,28.0,0.0,10.7764885,0.0
4649,scenario_1,6.352003517,28.863179310449997,0.0,0.0,0.0,0.0,22.511175793449997,0.0,6.352003517,0.0
4650,scenario_1,7.66062965,4.215867672749999,0.0,0.0,3.4447619772500007,0.0,0.0,0.0,7.66062965,0.0
4651,scenario_1,9.187976683,0.0,0.0,0.0,9.187976683,0.0,0.0,0.0,9.187976683,0.0
4652,scenario_1,9.40280865,0.0,0.0,0.0,9.40280865,0.0,0.0,0.0,9.40280865,0.0
4653,scenario_1,8.365642433,0.0,0.0,0.0,8.365642433,0.0,0.0,0.0,8.365642433,0.0
4654,scenario_1,7.92305895,0.0,0.0,0.0,7.92305895,0.0,0.0,0.0,7.92305895,0.0
4655,scenario_1,4.566057533,0.0,0.0,0.0,4.566057533,0.0,0.0,0.0,4.566057533,0.0
4656,scenario_1,0.432403333,0.0,0.0,0.0,0.432403333,0.0,0.0,0.0,0.432403333,0.0
4657,scenario_1,0.46060315,0.0,0.0,0.0,0.46060315,0.0,0.0,0.0,0.46060315,0.0
4658,scenario_1,0.60873785,0.0,0.0,0.0,0.60873785,0.0,0.0,0.0,0.60873785,0.0
4659,scenario_1,1.6745239,0.0,0.0,0.0,1.6745239,0.0,0.0,0.0,1.6745239,0.0
4660,scenario_1,7.337924617,0.0,0.0,0.0,7.337924617,0.0,0.0,0.0,7.337924617,0.0
4661,scenario_1,7.55410615,0.0,0.0,0.0,7.55410615,0.0,0.0,0.0,7.55410615,0.0
4662,scenario_1,3.33275945,0.0,0.0,0.0,3.33275945,0.0,0.0,0.0,3.33275945,0.0
4663,scenario_1,10.22655682,7.6569061077,0.0,0.0,2.5696507123000005,0.0,0.0,0.0,10.22655682,0.0
4664,scenario_1,39.05433888,45.63917883599999,0.0,0.0,0.0,0.0,6.584839955999989,0.0,39.05433888,0.0
4665,scenario_1,75.56387615,50.73414618855,0.0,0.0,24.82972996145,0.0,0.0,0.0,75.56387615,0.0
4666,scenario_1,90.85795441,80.97959599334999,0.0,0.0,9.878358416650016,0.0,0.0,0.0,90.85795441,0.0
4667,scenario_1,41.72600665,41.72600665,0.0,0.0,0.0,0.0,0.0,0.0,41.72600665,0.0
4668,scenario_1,32.52247251,60.52247251,0.0,0.0,0.0,0.0,28.0,0.0,32.52247251,0.0
4669,scenario_1,76.8319994,102.97195183275,0.0,0.0,0.0,0.0,26.139952432749993,0.0,76.8319994,0.0
4670,scenario_1,20.33762232,20.33762232,0.0,0.0,0.0,0.0,0.0,0.0,20.33762232,0.0
4671,scenario_1,14.30705059,42.30705059,0.0,0.0,0.0,0.0,28.0,0.0,14.307050590000003,3.552713678800501e-15
4672,scenario_1,9.892943128,37.892943128,0.0,0.0,0.0,0.0,28.0,0.0,9.892943127999999,-1.7763568394002505e-15
4673,scenario_1,7.083130989,7.083130989,0.0,0.0,0.0,0.0,0.0,0.0,7.083130989,0.0
4674,scenario_1,8.721430417,2.0161546095,0.0,0.0,6.7052758075000005,0.0,0.0,0.0,8.721430417,0.0
4675,scenario_1,9.0664083,0.0,0.0,0.0,9.0664083,0.0,0.0,0.0,9.0664083,0.0
4676,scenario_1,8.703660717,0.0,0.0,0.0,8.703660717,0.0,0.0,0.0,8.703660717,0.0
4677,scenario_1,9.289408683,0.0,0.0,0.0,9.289408683,0.0,0.0,0.0,9.289408683,0.0
4678,scenario_1,9.546374817,0.0,0.0,0.0,9.546374817,0.0,0.0,0.0,9.546374817,0.0
4679,scenario_1,5.746024567,0.0,0.0,0.0,5.746024567,0.0,0.0,0.0,5.746024567,0.0
4680,scenario_1,0.422921317,0.0,0.0,0.0,0.422921317,0.0,0.0,0.0,0.422921317,0.0
4681,scenario_1,0.490236417,0.0,0.0,0.0,0.490236417,0.0,0.0,0.0,0.490236417,0.0
4682,scenario_1,0.571804467,0.0,0.0,0.0,0.571804467,0.0,0.0,0.0,0.571804467,0.0
4683,scenario_1,2.137937533,0.0,0.0,0.0,2.137937533,0.0,0.0,0.0,2.137937533,0.0
4684,scenario_1,8.180757383,0.0,0.0,0.0,8.180757383,0.0,0.0,0.0,8.180757383,0.0
4685,scenario_1,8.459140967,0.0,0.0,0.0,8.459140967,0.0,0.0,0.0,8.459140967,0.0
4686,scenario_1,4.073879883,0.0,0.0,0.0,4.073879883,0.0,0.0,0.0,4.073879883,0.0
4687,scenario_1,12.24871668,12.08775025515,0.0,0.0,0.1609664248499989,0.0,0.0,0.0,12.24871668,0.0
4688,scenario_1,47.08576489,42.74569674225,0.0,0.0,4.340068147750003,0.0,0.0,0.0,47.08576489,0.0
4689,scenario_1,59.59152743,73.85765200845,0.0,0.0,0.0,0.0,14.266124578450004,0.0,59.59152743,0.0
4690,scenario_1,61.04248928,61.04248928,0.0,0.0,0.0,0.0,0.0,0.0,61.04248928,0.0
4691,scenario_1,34.69334043,34.69334043,0.0,0.0,0.0,0.0,0.0,0.0,34.69334043,0.0
4692,scenario_1,29.40807035,57.40807035,0.0,0.0,0.0,0.0,28.0,0.0,29.408070350000003,3.552713678800501e-15
4693,scenario_1,79.30980905,72.29673118784999,0.0,0.0,7.013077862150013,0.0,0.0,0.0,79.30980905,0.0
4694,scenario_1,47.94335504,75.94335504,0.0,0.0,0.0,0.0,28.0,0.0,47.94335504,0.0
4695,scenario_1,17.21404008,45.214040080000004,0.0,0.0,0.0,0.0,28.0,0.0,17.214040080000004,3.552713678800501e-15
4696,scenario_1,10.87312697,27.990002688805035,0.0,0.0,0.0,0.0,17.116875718805034,0.0,10.873126970000001,1.7763568394002505e-15
4697,scenario_1,7.697768683,7.697768683,0.0,0.0,0.0,0.0,0.0,0.0,7.697768683,0.0
4698,scenario_1,9.27679325,4.414581885,0.0,0.0,4.862211365000001,0.0,0.0,0.0,9.27679325,0.0
4699,scenario_1,9.442513117,0.0,0.0,0.0,9.442513117,0.0,0.0,0.0,9.442513117,0.0
4700,scenario_1,8.1419461,0.0,0.0,0.0,8.1419461,0.0,0.0,0.0,8.1419461,0.0
4701,scenario_1,7.715593133,0.0,0.0,0.0,7.715593133,0.0,0.0,0.0,7.715593133,0.0
4702,scenario_1,8.036672367,0.0,0.0,0.0,0.0,8.036672367,0.0,0.0,8.036672367,0.0
4703,scenario_1,4.952443133,0.0,0.0,0.0,4.952443133,0.0,0.0,0.0,4.952443133,0.0
4704,scenario_1,0.45127085,0.0,0.0,0.0,0.45127085,0.0,0.0,0.0,0.45127085,0.0
4705,scenario_1,0.50833515,0.0,0.0,0.0,0.50833515,0.0,0.0,0.0,0.50833515,0.0
4706,scenario_1,0.520753433,0.0,0.0,0.0,0.520753433,0.0,0.0,0.0,0.520753433,0.0
4707,scenario_1,0.923504717,0.0,0.0,0.0,0.923504717,0.0,0.0,0.0,0.923504717,0.0
4708,scenario_1,6.969559567,0.0,0.0,0.0,6.969559567,0.0,0.0,0.0,6.969559567,0.0
4709,scenario_1,8.801676817,0.0,0.0,0.0,8.801676817,0.0,0.0,0.0,8.801676817,0.0
4710,scenario_1,4.2335488,0.0,0.0,0.0,4.2335488,0.0,0.0,0.0,4.2335488,0.0
4711,scenario_1,23.38252029,13.328351724,0.0,0.0,10.054168566,0.0,0.0,0.0,23.38252029,0.0
4712,scenario_1,59.19215041,41.200203373499996,0.0,0.0,9.659768940699982,8.332178095800028,0.0,0.0,59.19215041000001,7.105427357601002e-15
4713,scenario_1,66.64863943,51.8587839846,0.0,0.0,14.7898554454,0.0,0.0,0.0,66.64863943,0.0
4714,scenario_1,74.76950408,65.9966532141,0.0,0.0,8.772850865900011,0.0,0.0,0.0,74.76950408,0.0
4715,scenario_1,35.25351125,35.25351125,0.0,0.0,0.0,0.0,0.0,0.0,35.25351125,0.0
4716,scenario_1,31.96333856,59.96333856,0.0,0.0,0.0,0.0,28.0,0.0,31.963338559999997,-3.552713678800501e-15
4717,scenario_1,65.0727867,92.61988617374999,0.0,0.0,0.0,0.0,27.547099473749995,0.0,65.0727867,0.0
4718,scenario_1,28.63499358,56.63499358,0.0,0.0,0.0,0.0,28.0,0.0,28.63499358,0.0
4719,scenario_1,14.59791363,28.63520199715557,0.0,0.0,0.0,0.0,14.037288367155567,0.0,14.597913630000003,1.7763568394002505e-15
4720,scenario_1,10.09300315,10.09300315,0.0,0.0,0.0,0.0,0.0,0.0,10.09300315,0.0
4721,scenario_1,6.91662405,6.91662405,0.0,0.0,0.0,0.0,0.0,0.0,6.91662405,0.0
4722,scenario_1,8.351964733,4.2087280323,0.0,0.0,4.143236700700001,0.0,0.0,0.0,8.351964733,0.0
4723,scenario_1,9.532059533,0.0,0.0,0.0,9.532059533,0.0,0.0,0.0,9.532059533,0.0
4724,scenario_1,9.30590955,0.0,0.0,0.0,9.30590955,0.0,0.0,0.0,9.30590955,0.0
4725,scenario_1,7.83834245,0.0,0.0,0.0,7.83834245,0.0,0.0,0.0,7.83834245,0.0
4726,scenario_1,7.71280555,0.0,0.0,0.0,7.71280555,0.0,0.0,0.0,7.71280555,0.0
4727,scenario_1,5.507123083,0.0,0.0,0.0,5.507123083,0.0,0.0,0.0,5.507123083,0.0
4728,scenario_1,0.4394031,0.0,0.0,0.0,0.4394031,0.0,0.0,0.0,0.4394031,0.0
4729,scenario_1,0.470701883,0.0,0.0,0.0,0.470701883,0.0,0.0,0.0,0.470701883,0.0
4730,scenario_1,0.506318583,0.0,0.0,0.0,0.506318583,0.0,0.0,0.0,0.506318583,0.0
4731,scenario_1,1.754771683,0.0,0.0,0.0,1.754771683,0.0,0.0,0.0,1.754771683,0.0
4732,scenario_1,7.369605967,0.0,0.0,0.0,7.369605967,0.0,0.0,0.0,7.369605967,0.0
4733,scenario_1,7.621921317,0.0,0.0,0.0,7.621921317,0.0,0.0,0.0,7.621921317,0.0
4734,scenario_1,3.462223667,0.0,0.0,0.0,3.462223667,0.0,0.0,0.0,3.462223667,0.0
4735,scenario_1,9.704401816,15.28792414065,0.0,0.0,0.0,0.0,5.58352232465,0.0,9.704401816,0.0
4736,scenario_1,45.63637293,42.2644623777,0.0,0.0,3.371910552300001,0.0,0.0,0.0,45.63637293,0.0
4737,scenario_1,65.7286859,51.1990122849,0.0,0.0,14.529673615100002,0.0,0.0,0.0,65.7286859,0.0
4738,scenario_1,40.90143716,40.90143716,0.0,0.0,0.0,0.0,0.0,0.0,40.90143716,0.0
4739,scenario_1,13.84817353,41.84817353,0.0,0.0,0.0,0.0,28.0,0.0,13.848173529999997,-3.552713678800501e-15
4740,scenario_1,5.758014235,33.758014235,0.0,0.0,0.0,0.0,28.0,0.0,5.758014234999997,-2.6645352591003757e-15
4741,scenario_1,42.53780559,66.0917409846,0.0,0.0,0.0,0.0,23.553935394599996,0.0,42.53780559,0.0
4742,scenario_1,10.30517627,18.79372269126175,0.0,0.0,0.0,0.0,8.48854642126175,0.0,10.305176269999999,-1.7763568394002505e-15
4743,scenario_1,4.162138289,4.162138289,0.0,0.0,0.0,0.0,0.0,0.0,4.162138289,0.0
4744,scenario_1,3.606304522,3.606304522,0.0,0.0,0.0,0.0,0.0,0.0,3.606304522,0.0
4745,scenario_1,4.64454145,4.64454145,0.0,0.0,0.0,0.0,0.0,0.0,4.64454145,0.0
4746,scenario_1,6.84917405,2.66330892885,0.0,0.0,4.18586512115,0.0,0.0,0.0,6.84917405,0.0
4747,scenario_1,8.518690583,0.0,0.0,0.0,8.518690583,0.0,0.0,0.0,8.518690583,0.0
4748,scenario_1,8.545559333,0.0,0.0,0.0,8.545559333,0.0,0.0,0.0,8.545559333,0.0
4749,scenario_1,8.80884265,0.0,0.0,0.0,8.80884265,0.0,0.0,0.0,8.80884265,0.0
4750,scenario_1,8.67564205,0.0,0.0,0.0,8.67564205,0.0,0.0,0.0,8.67564205,0.0
4751,scenario_1,6.429674583,0.0,0.0,0.0,6.429674583,0.0,0.0,0.0,6.429674583,0.0
4752,scenario_1,0.453220033,0.0,0.0,0.0,0.453220033,0.0,0.0,0.0,0.453220033,0.0
4753,scenario_1,0.473234733,0.0,0.0,0.0,0.473234733,0.0,0.0,0.0,0.473234733,0.0
4754,scenario_1,0.502601633,0.0,0.0,0.0,0.502601633,0.0,0.0,0.0,0.502601633,0.0
4755,scenario_1,1.38270435,0.0,0.0,0.0,1.38270435,0.0,0.0,0.0,1.38270435,0.0
4756,scenario_1,6.876823167,0.0,0.0,0.0,6.876823167,0.0,0.0,0.0,6.876823167,0.0
4757,scenario_1,7.582840967,0.0,0.0,0.0,7.582840967,0.0,0.0,0.0,7.582840967,0.0
4758,scenario_1,2.589711133,0.0,0.0,0.0,2.589711133,0.0,0.0,0.0,2.589711133,0.0
4759,scenario_1,5.817266397,10.497513391199998,0.0,0.0,0.0,0.0,4.680246994199998,0.0,5.817266397,0.0
4760,scenario_1,15.37696224,15.37696224,0.0,0.0,0.0,0.0,0.0,0.0,15.37696224,0.0
4761,scenario_1,43.93166167,43.93166167,0.0,0.0,0.0,0.0,0.0,0.0,43.93166167,0.0
4762,scenario_1,39.66118131,67.66118131,0.0,0.0,0.0,0.0,28.0,0.0,39.66118131,0.0
4763,scenario_1,13.25123692,41.25123692,0.0,0.0,0.0,0.0,27.999999999999996,0.0,13.25123692,0.0
4764,scenario_1,9.425345943,9.425345943,0.0,0.0,0.0,0.0,0.0,0.0,9.425345943,0.0
4765,scenario_1,51.12227868,79.12227868,0.0,0.0,0.0,0.0,28.0,0.0,51.122278679999994,-7.105427357601002e-15
4766,scenario_1,44.35749608,44.35749608,0.0,0.0,0.0,0.0,0.0,0.0,44.35749608,0.0
4767,scenario_1,6.487484295,6.487484295,0.0,0.0,0.0,0.0,0.0,0.0,6.487484295,0.0
4768,scenario_1,3.23102595,31.23102595,0.0,0.0,0.0,0.0,28.0,0.0,3.2310259499999994,-4.440892098500626e-16
4769,scenario_1,5.26362445,5.26362445,0.0,0.0,0.0,0.0,0.0,0.0,5.26362445,0.0
4770,scenario_1,7.001959883,4.1593450392,0.0,0.0,2.8426148438,0.0,0.0,0.0,7.001959883,0.0
4771,scenario_1,7.945962367,0.0,0.0,0.0,7.945962367,0.0,0.0,0.0,7.945962367,0.0
4772,scenario_1,8.14082525,0.0,0.0,0.0,5.629226984463494,2.511598265536507,0.0,0.0,8.14082525,0.0
4773,scenario_1,7.786026017,0.0,0.0,0.0,7.786026017,0.0,0.0,0.0,7.786026017,0.0
4774,scenario_1,8.438938033,0.0,0.0,0.0,8.438938033,0.0,0.0,0.0,8.438938033,0.0
4775,scenario_1,6.271039733,0.0,0.0,0.0,6.271039733,0.0,0.0,0.0,6.271039733,0.0
4776,scenario_1,0.4396027,0.0,0.0,0.0,0.4396027,0.0,0.0,0.0,0.4396027,0.0
4777,scenario_1,0.481402083,0.0,0.0,0.0,0.481402083,0.0,0.0,0.0,0.481402083,0.0
4778,scenario_1,0.53957095,0.0,0.0,0.0,0.53957095,0.0,0.0,0.0,0.53957095,0.0
4779,scenario_1,0.649790783,0.0,0.0,0.0,0.649790783,0.0,0.0,0.0,0.649790783,0.0
4780,scenario_1,6.7886747,0.0,0.0,0.0,6.7886747,0.0,0.0,0.0,6.7886747,0.0
4781,scenario_1,8.526425767,0.0,0.0,0.0,8.526425767,0.0,0.0,0.0,8.526425767,0.0
4782,scenario_1,4.9876472,0.0,0.0,0.0,4.9876472,0.0,0.0,0.0,4.9876472,0.0
4783,scenario_1,13.35534965,18.2451763524,0.0,0.0,0.0,0.0,4.889826702400001,0.0,13.35534965,0.0
4784,scenario_1,41.8991994,44.21032144935,0.0,0.0,0.0,0.0,2.311122049349997,0.0,41.8991994,0.0
4785,scenario_1,71.77701929,45.8506626357,0.0,0.0,25.9263566543,0.0,0.0,0.0,71.77701929,0.0
4786,scenario_1,65.65272608,62.8963188528,0.0,0.0,2.7564072271999933,0.0,0.0,0.0,65.65272608,0.0
4787,scenario_1,40.14241804,68.14241804,0.0,0.0,0.0,0.0,28.0,0.0,40.142418039999995,-7.105427357601002e-15
4788,scenario_1,31.64787843,59.64787843,0.0,0.0,0.0,0.0,28.0,0.0,31.64787843,0.0
4789,scenario_1,75.54898302,63.897955542300004,0.0,0.0,11.65102747769999,0.0,0.0,0.0,75.54898302,0.0
4790,scenario_1,49.09672381,48.0787412445,0.0,0.0,1.0179825654999988,0.0,0.0,0.0,49.09672381,0.0
4791,scenario_1,15.55756893,37.31737758074999,0.0,0.0,0.0,0.0,21.75980865074999,0.0,15.557568930000002,1.7763568394002505e-15
4792,scenario_1,9.2610473,37.2610473,0.0,0.0,0.0,0.0,28.0,0.0,9.261047300000001,1.7763568394002505e-15
4793,scenario_1,6.920265933,20.723330858849994,0.0,0.0,0.0,0.0,13.803064925849995,0.0,6.920265933,0.0
4794,scenario_1,8.27384255,2.4352224228,0.0,0.0,0.0,5.8386201272,0.0,0.0,8.27384255,0.0
4795,scenario_1,8.982510333,0.0,0.0,0.0,0.0,8.982510333,0.0,0.0,8.982510333,0.0
4796,scenario_1,7.970694683,0.0,0.0,0.0,0.0,7.970694683,0.0,0.0,7.970694683,0.0
4797,scenario_1,7.514112067,0.0,0.0,0.0,7.514112067,0.0,0.0,0.0,7.514112067,0.0
4798,scenario_1,7.95816015,0.0,0.0,0.0,7.95816015,0.0,0.0,0.0,7.95816015,0.0
4799,scenario_1,6.682062667,0.0,0.0,0.0,0.0,6.682062667,0.0,0.0,6.682062667,0.0
4800,scenario_1,0.446235733,0.0,0.0,0.0,0.0,0.446235733,0.0,0.0,0.446235733,0.0
4801,scenario_1,0.486035833,0.0,0.0,0.0,0.0,0.486035833,0.0,0.0,0.486035833,0.0
4802,scenario_1,0.522702717,0.0,0.0,0.0,0.522702717,0.0,0.0,0.0,0.522702717,0.0
4803,scenario_1,1.5491535,0.0,0.0,0.0,0.0,1.5491535,0.0,0.0,1.5491535,0.0
4804,scenario_1,7.376738317,0.0,0.0,0.0,0.0,7.376738317,0.0,0.0,7.376738317,0.0
4805,scenario_1,8.471890617,0.0,0.0,0.0,0.8050250659999776,7.666865551000022,0.0,0.0,8.471890617,0.0
4806,scenario_1,4.9246611,0.0,0.0,0.0,0.0,4.9246611,0.0,0.0,4.9246611,0.0
4807,scenario_1,17.00937563,9.33103923105,0.0,0.0,0.0,7.678336398950002,0.0,0.0,17.00937563,0.0
4808,scenario_1,60.19767845,29.360485617299997,0.0,0.0,28.0,2.8371928327000013,0.0,0.0,60.19767845,0.0
4809,scenario_1,80.63478094,36.053352640199996,0.0,0.0,28.0,16.581428299800002,0.0,0.0,80.63478093999998,-1.4210854715202004e-14
4810,scenario_1,83.89152165,42.48608559675,0.0,0.0,28.0,13.40543605325,0.0,0.0,83.89152165,0.0
4811,scenario_1,43.17199352,61.6531258191,0.0,0.0,0.0,0.0,18.481132299099997,0.0,43.17199352,0.0
4812,scenario_1,27.97561808,55.975618080000004,0.0,0.0,0.0,0.0,28.0,0.0,27.975618080000004,3.552713678800501e-15
4813,scenario_1,44.78203335,62.975263730159256,0.0,0.0,0.0,0.0,18.19323038015925,0.0,44.782033350000006,7.105427357601002e-15
4814,scenario_1,29.22687763,57.226877630000004,0.0,0.0,0.0,0.0,28.0,0.0,29.226877630000004,3.552713678800501e-15
4815,scenario_1,19.83593436,47.835934359999996,0.0,0.0,0.0,0.0,28.0,0.0,19.835934359999996,-3.552713678800501e-15
4816,scenario_1,13.27084262,13.27084262,0.0,0.0,0.0,0.0,0.0,0.0,13.27084262,0.0
4817,scenario_1,9.343149433,9.343149433,0.0,0.0,0.0,0.0,0.0,0.0,9.343149433,0.0
4818,scenario_1,8.48469275,4.7921677488,0.0,0.0,3.692525001200001,0.0,0.0,0.0,8.48469275,0.0
4819,scenario_1,8.395993867,0.0,0.0,0.0,8.395993867,0.0,0.0,0.0,8.395993867,0.0
4820,scenario_1,8.286075317,0.0,0.0,0.0,8.286075317,0.0,0.0,0.0,8.286075317,0.0
4821,scenario_1,7.8614597,0.0,0.0,0.0,7.8614597,0.0,0.0,0.0,7.8614597,0.0
4822,scenario_1,7.854206867,0.0,0.0,0.0,7.854206867,0.0,0.0,0.0,7.854206867,0.0
4823,scenario_1,5.051941267,0.0,0.0,0.0,5.051941267,0.0,0.0,0.0,5.051941267,0.0
4824,scenario_1,0.434420233,0.0,0.0,0.0,0.434420233,0.0,0.0,0.0,0.434420233,0.0
4825,scenario_1,0.502852,0.0,0.0,0.0,0.502852,0.0,0.0,0.0,0.502852,0.0
4826,scenario_1,0.543969267,0.0,0.0,0.0,0.543969267,0.0,0.0,0.0,0.543969267,0.0
4827,scenario_1,1.005221317,0.0,0.0,0.0,1.005221317,0.0,0.0,0.0,1.005221317,0.0
4828,scenario_1,6.341206417,0.0,0.0,0.0,6.341206417,0.0,0.0,0.0,6.341206417,0.0
4829,scenario_1,7.19457335,0.0,0.0,0.0,7.19457335,0.0,0.0,0.0,7.19457335,0.0
4830,scenario_1,3.564445117,0.0,0.0,0.0,3.564445117,0.0,0.0,0.0,3.564445117,0.0
4831,scenario_1,14.74591006,3.423296994,0.0,0.0,11.322613065999999,0.0,0.0,0.0,14.74591006,0.0
4832,scenario_1,39.78194811,39.78194811,0.0,0.0,0.0,0.0,0.0,0.0,39.78194811,0.0
4833,scenario_1,92.50628508,66.811554096,0.0,0.0,25.694730984000003,0.0,0.0,0.0,92.50628508,0.0
4834,scenario_1,54.02280743,78.51619491375,0.0,0.0,0.0,0.0,24.49338748375,0.0,54.02280743,0.0
4835,scenario_1,33.50923821,61.50923821,0.0,0.0,0.0,0.0,28.0,0.0,33.50923821,0.0
4836,scenario_1,25.43066525,28.01108818114446,0.0,0.0,0.0,0.0,2.5804229311444575,0.0,25.43066525,0.0
4837,scenario_1,71.61279194,94.08099761745,0.0,0.0,0.0,0.0,22.46820567745,0.0,71.61279194,0.0
4838,scenario_1,46.56491782,67.82605375605,0.0,0.0,0.0,0.0,21.261135936050003,0.0,46.56491782,0.0
4839,scenario_1,20.38493008,46.026222496049996,0.0,0.0,0.0,0.0,25.641292416049996,0.0,20.38493008,0.0
4840,scenario_1,12.44354647,12.44354647,0.0,0.0,0.0,0.0,0.0,0.0,12.44354647,0.0
4841,scenario_1,8.88105994,8.88105994,0.0,0.0,0.0,0.0,0.0,0.0,8.88105994,0.0
4842,scenario_1,8.87411385,4.82563921755,0.0,0.0,0.0,4.0484746324500005,0.0,0.0,8.87411385,0.0
4843,scenario_1,9.611129267,0.0,0.0,0.0,9.611129267,0.0,0.0,0.0,9.611129267,0.0
4844,scenario_1,8.2576123,0.0,0.0,0.0,8.2576123,0.0,0.0,0.0,8.2576123,0.0
4845,scenario_1,7.731045367,0.0,0.0,0.0,0.0,7.731045367,0.0,0.0,7.731045367,0.0
4846,scenario_1,7.511778533,0.0,0.0,0.0,7.511778533,0.0,0.0,0.0,7.511778533,0.0
4847,scenario_1,5.432493483,0.0,0.0,0.0,5.432493483,0.0,0.0,0.0,5.432493483,0.0
4848,scenario_1,0.4486028,0.0,0.0,0.0,0.0,0.4486028,0.0,0.0,0.4486028,0.0
4849,scenario_1,0.473953467,0.0,0.0,0.0,0.473953467,0.0,0.0,0.0,0.473953467,0.0
4850,scenario_1,0.755853883,0.0,0.0,0.0,0.755853883,0.0,0.0,0.0,0.755853883,0.0
4851,scenario_1,2.02253835,0.0,0.0,0.0,0.0,2.02253835,0.0,0.0,2.02253835,0.0
4852,scenario_1,8.0188399,0.0,0.0,0.0,0.0,8.0188399,0.0,0.0,8.0188399,0.0
4853,scenario_1,7.633992267,0.0,0.0,0.0,7.633992267,0.0,0.0,0.0,7.633992267,0.0
4854,scenario_1,4.75179375,0.0,0.0,0.0,4.75179375,0.0,0.0,0.0,4.75179375,0.0
4855,scenario_1,19.04727531,3.294965085,0.0,0.0,15.752310225,0.0,0.0,0.0,19.04727531,0.0
4856,scenario_1,53.29941598,19.43415902595,0.0,0.0,28.0,5.86525695405,0.0,0.0,53.29941597999999,-7.105427357601002e-15
4857,scenario_1,67.0785671,48.091546984199994,0.0,0.0,12.619082824999971,6.367937290800036,0.0,0.0,67.0785671,0.0
4858,scenario_1,60.69195922,85.78720234605,0.0,0.0,0.0,0.0,25.095243126049994,0.0,60.69195922,0.0
4859,scenario_1,27.9741741,55.9741741,0.0,0.0,0.0,0.0,28.0,0.0,27.9741741,0.0
4860,scenario_1,33.08559273,33.08559273,0.0,0.0,0.0,0.0,0.0,0.0,33.08559273,0.0
4861,scenario_1,69.62902737,80.06942771794446,0.0,0.0,0.0,0.0,10.440400347944458,0.0,69.62902737,0.0
4862,scenario_1,53.30395164,65.97805759965,0.0,0.0,0.0,0.0,12.67410595965,0.0,53.30395164,0.0
4863,scenario_1,21.77825436,46.13309712555,0.0,0.0,0.0,0.0,24.354842765550003,0.0,21.77825436,0.0
4864,scenario_1,10.04630439,10.04630439,0.0,0.0,0.0,0.0,0.0,0.0,10.04630439,0.0
4865,scenario_1,6.307337167,30.18718941225,0.0,0.0,0.0,0.0,23.87985224525,0.0,6.307337167,0.0
4866,scenario_1,9.187544033,3.999336773849999,0.0,0.0,5.188207259150001,0.0,0.0,0.0,9.187544033,0.0
4867,scenario_1,10.4877948,0.0,0.0,0.0,10.4877948,0.0,0.0,0.0,10.4877948,0.0
4868,scenario_1,9.728678233,0.0,0.0,0.0,9.728678233,0.0,0.0,0.0,9.728678233,0.0
4869,scenario_1,8.6931092,0.0,0.0,0.0,0.7983661361500096,7.89474306384999,0.0,0.0,8.6931092,0.0
4870,scenario_1,7.558224317,0.0,0.0,0.0,0.0,7.558224317,0.0,0.0,7.558224317,0.0
4871,scenario_1,6.340111083,0.0,0.0,0.0,6.340111083,0.0,0.0,0.0,6.340111083,0.0
4872,scenario_1,0.424203483,0.0,0.0,0.0,0.424203483,0.0,0.0,0.0,0.424203483,0.0
4873,scenario_1,0.494020133,0.0,0.0,0.0,0.0,0.494020133,0.0,0.0,0.494020133,0.0
4874,scenario_1,0.5453867,0.0,0.0,0.0,0.5453867,0.0,0.0,0.0,0.5453867,0.0
4875,scenario_1,1.144289767,0.0,0.0,0.0,0.0,1.144289767,0.0,0.0,1.144289767,0.0
4876,scenario_1,7.630205233,0.0,0.0,0.0,0.0,7.630205233,0.0,0.0,7.630205233,0.0
4877,scenario_1,8.007639867,0.0,0.0,0.0,0.0,8.007639867,0.0,0.0,8.007639867,0.0
4878,scenario_1,3.644148817,0.0,0.0,0.0,0.0,3.644148817,0.0,0.0,3.644148817,0.0
4879,scenario_1,11.41543042,1.5866102417999997,0.0,0.0,0.0,9.8288201782,0.0,0.0,11.41543042,0.0
4880,scenario_1,38.42140306,4.1261169547500005,0.0,0.0,28.0,6.295286105250002,0.0,0.0,38.42140306,0.0
4881,scenario_1,79.21170383,14.70042458775,0.0,0.0,28.0,36.511279242250005,0.0,0.0,79.21170383,0.0
4882,scenario_1,82.21144543,70.9241931243,0.0,0.0,11.287252305699994,0.0,0.0,0.0,82.21144543,0.0
4883,scenario_1,39.20674772,66.945261048,0.0,0.0,0.0,0.0,27.738513328000003,0.0,39.20674772,0.0
4884,scenario_1,34.65471457,55.3535685603,0.0,0.0,0.0,0.0,20.698853990299995,0.0,34.65471457,0.0
4885,scenario_1,49.58532856,53.3882937696,0.0,0.0,0.0,0.0,3.8029652095999964,0.0,49.58532856,0.0
4886,scenario_1,44.19952154,37.8927426003,0.0,0.0,0.0,6.306778939700003,0.0,0.0,44.19952154,0.0
4887,scenario_1,23.26731703,51.26731703,0.0,0.0,0.0,0.0,28.0,0.0,23.26731703,0.0
4888,scenario_1,10.91067334,38.91067334,0.0,0.0,0.0,0.0,28.0,0.0,10.910673340000002,1.7763568394002505e-15
4889,scenario_1,7.029633517,22.376180601149997,0.0,0.0,0.0,0.0,15.346547084149996,0.0,7.029633517000001,8.881784197001252e-16
4890,scenario_1,8.990128667,3.6985070388,0.0,0.0,5.291621628200001,0.0,0.0,0.0,8.990128667,0.0
4891,scenario_1,9.789874233,0.0,0.0,0.0,9.789874233,0.0,0.0,0.0,9.789874233,0.0
4892,scenario_1,8.88420785,0.0,0.0,0.0,5.396057592160467,3.488150257839533,0.0,0.0,8.88420785,0.0
4893,scenario_1,7.82302565,0.0,0.0,0.0,7.82302565,0.0,0.0,0.0,7.82302565,0.0
4894,scenario_1,7.612774067,0.0,0.0,0.0,7.612774067,0.0,0.0,0.0,7.612774067,0.0
4895,scenario_1,5.631373033,0.0,0.0,0.0,5.631373033,0.0,0.0,0.0,5.631373033,0.0
4896,scenario_1,0.430802567,0.0,0.0,0.0,0.0,0.430802567,0.0,0.0,0.430802567,0.0
4897,scenario_1,0.472184833,0.0,0.0,0.0,0.472184833,0.0,0.0,0.0,0.472184833,0.0
4898,scenario_1,0.5013522,0.0,0.0,0.0,0.5013522,0.0,0.0,0.0,0.5013522,0.0
4899,scenario_1,0.9669204,0.0,0.0,0.0,0.0,0.9669204,0.0,0.0,0.9669204,0.0
4900,scenario_1,7.291140717,0.0,0.0,0.0,7.291140717,0.0,0.0,0.0,7.291140717,0.0
4901,scenario_1,7.6921734,0.0,0.0,0.0,7.6921734,0.0,0.0,0.0,7.6921734,0.0
4902,scenario_1,2.336641567,0.0,0.0,0.0,2.336641567,0.0,0.0,0.0,2.336641567,0.0
4903,scenario_1,2.418273572,2.1918534415499997,0.0,0.0,0.0,0.2264201304500002,0.0,0.0,2.418273572,0.0
4904,scenario_1,51.8036772,23.279262948299998,0.0,0.0,28.0,0.524414251700005,0.0,0.0,51.80367720000001,7.105427357601002e-15
4905,scenario_1,55.17380711,42.90665354459999,0.0,0.0,12.267153565400008,0.0,0.0,0.0,55.17380711,0.0
4906,scenario_1,50.36463933,50.36463933,0.0,0.0,0.0,0.0,0.0,0.0,50.36463933,0.0
4907,scenario_1,21.48437283,21.48437283,0.0,0.0,0.0,0.0,0.0,0.0,21.48437283,0.0
4908,scenario_1,6.256107258,34.256107258,0.0,0.0,0.0,0.0,28.0,0.0,6.256107258,0.0
4909,scenario_1,27.12926035,55.129260349999996,0.0,0.0,0.0,0.0,28.0,0.0,27.129260349999996,-3.552713678800501e-15
4910,scenario_1,15.86579491,15.86579491,0.0,0.0,0.0,0.0,0.0,0.0,15.86579491,0.0
4911,scenario_1,5.596223578,19.10208512801731,0.0,0.0,0.0,0.0,13.50586155001731,0.0,5.596223578000002,1.7763568394002505e-15
4912,scenario_1,5.113174751,5.113174751,0.0,0.0,0.0,0.0,0.0,0.0,5.113174751,0.0
4913,scenario_1,5.653457183,19.113213198599997,0.0,0.0,0.0,0.0,13.459756015599996,0.0,5.653457183,0.0
4914,scenario_1,8.291924583,2.66136136425,0.0,0.0,5.63056321875,0.0,0.0,0.0,8.291924583,0.0
4915,scenario_1,8.725576767,0.0,0.0,0.0,8.725576767,0.0,0.0,0.0,8.725576767,0.0
4916,scenario_1,8.83325785,0.0,0.0,0.0,8.83325785,0.0,0.0,0.0,8.83325785,0.0
4917,scenario_1,7.9341587,0.0,0.0,0.0,7.9341587,0.0,0.0,0.0,7.9341587,0.0
4918,scenario_1,7.449323467,0.0,0.0,0.0,7.449323467,0.0,0.0,0.0,7.449323467,0.0
4919,scenario_1,5.867209267,0.0,0.0,0.0,5.867209267,0.0,0.0,0.0,5.867209267,0.0
4920,scenario_1,0.43640365,0.0,0.0,0.0,0.43640365,0.0,0.0,0.0,0.43640365,0.0
4921,scenario_1,0.46877,0.0,0.0,0.0,0.46877,0.0,0.0,0.0,0.46877,0.0
4922,scenario_1,0.532870767,0.0,0.0,0.0,0.532870767,0.0,0.0,0.0,0.532870767,0.0
4923,scenario_1,1.1751224,0.0,0.0,0.0,1.1751224,0.0,0.0,0.0,1.1751224,0.0
4924,scenario_1,6.725789717,0.0,0.0,0.0,6.725789717,0.0,0.0,0.0,6.725789717,0.0
4925,scenario_1,8.219491133,0.0,0.0,0.0,8.219491133,0.0,0.0,0.0,8.219491133,0.0
4926,scenario_1,4.25969205,0.0,0.0,0.0,4.25969205,0.0,0.0,0.0,4.25969205,0.0
4927,scenario_1,3.37442745,2.4305062085999998,0.0,0.0,0.9439212414000004,0.0,0.0,0.0,3.37442745,0.0
4928,scenario_1,17.04461396,17.04461396,0.0,0.0,0.0,0.0,0.0,0.0,17.04461396,0.0
4929,scenario_1,32.87997038,60.87997038,0.0,0.0,0.0,0.0,28.0,0.0,32.87997038,0.0
4930,scenario_1,63.09140696,88.57626816329999,0.0,0.0,0.0,0.0,25.484861203299985,0.0,63.09140696,0.0
4931,scenario_1,31.85828053,31.85828053,0.0,0.0,0.0,0.0,0.0,0.0,31.85828053,0.0
4932,scenario_1,7.791184732,35.791184732,0.0,0.0,0.0,0.0,28.0,0.0,7.791184731999998,-1.7763568394002505e-15
4933,scenario_1,41.63471701,41.63471701,0.0,0.0,0.0,0.0,0.0,0.0,41.63471701,0.0
4934,scenario_1,24.60043499,39.56001823114447,0.0,0.0,0.0,0.0,14.959583241144463,0.0,24.600434990000004,3.552713678800501e-15
4935,scenario_1,8.973576701,36.973576701,0.0,0.0,0.0,0.0,28.0,0.0,8.973576700999999,-1.7763568394002505e-15
4936,scenario_1,4.6841854,4.6841854,0.0,0.0,0.0,0.0,0.0,0.0,4.6841854,0.0
4937,scenario_1,6.11564075,6.11564075,0.0,0.0,0.0,0.0,0.0,0.0,6.11564075,0.0
4938,scenario_1,8.298376867,3.5340603800999997,0.0,0.0,4.7643164869,0.0,0.0,0.0,8.298376867,0.0
4939,scenario_1,8.120792717,0.0,0.0,0.0,8.120792717,0.0,0.0,0.0,8.120792717,0.0
4940,scenario_1,7.393259733,0.0,0.0,0.0,7.393259733,0.0,0.0,0.0,7.393259733,0.0
4941,scenario_1,7.349893533,0.0,0.0,0.0,7.349893533,0.0,0.0,0.0,7.349893533,0.0
4942,scenario_1,7.349854883,0.0,0.0,0.0,7.349854883,0.0,0.0,0.0,7.349854883,0.0
4943,scenario_1,6.0693052,0.0,0.0,0.0,6.0693052,0.0,0.0,0.0,6.0693052,0.0
4944,scenario_1,0.45176935,0.0,0.0,0.0,0.45176935,0.0,0.0,0.0,0.45176935,0.0
4945,scenario_1,0.477634633,0.0,0.0,0.0,0.477634633,0.0,0.0,0.0,0.477634633,0.0
4946,scenario_1,0.4823367,0.0,0.0,0.0,0.4823367,0.0,0.0,0.0,0.4823367,0.0
4947,scenario_1,0.9505554,0.0,0.0,0.0,0.9505554,0.0,0.0,0.0,0.9505554,0.0
4948,scenario_1,6.7753559,0.0,0.0,0.0,6.7753559,0.0,0.0,0.0,6.7753559,0.0
4949,scenario_1,7.418639067,0.0,0.0,0.0,7.418639067,0.0,0.0,0.0,7.418639067,0.0
4950,scenario_1,4.05252755,0.0,0.0,0.0,4.05252755,0.0,0.0,0.0,4.05252755,0.0
4951,scenario_1,13.42591966,20.040689981099995,0.0,0.0,0.0,0.0,6.614770321099995,0.0,13.42591966,0.0
4952,scenario_1,55.07800171,47.450828623199996,0.0,0.0,7.627173086800006,0.0,0.0,0.0,55.07800171,0.0
4953,scenario_1,57.73677731,71.3336446842,0.0,0.0,0.0,0.0,13.596867374199995,0.0,57.73677731,0.0
4954,scenario_1,70.79485072,85.78755590002164,0.0,0.0,0.0,0.0,14.992705180021646,0.0,70.79485072,0.0
4955,scenario_1,45.43413329,73.43413329,0.0,0.0,0.0,0.0,28.0,0.0,45.434133290000005,7.105427357601002e-15
4956,scenario_1,31.32977387,31.32977387,0.0,0.0,0.0,0.0,0.0,0.0,31.32977387,0.0
4957,scenario_1,62.19417456,62.19417456,0.0,0.0,0.0,0.0,0.0,0.0,62.19417456,0.0
4958,scenario_1,42.31470032,42.31470032,0.0,0.0,0.0,0.0,0.0,0.0,42.31470032,0.0
4959,scenario_1,14.80013268,14.80013268,0.0,0.0,0.0,0.0,0.0,0.0,14.80013268,0.0
4960,scenario_1,8.780096888,31.110833320949997,0.0,0.0,0.0,0.0,22.330736432949998,0.0,8.780096888,0.0
4961,scenario_1,6.471350905,6.471350905,0.0,0.0,0.0,0.0,0.0,0.0,6.471350905,0.0
4962,scenario_1,7.687095217,1.8915798384,0.0,0.0,0.0,5.7955153786,0.0,0.0,7.687095217,0.0
4963,scenario_1,10.27124458,0.0,0.0,0.0,10.27124458,0.0,0.0,0.0,10.27124458,0.0
4964,scenario_1,9.7816762,0.0,0.0,0.0,9.7816762,0.0,0.0,0.0,9.7816762,0.0
4965,scenario_1,8.756241183,0.0,0.0,0.0,8.756241183,0.0,0.0,0.0,8.756241183,0.0
4966,scenario_1,7.463874883,0.0,0.0,0.0,0.0,7.463874883,0.0,0.0,7.463874883,0.0
4967,scenario_1,4.58097555,0.0,0.0,0.0,4.58097555,0.0,0.0,0.0,4.58097555,0.0
4968,scenario_1,0.421820733,0.0,0.0,0.0,0.421820733,0.0,0.0,0.0,0.421820733,0.0
4969,scenario_1,0.47516945,0.0,0.0,0.0,0.47516945,0.0,0.0,0.0,0.47516945,0.0
4970,scenario_1,0.512786217,0.0,0.0,0.0,0.0,0.512786217,0.0,0.0,0.512786217,0.0
4971,scenario_1,1.003005483,0.0,0.0,0.0,1.003005483,0.0,0.0,0.0,1.003005483,0.0
4972,scenario_1,6.644504967,0.0,0.0,0.0,6.644504967,0.0,0.0,0.0,6.644504967,0.0
4973,scenario_1,6.742207933,0.0,0.0,0.0,6.742207933,0.0,0.0,0.0,6.742207933,0.0
4974,scenario_1,3.028679067,0.0,0.0,0.0,3.028679067,0.0,0.0,0.0,3.028679067,0.0
4975,scenario_1,11.09772212,4.25234639595,0.0,0.0,6.84537572405,0.0,0.0,0.0,11.09772212,0.0
4976,scenario_1,56.60279788,45.804695233649994,0.0,0.0,0.0,10.798102646350003,0.0,0.0,56.60279788,0.0
4977,scenario_1,60.82685777,63.4529970807,0.0,0.0,0.0,0.0,2.6261393107000046,0.0,60.82685777,0.0
4978,scenario_1,76.63112841,51.25240450125,0.0,0.0,22.78941151187049,2.5893123968795173,0.0,0.0,76.63112841000002,1.4210854715202004e-14
4979,scenario_1,36.63971597,46.359330798150005,0.0,0.0,0.0,0.0,9.719614828150007,0.0,36.63971597,0.0
4980,scenario_1,30.20376417,48.41687887605,0.0,0.0,0.0,0.0,18.21311470605,0.0,30.20376417,0.0
4981,scenario_1,62.95734037,41.2953185952,0.0,0.0,0.0,21.662021774799996,0.0,0.0,62.95734037,0.0
4982,scenario_1,46.56506671,49.078208798999995,0.0,0.0,0.0,0.0,2.5131420889999916,0.0,46.56506671,0.0
4983,scenario_1,15.5810703,13.2679799175,0.0,0.0,2.3130903825000004,0.0,0.0,0.0,15.5810703,0.0
4984,scenario_1,10.27119569,19.0728479247,0.0,0.0,0.0,0.0,8.801652234699999,0.0,10.27119569,0.0
4985,scenario_1,5.401181735,15.57617105445,0.0,0.0,0.0,0.0,10.17498931945,0.0,5.401181735,0.0
4986,scenario_1,7.348031183,2.4512134820999996,0.0,0.0,4.8968177009,0.0,0.0,0.0,7.348031183,0.0
4987,scenario_1,8.4674954,0.0,0.0,0.0,8.4674954,0.0,0.0,0.0,8.4674954,0.0
4988,scenario_1,8.881777317,0.0,0.0,0.0,0.0,8.881777317,0.0,0.0,8.881777317,0.0
4989,scenario_1,8.863724633,0.0,0.0,0.0,0.0,8.863724633,0.0,0.0,8.863724633,0.0
4990,scenario_1,7.946939717,0.0,0.0,0.0,0.0,7.946939717,0.0,0.0,7.946939717,0.0
4991,scenario_1,5.2423579,0.0,0.0,0.0,5.2423579,0.0,0.0,0.0,5.2423579,0.0
4992,scenario_1,0.44453725,0.0,0.0,0.0,0.44453725,0.0,0.0,0.0,0.44453725,0.0
4993,scenario_1,0.474238567,0.0,0.0,0.0,0.474238567,0.0,0.0,0.0,0.474238567,0.0
4994,scenario_1,0.5708716,0.0,0.0,0.0,0.5708716,0.0,0.0,0.0,0.5708716,0.0
4995,scenario_1,1.3182548,0.0,0.0,0.0,0.0,1.3182548,0.0,0.0,1.3182548,0.0
4996,scenario_1,7.200956367,0.0,0.0,0.0,0.0,7.200956367,0.0,0.0,7.200956367,0.0
4997,scenario_1,7.421957983,0.0,0.0,0.0,7.421957983,0.0,0.0,0.0,7.421957983,0.0
4998,scenario_1,3.78772935,0.0,0.0,0.0,3.78772935,0.0,0.0,0.0,3.78772935,0.0
4999,scenario_1,10.11784453,1.57875932115,0.0,0.0,0.0,8.539085208849999,0.0,0.0,10.11784453,0.0
5000,scenario_1,57.50516223,8.05674790935,0.0,0.0,0.0,49.44841432065,0.0,0.0,57.50516223,0.0
5001,scenario_1,78.28562699,43.277632492799995,0.0,0.0,28.0,7.007994497200002,0.0,0.0,78.28562699,0.0
5002,scenario_1,64.70074806,64.70074806,0.0,0.0,0.0,0.0,0.0,0.0,64.70074806,0.0
5003,scenario_1,41.55663173,41.55663173,0.0,0.0,0.0,0.0,0.0,0.0,41.55663173,0.0
5004,scenario_1,34.36110824,50.977007744594445,0.0,0.0,0.0,0.0,16.615899504594445,0.0,34.36110824,0.0
5005,scenario_1,59.76789235,87.76789235,0.0,0.0,0.0,0.0,28.0,0.0,59.76789235,0.0
5006,scenario_1,44.77091631,44.77091631,0.0,0.0,0.0,0.0,0.0,0.0,44.77091631,0.0
5007,scenario_1,23.74578864,51.74578864,0.0,0.0,0.0,0.0,28.0,0.0,23.74578864,0.0
5008,scenario_1,9.468749108,37.468749108,0.0,0.0,0.0,0.0,28.0,0.0,9.468749107999997,-3.552713678800501e-15
5009,scenario_1,6.477698366,30.30624330585,0.0,0.0,0.0,0.0,23.828544939849998,0.0,6.477698366000002,1.7763568394002505e-15
5010,scenario_1,8.651929583,4.42460561715,0.0,0.0,4.227323965849999,0.0,0.0,0.0,8.651929583,0.0
5011,scenario_1,8.445428083,0.0,0.0,0.0,8.445428083,0.0,0.0,0.0,8.445428083,0.0
5012,scenario_1,8.505092367,0.0,0.0,0.0,8.505092367,0.0,0.0,0.0,8.505092367,0.0
5013,scenario_1,8.495858833,0.0,0.0,0.0,8.495858833,0.0,0.0,0.0,8.495858833,0.0
5014,scenario_1,8.156442267,0.0,0.0,0.0,8.156442267,0.0,0.0,0.0,8.156442267,0.0
5015,scenario_1,6.474592917,0.0,0.0,0.0,6.474592917,0.0,0.0,0.0,6.474592917,0.0
5016,scenario_1,0.412604933,0.0,0.0,0.0,0.412604933,0.0,0.0,0.0,0.412604933,0.0
5017,scenario_1,0.495769783,0.0,0.0,0.0,0.495769783,0.0,0.0,0.0,0.495769783,0.0
5018,scenario_1,0.5671356,0.0,0.0,0.0,0.5671356,0.0,0.0,0.0,0.5671356,0.0
5019,scenario_1,0.939902717,0.0,0.0,0.0,0.939902717,0.0,0.0,0.0,0.939902717,0.0
5020,scenario_1,6.4783231,0.0,0.0,0.0,6.4783231,0.0,0.0,0.0,6.4783231,0.0
5021,scenario_1,7.640941667,0.0,0.0,0.0,7.640941667,0.0,0.0,0.0,7.640941667,0.0
5022,scenario_1,4.180394683,0.0,0.0,0.0,4.180394683,0.0,0.0,0.0,4.180394683,0.0
5023,scenario_1,16.11227947,14.448785074649999,0.0,0.0,1.6634943953500017,0.0,0.0,0.0,16.11227947,0.0
5024,scenario_1,55.63998377,41.58343866975,0.0,0.0,14.056545100249998,0.0,0.0,0.0,55.63998377,0.0
5025,scenario_1,59.61886098,65.8430948778,0.0,0.0,0.0,0.0,6.224233897799998,0.0,59.61886098,0.0
5026,scenario_1,74.32838103,77.68924062659998,0.0,0.0,0.0,0.0,3.3608595965999797,0.0,74.32838103,0.0
5027,scenario_1,42.09227032,70.09227032,0.0,0.0,0.0,0.0,28.0,0.0,42.09227032,0.0
5028,scenario_1,29.81893998,29.81893998,0.0,0.0,0.0,0.0,0.0,0.0,29.81893998,0.0
5029,scenario_1,66.71665091,87.0851277696247,0.0,0.0,0.0,0.0,20.368476859624707,0.0,66.71665091,0.0
5030,scenario_1,43.2782743,0.0,0.0,0.0,28.0,15.2782743,0.0,0.0,43.2782743,0.0
5031,scenario_1,18.15735001,46.15735001,0.0,0.0,0.0,0.0,28.0,0.0,18.157350010000002,3.552713678800501e-15
5032,scenario_1,11.66929479,39.66929479,0.0,0.0,0.0,0.0,28.0,0.0,11.669294790000002,1.7763568394002505e-15
5033,scenario_1,9.185302767,29.478461316,0.0,0.0,0.0,0.0,20.293158549,0.0,9.185302767,0.0
5034,scenario_1,9.1387636,4.1085431622,0.0,0.0,5.030220437800001,0.0,0.0,0.0,9.1387636,0.0
5035,scenario_1,9.206182233,0.0,0.0,0.0,0.0,9.206182233,0.0,0.0,9.206182233,0.0
5036,scenario_1,8.658531383,0.0,0.0,0.0,0.0,8.658531383,0.0,0.0,8.658531383,0.0
5037,scenario_1,8.163297233,0.0,0.0,0.0,0.0,8.163297233,0.0,0.0,8.163297233,0.0
5038,scenario_1,7.864894033,0.0,0.0,0.0,0.0,7.864894033,0.0,0.0,7.864894033,0.0
5039,scenario_1,6.1435107,0.0,0.0,0.0,6.1435107,0.0,0.0,0.0,6.1435107,0.0
5040,scenario_1,0.422003467,0.0,0.0,0.0,0.0,0.422003467,0.0,0.0,0.422003467,0.0
5041,scenario_1,0.46726955,0.0,0.0,0.0,0.0,0.46726955,0.0,0.0,0.46726955,0.0
5042,scenario_1,0.508038767,0.0,0.0,0.0,0.0,0.508038767,0.0,0.0,0.508038767,0.0
5043,scenario_1,1.178488833,0.0,0.0,0.0,0.0,1.178488833,0.0,0.0,1.178488833,0.0
5044,scenario_1,6.963354667,0.0,0.0,0.0,0.0,6.963354667,0.0,0.0,6.963354667,0.0
5045,scenario_1,7.83807295,0.0,0.0,0.0,0.0,7.83807295,0.0,0.0,7.83807295,0.0
5046,scenario_1,4.368512083,0.0,0.0,0.0,4.368512083,0.0,0.0,0.0,4.368512083,0.0
5047,scenario_1,14.36299228,1.5818644930499999,0.0,0.0,12.78112778695,0.0,0.0,0.0,14.36299228,0.0
5048,scenario_1,34.74211962,5.794066817849999,0.0,0.0,28.0,0.9480528021499977,0.0,0.0,34.74211962,0.0
5049,scenario_1,53.02155648,26.1835246626,0.0,0.0,16.476628992250014,10.361402825149987,0.0,0.0,53.02155648,0.0
5050,scenario_1,91.89294266,53.4641990337,0.0,0.0,28.0,10.428743626300005,0.0,0.0,91.89294266,0.0
5051,scenario_1,62.65675007,39.81705505349999,0.0,0.0,0.0,22.83969501650001,0.0,0.0,62.65675007,0.0
5052,scenario_1,27.67537576,55.67537576,0.0,0.0,0.0,0.0,28.0,0.0,27.67537576,0.0
5053,scenario_1,70.19871533,98.19871533,0.0,0.0,0.0,0.0,28.0,0.0,70.19871533,0.0
5054,scenario_1,36.77694787,64.77694787,0.0,0.0,0.0,0.0,28.0,0.0,36.77694787,0.0
5055,scenario_1,17.83124915,45.831249150000005,0.0,0.0,0.0,0.0,28.0,0.0,17.831249150000005,3.552713678800501e-15
5056,scenario_1,14.48886083,21.423678694644458,0.0,0.0,0.0,0.0,6.934817864644458,0.0,14.48886083,0.0
5057,scenario_1,5.7587719,11.2683984798,0.0,0.0,0.0,0.0,5.5096265798,0.0,5.7587719,0.0
5058,scenario_1,7.5656944,2.84949718305,0.0,0.0,4.71619721695,0.0,0.0,0.0,7.5656944,0.0
5059,scenario_1,9.455276517,0.0,0.0,0.0,9.455276517,0.0,0.0,0.0,9.455276517,0.0
5060,scenario_1,9.493293217,0.0,0.0,0.0,9.493293217,0.0,0.0,0.0,9.493293217,0.0
5061,scenario_1,8.890760067,0.0,0.0,0.0,8.890760067,0.0,0.0,0.0,8.890760067,0.0
5062,scenario_1,8.414259383,0.0,0.0,0.0,8.414259383,0.0,0.0,0.0,8.414259383,0.0
5063,scenario_1,6.270176217,0.0,0.0,0.0,6.270176217,0.0,0.0,0.0,6.270176217,0.0
5064,scenario_1,0.42700265,0.0,0.0,0.0,0.42700265,0.0,0.0,0.0,0.42700265,0.0
5065,scenario_1,0.481268117,0.0,0.0,0.0,0.481268117,0.0,0.0,0.0,0.481268117,0.0
5066,scenario_1,0.475702617,0.0,0.0,0.0,0.475702617,0.0,0.0,0.0,0.475702617,0.0
5067,scenario_1,0.759954533,0.0,0.0,0.0,0.759954533,0.0,0.0,0.0,0.759954533,0.0
5068,scenario_1,6.864758533,0.0,0.0,0.0,6.864758533,0.0,0.0,0.0,6.864758533,0.0
5069,scenario_1,8.250909533,0.0,0.0,0.0,8.250909533,0.0,0.0,0.0,8.250909533,0.0
5070,scenario_1,4.5618589,0.0,0.0,0.0,0.0,4.5618589,0.0,0.0,4.5618589,0.0
5071,scenario_1,4.0051089,1.57711886685,0.0,0.0,2.4279900331499995,0.0,0.0,0.0,4.0051089,0.0
5072,scenario_1,18.50654515,23.8731091206,0.0,0.0,0.0,0.0,5.366563970599998,0.0,18.50654515,0.0
5073,scenario_1,55.23902,27.94297881165,0.0,0.0,27.296041188349996,0.0,0.0,0.0,55.23902,0.0
5074,scenario_1,53.41445396,60.106148002199994,0.0,0.0,0.0,0.0,6.691694042199991,0.0,53.41445396,0.0
5075,scenario_1,23.7550572,47.5217813967,0.0,0.0,0.0,0.0,23.7667241967,0.0,23.7550572,0.0
5076,scenario_1,5.648279062,0.0,0.0,0.0,5.648279062,0.0,0.0,0.0,5.648279062,0.0
5077,scenario_1,42.18671146,0.0,0.0,0.0,28.0,14.186711459999998,0.0,0.0,42.18671146,0.0
5078,scenario_1,22.47196693,12.55752876825,0.0,0.0,0.0,9.91443816175,0.0,0.0,22.47196693,0.0
5079,scenario_1,4.760811232,7.94007026025,0.0,0.0,0.0,0.0,3.1792590282499997,0.0,4.760811232,0.0
5080,scenario_1,3.658049067,31.658049067,0.0,0.0,0.0,0.0,28.0,0.0,3.6580490670000003,4.440892098500626e-16
5081,scenario_1,4.226595283,25.794275347649997,0.0,0.0,0.0,0.0,21.56768006465,0.0,4.226595282999998,-1.7763568394002505e-15
5082,scenario_1,7.45412555,3.8395957900499997,0.0,0.0,0.0,3.61452975995,0.0,0.0,7.45412555,0.0
5083,scenario_1,8.939791167,0.0,0.0,0.0,8.939791167,0.0,0.0,0.0,8.939791167,0.0
5084,scenario_1,8.497658483,0.0,0.0,0.0,0.0,8.497658483,0.0,0.0,8.497658483,0.0
5085,scenario_1,7.981859133,0.0,0.0,0.0,7.981859133,0.0,0.0,0.0,7.981859133,0.0
5086,scenario_1,7.770389167,0.0,0.0,0.0,0.0,7.770389167,0.0,0.0,7.770389167,0.0
5087,scenario_1,6.42454115,0.0,0.0,0.0,0.0,6.42454115,0.0,0.0,6.42454115,0.0
5088,scenario_1,0.413354367,0.0,0.0,0.0,0.413354367,0.0,0.0,0.0,0.413354367,0.0
5089,scenario_1,0.465569333,0.0,0.0,0.0,0.0,0.465569333,0.0,0.0,0.465569333,0.0
5090,scenario_1,0.520251767,0.0,0.0,0.0,0.0,0.520251767,0.0,0.0,0.520251767,0.0
5091,scenario_1,1.083585217,0.0,0.0,0.0,0.0,1.083585217,0.0,0.0,1.083585217,0.0
5092,scenario_1,6.594653367,0.0,0.0,0.0,6.594653367,0.0,0.0,0.0,6.594653367,0.0
5093,scenario_1,6.88858805,0.0,0.0,0.0,6.88858805,0.0,0.0,0.0,6.88858805,0.0
5094,scenario_1,2.4545389,0.0,0.0,0.0,2.4545389,0.0,0.0,0.0,2.4545389,0.0
5095,scenario_1,10.03931064,3.2611371182999997,0.0,0.0,6.7781735217,0.0,0.0,0.0,10.03931064,0.0
5096,scenario_1,38.58899554,30.4020843912,0.0,0.0,0.0,8.1869111488,0.0,0.0,38.58899554,0.0
5097,scenario_1,58.30321172,52.58470854195,0.0,0.0,4.620428864794019,1.0980743132559807,0.0,0.0,58.30321172,0.0
5098,scenario_1,32.79725599,32.79725599,0.0,0.0,0.0,0.0,0.0,0.0,32.79725599,0.0
5099,scenario_1,21.04493481,49.04493481,0.0,0.0,0.0,0.0,28.0,0.0,21.04493481,0.0
5100,scenario_1,4.2941623,26.49456768639449,0.0,0.0,0.0,0.0,22.20040538639449,0.0,4.2941623,0.0
5101,scenario_1,42.70423705,67.73020801379998,0.0,0.0,0.0,0.0,25.025970963799978,0.0,42.70423705,0.0
5102,scenario_1,15.68788441,27.934789653000003,0.0,0.0,0.0,0.0,12.246905243000002,0.0,15.68788441,0.0
5103,scenario_1,4.845795097,4.845795097,0.0,0.0,0.0,0.0,0.0,0.0,4.845795097,0.0
5104,scenario_1,4.293333294,32.293333294,0.0,0.0,0.0,0.0,28.0,0.0,4.293333294,0.0
5105,scenario_1,4.907849528,13.87901237925,0.0,0.0,0.0,0.0,8.97116285125,0.0,4.907849528,0.0
5106,scenario_1,6.939409283,4.4520914988,0.0,0.0,0.0,2.4873177842,0.0,0.0,6.939409283,0.0
5107,scenario_1,8.350790933,0.0,0.0,0.0,8.350790933,0.0,0.0,0.0,8.350790933,0.0
5108,scenario_1,8.344875033,0.0,0.0,0.0,0.0,8.344875033,0.0,0.0,8.344875033,0.0
5109,scenario_1,8.1361071,0.0,0.0,0.0,8.1361071,0.0,0.0,0.0,8.1361071,0.0
5110,scenario_1,7.88722365,0.0,0.0,0.0,7.88722365,0.0,0.0,0.0,7.88722365,0.0
5111,scenario_1,6.541142583,0.0,0.0,0.0,0.0,6.541142583,0.0,0.0,6.541142583,0.0
5112,scenario_1,0.4411861,0.0,0.0,0.0,0.4411861,0.0,0.0,0.0,0.4411861,0.0
5113,scenario_1,0.496601833,0.0,0.0,0.0,0.496601833,0.0,0.0,0.0,0.496601833,0.0
5114,scenario_1,0.558452967,0.0,0.0,0.0,0.558452967,0.0,0.0,0.0,0.558452967,0.0
5115,scenario_1,1.12383605,0.0,0.0,0.0,1.12383605,0.0,0.0,0.0,1.12383605,0.0
5116,scenario_1,6.837455067,0.0,0.0,0.0,0.0,6.837455067,0.0,0.0,6.837455067,0.0
5117,scenario_1,7.951789933,0.0,0.0,0.0,7.951789933,0.0,0.0,0.0,7.951789933,0.0
5118,scenario_1,5.3355615,0.0,0.0,0.0,5.3355615,0.0,0.0,0.0,5.3355615,0.0
5119,scenario_1,11.56391068,6.31266238815,0.0,0.0,0.0,5.25124829185,0.0,0.0,11.56391068,0.0
5120,scenario_1,64.25259261,32.37347356905,0.0,0.0,28.0,3.8791190409499947,0.0,0.0,64.25259261,0.0
5121,scenario_1,76.37764732,20.955861395549995,0.0,0.0,28.0,27.42178592445,0.0,0.0,76.37764732,0.0
5122,scenario_1,44.20054691,32.2279119879,0.0,0.0,4.518449933999986,7.45418498810001,0.0,0.0,44.20054691,0.0
5123,scenario_1,29.71734058,34.13695066695,0.0,0.0,0.0,0.0,4.4196100869500015,0.0,29.71734058,0.0
5124,scenario_1,30.22493193,42.85050836505,0.0,0.0,0.0,0.0,12.625576435049997,0.0,30.22493193,0.0
5125,scenario_1,72.5840753,88.70703322951604,0.0,0.0,0.0,0.0,16.122957929516044,0.0,72.5840753,0.0
5126,scenario_1,56.55061951,84.55061950999999,0.0,0.0,0.0,0.0,28.0,0.0,56.55061950999999,-7.105427357601002e-15
5127,scenario_1,17.61574444,45.61574444,0.0,0.0,0.0,0.0,28.0,0.0,17.61574444,0.0
5128,scenario_1,9.022443647,9.022443647,0.0,0.0,0.0,0.0,0.0,0.0,9.022443647,0.0
5129,scenario_1,6.661598967,20.9055917532,0.0,0.0,0.0,0.0,14.2439927862,0.0,6.661598967,0.0
5130,scenario_1,7.899926517,4.31225447325,0.0,0.0,3.5876720437499996,0.0,0.0,0.0,7.899926517,0.0
5131,scenario_1,10.37690782,0.0,0.0,0.0,10.37690782,0.0,0.0,0.0,10.37690782,0.0
5132,scenario_1,9.2485583,0.0,0.0,0.0,9.2485583,0.0,0.0,0.0,9.2485583,0.0
5133,scenario_1,7.995275083,0.0,0.0,0.0,7.995275083,0.0,0.0,0.0,7.995275083,0.0
5134,scenario_1,8.0157245,0.0,0.0,0.0,8.0157245,0.0,0.0,0.0,8.0157245,0.0
5135,scenario_1,6.127142617,0.0,0.0,0.0,6.127142617,0.0,0.0,0.0,6.127142617,0.0
5136,scenario_1,0.435602833,0.0,0.0,0.0,0.435602833,0.0,0.0,0.0,0.435602833,0.0
5137,scenario_1,0.486335233,0.0,0.0,0.0,0.486335233,0.0,0.0,0.0,0.486335233,0.0
5138,scenario_1,0.511803517,0.0,0.0,0.0,0.511803517,0.0,0.0,0.0,0.511803517,0.0
5139,scenario_1,1.033806617,0.0,0.0,0.0,1.033806617,0.0,0.0,0.0,1.033806617,0.0
5140,scenario_1,6.410109733,0.0,0.0,0.0,6.410109733,0.0,0.0,0.0,6.410109733,0.0
5141,scenario_1,7.649076717,0.0,0.0,0.0,7.649076717,0.0,0.0,0.0,7.649076717,0.0
5142,scenario_1,4.038745667,0.0,0.0,0.0,4.038745667,0.0,0.0,0.0,4.038745667,0.0
5143,scenario_1,13.17430833,21.85039539,0.0,0.0,0.0,0.0,8.676087059999999,0.0,13.17430833,0.0
5144,scenario_1,38.80583616,21.67637377725,0.0,0.0,17.12946238275,0.0,0.0,0.0,38.80583616,0.0
5145,scenario_1,61.7443496,61.7443496,0.0,0.0,0.0,0.0,0.0,0.0,61.7443496,0.0
5146,scenario_1,75.78308647,68.03784785234998,0.0,0.0,7.745238617650017,0.0,0.0,0.0,75.78308647,0.0
5147,scenario_1,30.78852241,30.78852241,0.0,0.0,0.0,0.0,0.0,0.0,30.78852241,0.0
5148,scenario_1,31.76082461,59.76082461,0.0,0.0,0.0,0.0,28.0,0.0,31.76082461,0.0
5149,scenario_1,54.15449138,82.15449138,0.0,0.0,0.0,0.0,28.0,0.0,54.154491379999996,-7.105427357601002e-15
5150,scenario_1,57.71555864,57.71555864,0.0,0.0,0.0,0.0,0.0,0.0,57.71555864,0.0
5151,scenario_1,21.49413337,49.49413337,0.0,0.0,0.0,0.0,28.0,0.0,21.49413337,0.0
5152,scenario_1,11.48375746,39.48375746,0.0,0.0,0.0,0.0,28.0,0.0,11.48375746,0.0
5153,scenario_1,6.635396883,19.079841327444463,0.0,0.0,0.0,0.0,12.444444444444445,0.0,6.635396883000018,1.7763568394002505e-14
5154,scenario_1,9.451526667,4.9942453458000005,0.0,0.0,4.457281321199999,0.0,0.0,0.0,9.451526667,0.0
5155,scenario_1,10.20014517,0.0,0.0,0.0,10.20014517,0.0,0.0,0.0,10.20014517,0.0
5156,scenario_1,8.5401618,0.0,0.0,0.0,8.5401618,0.0,0.0,0.0,8.5401618,0.0
5157,scenario_1,7.6223446,0.0,0.0,0.0,7.6223446,0.0,0.0,0.0,7.6223446,0.0
5158,scenario_1,7.979756033,0.0,0.0,0.0,7.979756033,0.0,0.0,0.0,7.979756033,0.0
5159,scenario_1,6.009524667,0.0,0.0,0.0,6.009524667,0.0,0.0,0.0,6.009524667,0.0
5160,scenario_1,0.413753233,0.0,0.0,0.0,0.413753233,0.0,0.0,0.0,0.413753233,0.0
5161,scenario_1,0.474752217,0.0,0.0,0.0,0.474752217,0.0,0.0,0.0,0.474752217,0.0
5162,scenario_1,0.482535717,0.0,0.0,0.0,0.482535717,0.0,0.0,0.0,0.482535717,0.0
5163,scenario_1,0.758788967,0.0,0.0,0.0,0.758788967,0.0,0.0,0.0,0.758788967,0.0
5164,scenario_1,6.604790967,0.0,0.0,0.0,6.604790967,0.0,0.0,0.0,6.604790967,0.0
5165,scenario_1,8.033941233,0.0,0.0,0.0,8.033941233,0.0,0.0,0.0,8.033941233,0.0
5166,scenario_1,3.833710367,0.0,0.0,0.0,3.833710367,0.0,0.0,0.0,3.833710367,0.0
5167,scenario_1,10.33096525,7.1788690726499995,0.0,0.0,3.1520961773500007,0.0,0.0,0.0,10.33096525,0.0
5168,scenario_1,40.86551002,46.12042496535,0.0,0.0,0.0,0.0,5.254914945349995,0.0,40.86551002,0.0
5169,scenario_1,58.11616652,60.396542554634706,0.0,0.0,0.0,0.0,2.280376034634707,0.0,58.11616652,0.0
5170,scenario_1,83.40446581,83.40446581,0.0,0.0,0.0,0.0,0.0,0.0,83.40446581,0.0
5171,scenario_1,44.51130068,72.51130068,0.0,0.0,0.0,0.0,28.0,0.0,44.511300680000005,7.105427357601002e-15
5172,scenario_1,26.12056238,54.120562379999996,0.0,0.0,0.0,0.0,28.0,0.0,26.120562379999996,-3.552713678800501e-15
5173,scenario_1,76.22842546,49.83816034425,0.0,0.0,26.390265115749997,0.0,0.0,0.0,76.22842546,0.0
5174,scenario_1,39.90500713,39.90500713,0.0,0.0,0.0,0.0,0.0,0.0,39.90500713,0.0
5175,scenario_1,15.81330434,15.81330434,0.0,0.0,0.0,0.0,0.0,0.0,15.81330434,0.0
5176,scenario_1,10.16374379,15.960900970499997,0.0,0.0,0.0,0.0,5.7971571804999975,0.0,10.16374379,0.0
5177,scenario_1,6.106512398,27.969938218499998,0.0,0.0,0.0,0.0,21.863425820499998,0.0,6.106512398,0.0
5178,scenario_1,8.26855905,4.70974858455,0.0,0.0,3.5588104654500006,0.0,0.0,0.0,8.26855905,0.0
5179,scenario_1,8.96162755,0.0,0.0,0.0,8.96162755,0.0,0.0,0.0,8.96162755,0.0
5180,scenario_1,8.225326983,0.0,0.0,0.0,8.225326983,0.0,0.0,0.0,8.225326983,0.0
5181,scenario_1,8.35422615,0.0,0.0,0.0,8.35422615,0.0,0.0,0.0,8.35422615,0.0
5182,scenario_1,8.303005167,0.0,0.0,0.0,8.303005167,0.0,0.0,0.0,8.303005167,0.0
5183,scenario_1,4.9263084,0.0,0.0,0.0,4.9263084,0.0,0.0,0.0,4.9263084,0.0
5184,scenario_1,0.440602567,0.0,0.0,0.0,0.440602567,0.0,0.0,0.0,0.440602567,0.0
5185,scenario_1,0.461652033,0.0,0.0,0.0,0.461652033,0.0,0.0,0.0,0.461652033,0.0
5186,scenario_1,0.480602783,0.0,0.0,0.0,0.480602783,0.0,0.0,0.0,0.480602783,0.0
5187,scenario_1,1.379686917,0.0,0.0,0.0,1.379686917,0.0,0.0,0.0,1.379686917,0.0
5188,scenario_1,6.973771083,0.0,0.0,0.0,6.973771083,0.0,0.0,0.0,6.973771083,0.0
5189,scenario_1,7.253057517,0.0,0.0,0.0,7.253057517,0.0,0.0,0.0,7.253057517,0.0
5190,scenario_1,3.407929533,0.0,0.0,0.0,3.407929533,0.0,0.0,0.0,3.407929533,0.0
5191,scenario_1,13.08833245,20.5801504242,0.0,0.0,0.0,0.0,7.4918179742,0.0,13.08833245,0.0
5192,scenario_1,51.42074477,45.73112601765,0.0,0.0,5.68961875235,0.0,0.0,0.0,51.42074477,0.0
5193,scenario_1,83.63134412,66.30030233445001,0.0,0.0,17.331041785549985,0.0,0.0,0.0,83.63134412,0.0
5194,scenario_1,68.51875584,68.48284062795003,0.0,0.0,0.0359152120499715,0.0,0.0,0.0,68.51875584,0.0
5195,scenario_1,30.47712765,58.47712765,0.0,0.0,0.0,0.0,28.0,0.0,30.47712765,0.0
5196,scenario_1,23.64968358,41.69415691324487,0.0,0.0,0.0,0.0,18.044473333244863,0.0,23.649683580000005,3.552713678800501e-15
5197,scenario_1,72.64216893,95.25514769685,0.0,0.0,0.0,0.0,22.612978766850006,0.0,72.64216893,0.0
5198,scenario_1,36.6204147,64.40740704435,0.0,0.0,0.0,0.0,27.786992344349997,0.0,36.6204147,0.0
5199,scenario_1,20.17563463,48.175634630000005,0.0,0.0,0.0,0.0,28.0,0.0,20.175634630000005,3.552713678800501e-15
5200,scenario_1,15.07126503,15.07126503,0.0,0.0,0.0,0.0,0.0,0.0,15.07126503,0.0
5201,scenario_1,7.253180883,7.253180883,0.0,0.0,0.0,0.0,0.0,0.0,7.253180883,0.0
5202,scenario_1,7.786294367,4.85413209255,0.0,0.0,2.9321622744499996,0.0,0.0,0.0,7.786294367,0.0
5203,scenario_1,9.043161033,0.0,0.0,0.0,9.043161033,0.0,0.0,0.0,9.043161033,0.0
5204,scenario_1,8.064927417,0.0,0.0,0.0,8.064927417,0.0,0.0,0.0,8.064927417,0.0
5205,scenario_1,8.36244255,0.0,0.0,0.0,8.36244255,0.0,0.0,0.0,8.36244255,0.0
5206,scenario_1,7.6302581,0.0,0.0,0.0,7.6302581,0.0,0.0,0.0,7.6302581,0.0
5207,scenario_1,6.4191909,0.0,0.0,0.0,6.4191909,0.0,0.0,0.0,6.4191909,0.0
5208,scenario_1,0.426803233,0.0,0.0,0.0,0.426803233,0.0,0.0,0.0,0.426803233,0.0
5209,scenario_1,0.471635517,0.0,0.0,0.0,0.471635517,0.0,0.0,0.0,0.471635517,0.0
5210,scenario_1,0.74668705,0.0,0.0,0.0,0.74668705,0.0,0.0,0.0,0.74668705,0.0
5211,scenario_1,1.358487017,0.0,0.0,0.0,1.358487017,0.0,0.0,0.0,1.358487017,0.0
5212,scenario_1,6.8939878,0.0,0.0,0.0,6.8939878,0.0,0.0,0.0,6.8939878,0.0
5213,scenario_1,8.1357402,0.0,0.0,0.0,0.0,8.1357402,0.0,0.0,8.1357402,0.0
5214,scenario_1,4.6490782,0.0,0.0,0.0,0.02539659664999192,4.623681603350008,0.0,0.0,4.6490782,0.0
5215,scenario_1,13.82380664,2.8036526986499997,0.0,0.0,11.020153941350001,0.0,0.0,0.0,13.82380664,0.0
5216,scenario_1,51.89514931,42.490442739449996,0.0,0.0,9.404706570550005,0.0,0.0,0.0,51.89514931,0.0
5217,scenario_1,86.51969249,31.606182259199997,0.0,0.0,28.0,26.9135102308,0.0,0.0,86.51969249,0.0
5218,scenario_1,60.18487078,88.18487078,0.0,0.0,0.0,0.0,28.0,0.0,60.18487078,0.0
5219,scenario_1,25.53158454,53.53158454,0.0,0.0,0.0,0.0,28.0,0.0,25.531584539999997,-3.552713678800501e-15
5220,scenario_1,27.94679174,27.94679174,0.0,0.0,0.0,0.0,0.0,0.0,27.94679174,0.0
5221,scenario_1,76.62857607,104.62857607,0.0,0.0,0.0,0.0,28.0,0.0,76.62857607,0.0
5222,scenario_1,30.63068556,30.63068556,0.0,0.0,0.0,0.0,0.0,0.0,30.63068556,0.0
5223,scenario_1,17.25461666,17.25461666,0.0,0.0,0.0,0.0,0.0,0.0,17.25461666,0.0
5224,scenario_1,9.988287409,9.988287409,0.0,0.0,0.0,0.0,0.0,0.0,9.988287409,0.0
5225,scenario_1,7.336515878,15.515688592012346,0.0,0.0,0.0,0.0,8.179172714012344,0.0,7.336515878000002,1.7763568394002505e-15
5226,scenario_1,8.869542233,2.93702067735,0.0,0.0,5.93252155565,0.0,0.0,0.0,8.869542233,0.0
5227,scenario_1,9.671357117,0.0,0.0,0.0,9.671357117,0.0,0.0,0.0,9.671357117,0.0
5228,scenario_1,9.133560767,0.0,0.0,0.0,9.133560767,0.0,0.0,0.0,9.133560767,0.0
5229,scenario_1,8.966425767,0.0,0.0,0.0,8.966425767,0.0,0.0,0.0,8.966425767,0.0
5230,scenario_1,7.8548091,0.0,0.0,0.0,7.8548091,0.0,0.0,0.0,7.8548091,0.0
5231,scenario_1,6.002009517,0.0,0.0,0.0,6.002009517,0.0,0.0,0.0,6.002009517,0.0
5232,scenario_1,0.429002767,0.0,0.0,0.0,0.429002767,0.0,0.0,0.0,0.429002767,0.0
5233,scenario_1,0.479617517,0.0,0.0,0.0,0.479617517,0.0,0.0,0.0,0.479617517,0.0
5234,scenario_1,0.497935667,0.0,0.0,0.0,0.497935667,0.0,0.0,0.0,0.497935667,0.0
5235,scenario_1,1.272154833,0.0,0.0,0.0,1.272154833,0.0,0.0,0.0,1.272154833,0.0
5236,scenario_1,6.902772267,0.0,0.0,0.0,6.902772267,0.0,0.0,0.0,6.902772267,0.0
5237,scenario_1,7.039307417,0.0,0.0,0.0,7.039307417,0.0,0.0,0.0,7.039307417,0.0
5238,scenario_1,2.724325,0.0,0.0,0.0,2.724325,0.0,0.0,0.0,2.724325,0.0
5239,scenario_1,2.319527433,2.319527433,0.0,0.0,0.0,0.0,0.0,0.0,2.319527433,0.0
5240,scenario_1,20.38079223,19.1639442417,0.0,0.0,1.2168479882999996,0.0,0.0,0.0,20.38079223,0.0
5241,scenario_1,61.96364069,55.4211580716,0.0,0.0,6.542482618400001,0.0,0.0,0.0,61.96364069,0.0
5242,scenario_1,49.89922595,49.89922595,0.0,0.0,0.0,0.0,0.0,0.0,49.89922595,0.0
5243,scenario_1,11.26981052,11.26981052,0.0,0.0,0.0,0.0,0.0,0.0,11.26981052,0.0
5244,scenario_1,7.370602105,35.370602105,0.0,0.0,0.0,0.0,28.0,0.0,7.370602105000003,3.552713678800501e-15
5245,scenario_1,52.59789189,80.59789189,0.0,0.0,0.0,0.0,28.0,0.0,52.59789189,0.0
5246,scenario_1,10.72913519,10.72913519,0.0,0.0,0.0,0.0,0.0,0.0,10.72913519,0.0
5247,scenario_1,4.773036228,32.773036228,0.0,0.0,0.0,0.0,28.0,0.0,4.773036228000002,2.6645352591003757e-15
5248,scenario_1,5.436372247,19.420143605994454,0.0,0.0,0.0,0.0,13.983771358994453,0.0,5.436372247000001,8.881784197001252e-16
5249,scenario_1,5.341539541,31.802212626449997,0.0,0.0,0.0,0.0,26.460673085449997,0.0,5.3415395409999995,-8.881784197001252e-16
5250,scenario_1,6.88689165,4.512456687599999,0.0,0.0,2.3744349624000005,0.0,0.0,0.0,6.88689165,0.0
5251,scenario_1,8.60272455,0.0,0.0,0.0,8.60272455,0.0,0.0,0.0,8.60272455,0.0
5252,scenario_1,8.35819235,0.0,0.0,0.0,8.35819235,0.0,0.0,0.0,8.35819235,0.0
5253,scenario_1,8.278674267,0.0,0.0,0.0,8.278674267,0.0,0.0,0.0,8.278674267,0.0
5254,scenario_1,8.322006217,0.0,0.0,0.0,8.322006217,0.0,0.0,0.0,8.322006217,0.0
5255,scenario_1,5.97377555,0.0,0.0,0.0,5.97377555,0.0,0.0,0.0,5.97377555,0.0
5256,scenario_1,0.42960275,0.0,0.0,0.0,0.42960275,0.0,0.0,0.0,0.42960275,0.0
5257,scenario_1,0.444135667,0.0,0.0,0.0,0.444135667,0.0,0.0,0.0,0.444135667,0.0
5258,scenario_1,0.4868683,0.0,0.0,0.0,0.4868683,0.0,0.0,0.0,0.4868683,0.0
5259,scenario_1,1.31941955,0.0,0.0,0.0,1.31941955,0.0,0.0,0.0,1.31941955,0.0
5260,scenario_1,6.89803625,0.0,0.0,0.0,6.89803625,0.0,0.0,0.0,6.89803625,0.0
5261,scenario_1,7.744705317,0.0,0.0,0.0,7.744705317,0.0,0.0,0.0,7.744705317,0.0
5262,scenario_1,2.411825683,0.0,0.0,0.0,2.411825683,0.0,0.0,0.0,2.411825683,0.0
5263,scenario_1,6.928834807,6.4337955876,0.0,0.0,0.4950392194000006,0.0,0.0,0.0,6.928834807,0.0
5264,scenario_1,20.35578935,30.7767810162,0.0,0.0,0.0,0.0,10.420991666200003,0.0,20.35578935,0.0
5265,scenario_1,53.62624816,46.001759677799996,0.0,0.0,7.624488482200007,0.0,0.0,0.0,53.62624816,0.0
5266,scenario_1,55.61860411,40.4241290277,0.0,0.0,15.194475082300002,0.0,0.0,0.0,55.61860411,0.0
5267,scenario_1,19.21255307,47.21255307,0.0,0.0,0.0,0.0,28.0,0.0,19.21255307,0.0
5268,scenario_1,5.251270083,5.251270083,0.0,0.0,0.0,0.0,0.0,0.0,5.251270083,0.0
5269,scenario_1,42.27439737,43.88056031646668,0.0,0.0,0.0,0.0,1.6061629464666773,0.0,42.27439737,0.0
5270,scenario_1,18.32171389,17.688859647,0.0,0.0,0.6328542430000006,0.0,0.0,0.0,18.32171389,0.0
5271,scenario_1,4.134849831,32.134849831,0.0,0.0,0.0,0.0,28.0,0.0,4.134849830999997,-3.552713678800501e-15
5272,scenario_1,3.863358102,31.863358102,0.0,0.0,0.0,0.0,28.0,0.0,3.8633581019999994,-4.440892098500626e-16
5273,scenario_1,5.831241917,15.472307600999999,0.0,0.0,0.0,0.0,9.641065683999999,0.0,5.831241917,0.0
5274,scenario_1,7.970142967,3.42563144895,0.0,0.0,0.0,4.54451151805,0.0,0.0,7.970142967,0.0
5275,scenario_1,9.236243067,0.0,0.0,0.0,0.0,9.236243067,0.0,0.0,9.236243067,0.0
5276,scenario_1,8.983560133,0.0,0.0,0.0,8.983560133,0.0,0.0,0.0,8.983560133,0.0
5277,scenario_1,8.33757485,0.0,0.0,0.0,8.33757485,0.0,0.0,0.0,8.33757485,0.0
5278,scenario_1,7.4543091,0.0,0.0,0.0,7.4543091,0.0,0.0,0.0,7.4543091,0.0
5279,scenario_1,6.470691,0.0,0.0,0.0,6.470691,0.0,0.0,0.0,6.470691,0.0
5280,scenario_1,0.411603083,0.0,0.0,0.0,0.0,0.411603083,0.0,0.0,0.411603083,0.0
5281,scenario_1,0.470351033,0.0,0.0,0.0,0.470351033,0.0,0.0,0.0,0.470351033,0.0
5282,scenario_1,0.522301767,0.0,0.0,0.0,0.522301767,0.0,0.0,0.0,0.522301767,0.0
5283,scenario_1,0.973107467,0.0,0.0,0.0,0.0,0.973107467,0.0,0.0,0.973107467,0.0
5284,scenario_1,7.208475267,0.0,0.0,0.0,4.9619488169999935,2.2465264500000064,0.0,0.0,7.208475267,0.0
5285,scenario_1,7.5992633,0.0,0.0,0.0,7.5992633,0.0,0.0,0.0,7.5992633,0.0
5286,scenario_1,5.01841435,0.0,0.0,0.0,0.0,5.01841435,0.0,0.0,5.01841435,0.0
5287,scenario_1,15.31764705,1.7028457304999998,0.0,0.0,0.0,13.6148013195,0.0,0.0,15.31764705,0.0
5288,scenario_1,55.05839919,18.9993767487,0.0,0.0,28.0,8.059022441300002,0.0,0.0,55.05839919,0.0
5289,scenario_1,65.95887524,36.0796016247,0.0,0.0,0.0,29.8792736153,0.0,0.0,65.95887524,0.0
5290,scenario_1,84.73521601,34.71160550925,0.0,0.0,28.0,22.023610500750003,0.0,0.0,84.73521601,0.0
5291,scenario_1,44.12042943,44.12042943,0.0,0.0,0.0,0.0,0.0,0.0,44.12042943,0.0
5292,scenario_1,20.70302148,48.703021480000004,0.0,0.0,0.0,0.0,28.0,0.0,20.703021480000004,3.552713678800501e-15
5293,scenario_1,61.66864986,89.66864986,0.0,0.0,0.0,0.0,28.0,0.0,61.66864986,0.0
5294,scenario_1,37.44039267,37.44039267,0.0,0.0,0.0,0.0,0.0,0.0,37.44039267,0.0
5295,scenario_1,15.95397071,32.530483469794454,0.0,0.0,0.0,0.0,16.57651275979445,0.0,15.953970710000004,3.552713678800501e-15
5296,scenario_1,10.20309695,38.20309695,0.0,0.0,0.0,0.0,28.0,0.0,10.203096950000003,1.7763568394002505e-15
5297,scenario_1,7.851033217,31.71896490165,0.0,0.0,0.0,0.0,23.86793168465,0.0,7.851033217000001,8.881784197001252e-16
5298,scenario_1,9.108980317,4.3460129541,0.0,0.0,4.7629673629000004,0.0,0.0,0.0,9.108980317,0.0
5299,scenario_1,9.317310833,0.0,0.0,0.0,0.0,9.317310833,0.0,0.0,9.317310833,0.0
5300,scenario_1,8.871873867,0.0,0.0,0.0,8.871873867,0.0,0.0,0.0,8.871873867,0.0
5301,scenario_1,8.036859717,0.0,0.0,0.0,8.036859717,0.0,0.0,0.0,8.036859717,0.0
5302,scenario_1,7.80855775,0.0,0.0,0.0,7.80855775,0.0,0.0,0.0,7.80855775,0.0
5303,scenario_1,6.971679617,0.0,0.0,0.0,0.0,6.971679617,0.0,0.0,6.971679617,0.0
5304,scenario_1,0.44158665,0.0,0.0,0.0,0.44158665,0.0,0.0,0.0,0.44158665,0.0
5305,scenario_1,0.519201467,0.0,0.0,0.0,0.519201467,0.0,0.0,0.0,0.519201467,0.0
5306,scenario_1,0.621002983,0.0,0.0,0.0,0.0,0.621002983,0.0,0.0,0.621002983,0.0
5307,scenario_1,2.431521533,0.0,0.0,0.0,0.0,2.431521533,0.0,0.0,2.431521533,0.0
5308,scenario_1,8.214822717,0.0,0.0,0.0,8.214822717,0.0,0.0,0.0,8.214822717,0.0
5309,scenario_1,9.357841483,0.0,0.0,0.0,6.144130469099985,3.2137110139000145,0.0,0.0,9.357841483,0.0
5310,scenario_1,5.2822439,0.0,0.0,0.0,0.0,5.2822439,0.0,0.0,5.2822439,0.0
5311,scenario_1,23.06360316,15.170009594399998,0.0,0.0,0.0,7.893593565600002,0.0,0.0,23.06360316,0.0
5312,scenario_1,69.63022208,23.7603118947,0.0,0.0,28.0,17.869910185299997,0.0,0.0,69.63022208,0.0
5313,scenario_1,86.4235225,12.3542664804,0.0,0.0,28.0,46.069256019600004,0.0,0.0,86.4235225,0.0
5314,scenario_1,63.55251044,89.1075858942,0.0,0.0,0.0,0.0,25.5550754542,0.0,63.55251044,0.0
5315,scenario_1,32.92911563,42.02324709015,0.0,0.0,0.0,0.0,9.094131460150003,0.0,32.92911563,0.0
5316,scenario_1,32.41941546,52.0874715984,0.0,0.0,0.0,0.0,19.668056138399997,0.0,32.41941546,0.0
5317,scenario_1,44.71278602,27.378771724499998,0.0,0.0,0.0,17.334014295500005,0.0,0.0,44.71278602,0.0
5318,scenario_1,34.33299793,29.446766577149997,0.0,0.0,4.88623135285,0.0,0.0,0.0,34.33299793,0.0
5319,scenario_1,17.5410647,45.5410647,0.0,0.0,0.0,0.0,28.0,0.0,17.5410647,0.0
5320,scenario_1,10.48613424,38.48613424,0.0,0.0,0.0,0.0,28.0,0.0,10.486134239999998,-1.7763568394002505e-15
5321,scenario_1,7.734947167,26.9072346189,0.0,0.0,0.0,0.0,19.172287451899997,0.0,7.734947167000001,1.7763568394002505e-15
5322,scenario_1,8.794994367,2.8500469423499997,0.0,0.0,5.94494742465,0.0,0.0,0.0,8.794994367,0.0
5323,scenario_1,9.108093083,0.0,0.0,0.0,9.108093083,0.0,0.0,0.0,9.108093083,0.0
5324,scenario_1,9.092708517,0.0,0.0,0.0,9.092708517,0.0,0.0,0.0,9.092708517,0.0
5325,scenario_1,8.0486092,0.0,0.0,0.0,8.0486092,0.0,0.0,0.0,8.0486092,0.0
5326,scenario_1,7.678509233,0.0,0.0,0.0,0.0,7.678509233,0.0,0.0,7.678509233,0.0
5327,scenario_1,5.360510233,0.0,0.0,0.0,5.360510233,0.0,0.0,0.0,5.360510233,0.0
5328,scenario_1,0.450502867,0.0,0.0,0.0,0.0,0.450502867,0.0,0.0,0.450502867,0.0
5329,scenario_1,0.49141865,0.0,0.0,0.0,0.49141865,0.0,0.0,0.0,0.49141865,0.0
5330,scenario_1,0.523153633,0.0,0.0,0.0,0.523153633,0.0,0.0,0.0,0.523153633,0.0
5331,scenario_1,1.3775215,0.0,0.0,0.0,1.3775215,0.0,0.0,0.0,1.3775215,0.0
5332,scenario_1,7.2110235,0.0,0.0,0.0,7.2110235,0.0,0.0,0.0,7.2110235,0.0
5333,scenario_1,7.338409433,0.0,0.0,0.0,0.0,7.338409433,0.0,0.0,7.338409433,0.0
5334,scenario_1,3.49356535,0.0,0.0,0.0,3.49356535,0.0,0.0,0.0,3.49356535,0.0
5335,scenario_1,17.73240409,2.43185830275,0.0,0.0,15.30054578725,0.0,0.0,0.0,17.73240409,0.0
5336,scenario_1,41.4857532,16.180238754599998,0.0,0.0,6.048207678016536,19.257306767383465,0.0,0.0,41.4857532,0.0
5337,scenario_1,86.78788521,11.5041609051,0.0,0.0,28.0,47.2837243049,0.0,0.0,86.78788521,0.0
5338,scenario_1,69.21317766,80.0289897366,0.0,0.0,0.0,0.0,10.815812076599997,0.0,69.21317766,0.0
5339,scenario_1,25.35414578,43.763251588024715,0.0,0.0,0.0,0.0,18.40910580802472,0.0,25.354145779999996,-3.552713678800501e-15
5340,scenario_1,31.58994487,59.58994487,0.0,0.0,0.0,0.0,28.0,0.0,31.589944869999997,-3.552713678800501e-15
5341,scenario_1,73.75481651,58.3703007822,0.0,0.0,15.3845157278,0.0,0.0,0.0,73.75481651,0.0
5342,scenario_1,40.48814014,49.75477928505,0.0,0.0,0.0,0.0,9.26663914505,0.0,40.48814014,0.0
5343,scenario_1,16.2474103,44.2474103,0.0,0.0,0.0,0.0,28.0,0.0,16.2474103,0.0
5344,scenario_1,11.81916463,33.24173247585,0.0,0.0,0.0,0.0,21.42256784585,0.0,11.81916463,0.0
5345,scenario_1,6.054734817,9.29172519105,0.0,0.0,0.0,0.0,3.2369903740500003,0.0,6.054734817,0.0
5346,scenario_1,8.452928217,1.7831656132499998,0.0,0.0,6.669762603750001,0.0,0.0,0.0,8.452928217,0.0
5347,scenario_1,10.06751115,0.0,0.0,0.0,10.06751115,0.0,0.0,0.0,10.06751115,0.0
5348,scenario_1,9.49249315,0.0,0.0,0.0,9.49249315,0.0,0.0,0.0,9.49249315,0.0
5349,scenario_1,8.883959083,0.0,0.0,0.0,8.883959083,0.0,0.0,0.0,8.883959083,0.0
5350,scenario_1,8.22575835,0.0,0.0,0.0,8.22575835,0.0,0.0,0.0,8.22575835,0.0
5351,scenario_1,6.592262083,0.0,0.0,0.0,6.592262083,0.0,0.0,0.0,6.592262083,0.0
5352,scenario_1,0.418187817,0.0,0.0,0.0,0.418187817,0.0,0.0,0.0,0.418187817,0.0
5353,scenario_1,0.484552867,0.0,0.0,0.0,0.484552867,0.0,0.0,0.0,0.484552867,0.0
5354,scenario_1,0.505319667,0.0,0.0,0.0,0.505319667,0.0,0.0,0.0,0.505319667,0.0
5355,scenario_1,1.199906517,0.0,0.0,0.0,1.199906517,0.0,0.0,0.0,1.199906517,0.0
5356,scenario_1,7.790090733,0.0,0.0,0.0,7.790090733,0.0,0.0,0.0,7.790090733,0.0
5357,scenario_1,8.106840667,0.0,0.0,0.0,8.106840667,0.0,0.0,0.0,8.106840667,0.0
5358,scenario_1,4.576828083,0.0,0.0,0.0,4.576828083,0.0,0.0,0.0,4.576828083,0.0
5359,scenario_1,10.09578805,13.52056392345,0.0,0.0,0.0,0.0,3.4247758734500007,0.0,10.09578805,0.0
5360,scenario_1,47.0913574,46.52988044685,0.0,0.0,0.5614769531499988,0.0,0.0,0.0,47.0913574,0.0
5361,scenario_1,66.40288278,56.075876422049994,0.0,0.0,10.327006357950005,0.0,0.0,0.0,66.40288278,0.0
5362,scenario_1,84.24685321,86.25282567885,0.0,0.0,0.0,0.0,2.005972468850004,0.0,84.24685321,0.0
5363,scenario_1,58.48391639,86.48391638999999,0.0,0.0,0.0,0.0,28.0,0.0,58.48391638999999,-7.105427357601002e-15
5364,scenario_1,33.39800484,52.7916240612426,0.0,0.0,0.0,0.0,19.3936192212426,0.0,33.39800484,0.0
5365,scenario_1,44.67754068,44.67754068,0.0,0.0,0.0,0.0,0.0,0.0,44.67754068,0.0
5366,scenario_1,33.93082676,61.93082676,0.0,0.0,0.0,0.0,28.0,0.0,33.93082676,0.0
5367,scenario_1,16.74777648,44.729271434249995,0.0,0.0,0.0,0.0,27.981494954249996,0.0,16.74777648,0.0
5368,scenario_1,11.74090121,24.452484221249996,0.0,0.0,0.0,0.0,12.711583011249996,0.0,11.74090121,0.0
5369,scenario_1,6.93845005,6.93845005,0.0,0.0,0.0,0.0,0.0,0.0,6.93845005,0.0
5370,scenario_1,8.593679567,2.8527151009499994,0.0,0.0,5.740964466050001,0.0,0.0,0.0,8.593679567,0.0
5371,scenario_1,9.753657833,0.0,0.0,0.0,9.753657833,0.0,0.0,0.0,9.753657833,0.0
5372,scenario_1,9.5487085,0.0,0.0,0.0,9.5487085,0.0,0.0,0.0,9.5487085,0.0
5373,scenario_1,8.840894517,0.0,0.0,0.0,8.840894517,0.0,0.0,0.0,8.840894517,0.0
5374,scenario_1,7.912123567,0.0,0.0,0.0,7.912123567,0.0,0.0,0.0,7.912123567,0.0
5375,scenario_1,6.5768392,0.0,0.0,0.0,6.5768392,0.0,0.0,0.0,6.5768392,0.0
5376,scenario_1,0.44953585,0.0,0.0,0.0,0.44953585,0.0,0.0,0.0,0.44953585,0.0
5377,scenario_1,0.484102483,0.0,0.0,0.0,0.484102483,0.0,0.0,0.0,0.484102483,0.0
5378,scenario_1,0.570903867,0.0,0.0,0.0,0.570903867,0.0,0.0,0.0,0.570903867,0.0
5379,scenario_1,0.994410767,0.0,0.0,0.0,0.994410767,0.0,0.0,0.0,0.994410767,0.0
5380,scenario_1,6.860093633,0.0,0.0,0.0,6.860093633,0.0,0.0,0.0,6.860093633,0.0
5381,scenario_1,8.248993917,0.0,0.0,0.0,8.248993917,0.0,0.0,0.0,8.248993917,0.0
5382,scenario_1,3.967786233,0.0,0.0,0.0,3.967786233,0.0,0.0,0.0,3.967786233,0.0
5383,scenario_1,10.88922642,3.2751306126,0.0,0.0,7.6140958074,0.0,0.0,0.0,10.88922642,0.0
5384,scenario_1,38.90802727,38.90802727,0.0,0.0,0.0,0.0,0.0,0.0,38.90802727,0.0
5385,scenario_1,69.85576211,69.85576211,0.0,0.0,0.0,0.0,0.0,0.0,69.85576211,0.0
5386,scenario_1,78.995232,92.28419905199999,0.0,0.0,0.0,0.0,13.28896705199999,0.0,78.995232,0.0
5387,scenario_1,28.84224982,56.84224982,0.0,0.0,0.0,0.0,28.0,0.0,28.84224982,0.0
5388,scenario_1,30.67826488,58.67826488,0.0,0.0,0.0,0.0,28.0,0.0,30.67826488,0.0
5389,scenario_1,81.38374361,50.76002629755,0.0,0.0,28.0,2.6237173124499975,0.0,0.0,81.38374361,0.0
5390,scenario_1,41.88844658,41.88844658,0.0,0.0,0.0,0.0,0.0,0.0,41.88844658,0.0
5391,scenario_1,14.36024855,14.36024855,0.0,0.0,0.0,0.0,0.0,0.0,14.36024855,0.0
5392,scenario_1,9.85958489,37.85958489,0.0,0.0,0.0,0.0,28.0,0.0,9.85958489,0.0
5393,scenario_1,6.618562819,6.618562819,0.0,0.0,0.0,0.0,0.0,0.0,6.618562819,0.0
5394,scenario_1,8.785740283,2.6036269563000003,0.0,0.0,6.182113326700001,0.0,0.0,0.0,8.785740283,0.0
5395,scenario_1,9.65274075,0.0,0.0,0.0,9.65274075,0.0,0.0,0.0,9.65274075,0.0
5396,scenario_1,9.022757067,0.0,0.0,0.0,9.022757067,0.0,0.0,0.0,9.022757067,0.0
5397,scenario_1,8.86737555,0.0,0.0,0.0,8.86737555,0.0,0.0,0.0,8.86737555,0.0
5398,scenario_1,8.635875083,0.0,0.0,0.0,8.635875083,0.0,0.0,0.0,8.635875083,0.0
5399,scenario_1,7.38227885,0.0,0.0,0.0,7.38227885,0.0,0.0,0.0,7.38227885,0.0
5400,scenario_1,0.447802433,0.0,0.0,0.0,0.447802433,0.0,0.0,0.0,0.447802433,0.0
5401,scenario_1,0.451802083,0.0,0.0,0.0,0.451802083,0.0,0.0,0.0,0.451802083,0.0
5402,scenario_1,0.48020095,0.0,0.0,0.0,0.48020095,0.0,0.0,0.0,0.48020095,0.0
5403,scenario_1,1.1674013,0.0,0.0,0.0,1.1674013,0.0,0.0,0.0,1.1674013,0.0
5404,scenario_1,6.6511869,0.0,0.0,0.0,6.6511869,0.0,0.0,0.0,6.6511869,0.0
5405,scenario_1,7.05440605,0.0,0.0,0.0,7.05440605,0.0,0.0,0.0,7.05440605,0.0
5406,scenario_1,2.90007475,0.0,0.0,0.0,2.90007475,0.0,0.0,0.0,2.90007475,0.0
5407,scenario_1,2.379843183,2.379843183,0.0,0.0,0.0,0.0,0.0,0.0,2.379843183,0.0
5408,scenario_1,28.94863287,28.94863287,0.0,0.0,0.0,0.0,0.0,0.0,28.94863287,0.0
5409,scenario_1,45.01177764,70.46389703999999,0.0,0.0,0.0,0.0,25.452119399999994,0.0,45.01177764,0.0
5410,scenario_1,49.18786232,77.18786232,0.0,0.0,0.0,0.0,28.0,0.0,49.187862319999994,-7.105427357601002e-15
5411,scenario_1,13.41043941,13.41043941,0.0,0.0,0.0,0.0,0.0,0.0,13.41043941,0.0
5412,scenario_1,4.72269345,4.72269345,0.0,0.0,0.0,0.0,0.0,0.0,4.72269345,0.0
5413,scenario_1,35.27078392,47.47638193655369,0.0,0.0,0.0,0.0,12.205598016553694,0.0,35.27078392,0.0
5414,scenario_1,37.4580979,65.4580979,0.0,0.0,0.0,0.0,28.0,0.0,37.4580979,0.0
5415,scenario_1,6.897433941,6.897433941,0.0,0.0,0.0,0.0,0.0,0.0,6.897433941,0.0
5416,scenario_1,4.030296026,32.030296026,0.0,0.0,0.0,0.0,28.0,0.0,4.030296026000002,1.7763568394002505e-15
5417,scenario_1,5.024725417,5.024725417,0.0,0.0,0.0,0.0,0.0,0.0,5.024725417,0.0
5418,scenario_1,8.0921563,2.6027703318,0.0,0.0,5.489385968199999,0.0,0.0,0.0,8.0921563,0.0
5419,scenario_1,9.886924617,0.0,0.0,0.0,9.886924617,0.0,0.0,0.0,9.886924617,0.0
5420,scenario_1,8.8141083,0.0,0.0,0.0,8.8141083,0.0,0.0,0.0,8.8141083,0.0
5421,scenario_1,8.810690133,0.0,0.0,0.0,8.810690133,0.0,0.0,0.0,8.810690133,0.0
5422,scenario_1,8.075490183,0.0,0.0,0.0,8.075490183,0.0,0.0,0.0,8.075490183,0.0
5423,scenario_1,6.958574467,0.0,0.0,0.0,6.958574467,0.0,0.0,0.0,6.958574467,0.0
5424,scenario_1,0.4477202,0.0,0.0,0.0,0.4477202,0.0,0.0,0.0,0.4477202,0.0
5425,scenario_1,0.483818317,0.0,0.0,0.0,0.483818317,0.0,0.0,0.0,0.483818317,0.0
5426,scenario_1,0.51460125,0.0,0.0,0.0,0.51460125,0.0,0.0,0.0,0.51460125,0.0
5427,scenario_1,0.967704033,0.0,0.0,0.0,0.967704033,0.0,0.0,0.0,0.967704033,0.0
5428,scenario_1,6.836608033,0.0,0.0,0.0,6.836608033,0.0,0.0,0.0,6.836608033,0.0
5429,scenario_1,7.144292317,0.0,0.0,0.0,7.144292317,0.0,0.0,0.0,7.144292317,0.0
5430,scenario_1,2.250075317,0.0,0.0,0.0,2.250075317,0.0,0.0,0.0,2.250075317,0.0
5431,scenario_1,2.069360217,2.069360217,0.0,0.0,0.0,0.0,0.0,0.0,2.069360217,0.0
5432,scenario_1,41.38004705,42.487753257150004,0.0,0.0,0.0,0.0,1.1077062071500023,0.0,41.38004705,0.0
5433,scenario_1,53.15205453,53.15205453,0.0,0.0,0.0,0.0,0.0,0.0,53.15205453,0.0
5434,scenario_1,46.64166672,74.64166672,0.0,0.0,0.0,0.0,28.0,0.0,46.64166672,0.0
5435,scenario_1,9.308164776,9.308164776,0.0,0.0,0.0,0.0,0.0,0.0,9.308164776,0.0
5436,scenario_1,6.574228973,6.574228973,0.0,0.0,0.0,0.0,0.0,0.0,6.574228973,0.0
5437,scenario_1,28.302269,56.302268999999995,0.0,0.0,0.0,0.0,28.0,0.0,28.302268999999995,-3.552713678800501e-15
5438,scenario_1,27.77155964,27.77155964,0.0,0.0,0.0,0.0,0.0,0.0,27.77155964,0.0
5439,scenario_1,6.288296894,34.288296894,0.0,0.0,0.0,0.0,28.0,0.0,6.288296893999998,-1.7763568394002505e-15
5440,scenario_1,3.237246808,3.237246808,0.0,0.0,0.0,0.0,0.0,0.0,3.237246808,0.0
5441,scenario_1,4.3745737,4.3745737,0.0,0.0,0.0,0.0,0.0,0.0,4.3745737,0.0
5442,scenario_1,7.338906983,2.4639515741999998,0.0,0.0,4.8749554088,0.0,0.0,0.0,7.338906982999999,-8.881784197001252e-16
5443,scenario_1,8.794823767,0.0,0.0,0.0,8.794823767,0.0,0.0,0.0,8.794823767,0.0
5444,scenario_1,8.826073767,0.0,0.0,0.0,8.826073767,0.0,0.0,0.0,8.826073767,0.0
5445,scenario_1,8.717871733,0.0,0.0,0.0,8.717871733,0.0,0.0,0.0,8.717871733,0.0
5446,scenario_1,7.842722767,0.0,0.0,0.0,7.842722767,0.0,0.0,0.0,7.842722767,0.0
5447,scenario_1,5.7725068,0.0,0.0,0.0,5.7725068,0.0,0.0,0.0,5.7725068,0.0
5448,scenario_1,0.432269783,0.0,0.0,0.0,0.432269783,0.0,0.0,0.0,0.432269783,0.0
5449,scenario_1,0.4925352,0.0,0.0,0.0,0.4925352,0.0,0.0,0.0,0.4925352,0.0
5450,scenario_1,0.5651683,0.0,0.0,0.0,0.5651683,0.0,0.0,0.0,0.5651683,0.0
5451,scenario_1,1.971355283,0.0,0.0,0.0,1.971355283,0.0,0.0,0.0,1.971355283,0.0
5452,scenario_1,7.375327567,0.0,0.0,0.0,7.375327567,0.0,0.0,0.0,7.375327567,0.0
5453,scenario_1,8.67676055,0.0,0.0,0.0,8.67676055,0.0,0.0,0.0,8.67676055,0.0
5454,scenario_1,4.846282517,0.0,0.0,0.0,4.846282517,0.0,0.0,0.0,4.846282517,0.0
5455,scenario_1,14.67510288,13.310663224649998,0.0,0.0,1.3644396553500027,0.0,0.0,0.0,14.67510288,0.0
5456,scenario_1,51.20220435,45.12634372845,0.0,0.0,6.0758606215499995,0.0,0.0,0.0,51.20220435,0.0
5457,scenario_1,80.6714942,71.12927074529999,0.0,0.0,9.542223454700007,0.0,0.0,0.0,80.6714942,0.0
5458,scenario_1,65.44833678,90.2346909894,0.0,0.0,0.0,0.0,24.78635420939999,0.0,65.44833678,0.0
5459,scenario_1,30.13530847,58.13530847,0.0,0.0,0.0,0.0,28.0,0.0,30.13530847,0.0
5460,scenario_1,26.24895742,51.846772561711134,0.0,0.0,0.0,0.0,25.59781514171113,0.0,26.248957420000004,3.552713678800501e-15
5461,scenario_1,70.96071386,70.96071386,0.0,0.0,0.0,0.0,0.0,0.0,70.96071386,0.0
5462,scenario_1,47.73428898,47.73428898,0.0,0.0,0.0,0.0,0.0,0.0,47.73428898,0.0
5463,scenario_1,19.46254815,19.46254815,0.0,0.0,0.0,0.0,0.0,0.0,19.46254815,0.0
5464,scenario_1,10.14459586,38.14459586,0.0,0.0,0.0,0.0,28.0,0.0,10.144595860000003,1.7763568394002505e-15
5465,scenario_1,6.08458405,6.08458405,0.0,0.0,0.0,0.0,0.0,0.0,6.08458405,0.0
5466,scenario_1,6.993527533,2.4639410349,0.0,0.0,4.5295864981000005,0.0,0.0,0.0,6.993527533,0.0
5467,scenario_1,8.33291335,0.0,0.0,0.0,8.33291335,0.0,0.0,0.0,8.33291335,0.0
5468,scenario_1,8.030030533,0.0,0.0,0.0,8.030030533,0.0,0.0,0.0,8.030030533,0.0
5469,scenario_1,8.022094017,0.0,0.0,0.0,8.022094017,0.0,0.0,0.0,8.022094017,0.0
5470,scenario_1,7.503059517,0.0,0.0,0.0,7.503059517,0.0,0.0,0.0,7.503059517,0.0
5471,scenario_1,6.026342283,0.0,0.0,0.0,6.026342283,0.0,0.0,0.0,6.026342283,0.0
5472,scenario_1,0.432402833,0.0,0.0,0.0,0.432402833,0.0,0.0,0.0,0.432402833,0.0
5473,scenario_1,0.470434933,0.0,0.0,0.0,0.470434933,0.0,0.0,0.0,0.470434933,0.0
5474,scenario_1,0.559618317,0.0,0.0,0.0,0.559618317,0.0,0.0,0.0,0.559618317,0.0
5475,scenario_1,1.771587717,0.0,0.0,0.0,1.771587717,0.0,0.0,0.0,1.771587717,0.0
5476,scenario_1,7.341955067,0.0,0.0,0.0,7.341955067,0.0,0.0,0.0,7.341955067,0.0
5477,scenario_1,7.079857683,0.0,0.0,0.0,7.079857683,0.0,0.0,0.0,7.079857683,0.0
5478,scenario_1,3.217479017,0.0,0.0,0.0,3.217479017,0.0,0.0,0.0,3.217479017,0.0
5479,scenario_1,17.65047191,15.85375415745,0.0,0.0,1.7967177525500002,0.0,0.0,0.0,17.65047191,0.0
5480,scenario_1,59.92031363,46.65192456045,0.0,0.0,13.268389069550004,0.0,0.0,0.0,59.92031363,0.0
5481,scenario_1,80.59266385,59.09210569875,0.0,0.0,21.500558151249997,0.0,0.0,0.0,80.59266385,0.0
5482,scenario_1,57.56876751,85.3641243291,0.0,0.0,0.0,0.0,27.795356819099993,0.0,57.56876751,0.0
5483,scenario_1,33.49442037,61.49442037,0.0,0.0,0.0,0.0,28.0,0.0,33.49442037,0.0
5484,scenario_1,31.30502855,31.30502855,0.0,0.0,0.0,0.0,0.0,0.0,31.30502855,0.0
5485,scenario_1,69.69419069,69.69419069,0.0,0.0,0.0,0.0,0.0,0.0,69.69419069,0.0
5486,scenario_1,42.80302325,54.32004512034449,0.0,0.0,0.0,0.0,11.517021870344482,0.0,42.80302325000001,7.105427357601002e-15
5487,scenario_1,18.98350425,46.983504249999996,0.0,0.0,0.0,0.0,28.0,0.0,18.983504249999996,-3.552713678800501e-15
5488,scenario_1,11.10468084,39.10468084,0.0,0.0,0.0,0.0,28.0,0.0,11.10468084,0.0
5489,scenario_1,6.469717333,6.469717333,0.0,0.0,0.0,0.0,0.0,0.0,6.469717333,0.0
5490,scenario_1,8.928844917,2.2265513907,0.0,0.0,6.702293526299999,0.0,0.0,0.0,8.928844917,0.0
5491,scenario_1,10.34180805,0.0,0.0,0.0,10.34180805,0.0,0.0,0.0,10.34180805,0.0
5492,scenario_1,8.75979525,0.0,0.0,0.0,8.75979525,0.0,0.0,0.0,8.75979525,0.0
5493,scenario_1,8.3056108,0.0,0.0,0.0,8.3056108,0.0,0.0,0.0,8.3056108,0.0
5494,scenario_1,7.85005785,0.0,0.0,0.0,7.85005785,0.0,0.0,0.0,7.85005785,0.0
5495,scenario_1,6.809762033,0.0,0.0,0.0,0.0,6.809762033,0.0,0.0,6.809762033,0.0
5496,scenario_1,0.434036233,0.0,0.0,0.0,0.434036233,0.0,0.0,0.0,0.434036233,0.0
5497,scenario_1,0.48680205,0.0,0.0,0.0,0.48680205,0.0,0.0,0.0,0.48680205,0.0
5498,scenario_1,0.556505483,0.0,0.0,0.0,0.0,0.556505483,0.0,0.0,0.556505483,0.0
5499,scenario_1,1.407337383,0.0,0.0,0.0,0.0,1.407337383,0.0,0.0,1.407337383,0.0
5500,scenario_1,7.944774417,0.0,0.0,0.0,7.944774417,0.0,0.0,0.0,7.944774417,0.0
5501,scenario_1,8.988541767,0.0,0.0,0.0,8.988541767,0.0,0.0,0.0,8.988541767,0.0
5502,scenario_1,6.133514117,0.0,0.0,0.0,6.133514117,0.0,0.0,0.0,6.133514117,0.0
5503,scenario_1,19.53417108,1.8232535564999999,0.0,0.0,6.85276593970002,10.858151583799982,0.0,0.0,19.53417108,0.0
5504,scenario_1,58.30341055,4.34705450655,0.0,0.0,0.0,53.95635604345,0.0,0.0,58.30341055,0.0
5505,scenario_1,66.98859182,15.19039934085,0.0,0.0,0.0,51.798192479149996,0.0,0.0,66.98859182,0.0
5506,scenario_1,75.20833244,23.52870477225,0.0,0.0,28.0,23.679627667750008,0.0,0.0,75.20833244,0.0
5507,scenario_1,31.97504047,31.97504047,0.0,0.0,0.0,0.0,0.0,0.0,31.97504047,0.0
5508,scenario_1,28.84271507,33.634923182767274,0.0,0.0,0.0,0.0,4.7922081127672715,0.0,28.842715070000004,3.552713678800501e-15
5509,scenario_1,65.52826429,93.52826429,0.0,0.0,0.0,0.0,28.0,0.0,65.52826429,0.0
5510,scenario_1,44.92342004,72.92342004,0.0,0.0,0.0,0.0,28.0,0.0,44.923420039999996,-7.105427357601002e-15
5511,scenario_1,17.2899362,45.2899362,0.0,0.0,0.0,0.0,28.0,0.0,17.2899362,0.0
5512,scenario_1,11.75876785,11.75876785,0.0,0.0,0.0,0.0,0.0,0.0,11.75876785,0.0
5513,scenario_1,7.513450867,28.280604919499996,0.0,0.0,0.0,0.0,20.767154052499997,0.0,7.5134508669999995,-8.881784197001252e-16
5514,scenario_1,8.00537955,2.48903228955,0.0,0.0,5.516347260450001,0.0,0.0,0.0,8.00537955,0.0
5515,scenario_1,9.980844483,0.0,0.0,0.0,9.980844483,0.0,0.0,0.0,9.980844483,0.0
5516,scenario_1,9.5843084,0.0,0.0,0.0,9.5843084,0.0,0.0,0.0,9.5843084,0.0
5517,scenario_1,8.400324817,0.0,0.0,0.0,8.400324817,0.0,0.0,0.0,8.400324817,0.0
5518,scenario_1,7.818226067,0.0,0.0,0.0,7.818226067,0.0,0.0,0.0,7.818226067,0.0
5519,scenario_1,5.57046,0.0,0.0,0.0,5.57046,0.0,0.0,0.0,5.57046,0.0
5520,scenario_1,0.459568933,0.0,0.0,0.0,0.459568933,0.0,0.0,0.0,0.459568933,0.0
5521,scenario_1,0.4947519,0.0,0.0,0.0,0.4947519,0.0,0.0,0.0,0.4947519,0.0
5522,scenario_1,0.558084417,0.0,0.0,0.0,0.558084417,0.0,0.0,0.0,0.558084417,0.0
5523,scenario_1,0.999687267,0.0,0.0,0.0,0.999687267,0.0,0.0,0.0,0.999687267,0.0
5524,scenario_1,7.173240417,0.0,0.0,0.0,7.173240417,0.0,0.0,0.0,7.173240417,0.0
5525,scenario_1,7.8531406,0.0,0.0,0.0,7.8531406,0.0,0.0,0.0,7.8531406,0.0
5526,scenario_1,4.11462725,0.0,0.0,0.0,4.11462725,0.0,0.0,0.0,4.11462725,0.0
5527,scenario_1,17.63909876,20.35394432535,0.0,0.0,0.0,0.0,2.71484556535,0.0,17.63909876,0.0
5528,scenario_1,60.28242786,50.9041935048,0.0,0.0,9.3782343552,0.0,0.0,0.0,60.28242786,0.0
5529,scenario_1,82.81421377,72.4970233539,0.0,0.0,10.31719041609999,0.0,0.0,0.0,82.81421377,0.0
5530,scenario_1,81.44413026,81.44413026,0.0,0.0,0.0,0.0,0.0,0.0,81.44413026,0.0
5531,scenario_1,37.84155167,65.84155167,0.0,0.0,0.0,0.0,28.0,0.0,37.84155167,0.0
5532,scenario_1,26.6747894,54.6747894,0.0,0.0,0.0,0.0,28.0,0.0,26.6747894,0.0
5533,scenario_1,40.92559116,40.92559116,0.0,0.0,0.0,0.0,0.0,0.0,40.92559116,0.0
5534,scenario_1,37.22646818,65.22646818,0.0,0.0,0.0,0.0,28.0,0.0,37.22646818,0.0
5535,scenario_1,16.22048591,16.22048591,0.0,0.0,0.0,0.0,0.0,0.0,16.22048591,0.0
5536,scenario_1,10.20004984,10.20004984,0.0,0.0,0.0,0.0,0.0,0.0,10.20004984,0.0
5537,scenario_1,7.373152102,7.373152102,0.0,0.0,0.0,0.0,0.0,0.0,7.373152102,0.0
5538,scenario_1,8.67632535,2.37155929095,0.0,0.0,6.304766059050001,0.0,0.0,0.0,8.67632535,0.0
5539,scenario_1,10.76809042,0.0,0.0,0.0,10.76809042,0.0,0.0,0.0,10.76809042,0.0
5540,scenario_1,9.052574133,0.0,0.0,0.0,9.052574133,0.0,0.0,0.0,9.052574133,0.0
5541,scenario_1,8.787507567,0.0,0.0,0.0,8.787507567,0.0,0.0,0.0,8.787507567,0.0
5542,scenario_1,7.870492167,0.0,0.0,0.0,7.870492167,0.0,0.0,0.0,7.870492167,0.0
5543,scenario_1,5.184860883,0.0,0.0,0.0,5.184860883,0.0,0.0,0.0,5.184860883,0.0
5544,scenario_1,0.465719717,0.0,0.0,0.0,0.465719717,0.0,0.0,0.0,0.465719717,0.0
5545,scenario_1,0.48591995,0.0,0.0,0.0,0.48591995,0.0,0.0,0.0,0.48591995,0.0
5546,scenario_1,0.552088533,0.0,0.0,0.0,0.552088533,0.0,0.0,0.0,0.552088533,0.0
5547,scenario_1,1.5997389,0.0,0.0,0.0,1.5997389,0.0,0.0,0.0,1.5997389,0.0
5548,scenario_1,7.155973567,0.0,0.0,0.0,7.155973567,0.0,0.0,0.0,7.155973567,0.0
5549,scenario_1,8.33145975,0.0,0.0,0.0,8.33145975,0.0,0.0,0.0,8.33145975,0.0
5550,scenario_1,4.203880033,0.0,0.0,0.0,4.203880033,0.0,0.0,0.0,4.203880033,0.0
5551,scenario_1,11.47874218,21.47383931385,0.0,0.0,0.0,0.0,9.99509713385,0.0,11.47874218,0.0
5552,scenario_1,48.98837381,48.98837381,0.0,0.0,0.0,0.0,0.0,0.0,48.98837381,0.0
5553,scenario_1,66.62792047,74.1764826228,0.0,0.0,0.0,0.0,7.548562152799988,0.0,66.62792047,0.0
5554,scenario_1,69.18457986,69.18457986,0.0,0.0,0.0,0.0,0.0,0.0,69.18457986,0.0
5555,scenario_1,43.5883539,71.5883539,0.0,0.0,0.0,0.0,28.0,0.0,43.5883539,0.0
5556,scenario_1,35.16712477,35.16712477,0.0,0.0,0.0,0.0,0.0,0.0,35.16712477,0.0
5557,scenario_1,86.71674291,102.98906324414999,0.0,0.0,0.0,0.0,16.272320334149995,0.0,86.71674291,0.0
5558,scenario_1,35.41419677,35.41419677,0.0,0.0,0.0,0.0,0.0,0.0,35.41419677,0.0
5559,scenario_1,16.75671313,44.75671313,0.0,0.0,0.0,0.0,28.0,0.0,16.75671313,0.0
5560,scenario_1,12.35459625,12.35459625,0.0,0.0,0.0,0.0,0.0,0.0,12.35459625,0.0
5561,scenario_1,7.444233333,7.444233333,0.0,0.0,0.0,0.0,0.0,0.0,7.444233333,0.0
5562,scenario_1,9.0277954,2.25335981595,0.0,0.0,6.77443558405,0.0,0.0,0.0,9.0277954,0.0
5563,scenario_1,9.5421757,0.0,0.0,0.0,9.5421757,0.0,0.0,0.0,9.5421757,0.0
5564,scenario_1,9.081658733,0.0,0.0,0.0,9.081658733,0.0,0.0,0.0,9.081658733,0.0
5565,scenario_1,8.782193817,0.0,0.0,0.0,8.782193817,0.0,0.0,0.0,8.782193817,0.0
5566,scenario_1,8.384543233,0.0,0.0,0.0,8.384543233,0.0,0.0,0.0,8.384543233,0.0
5567,scenario_1,6.728977317,0.0,0.0,0.0,6.728977317,0.0,0.0,0.0,6.728977317,0.0
5568,scenario_1,0.452402333,0.0,0.0,0.0,0.452402333,0.0,0.0,0.0,0.452402333,0.0
5569,scenario_1,0.477601067,0.0,0.0,0.0,0.477601067,0.0,0.0,0.0,0.477601067,0.0
5570,scenario_1,0.54311875,0.0,0.0,0.0,0.54311875,0.0,0.0,0.0,0.54311875,0.0
5571,scenario_1,1.804570167,0.0,0.0,0.0,1.804570167,0.0,0.0,0.0,1.804570167,0.0
5572,scenario_1,7.372671617,0.0,0.0,0.0,7.372671617,0.0,0.0,0.0,7.372671617,0.0
5573,scenario_1,7.497456817,0.0,0.0,0.0,7.497456817,0.0,0.0,0.0,7.497456817,0.0
5574,scenario_1,3.625122533,0.0,0.0,0.0,3.625122533,0.0,0.0,0.0,3.625122533,0.0
5575,scenario_1,2.954624533,2.954624533,0.0,0.0,0.0,0.0,0.0,0.0,2.954624533,0.0
5576,scenario_1,21.47369887,21.47369887,0.0,0.0,0.0,0.0,0.0,0.0,21.47369887,0.0
5577,scenario_1,55.82571137,69.36725052179999,0.0,0.0,0.0,0.0,13.541539151799988,0.0,55.82571137,0.0
5578,scenario_1,45.21466874,45.21466874,0.0,0.0,0.0,0.0,0.0,0.0,45.21466874,0.0
5579,scenario_1,13.421408,41.421408,0.0,0.0,0.0,0.0,28.0,0.0,13.421408,0.0
5580,scenario_1,6.432178343,6.432178343,0.0,0.0,0.0,0.0,0.0,0.0,6.432178343,0.0
5581,scenario_1,54.85569445,82.85569445,0.0,0.0,0.0,0.0,28.0,0.0,54.85569445,0.0
5582,scenario_1,18.66498119,43.488854600177824,0.0,0.0,0.0,0.0,24.82387341017782,0.0,18.664981190000002,3.552713678800501e-15
5583,scenario_1,4.90794988,32.907949880000004,0.0,0.0,0.0,0.0,28.0,0.0,4.907949880000004,3.552713678800501e-15
5584,scenario_1,3.942385991,3.942385991,0.0,0.0,0.0,0.0,0.0,0.0,3.942385991,0.0
5585,scenario_1,3.46290365,3.46290365,0.0,0.0,0.0,0.0,0.0,0.0,3.46290365,0.0
5586,scenario_1,6.48197725,2.2480766854499996,0.0,0.0,4.23390056455,0.0,0.0,0.0,6.48197725,0.0
5587,scenario_1,8.005242033,0.0,0.0,0.0,8.005242033,0.0,0.0,0.0,8.005242033,0.0
5588,scenario_1,7.95142535,0.0,0.0,0.0,7.95142535,0.0,0.0,0.0,7.95142535,0.0
5589,scenario_1,8.147657017,0.0,0.0,0.0,8.147657017,0.0,0.0,0.0,8.147657017,0.0
5590,scenario_1,8.08807195,0.0,0.0,0.0,8.08807195,0.0,0.0,0.0,8.08807195,0.0
5591,scenario_1,6.992040133,0.0,0.0,0.0,6.992040133,0.0,0.0,0.0,6.992040133,0.0
5592,scenario_1,0.446536,0.0,0.0,0.0,0.446536,0.0,0.0,0.0,0.446536,0.0
5593,scenario_1,0.51491785,0.0,0.0,0.0,0.51491785,0.0,0.0,0.0,0.51491785,0.0
5594,scenario_1,0.520634817,0.0,0.0,0.0,0.520634817,0.0,0.0,0.0,0.520634817,0.0
5595,scenario_1,1.595604633,0.0,0.0,0.0,1.595604633,0.0,0.0,0.0,1.595604633,0.0
5596,scenario_1,7.078672483,0.0,0.0,0.0,7.078672483,0.0,0.0,0.0,7.078672483,0.0
5597,scenario_1,6.672689817,0.0,0.0,0.0,6.672689817,0.0,0.0,0.0,6.672689817,0.0
5598,scenario_1,1.751956983,0.0,0.0,0.0,1.751956983,0.0,0.0,0.0,1.751956983,0.0
5599,scenario_1,1.993158317,1.82602526985,0.0,0.0,0.1671330471500001,0.0,0.0,0.0,1.993158317,0.0
5600,scenario_1,28.52163766,26.202790012799998,0.0,0.0,2.318847647200002,0.0,0.0,0.0,28.52163766,0.0
5601,scenario_1,48.2631265,48.2631265,0.0,0.0,0.0,0.0,0.0,0.0,48.2631265,0.0
5602,scenario_1,49.66336088,37.177084914299996,0.0,0.0,12.486275965700003,0.0,0.0,0.0,49.66336088,0.0
5603,scenario_1,9.325188792,37.325188792,0.0,0.0,0.0,0.0,28.0,0.0,9.325188791999999,-1.7763568394002505e-15
5604,scenario_1,5.308229434,33.308229434,0.0,0.0,0.0,0.0,28.0,0.0,5.308229433999998,-2.6645352591003757e-15
5605,scenario_1,56.81371191,56.81371191,0.0,0.0,0.0,0.0,0.0,0.0,56.81371191,0.0
5606,scenario_1,19.24668477,47.24668477,0.0,0.0,0.0,0.0,28.0,0.0,19.24668477,0.0
5607,scenario_1,5.750628637,16.7773030698395,0.0,0.0,0.0,0.0,11.026674432839501,0.0,5.750628637,0.0
5608,scenario_1,5.437474694,5.437474694,0.0,0.0,0.0,0.0,0.0,0.0,5.437474694,0.0
5609,scenario_1,5.563823433,5.563823433,0.0,0.0,0.0,0.0,0.0,0.0,5.563823433,0.0
5610,scenario_1,7.043255833,2.24739138585,0.0,0.0,4.7958644471500005,0.0,0.0,0.0,7.043255833,0.0
5611,scenario_1,9.75243965,0.0,0.0,0.0,9.75243965,0.0,0.0,0.0,9.75243965,0.0
5612,scenario_1,10.0811716,0.0,0.0,0.0,10.0811716,0.0,0.0,0.0,10.0811716,0.0
5613,scenario_1,8.911140933,0.0,0.0,0.0,8.911140933,0.0,0.0,0.0,8.911140933,0.0
5614,scenario_1,7.421690567,0.0,0.0,0.0,7.421690567,0.0,0.0,0.0,7.421690567,0.0
5615,scenario_1,6.33520665,0.0,0.0,0.0,6.33520665,0.0,0.0,0.0,6.33520665,0.0
5616,scenario_1,0.457919133,0.0,0.0,0.0,0.457919133,0.0,0.0,0.0,0.457919133,0.0
5617,scenario_1,0.492734833,0.0,0.0,0.0,0.492734833,0.0,0.0,0.0,0.492734833,0.0
5618,scenario_1,0.527768733,0.0,0.0,0.0,0.527768733,0.0,0.0,0.0,0.527768733,0.0
5619,scenario_1,0.932720533,0.0,0.0,0.0,0.932720533,0.0,0.0,0.0,0.932720533,0.0
5620,scenario_1,6.93653805,0.0,0.0,0.0,6.93653805,0.0,0.0,0.0,6.93653805,0.0
5621,scenario_1,7.5987223,0.0,0.0,0.0,7.5987223,0.0,0.0,0.0,7.5987223,0.0
5622,scenario_1,3.40232705,0.0,0.0,0.0,3.40232705,0.0,0.0,0.0,3.40232705,0.0
5623,scenario_1,11.35273853,9.38490351,0.0,0.0,1.9678350200000008,0.0,0.0,0.0,11.35273853,0.0
5624,scenario_1,54.46907283,40.39961522865,0.0,0.0,14.069457601350003,0.0,0.0,0.0,54.46907283,0.0
5625,scenario_1,75.78203682,64.69986330555,0.0,0.0,11.082173514450005,0.0,0.0,0.0,75.78203682,0.0
5626,scenario_1,66.12632102,89.71031301989998,0.0,0.0,0.0,0.0,23.58399199989998,0.0,66.12632102,0.0
5627,scenario_1,37.82411459,65.82411459,0.0,0.0,0.0,0.0,28.0,0.0,37.82411458999999,-7.105427357601002e-15
5628,scenario_1,30.36100285,58.36100285,0.0,0.0,0.0,0.0,28.0,0.0,30.36100285,0.0
5629,scenario_1,67.69513343,67.65413546895005,0.0,0.0,0.040997961049953346,0.0,0.0,0.0,67.69513343,0.0
5630,scenario_1,39.42866571,39.42866571,0.0,0.0,0.0,0.0,0.0,0.0,39.42866571,0.0
5631,scenario_1,15.73191637,31.522597155429633,0.0,0.0,0.0,0.0,15.790680785429632,0.0,15.73191637,0.0
5632,scenario_1,12.90127247,12.90127247,0.0,0.0,0.0,0.0,0.0,0.0,12.90127247,0.0
5633,scenario_1,8.428229884,30.098876328299998,0.0,0.0,0.0,0.0,21.670646444299997,0.0,8.428229884,0.0
5634,scenario_1,9.00029185,2.0233726819499998,0.0,0.0,6.97691916805,0.0,0.0,0.0,9.00029185,0.0
5635,scenario_1,8.094162983,0.0,0.0,0.0,8.094162983,0.0,0.0,0.0,8.094162983,0.0
5636,scenario_1,8.625709933,0.0,0.0,0.0,8.625709933,0.0,0.0,0.0,8.625709933,0.0
5637,scenario_1,8.729091633,0.0,0.0,0.0,8.729091633,0.0,0.0,0.0,8.729091633,0.0
5638,scenario_1,7.662241033,0.0,0.0,0.0,7.662241033,0.0,0.0,0.0,7.662241033,0.0
5639,scenario_1,6.117206767,0.0,0.0,0.0,2.884903723149988,3.2323030438500115,0.0,0.0,6.117206766999999,-8.881784197001252e-16
5640,scenario_1,0.435803167,0.0,0.0,0.0,0.435803167,0.0,0.0,0.0,0.435803167,0.0
5641,scenario_1,0.494601433,0.0,0.0,0.0,0.494601433,0.0,0.0,0.0,0.494601433,0.0
5642,scenario_1,0.49085315,0.0,0.0,0.0,0.0,0.49085315,0.0,0.0,0.49085315,0.0
5643,scenario_1,0.921588583,0.0,0.0,0.0,0.921588583,0.0,0.0,0.0,0.921588583,0.0
5644,scenario_1,6.72005585,0.0,0.0,0.0,6.72005585,0.0,0.0,0.0,6.72005585,0.0
5645,scenario_1,8.045040933,0.0,0.0,0.0,8.045040933,0.0,0.0,0.0,8.045040933,0.0
5646,scenario_1,5.1394633,0.0,0.0,0.0,0.0,5.1394633,0.0,0.0,5.1394633,0.0
5647,scenario_1,17.66749941,6.9344125827,0.0,0.0,10.733086827300001,0.0,0.0,0.0,17.66749941,0.0
5648,scenario_1,58.19540515,24.63275649675,0.0,0.0,28.0,5.5626486532499975,0.0,0.0,58.19540515,0.0
5649,scenario_1,76.87658478,74.3997900465,0.0,0.0,2.4767947335000002,0.0,0.0,0.0,76.87658478,0.0
5650,scenario_1,61.01871619,61.01871619,0.0,0.0,0.0,0.0,0.0,0.0,61.01871619,0.0
5651,scenario_1,33.26123594,33.26123594,0.0,0.0,0.0,0.0,0.0,0.0,33.26123594,0.0
5652,scenario_1,24.01389605,24.01389605,0.0,0.0,0.0,0.0,0.0,0.0,24.01389605,0.0
5653,scenario_1,61.64621688,78.27736093019445,0.0,0.0,0.0,0.0,16.631144050194447,0.0,61.64621688,0.0
5654,scenario_1,48.2338186,76.2338186,0.0,0.0,0.0,0.0,28.0,0.0,48.233818600000006,7.105427357601002e-15
5655,scenario_1,21.98899551,49.988995509999995,0.0,0.0,0.0,0.0,28.0,0.0,21.988995509999995,-3.552713678800501e-15
5656,scenario_1,11.11515172,39.11515172,0.0,0.0,0.0,0.0,28.0,0.0,11.11515172,0.0
5657,scenario_1,5.82200225,29.63530264425,0.0,0.0,0.0,0.0,23.81330039425,0.0,5.822002250000001,8.881784197001252e-16
5658,scenario_1,5.92310045,2.0050752316500002,0.0,0.0,3.9180252183499995,0.0,0.0,0.0,5.92310045,0.0
5659,scenario_1,8.774331783,0.0,0.0,0.0,8.774331783,0.0,0.0,0.0,8.774331783,0.0
5660,scenario_1,8.36954665,0.0,0.0,0.0,8.36954665,0.0,0.0,0.0,8.36954665,0.0
5661,scenario_1,8.9969093,0.0,0.0,0.0,8.9969093,0.0,0.0,0.0,8.9969093,0.0
5662,scenario_1,7.9486915,0.0,0.0,0.0,7.9486915,0.0,0.0,0.0,7.9486915,0.0
5663,scenario_1,6.485541717,0.0,0.0,0.0,6.485541717,0.0,0.0,0.0,6.485541717,0.0
5664,scenario_1,0.468469583,0.0,0.0,0.0,0.468469583,0.0,0.0,0.0,0.468469583,0.0
5665,scenario_1,0.487052967,0.0,0.0,0.0,0.487052967,0.0,0.0,0.0,0.487052967,0.0
5666,scenario_1,0.52750365,0.0,0.0,0.0,0.52750365,0.0,0.0,0.0,0.52750365,0.0
5667,scenario_1,1.089872267,0.0,0.0,0.0,1.089872267,0.0,0.0,0.0,1.089872267,0.0
5668,scenario_1,6.697091067,0.0,0.0,0.0,6.697091067,0.0,0.0,0.0,6.697091067,0.0
5669,scenario_1,7.596309433,0.0,0.0,0.0,7.596309433,0.0,0.0,0.0,7.596309433,0.0
5670,scenario_1,3.2329794,0.0,0.0,0.0,3.2329794,0.0,0.0,0.0,3.2329794,0.0
5671,scenario_1,11.97616044,11.97616044,0.0,0.0,0.0,0.0,0.0,0.0,11.97616044,0.0
5672,scenario_1,70.60096734,48.3827640198,0.0,0.0,22.218203320199997,0.0,0.0,0.0,70.60096734,0.0
5673,scenario_1,82.24090271,73.31574289379999,0.0,0.0,8.925159816200008,0.0,0.0,0.0,82.24090271,0.0
5674,scenario_1,71.73745761,71.73745761,0.0,0.0,0.0,0.0,0.0,0.0,71.73745761,0.0
5675,scenario_1,31.89790451,59.897904510000004,0.0,0.0,0.0,0.0,28.0,0.0,31.897904510000004,3.552713678800501e-15
5676,scenario_1,33.36420326,33.36420326,0.0,0.0,0.0,0.0,0.0,0.0,33.36420326,0.0
5677,scenario_1,70.63225761,98.63225761,0.0,0.0,0.0,0.0,28.0,0.0,70.63225761,0.0
5678,scenario_1,27.67961815,55.679618149999996,0.0,0.0,0.0,0.0,28.0,0.0,27.679618149999996,-3.552713678800501e-15
5679,scenario_1,15.84610712,15.84610712,0.0,0.0,0.0,0.0,0.0,0.0,15.84610712,0.0
5680,scenario_1,12.27432255,40.27432255,0.0,0.0,0.0,0.0,28.0,0.0,12.27432255,0.0
5681,scenario_1,7.331287883,13.523494885160488,0.0,0.0,0.0,0.0,6.1922070021604885,0.0,7.331287883,0.0
5682,scenario_1,8.576044417,1.8795704286,0.0,0.0,6.6964739884,0.0,0.0,0.0,8.576044417,0.0
5683,scenario_1,9.348924983,0.0,0.0,0.0,9.348924983,0.0,0.0,0.0,9.348924983,0.0
5684,scenario_1,8.510693317,0.0,0.0,0.0,6.8312630153999905,1.679430301600008,0.0,0.0,8.510693316999998,-1.7763568394002505e-15
5685,scenario_1,7.724461117,0.0,0.0,0.0,7.724461117,0.0,0.0,0.0,7.724461117,0.0
5686,scenario_1,8.114560183,0.0,0.0,0.0,8.114560183,0.0,0.0,0.0,8.114560183,0.0
5687,scenario_1,5.938977567,0.0,0.0,0.0,0.0,5.938977567,0.0,0.0,5.938977567,0.0
5688,scenario_1,0.459102317,0.0,0.0,0.0,0.0,0.459102317,0.0,0.0,0.459102317,0.0
5689,scenario_1,0.487652517,0.0,0.0,0.0,0.487652517,0.0,0.0,0.0,0.487652517,0.0
5690,scenario_1,0.54340355,0.0,0.0,0.0,0.0,0.54340355,0.0,0.0,0.54340355,0.0
5691,scenario_1,1.63147265,0.0,0.0,0.0,1.63147265,0.0,0.0,0.0,1.63147265,0.0
5692,scenario_1,7.589172633,0.0,0.0,0.0,7.589172633,0.0,0.0,0.0,7.589172633,0.0
5693,scenario_1,7.938725667,0.0,0.0,0.0,7.938725667,0.0,0.0,0.0,7.938725667,0.0
5694,scenario_1,4.717412817,0.0,0.0,0.0,4.717412817,0.0,0.0,0.0,4.717412817,0.0
5695,scenario_1,15.1113723,13.2813844365,0.0,0.0,1.8299878634999995,0.0,0.0,0.0,15.1113723,0.0
5696,scenario_1,46.21860498,43.86973477859999,0.0,0.0,2.348870201400011,0.0,0.0,0.0,46.21860498,0.0
5697,scenario_1,64.6581967,57.11717433569999,0.0,0.0,7.541022364300012,0.0,0.0,0.0,64.6581967,0.0
5698,scenario_1,87.10392381,31.308280121099997,0.0,0.0,28.0,27.7956436889,0.0,0.0,87.10392381,0.0
5699,scenario_1,46.33855795,46.33855795,0.0,0.0,0.0,0.0,0.0,0.0,46.33855795,0.0
5700,scenario_1,32.88096585,40.45515776057101,0.0,0.0,0.0,0.0,7.574191910571007,0.0,32.88096585,0.0
5701,scenario_1,70.3348195,64.70435304735,0.0,0.0,5.630466452649998,0.0,0.0,0.0,70.3348195,0.0
5702,scenario_1,34.57404987,45.164118295349994,0.0,0.0,0.0,0.0,10.59006842534999,0.0,34.57404987,0.0
5703,scenario_1,16.87972695,44.87972695,0.0,0.0,0.0,0.0,28.0,0.0,16.87972695,0.0
5704,scenario_1,10.25075362,31.052852464949996,0.0,0.0,0.0,0.0,20.802098844949995,0.0,10.250753620000001,1.7763568394002505e-15
5705,scenario_1,5.666652451,27.642186699449997,0.0,0.0,0.0,0.0,21.975534248449996,0.0,5.666652451000001,8.881784197001252e-16
5706,scenario_1,5.979445683,1.7736340418999998,0.0,0.0,4.2058116411,0.0,0.0,0.0,5.979445683,0.0
5707,scenario_1,8.16997865,0.0,0.0,0.0,8.16997865,0.0,0.0,0.0,8.16997865,0.0
5708,scenario_1,8.172411917,0.0,0.0,0.0,8.172411917,0.0,0.0,0.0,8.172411917,0.0
5709,scenario_1,9.15519045,0.0,0.0,0.0,9.15519045,0.0,0.0,0.0,9.15519045,0.0
5710,scenario_1,8.36454145,0.0,0.0,0.0,8.36454145,0.0,0.0,0.0,8.36454145,0.0
5711,scenario_1,6.91297645,0.0,0.0,0.0,6.91297645,0.0,0.0,0.0,6.91297645,0.0
5712,scenario_1,0.431436833,0.0,0.0,0.0,0.431436833,0.0,0.0,0.0,0.431436833,0.0
5713,scenario_1,0.489668167,0.0,0.0,0.0,0.489668167,0.0,0.0,0.0,0.489668167,0.0
5714,scenario_1,0.511686333,0.0,0.0,0.0,0.511686333,0.0,0.0,0.0,0.511686333,0.0
5715,scenario_1,0.908807017,0.0,0.0,0.0,0.908807017,0.0,0.0,0.0,0.908807017,0.0
5716,scenario_1,6.9768402,0.0,0.0,0.0,6.9768402,0.0,0.0,0.0,6.9768402,0.0
5717,scenario_1,7.80829035,0.0,0.0,0.0,7.80829035,0.0,0.0,0.0,7.80829035,0.0
5718,scenario_1,4.304827767,0.0,0.0,0.0,4.304827767,0.0,0.0,0.0,4.304827767,0.0
5719,scenario_1,13.17732023,13.17732023,0.0,0.0,0.0,0.0,0.0,0.0,13.17732023,0.0
5720,scenario_1,45.30468971,50.214769362,0.0,0.0,0.0,0.0,4.910079652,0.0,45.30468971,0.0
5721,scenario_1,73.9411096,71.7004745796,0.0,0.0,2.2406350204000063,0.0,0.0,0.0,73.9411096,0.0
5722,scenario_1,78.10917333,78.10917333,0.0,0.0,0.0,0.0,0.0,0.0,78.10917333,0.0
5723,scenario_1,47.98327069,75.98327069,0.0,0.0,0.0,0.0,28.0,0.0,47.98327069,0.0
5724,scenario_1,26.43574595,26.43574595,0.0,0.0,0.0,0.0,0.0,0.0,26.43574595,0.0
5725,scenario_1,61.28375907,71.22803130187654,0.0,0.0,0.0,0.0,9.944272231876536,0.0,61.28375907,0.0
5726,scenario_1,30.47697333,30.47697333,0.0,0.0,0.0,0.0,0.0,0.0,30.47697333,0.0
5727,scenario_1,20.51499393,48.51499393,0.0,0.0,0.0,0.0,28.0,0.0,20.514993930000003,3.552713678800501e-15
5728,scenario_1,11.22767481,11.22767481,0.0,0.0,0.0,0.0,0.0,0.0,11.22767481,0.0
5729,scenario_1,6.820883433,24.519973119,0.0,0.0,0.0,0.0,17.699089686,0.0,6.820883432999999,-8.881784197001252e-16
5730,scenario_1,8.9995775,0.3555011283,0.0,0.0,8.644076371699999,0.0,0.0,0.0,8.9995775,0.0
5731,scenario_1,9.6444779,0.0,0.0,0.0,9.6444779,0.0,0.0,0.0,9.6444779,0.0
5732,scenario_1,9.10304315,0.0,0.0,0.0,9.10304315,0.0,0.0,0.0,9.10304315,0.0
5733,scenario_1,8.621227183,0.0,0.0,0.0,8.621227183,0.0,0.0,0.0,8.621227183,0.0
5734,scenario_1,7.610391717,0.0,0.0,0.0,7.610391717,0.0,0.0,0.0,7.610391717,0.0
5735,scenario_1,5.003975133,0.0,0.0,0.0,5.003975133,0.0,0.0,0.0,5.003975133,0.0
5736,scenario_1,0.4384698,0.0,0.0,0.0,0.4384698,0.0,0.0,0.0,0.4384698,0.0
5737,scenario_1,0.481402317,0.0,0.0,0.0,0.481402317,0.0,0.0,0.0,0.481402317,0.0
5738,scenario_1,0.5216369,0.0,0.0,0.0,0.5216369,0.0,0.0,0.0,0.5216369,0.0
5739,scenario_1,0.871687733,0.0,0.0,0.0,0.871687733,0.0,0.0,0.0,0.871687733,0.0
5740,scenario_1,7.11070645,0.0,0.0,0.0,7.11070645,0.0,0.0,0.0,7.11070645,0.0
5741,scenario_1,7.267341033,0.0,0.0,0.0,7.267341033,0.0,0.0,0.0,7.267341033,0.0
5742,scenario_1,3.677508517,0.0,0.0,0.0,3.677508517,0.0,0.0,0.0,3.677508517,0.0
5743,scenario_1,6.458799075,5.967090628499999,0.0,0.0,0.49170844650000056,0.0,0.0,0.0,6.458799075,0.0
5744,scenario_1,46.57931462,51.0259408023,0.0,0.0,0.0,0.0,4.446626182300001,0.0,46.57931462,0.0
5745,scenario_1,48.26390874,75.14510103345,0.0,0.0,0.0,0.0,26.881192293450006,0.0,48.26390874,0.0
5746,scenario_1,37.82966727,37.82966727,0.0,0.0,0.0,0.0,0.0,0.0,37.82966727,0.0
5747,scenario_1,13.49329197,36.4985633163074,0.0,0.0,0.0,0.0,23.005271346307392,0.0,13.493291970000005,5.329070518200751e-15
5748,scenario_1,3.946243599,3.946243599,0.0,0.0,0.0,0.0,0.0,0.0,3.946243599,0.0
5749,scenario_1,36.88999543,36.88999543,0.0,0.0,0.0,0.0,0.0,0.0,36.88999543,0.0
5750,scenario_1,19.15022281,19.15022281,0.0,0.0,0.0,0.0,0.0,0.0,19.15022281,0.0
5751,scenario_1,3.545783077,3.545783077,0.0,0.0,0.0,0.0,0.0,0.0,3.545783077,0.0
5752,scenario_1,3.782659277,29.419560967349998,0.0,0.0,0.0,0.0,25.636901690349998,0.0,3.7826592770000005,4.440892098500626e-16
5753,scenario_1,3.946627483,3.946627483,0.0,0.0,0.0,0.0,0.0,0.0,3.946627483,0.0
5754,scenario_1,6.655075183,1.53605750895,0.0,0.0,5.11901767405,0.0,0.0,0.0,6.655075183,0.0
5755,scenario_1,9.72232205,0.0,0.0,0.0,9.72232205,0.0,0.0,0.0,9.72232205,0.0
5756,scenario_1,8.932823133,0.0,0.0,0.0,8.932823133,0.0,0.0,0.0,8.932823133,0.0
5757,scenario_1,8.893806817,0.0,0.0,0.0,8.893806817,0.0,0.0,0.0,8.893806817,0.0
5758,scenario_1,8.671306467,0.0,0.0,0.0,8.671306467,0.0,0.0,0.0,8.671306467,0.0
5759,scenario_1,4.917108267,0.0,0.0,0.0,4.917108267,0.0,0.0,0.0,4.917108267,0.0
5760,scenario_1,0.44280215,0.0,0.0,0.0,0.44280215,0.0,0.0,0.0,0.44280215,0.0
5761,scenario_1,0.4588017,0.0,0.0,0.0,0.4588017,0.0,0.0,0.0,0.4588017,0.0
5762,scenario_1,0.50406725,0.0,0.0,0.0,0.50406725,0.0,0.0,0.0,0.50406725,0.0
5763,scenario_1,0.749451967,0.0,0.0,0.0,0.749451967,0.0,0.0,0.0,0.749451967,0.0
5764,scenario_1,6.8804381,0.0,0.0,0.0,6.8804381,0.0,0.0,0.0,6.8804381,0.0
5765,scenario_1,6.898974283,0.0,0.0,0.0,6.898974283,0.0,0.0,0.0,6.898974283,0.0
5766,scenario_1,2.584773267,0.0,0.0,0.0,2.584773267,0.0,0.0,0.0,2.584773267,0.0
5767,scenario_1,5.270205247,20.79134929515,0.0,0.0,0.0,0.0,15.52114404815,0.0,5.270205247,0.0
5768,scenario_1,10.87715929,35.800459686294445,0.0,0.0,0.0,0.0,24.923300396294444,0.0,10.877159290000002,1.7763568394002505e-15
5769,scenario_1,44.01605097,44.01605097,0.0,0.0,0.0,0.0,0.0,0.0,44.01605097,0.0
5770,scenario_1,52.47415405,80.47415405000001,0.0,0.0,0.0,0.0,28.0,0.0,52.47415405000001,7.105427357601002e-15
5771,scenario_1,9.235214771,37.235214771,0.0,0.0,0.0,0.0,28.0,0.0,9.235214771000003,1.7763568394002505e-15
5772,scenario_1,5.813391817,5.813391817,0.0,0.0,0.0,0.0,0.0,0.0,5.813391817,0.0
5773,scenario_1,53.80686611,81.80686611,0.0,0.0,0.0,0.0,28.0,0.0,53.80686611,0.0
5774,scenario_1,29.36547962,29.36547962,0.0,0.0,0.0,0.0,0.0,0.0,29.36547962,0.0
5775,scenario_1,4.412406964,4.412406964,0.0,0.0,0.0,0.0,0.0,0.0,4.412406964,0.0
5776,scenario_1,3.6975933,3.6975933,0.0,0.0,0.0,0.0,0.0,0.0,3.6975933,0.0
5777,scenario_1,4.99238895,4.99238895,0.0,0.0,0.0,0.0,0.0,0.0,4.99238895,0.0
5778,scenario_1,7.693807933,1.6475548469999999,0.0,0.0,6.046253086,0.0,0.0,0.0,7.693807933,0.0
5779,scenario_1,9.18474105,0.0,0.0,0.0,9.18474105,0.0,0.0,0.0,9.18474105,0.0
5780,scenario_1,9.468654117,0.0,0.0,0.0,9.468654117,0.0,0.0,0.0,9.468654117,0.0
5781,scenario_1,8.300687517,0.0,0.0,0.0,8.300687517,0.0,0.0,0.0,8.300687517,0.0
5782,scenario_1,7.532222417,0.0,0.0,0.0,7.532222417,0.0,0.0,0.0,7.532222417,0.0
5783,scenario_1,6.069208567,0.0,0.0,0.0,6.069208567,0.0,0.0,0.0,6.069208567,0.0
5784,scenario_1,0.463252367,0.0,0.0,0.0,0.463252367,0.0,0.0,0.0,0.463252367,0.0
5785,scenario_1,0.4808519,0.0,0.0,0.0,0.4808519,0.0,0.0,0.0,0.4808519,0.0
5786,scenario_1,0.543753867,0.0,0.0,0.0,0.543753867,0.0,0.0,0.0,0.543753867,0.0
5787,scenario_1,1.688936933,0.0,0.0,0.0,1.688936933,0.0,0.0,0.0,1.688936933,0.0
5788,scenario_1,7.9299376,0.0,0.0,0.0,7.9299376,0.0,0.0,0.0,7.9299376,0.0
5789,scenario_1,8.260640967,0.0,0.0,0.0,8.260640967,0.0,0.0,0.0,8.260640967,0.0
5790,scenario_1,4.66434525,0.0,0.0,0.0,4.66434525,0.0,0.0,0.0,4.66434525,0.0
5791,scenario_1,20.0366243,20.0366243,0.0,0.0,0.0,0.0,0.0,0.0,20.0366243,0.0
5792,scenario_1,48.360438,52.226915483549995,0.0,0.0,0.0,0.0,3.8664774835499927,0.0,48.360438,0.0
5793,scenario_1,64.88001871,64.88001871,0.0,0.0,0.0,0.0,0.0,0.0,64.88001871,0.0
5794,scenario_1,79.18907914,95.00405549205,0.0,0.0,0.0,0.0,15.814976352049996,0.0,79.18907914,0.0
5795,scenario_1,39.97133942,39.97133942,0.0,0.0,0.0,0.0,0.0,0.0,39.97133942,0.0
5796,scenario_1,31.65261575,31.65261575,0.0,0.0,0.0,0.0,0.0,0.0,31.65261575,0.0
5797,scenario_1,69.62051572,69.62051572,0.0,0.0,0.0,0.0,0.0,0.0,69.62051572,0.0
5798,scenario_1,29.97300078,57.97300078,0.0,0.0,0.0,0.0,28.0,0.0,29.97300078,0.0
5799,scenario_1,16.66908729,44.66908729,0.0,0.0,0.0,0.0,28.0,0.0,16.66908729,0.0
5800,scenario_1,9.977785011,9.977785011,0.0,0.0,0.0,0.0,0.0,0.0,9.977785011,0.0
5801,scenario_1,5.699650183,5.699650183,0.0,0.0,0.0,0.0,0.0,0.0,5.699650183,0.0
5802,scenario_1,8.361479433,1.40988958785,0.0,0.0,6.95158984515,0.0,0.0,0.0,8.361479433,0.0
5803,scenario_1,10.12477715,0.0,0.0,0.0,10.12477715,0.0,0.0,0.0,10.12477715,0.0
5804,scenario_1,9.615194183,0.0,0.0,0.0,9.615194183,0.0,0.0,0.0,9.615194183,0.0
5805,scenario_1,9.31742535,0.0,0.0,0.0,9.31742535,0.0,0.0,0.0,9.31742535,0.0
5806,scenario_1,8.519573183,0.0,0.0,0.0,8.519573183,0.0,0.0,0.0,8.519573183,0.0
5807,scenario_1,6.411159067,0.0,0.0,0.0,6.411159067,0.0,0.0,0.0,6.411159067,0.0
5808,scenario_1,0.448836717,0.0,0.0,0.0,0.448836717,0.0,0.0,0.0,0.448836717,0.0
5809,scenario_1,0.479820517,0.0,0.0,0.0,0.479820517,0.0,0.0,0.0,0.479820517,0.0
5810,scenario_1,0.483622583,0.0,0.0,0.0,0.483622583,0.0,0.0,0.0,0.483622583,0.0
5811,scenario_1,0.835157667,0.0,0.0,0.0,0.835157667,0.0,0.0,0.0,0.835157667,0.0
5812,scenario_1,7.033276683,0.0,0.0,0.0,7.033276683,0.0,0.0,0.0,7.033276683,0.0
5813,scenario_1,7.905041417,0.0,0.0,0.0,7.905041417,0.0,0.0,0.0,7.905041417,0.0
5814,scenario_1,4.516862367,0.0,0.0,0.0,4.516862367,0.0,0.0,0.0,4.516862367,0.0
5815,scenario_1,13.1081079,12.91440956445,0.0,0.0,0.1936983355499997,0.0,0.0,0.0,13.1081079,0.0
5816,scenario_1,48.50023964,40.43803195755,0.0,0.0,8.062207682449994,0.0,0.0,0.0,48.50023964,0.0
5817,scenario_1,72.5299888,66.6588207663,0.0,0.0,5.871168033700002,0.0,0.0,0.0,72.5299888,0.0
5818,scenario_1,77.71183203,77.71183203,0.0,0.0,0.0,0.0,0.0,0.0,77.71183203,0.0
5819,scenario_1,50.1154214,75.03186595193091,0.0,0.0,0.0,0.0,24.9164445519309,0.0,50.11542140000001,7.105427357601002e-15
5820,scenario_1,33.5305044,61.5305044,0.0,0.0,0.0,0.0,28.0,0.0,33.5305044,0.0
5821,scenario_1,57.42585974,57.42585974,0.0,0.0,0.0,0.0,0.0,0.0,57.42585974,0.0
5822,scenario_1,28.27413384,56.274133840000005,0.0,0.0,0.0,0.0,28.0,0.0,28.274133840000005,3.552713678800501e-15
5823,scenario_1,16.12715162,16.12715162,0.0,0.0,0.0,0.0,0.0,0.0,16.12715162,0.0
5824,scenario_1,10.22814058,10.22814058,0.0,0.0,0.0,0.0,0.0,0.0,10.22814058,0.0
5825,scenario_1,7.167252817,24.878689101449996,0.0,0.0,0.0,0.0,17.711436284449995,0.0,7.167252817000001,1.7763568394002505e-15
5826,scenario_1,6.983115967,1.4140919499,0.0,0.0,5.5690240171,0.0,0.0,0.0,6.983115967,0.0
5827,scenario_1,8.192645983,0.0,0.0,0.0,8.192645983,0.0,0.0,0.0,8.192645983,0.0
5828,scenario_1,7.966713867,0.0,0.0,0.0,7.966713867,0.0,0.0,0.0,7.966713867,0.0
5829,scenario_1,8.605525933,0.0,0.0,0.0,8.605525933,0.0,0.0,0.0,8.605525933,0.0
5830,scenario_1,8.315622617,0.0,0.0,0.0,8.315622617,0.0,0.0,0.0,8.315622617,0.0
5831,scenario_1,6.374625517,0.0,0.0,0.0,6.374625517,0.0,0.0,0.0,6.374625517,0.0
5832,scenario_1,0.446602117,0.0,0.0,0.0,0.446602117,0.0,0.0,0.0,0.446602117,0.0
5833,scenario_1,0.474201067,0.0,0.0,0.0,0.474201067,0.0,0.0,0.0,0.474201067,0.0
5834,scenario_1,0.487803083,0.0,0.0,0.0,0.487803083,0.0,0.0,0.0,0.487803083,0.0
5835,scenario_1,0.938421933,0.0,0.0,0.0,0.938421933,0.0,0.0,0.0,0.938421933,0.0
5836,scenario_1,6.951839117,0.0,0.0,0.0,6.951839117,0.0,0.0,0.0,6.951839117,0.0
5837,scenario_1,8.084758017,0.0,0.0,0.0,8.084758017,0.0,0.0,0.0,8.084758017,0.0
5838,scenario_1,4.547845367,0.0,0.0,0.0,4.547845367,0.0,0.0,0.0,4.547845367,0.0
5839,scenario_1,15.58843209,15.58843209,0.0,0.0,0.0,0.0,0.0,0.0,15.58843209,0.0
5840,scenario_1,57.97480917,49.51578239759999,0.0,0.0,8.459026772400009,0.0,0.0,0.0,57.97480917,0.0
5841,scenario_1,82.17374882,74.6217322632,0.0,0.0,7.552016556799998,0.0,0.0,0.0,82.17374882,0.0
5842,scenario_1,85.06454461,87.99523128465,0.0,0.0,0.0,0.0,2.930686674650005,0.0,85.06454461,0.0
5843,scenario_1,41.71481223,69.71481223,0.0,0.0,0.0,0.0,28.0,0.0,41.71481223000001,7.105427357601002e-15
5844,scenario_1,25.41796503,25.41796503,0.0,0.0,0.0,0.0,0.0,0.0,25.41796503,0.0
5845,scenario_1,52.33289245,52.33289245,0.0,0.0,0.0,0.0,0.0,0.0,52.33289245,0.0
5846,scenario_1,18.29819523,18.29819523,0.0,0.0,0.0,0.0,0.0,0.0,18.29819523,0.0
5847,scenario_1,20.03343132,20.03343132,0.0,0.0,0.0,0.0,0.0,0.0,20.03343132,0.0
5848,scenario_1,16.45486086,44.45486086,0.0,0.0,0.0,0.0,28.0,0.0,16.454860859999997,-3.552713678800501e-15
5849,scenario_1,8.50255335,27.196187910899997,0.0,0.0,0.0,0.0,18.693634560899998,0.0,8.50255335,0.0
5850,scenario_1,6.792012783,0.9432245800499999,0.0,0.0,5.84878820295,0.0,0.0,0.0,6.792012783,0.0
5851,scenario_1,8.24347825,0.0,0.0,0.0,8.24347825,0.0,0.0,0.0,8.24347825,0.0
5852,scenario_1,8.578859933,0.0,0.0,0.0,8.578859933,0.0,0.0,0.0,8.578859933,0.0
5853,scenario_1,8.0288448,0.0,0.0,0.0,8.0288448,0.0,0.0,0.0,8.0288448,0.0
5854,scenario_1,8.14792615,0.0,0.0,0.0,8.14792615,0.0,0.0,0.0,8.14792615,0.0
5855,scenario_1,5.486092433,0.0,0.0,0.0,5.486092433,0.0,0.0,0.0,5.486092433,0.0
5856,scenario_1,0.4510025,0.0,0.0,0.0,0.4510025,0.0,0.0,0.0,0.4510025,0.0
5857,scenario_1,0.508485667,0.0,0.0,0.0,0.508485667,0.0,0.0,0.0,0.508485667,0.0
5858,scenario_1,0.586135783,0.0,0.0,0.0,0.586135783,0.0,0.0,0.0,0.586135783,0.0
5859,scenario_1,1.182720133,0.0,0.0,0.0,1.182720133,0.0,0.0,0.0,1.182720133,0.0
5860,scenario_1,7.0435382,0.0,0.0,0.0,7.0435382,0.0,0.0,0.0,7.0435382,0.0
5861,scenario_1,7.267991283,0.0,0.0,0.0,7.267991283,0.0,0.0,0.0,7.267991283,0.0
5862,scenario_1,3.122829567,0.0,0.0,0.0,3.122829567,0.0,0.0,0.0,3.122829567,0.0
5863,scenario_1,11.2570915,11.2570915,0.0,0.0,0.0,0.0,0.0,0.0,11.2570915,0.0
5864,scenario_1,45.76518245,48.82852138485,0.0,0.0,0.0,0.0,3.0633389348500017,0.0,45.76518245,0.0
5865,scenario_1,66.32341756,66.32341756,0.0,0.0,0.0,0.0,0.0,0.0,66.32341756,0.0
5866,scenario_1,76.44831399,92.2425928368,0.0,0.0,0.0,0.0,15.794278846799997,0.0,76.44831399,0.0
5867,scenario_1,36.8632333,64.86323329999999,0.0,0.0,0.0,0.0,28.0,0.0,36.86323329999999,-7.105427357601002e-15
5868,scenario_1,35.04388992,63.04388992,0.0,0.0,0.0,0.0,28.0,0.0,35.04388992,0.0
5869,scenario_1,64.36413138,64.36413138,0.0,0.0,0.0,0.0,0.0,0.0,64.36413138,0.0
5870,scenario_1,39.92549271,39.92549271,0.0,0.0,0.0,0.0,0.0,0.0,39.92549271,0.0
5871,scenario_1,19.28808367,39.587466490942624,0.0,0.0,0.0,0.0,20.299382820942622,0.0,19.288083670000002,3.552713678800501e-15
5872,scenario_1,12.25329781,12.25329781,0.0,0.0,0.0,0.0,0.0,0.0,12.25329781,0.0
5873,scenario_1,9.371818904,9.371818904,0.0,0.0,0.0,0.0,0.0,0.0,9.371818904,0.0
5874,scenario_1,8.511909033,0.8282588318999999,0.0,0.0,7.683650201100001,0.0,0.0,0.0,8.511909033,0.0
5875,scenario_1,9.96675795,0.0,0.0,0.0,9.96675795,0.0,0.0,0.0,9.96675795,0.0
5876,scenario_1,8.14519385,0.0,0.0,0.0,8.14519385,0.0,0.0,0.0,8.14519385,0.0
5877,scenario_1,7.676159967,0.0,0.0,0.0,7.676159967,0.0,0.0,0.0,7.676159967,0.0
5878,scenario_1,7.809806683,0.0,0.0,0.0,7.809806683,0.0,0.0,0.0,7.809806683,0.0
5879,scenario_1,5.7290583,0.0,0.0,0.0,5.7290583,0.0,0.0,0.0,5.7290583,0.0
5880,scenario_1,0.443002417,0.0,0.0,0.0,0.443002417,0.0,0.0,0.0,0.443002417,0.0
5881,scenario_1,0.491184017,0.0,0.0,0.0,0.491184017,0.0,0.0,0.0,0.491184017,0.0
5882,scenario_1,0.531668683,0.0,0.0,0.0,0.531668683,0.0,0.0,0.0,0.531668683,0.0
5883,scenario_1,1.361005567,0.0,0.0,0.0,1.361005567,0.0,0.0,0.0,1.361005567,0.0
5884,scenario_1,7.717574333,0.0,0.0,0.0,7.717574333,0.0,0.0,0.0,7.717574333,0.0
5885,scenario_1,9.54289525,0.0,0.0,0.0,9.54289525,0.0,0.0,0.0,9.54289525,0.0
5886,scenario_1,5.786662383,0.0,0.0,0.0,5.786662383,0.0,0.0,0.0,5.786662383,0.0
5887,scenario_1,9.19080765,9.19080765,0.0,0.0,0.0,0.0,0.0,0.0,9.19080765,0.0
5888,scenario_1,39.13137987,39.13137987,0.0,0.0,0.0,0.0,0.0,0.0,39.13137987,0.0
5889,scenario_1,74.48446805,73.3403698065,0.0,0.0,1.1440982435000109,0.0,0.0,0.0,74.48446805,0.0
5890,scenario_1,96.30525629,93.25680364649999,0.0,0.0,3.0484526435000134,0.0,0.0,0.0,96.30525629,0.0
5891,scenario_1,33.10939168,61.10939168,0.0,0.0,0.0,0.0,28.0,0.0,33.10939168,0.0
5892,scenario_1,27.8655928,28.74141903460187,0.0,0.0,0.0,0.0,0.8758262346018676,0.0,27.8655928,0.0
5893,scenario_1,76.83414063,76.83414063,0.0,0.0,0.0,0.0,0.0,0.0,76.83414063,0.0
5894,scenario_1,36.00491362,36.00491362,0.0,0.0,0.0,0.0,0.0,0.0,36.00491362,0.0
5895,scenario_1,14.79669388,14.79669388,0.0,0.0,0.0,0.0,0.0,0.0,14.79669388,0.0
5896,scenario_1,9.785259778,37.785259778,0.0,0.0,0.0,0.0,28.0,0.0,9.785259777999997,-3.552713678800501e-15
5897,scenario_1,5.952964617,27.226459844249995,0.0,0.0,0.0,0.0,21.273495227249995,0.0,5.952964616999999,-8.881784197001252e-16
5898,scenario_1,7.613729,0.8272808829,0.0,0.0,6.7864481171,0.0,0.0,0.0,7.613729,0.0
5899,scenario_1,8.00623125,0.0,0.0,0.0,8.00623125,0.0,0.0,0.0,8.00623125,0.0
5900,scenario_1,8.36596365,0.0,0.0,0.0,8.36596365,0.0,0.0,0.0,8.36596365,0.0
5901,scenario_1,8.580194917,0.0,0.0,0.0,8.580194917,0.0,0.0,0.0,8.580194917,0.0
5902,scenario_1,8.045694217,0.0,0.0,0.0,8.045694217,0.0,0.0,0.0,8.045694217,0.0
5903,scenario_1,5.4918612,0.0,0.0,0.0,5.4918612,0.0,0.0,0.0,5.4918612,0.0
5904,scenario_1,0.438602267,0.0,0.0,0.0,0.438602267,0.0,0.0,0.0,0.438602267,0.0
5905,scenario_1,0.4606012,0.0,0.0,0.0,0.4606012,0.0,0.0,0.0,0.4606012,0.0
5906,scenario_1,0.482534783,0.0,0.0,0.0,0.482534783,0.0,0.0,0.0,0.482534783,0.0
5907,scenario_1,1.00653545,0.0,0.0,0.0,1.00653545,0.0,0.0,0.0,1.00653545,0.0
5908,scenario_1,6.90283615,0.0,0.0,0.0,6.90283615,0.0,0.0,0.0,6.90283615,0.0
5909,scenario_1,6.751289383,0.0,0.0,0.0,6.751289383,0.0,0.0,0.0,6.751289383,0.0
5910,scenario_1,1.9821578,0.0,0.0,0.0,1.9821578,0.0,0.0,0.0,1.9821578,0.0
5911,scenario_1,2.522678583,2.522678583,0.0,0.0,0.0,0.0,0.0,0.0,2.522678583,0.0
5912,scenario_1,27.03454537,27.03454537,0.0,0.0,0.0,0.0,0.0,0.0,27.03454537,0.0
5913,scenario_1,52.65974582,74.89137204285,0.0,0.0,0.0,0.0,22.231626222849997,0.0,52.65974582,0.0
5914,scenario_1,34.50073164,34.50073164,0.0,0.0,0.0,0.0,0.0,0.0,34.50073164,0.0
5915,scenario_1,6.190922741,34.190922741,0.0,0.0,0.0,0.0,28.0,0.0,6.190922741000001,1.7763568394002505e-15
5916,scenario_1,8.152605105,8.152605105,0.0,0.0,0.0,0.0,0.0,0.0,8.152605105,0.0
5917,scenario_1,48.49196821,48.49196821,0.0,0.0,0.0,0.0,0.0,0.0,48.49196821,0.0
5918,scenario_1,31.48786456,31.48786456,0.0,0.0,0.0,0.0,0.0,0.0,31.48786456,0.0
5919,scenario_1,5.841254649,33.841254649,0.0,0.0,0.0,0.0,28.0,0.0,5.841254649,0.0
5920,scenario_1,4.358836903,32.358836903,0.0,0.0,0.0,0.0,28.0,0.0,4.358836902999997,-3.552713678800501e-15
5921,scenario_1,5.1167432,5.1167432,0.0,0.0,0.0,0.0,0.0,0.0,5.1167432,0.0
5922,scenario_1,8.891308467,0.7079380164,0.0,0.0,8.1833704506,0.0,0.0,0.0,8.891308467,0.0
5923,scenario_1,8.772274833,0.0,0.0,0.0,8.772274833,0.0,0.0,0.0,8.772274833,0.0
5924,scenario_1,7.872225667,0.0,0.0,0.0,7.872225667,0.0,0.0,0.0,7.872225667,0.0
5925,scenario_1,8.216909517,0.0,0.0,0.0,8.216909517,0.0,0.0,0.0,8.216909517,0.0
5926,scenario_1,7.772805433,0.0,0.0,0.0,7.772805433,0.0,0.0,0.0,7.772805433,0.0
5927,scenario_1,5.90337015,0.0,0.0,0.0,5.90337015,0.0,0.0,0.0,5.90337015,0.0
5928,scenario_1,0.446202767,0.0,0.0,0.0,0.446202767,0.0,0.0,0.0,0.446202767,0.0
5929,scenario_1,0.475752,0.0,0.0,0.0,0.475752,0.0,0.0,0.0,0.475752,0.0
5930,scenario_1,0.507752817,0.0,0.0,0.0,0.507752817,0.0,0.0,0.0,0.507752817,0.0
5931,scenario_1,1.570654267,0.0,0.0,0.0,1.570654267,0.0,0.0,0.0,1.570654267,0.0
5932,scenario_1,7.62938785,0.0,0.0,0.0,7.62938785,0.0,0.0,0.0,7.62938785,0.0
5933,scenario_1,7.1878396,0.0,0.0,0.0,7.1878396,0.0,0.0,0.0,7.1878396,0.0
5934,scenario_1,2.220407717,0.0,0.0,0.0,2.220407717,0.0,0.0,0.0,2.220407717,0.0
5935,scenario_1,2.21404185,2.21404185,0.0,0.0,0.0,0.0,0.0,0.0,2.21404185,0.0
5936,scenario_1,23.90931087,46.87703180771295,0.0,0.0,0.0,0.0,22.967720937712954,0.0,23.90931087,0.0
5937,scenario_1,48.88170063,74.9777831508,0.0,0.0,0.0,0.0,26.096082520799996,0.0,48.88170063,0.0
5938,scenario_1,29.173914,29.173914,0.0,0.0,0.0,0.0,0.0,0.0,29.173914,0.0
5939,scenario_1,10.27073633,10.27073633,0.0,0.0,0.0,0.0,0.0,0.0,10.27073633,0.0
5940,scenario_1,9.066097178,9.066097178,0.0,0.0,0.0,0.0,0.0,0.0,9.066097178,0.0
5941,scenario_1,56.23626063,56.23626063,0.0,0.0,0.0,0.0,0.0,0.0,56.23626063,0.0
5942,scenario_1,35.16061664,63.16061664,0.0,0.0,0.0,0.0,28.0,0.0,35.16061664,0.0
5943,scenario_1,5.0708804,5.0708804,0.0,0.0,0.0,0.0,0.0,0.0,5.0708804,0.0
5944,scenario_1,3.789816653,3.789816653,0.0,0.0,0.0,0.0,0.0,0.0,3.789816653,0.0
5945,scenario_1,4.527206767,28.094682108599997,0.0,0.0,0.0,0.0,23.567475341599998,0.0,4.527206766999999,-8.881784197001252e-16
5946,scenario_1,6.912906367,0.8308141219499999,0.0,0.0,6.08209224505,0.0,0.0,0.0,6.912906367,0.0
5947,scenario_1,8.520907533,0.0,0.0,0.0,8.520907533,0.0,0.0,0.0,8.520907533,0.0
5948,scenario_1,8.176957683,0.0,0.0,0.0,8.176957683,0.0,0.0,0.0,8.176957683,0.0
5949,scenario_1,7.854923883,0.0,0.0,0.0,7.854923883,0.0,0.0,0.0,7.854923883,0.0
5950,scenario_1,8.1770727,0.0,0.0,0.0,8.1770727,0.0,0.0,0.0,8.1770727,0.0
5951,scenario_1,6.1418412,0.0,0.0,0.0,0.0,6.1418412,0.0,0.0,6.1418412,0.0
5952,scenario_1,0.4262039,0.0,0.0,0.0,0.4262039,0.0,0.0,0.0,0.4262039,0.0
5953,scenario_1,0.486118017,0.0,0.0,0.0,0.486118017,0.0,0.0,0.0,0.486118017,0.0
5954,scenario_1,0.476602467,0.0,0.0,0.0,0.476602467,0.0,0.0,0.0,0.476602467,0.0
5955,scenario_1,1.3381712,0.0,0.0,0.0,1.3381712,0.0,0.0,0.0,1.3381712,0.0
5956,scenario_1,7.003891633,0.0,0.0,0.0,7.003891633,0.0,0.0,0.0,7.003891633,0.0
5957,scenario_1,8.244240867,0.0,0.0,0.0,8.244240867,0.0,0.0,0.0,8.244240867,0.0
5958,scenario_1,4.212012,0.0,0.0,0.0,4.212012,0.0,0.0,0.0,4.212012,0.0
5959,scenario_1,18.88119833,3.5246321183999996,0.0,0.0,11.800805871949994,3.5557603396500053,0.0,0.0,18.881198329999997,-3.552713678800501e-15
5960,scenario_1,69.57849604,25.95279426285,0.0,0.0,28.0,15.625701777150006,0.0,0.0,69.57849604,0.0
5961,scenario_1,70.19339951,70.19339951,0.0,0.0,0.0,0.0,0.0,0.0,70.19339951,0.0
5962,scenario_1,62.99859568,90.99859568,0.0,0.0,0.0,0.0,28.0,0.0,62.998595679999994,-7.105427357601002e-15
5963,scenario_1,40.98733331,68.98733331,0.0,0.0,0.0,0.0,28.0,0.0,40.98733331,0.0
5964,scenario_1,29.60133358,29.60133358,0.0,0.0,0.0,0.0,0.0,0.0,29.60133358,0.0
5965,scenario_1,62.24010517,89.06405650185,0.0,0.0,0.0,0.0,26.823951331850004,0.0,62.24010517,0.0
5966,scenario_1,45.29459605,45.29459605,0.0,0.0,0.0,0.0,0.0,0.0,45.29459605,0.0
5967,scenario_1,18.96539869,18.96539869,0.0,0.0,0.0,0.0,0.0,0.0,18.96539869,0.0
5968,scenario_1,10.55917136,25.2487152234,0.0,0.0,0.0,0.0,14.6895438634,0.0,10.55917136,0.0
5969,scenario_1,7.89684593,21.83240223135,0.0,0.0,0.0,0.0,13.93555630135,0.0,7.89684593,0.0
5970,scenario_1,9.8944761,0.5936462932500001,0.0,0.0,9.30082980675,0.0,0.0,0.0,9.8944761,0.0
5971,scenario_1,9.4194774,0.0,0.0,0.0,9.4194774,0.0,0.0,0.0,9.4194774,0.0
5972,scenario_1,8.3147265,0.0,0.0,0.0,8.3147265,0.0,0.0,0.0,8.3147265,0.0
5973,scenario_1,7.785927083,0.0,0.0,0.0,7.785927083,0.0,0.0,0.0,7.785927083,0.0
5974,scenario_1,7.719725183,0.0,0.0,0.0,7.719725183,0.0,0.0,0.0,7.719725183,0.0
5975,scenario_1,5.744910617,0.0,0.0,0.0,5.744910617,0.0,0.0,0.0,5.744910617,0.0
5976,scenario_1,0.442119267,0.0,0.0,0.0,0.442119267,0.0,0.0,0.0,0.442119267,0.0
5977,scenario_1,0.493501433,0.0,0.0,0.0,0.493501433,0.0,0.0,0.0,0.493501433,0.0
5978,scenario_1,0.571036167,0.0,0.0,0.0,0.571036167,0.0,0.0,0.0,0.571036167,0.0
5979,scenario_1,1.032272567,0.0,0.0,0.0,1.032272567,0.0,0.0,0.0,1.032272567,0.0
5980,scenario_1,7.153506983,0.0,0.0,0.0,7.153506983,0.0,0.0,0.0,7.153506983,0.0
5981,scenario_1,8.7209087,0.0,0.0,0.0,8.7209087,0.0,0.0,0.0,8.7209087,0.0
5982,scenario_1,5.724830833,0.0,0.0,0.0,5.724830833,0.0,0.0,0.0,5.724830833,0.0
5983,scenario_1,13.54795615,17.22325849575,0.0,0.0,0.0,0.0,3.6753023457499996,0.0,13.54795615,0.0
5984,scenario_1,59.88338108,46.952752824899996,0.0,0.0,12.930628255100004,0.0,0.0,0.0,59.88338108,0.0
5985,scenario_1,64.98061197,64.98061197,0.0,0.0,0.0,0.0,0.0,0.0,64.98061197,0.0
5986,scenario_1,60.75742556,88.75742556,0.0,0.0,0.0,0.0,28.0,0.0,60.75742556,0.0
5987,scenario_1,35.33163017,63.33163017,0.0,0.0,0.0,0.0,28.0,0.0,35.33163017,0.0
5988,scenario_1,38.66444953,66.66444953,0.0,0.0,0.0,0.0,28.0,0.0,38.66444953,0.0
5989,scenario_1,80.92518168,103.46225477475,0.0,0.0,0.0,0.0,22.53707309475,0.0,80.92518168,0.0
5990,scenario_1,49.71600981,49.71600981,0.0,0.0,0.0,0.0,0.0,0.0,49.71600981,0.0
5991,scenario_1,15.69320556,15.69320556,0.0,0.0,0.0,0.0,0.0,0.0,15.69320556,0.0
5992,scenario_1,8.73462724,16.893448197776557,0.0,0.0,0.0,0.0,8.158820957776559,0.0,8.734627239999998,-1.7763568394002505e-15
5993,scenario_1,6.516341293,6.516341293,0.0,0.0,0.0,0.0,0.0,0.0,6.516341293,0.0
5994,scenario_1,8.612761967,0.3550008792,0.0,0.0,8.2577610878,0.0,0.0,0.0,8.612761967,0.0
5995,scenario_1,9.595741467,0.0,0.0,0.0,9.595741467,0.0,0.0,0.0,9.595741467,0.0
5996,scenario_1,8.2392618,0.0,0.0,0.0,8.2392618,0.0,0.0,0.0,8.2392618,0.0
5997,scenario_1,8.710344,0.0,0.0,0.0,8.710344,0.0,0.0,0.0,8.710344,0.0
5998,scenario_1,8.555139933,0.0,0.0,0.0,8.555139933,0.0,0.0,0.0,8.555139933,0.0
5999,scenario_1,6.0520268,0.0,0.0,0.0,6.0520268,0.0,0.0,0.0,6.0520268,0.0
6000,scenario_1,0.44313685,0.0,0.0,0.0,0.44313685,0.0,0.0,0.0,0.44313685,0.0
6001,scenario_1,0.48396835,0.0,0.0,0.0,0.48396835,0.0,0.0,0.0,0.48396835,0.0
6002,scenario_1,0.4874351,0.0,0.0,0.0,0.4874351,0.0,0.0,0.0,0.4874351,0.0
6003,scenario_1,1.0202039,0.0,0.0,0.0,1.0202039,0.0,0.0,0.0,1.0202039,0.0
6004,scenario_1,6.67008985,0.0,0.0,0.0,6.67008985,0.0,0.0,0.0,6.67008985,0.0
6005,scenario_1,7.49762385,0.0,0.0,0.0,7.49762385,0.0,0.0,0.0,7.49762385,0.0
6006,scenario_1,3.808311117,0.0,0.0,0.0,3.808311117,0.0,0.0,0.0,3.808311117,0.0
6007,scenario_1,13.63087419,13.63087419,0.0,0.0,0.0,0.0,0.0,0.0,13.63087419,0.0
6008,scenario_1,66.11712594,48.358473751949994,0.0,0.0,17.75865218805,0.0,0.0,0.0,66.11712594,0.0
6009,scenario_1,73.48098273,73.12744861785,0.0,0.0,0.35353411214998687,0.0,0.0,0.0,73.48098273,0.0
6010,scenario_1,67.80959842,93.20507761994999,0.0,0.0,0.0,0.0,25.39547919994999,0.0,67.80959842,0.0
6011,scenario_1,37.75934185,65.75934185,0.0,0.0,0.0,0.0,28.0,0.0,37.75934185,0.0
6012,scenario_1,30.68663047,36.43224286091419,0.0,0.0,0.0,0.0,5.745612390914185,0.0,30.68663047,0.0
6013,scenario_1,52.32406732,52.32406732,0.0,0.0,0.0,0.0,0.0,0.0,52.32406732,0.0
6014,scenario_1,37.97948758,37.97948758,0.0,0.0,0.0,0.0,0.0,0.0,37.97948758,0.0
6015,scenario_1,18.50825394,46.50825394,0.0,0.0,0.0,0.0,28.0,0.0,18.508253940000003,3.552713678800501e-15
6016,scenario_1,11.75802131,11.75802131,0.0,0.0,0.0,0.0,0.0,0.0,11.75802131,0.0
6017,scenario_1,9.041431883,9.041431883,0.0,0.0,0.0,0.0,0.0,0.0,9.041431883,0.0
6018,scenario_1,9.101581817,0.3541895982,0.0,0.0,8.7473922188,0.0,0.0,0.0,9.101581817,0.0
6019,scenario_1,9.187382067,0.0,0.0,0.0,9.187382067,0.0,0.0,0.0,9.187382067,0.0
6020,scenario_1,9.092375933,0.0,0.0,0.0,9.092375933,0.0,0.0,0.0,9.092375933,0.0
6021,scenario_1,8.9351903,0.0,0.0,0.0,8.9351903,0.0,0.0,0.0,8.9351903,0.0
6022,scenario_1,8.453756517,0.0,0.0,0.0,8.453756517,0.0,0.0,0.0,8.453756517,0.0
6023,scenario_1,6.193606983,0.0,0.0,0.0,6.193606983,0.0,0.0,0.0,6.193606983,0.0
6024,scenario_1,0.433052667,0.0,0.0,0.0,0.433052667,0.0,0.0,0.0,0.433052667,0.0
6025,scenario_1,0.498835333,0.0,0.0,0.0,0.498835333,0.0,0.0,0.0,0.498835333,0.0
6026,scenario_1,0.511169017,0.0,0.0,0.0,0.511169017,0.0,0.0,0.0,0.511169017,0.0
6027,scenario_1,1.166603383,0.0,0.0,0.0,1.166603383,0.0,0.0,0.0,1.166603383,0.0
6028,scenario_1,7.0831577,0.0,0.0,0.0,7.0831577,0.0,0.0,0.0,7.0831577,0.0
6029,scenario_1,7.994560467,0.0,0.0,0.0,7.994560467,0.0,0.0,0.0,7.994560467,0.0
6030,scenario_1,5.480163233,0.0,0.0,0.0,5.480163233,0.0,0.0,0.0,5.480163233,0.0
6031,scenario_1,9.874412733,8.60870918775,0.0,0.0,1.26570354525,0.0,0.0,0.0,9.874412733,0.0
6032,scenario_1,50.41857028,42.010465860450005,0.0,0.0,8.408104419549993,0.0,0.0,0.0,50.41857028,0.0
6033,scenario_1,68.63294677,68.63294677,0.0,0.0,0.0,0.0,0.0,0.0,68.63294677,0.0
6034,scenario_1,64.36182927,64.36182927,0.0,0.0,0.0,0.0,0.0,0.0,64.36182927,0.0
6035,scenario_1,39.64650771,42.05702698513764,0.0,0.0,0.0,0.0,2.410519275137639,0.0,39.64650771,0.0
6036,scenario_1,35.77278871,63.77278871,0.0,0.0,0.0,0.0,28.0,0.0,35.77278871,0.0
6037,scenario_1,69.19705188,69.19705188,0.0,0.0,0.0,0.0,0.0,0.0,69.19705188,0.0
6038,scenario_1,50.56082361,50.56082361,0.0,0.0,0.0,0.0,0.0,0.0,50.56082361,0.0
6039,scenario_1,15.38956002,43.38956002,0.0,0.0,0.0,0.0,28.0,0.0,15.389560019999998,-1.7763568394002505e-15
6040,scenario_1,8.672111381,36.672111381,0.0,0.0,0.0,0.0,28.0,0.0,8.672111381,0.0
6041,scenario_1,6.31406685,24.8764053822,0.0,0.0,0.0,0.0,18.562338532200002,0.0,6.31406685,0.0
6042,scenario_1,7.43049625,0.0,0.0,0.0,7.43049625,0.0,0.0,0.0,7.43049625,0.0
6043,scenario_1,9.462728383,0.0,0.0,0.0,9.462728383,0.0,0.0,0.0,9.462728383,0.0
6044,scenario_1,8.560746817,0.0,0.0,0.0,8.560746817,0.0,0.0,0.0,8.560746817,0.0
6045,scenario_1,8.131394483,0.0,0.0,0.0,8.131394483,0.0,0.0,0.0,8.131394483,0.0
6046,scenario_1,8.049609367,0.0,0.0,0.0,8.049609367,0.0,0.0,0.0,8.049609367,0.0
6047,scenario_1,7.1746745,0.0,0.0,0.0,7.1746745,0.0,0.0,0.0,7.1746745,0.0
6048,scenario_1,0.443970033,0.0,0.0,0.0,0.443970033,0.0,0.0,0.0,0.443970033,0.0
6049,scenario_1,0.473619967,0.0,0.0,0.0,0.473619967,0.0,0.0,0.0,0.473619967,0.0
6050,scenario_1,0.5042373,0.0,0.0,0.0,0.5042373,0.0,0.0,0.0,0.5042373,0.0
6051,scenario_1,0.801340967,0.0,0.0,0.0,0.801340967,0.0,0.0,0.0,0.801340967,0.0
6052,scenario_1,6.8297423,0.0,0.0,0.0,6.8297423,0.0,0.0,0.0,6.8297423,0.0
6053,scenario_1,7.5771274,0.0,0.0,0.0,7.5771274,0.0,0.0,0.0,7.5771274,0.0
6054,scenario_1,3.405180617,0.0,0.0,0.0,3.405180617,0.0,0.0,0.0,3.405180617,0.0
6055,scenario_1,11.14872051,20.788058460000002,0.0,0.0,0.0,0.0,9.639337950000002,0.0,11.14872051,0.0
6056,scenario_1,54.08413162,50.16377275305,0.0,0.0,3.9203588669500036,0.0,0.0,0.0,54.08413162,0.0
6057,scenario_1,69.11630212,69.11630212,0.0,0.0,0.0,0.0,0.0,0.0,69.11630212,0.0
6058,scenario_1,74.89453608,92.11102156365,0.0,0.0,0.0,0.0,17.216485483650004,0.0,74.89453608,0.0
6059,scenario_1,35.86728263,35.86728263,0.0,0.0,0.0,0.0,0.0,0.0,35.86728263,0.0
6060,scenario_1,29.63856282,29.63856282,0.0,0.0,0.0,0.0,0.0,0.0,29.63856282,0.0
6061,scenario_1,55.17090183,55.17090183,0.0,0.0,0.0,0.0,0.0,0.0,55.17090183,0.0
6062,scenario_1,37.3146199,37.3146199,0.0,0.0,0.0,0.0,0.0,0.0,37.3146199,0.0
6063,scenario_1,19.09849581,47.09849581,0.0,0.0,0.0,0.0,28.0,0.0,19.098495810000003,3.552713678800501e-15
6064,scenario_1,10.04827465,38.048274649999996,0.0,0.0,0.0,0.0,28.0,0.0,10.048274649999996,-3.552713678800501e-15
6065,scenario_1,7.542836717,7.542836717,0.0,0.0,0.0,0.0,0.0,0.0,7.542836717,0.0
6066,scenario_1,8.9468291,0.0,0.0,0.0,8.9468291,0.0,0.0,0.0,8.9468291,0.0
6067,scenario_1,9.48724205,0.0,0.0,0.0,9.48724205,0.0,0.0,0.0,9.48724205,0.0
6068,scenario_1,9.13110925,0.0,0.0,0.0,9.13110925,0.0,0.0,0.0,9.13110925,0.0
6069,scenario_1,8.872127717,0.0,0.0,0.0,8.872127717,0.0,0.0,0.0,8.872127717,0.0
6070,scenario_1,8.508424417,0.0,0.0,0.0,8.508424417,0.0,0.0,0.0,8.508424417,0.0
6071,scenario_1,5.935960367,0.0,0.0,0.0,5.935960367,0.0,0.0,0.0,5.935960367,0.0
6072,scenario_1,0.446202867,0.0,0.0,0.0,0.446202867,0.0,0.0,0.0,0.446202867,0.0
6073,scenario_1,0.487401783,0.0,0.0,0.0,0.487401783,0.0,0.0,0.0,0.487401783,0.0
6074,scenario_1,0.49740155,0.0,0.0,0.0,0.49740155,0.0,0.0,0.0,0.49740155,0.0
6075,scenario_1,0.705868783,0.0,0.0,0.0,0.705868783,0.0,0.0,0.0,0.705868783,0.0
6076,scenario_1,6.559869733,0.0,0.0,0.0,6.559869733,0.0,0.0,0.0,6.559869733,0.0
6077,scenario_1,6.99963955,0.0,0.0,0.0,6.99963955,0.0,0.0,0.0,6.99963955,0.0
6078,scenario_1,2.71545915,0.0,0.0,0.0,2.71545915,0.0,0.0,0.0,2.71545915,0.0
6079,scenario_1,9.381316194,6.769878178199999,0.0,0.0,2.611438015800001,0.0,0.0,0.0,9.381316194,0.0
6080,scenario_1,18.21238648,18.21238648,0.0,0.0,0.0,0.0,0.0,0.0,18.21238648,0.0
6081,scenario_1,57.16502103,49.69399080855,0.0,0.0,7.47103022145,0.0,0.0,0.0,57.16502103,0.0
6082,scenario_1,45.37126517,45.37126517,0.0,0.0,0.0,0.0,0.0,0.0,45.37126517,0.0
6083,scenario_1,15.80448324,43.804483239999996,0.0,0.0,0.0,0.0,28.0,0.0,15.804483239999996,-3.552713678800501e-15
6084,scenario_1,4.917775867,32.917775867,0.0,0.0,0.0,0.0,28.0,0.0,4.917775867000003,3.552713678800501e-15
6085,scenario_1,23.47946552,23.47946552,0.0,0.0,0.0,0.0,0.0,0.0,23.47946552,0.0
6086,scenario_1,41.60439978,41.60439978,0.0,0.0,0.0,0.0,0.0,0.0,41.60439978,0.0
6087,scenario_1,8.644002794,16.214750524221603,0.0,0.0,0.0,0.0,7.570747730221602,0.0,8.644002794000002,1.7763568394002505e-15
6088,scenario_1,3.530546865,31.530546864999998,0.0,0.0,0.0,0.0,28.0,0.0,3.530546864999998,-1.7763568394002505e-15
6089,scenario_1,4.51467765,24.868827748049995,0.0,0.0,0.0,0.0,20.354150098049995,0.0,4.514677649999999,-8.881784197001252e-16
6090,scenario_1,7.9733276,0.0,0.0,0.0,7.9733276,0.0,0.0,0.0,7.9733276,0.0
6091,scenario_1,9.527291117,0.0,0.0,0.0,9.527291117,0.0,0.0,0.0,9.527291117,0.0
6092,scenario_1,8.80379055,0.0,0.0,0.0,8.80379055,0.0,0.0,0.0,8.80379055,0.0
6093,scenario_1,8.744057133,0.0,0.0,0.0,8.744057133,0.0,0.0,0.0,8.744057133,0.0
6094,scenario_1,8.683138683,0.0,0.0,0.0,8.683138683,0.0,0.0,0.0,8.683138683,0.0
6095,scenario_1,6.9767237,0.0,0.0,0.0,6.9767237,0.0,0.0,0.0,6.9767237,0.0
6096,scenario_1,0.429402933,0.0,0.0,0.0,0.429402933,0.0,0.0,0.0,0.429402933,0.0
6097,scenario_1,0.483001083,0.0,0.0,0.0,0.483001083,0.0,0.0,0.0,0.483001083,0.0
6098,scenario_1,0.5726696,0.0,0.0,0.0,0.5726696,0.0,0.0,0.0,0.5726696,0.0
6099,scenario_1,1.829404233,0.0,0.0,0.0,1.829404233,0.0,0.0,0.0,1.829404233,0.0
6100,scenario_1,7.489470417,0.0,0.0,0.0,7.489470417,0.0,0.0,0.0,7.489470417,0.0
6101,scenario_1,7.810402317,0.0,0.0,0.0,7.810402317,0.0,0.0,0.0,7.810402317,0.0
6102,scenario_1,3.072670533,0.0,0.0,0.0,3.072670533,0.0,0.0,0.0,3.072670533,0.0
6103,scenario_1,6.299974757,4.7210294346,0.0,0.0,1.5789453224,0.0,0.0,0.0,6.299974757,0.0
6104,scenario_1,39.18214881,22.497276790499996,0.0,0.0,16.684872019500006,0.0,0.0,0.0,39.18214881,0.0
6105,scenario_1,56.37421731,56.37421731,0.0,0.0,0.0,0.0,0.0,0.0,56.37421731,0.0
6106,scenario_1,41.52853765,69.52853765,0.0,0.0,0.0,0.0,28.0,0.0,41.528537650000004,7.105427357601002e-15
6107,scenario_1,13.84738092,41.84738092,0.0,0.0,0.0,0.0,28.0,0.0,13.847380919999999,-1.7763568394002505e-15
6108,scenario_1,6.21516584,6.21516584,0.0,0.0,0.0,0.0,0.0,0.0,6.21516584,0.0
6109,scenario_1,34.05756985,34.05756985,0.0,0.0,0.0,0.0,0.0,0.0,34.05756985,0.0
6110,scenario_1,24.35728191,24.35728191,0.0,0.0,0.0,0.0,0.0,0.0,24.35728191,0.0
6111,scenario_1,7.457849671,35.457849671,0.0,0.0,0.0,0.0,28.0,0.0,7.457849670999998,-1.7763568394002505e-15
6112,scenario_1,4.40213122,32.40213122,0.0,0.0,0.0,0.0,28.0,0.0,4.402131220000001,8.881784197001252e-16
6113,scenario_1,4.88722515,17.331669594444463,0.0,0.0,0.0,0.0,12.444444444444445,0.0,4.887225150000019,1.865174681370263e-14
6114,scenario_1,7.132710767,0.0,0.0,0.0,7.132710767,0.0,0.0,0.0,7.132710767,0.0
6115,scenario_1,8.9911579,0.0,0.0,0.0,8.9911579,0.0,0.0,0.0,8.9911579,0.0
6116,scenario_1,7.916973867,0.0,0.0,0.0,7.916973867,0.0,0.0,0.0,7.916973867,0.0
6117,scenario_1,7.5211579,0.0,0.0,0.0,7.5211579,0.0,0.0,0.0,7.5211579,0.0
6118,scenario_1,7.379574783,0.0,0.0,0.0,7.379574783,0.0,0.0,0.0,7.379574783,0.0
6119,scenario_1,6.320207217,0.0,0.0,0.0,6.320207217,0.0,0.0,0.0,6.320207217,0.0
6120,scenario_1,0.430252917,0.0,0.0,0.0,0.430252917,0.0,0.0,0.0,0.430252917,0.0
6121,scenario_1,0.478268767,0.0,0.0,0.0,0.478268767,0.0,0.0,0.0,0.478268767,0.0
6122,scenario_1,0.5349353,0.0,0.0,0.0,0.5349353,0.0,0.0,0.0,0.5349353,0.0
6123,scenario_1,1.155337433,0.0,0.0,0.0,1.155337433,0.0,0.0,0.0,1.155337433,0.0
6124,scenario_1,7.55173745,0.0,0.0,0.0,7.55173745,0.0,0.0,0.0,7.55173745,0.0
6125,scenario_1,7.927357467,0.0,0.0,0.0,7.927357467,0.0,0.0,0.0,7.927357467,0.0
6126,scenario_1,3.939658033,0.0,0.0,0.0,3.939658033,0.0,0.0,0.0,3.939658033,0.0
6127,scenario_1,14.14348584,7.361539896749999,0.0,0.0,6.781945943250001,0.0,0.0,0.0,14.14348584,0.0
6128,scenario_1,54.6930104,35.5109838405,0.0,0.0,19.182026559499995,0.0,0.0,0.0,54.6930104,0.0
6129,scenario_1,71.93047166,74.29990738469999,0.0,0.0,0.0,0.0,2.369435724699997,0.0,71.93047166,0.0
6130,scenario_1,76.21970811,91.7764479312,0.0,0.0,0.0,0.0,15.556739821199997,0.0,76.21970811,0.0
6131,scenario_1,45.30673899,73.30673899,0.0,0.0,0.0,0.0,28.0,0.0,45.30673899,0.0
6132,scenario_1,30.18432852,30.18432852,0.0,0.0,0.0,0.0,0.0,0.0,30.18432852,0.0
6133,scenario_1,61.9573968,61.9573968,0.0,0.0,0.0,0.0,0.0,0.0,61.9573968,0.0
6134,scenario_1,29.0593385,57.059338499999996,0.0,0.0,0.0,0.0,28.0,0.0,29.059338499999996,-3.552713678800501e-15
6135,scenario_1,16.30405009,16.30405009,0.0,0.0,0.0,0.0,0.0,0.0,16.30405009,0.0
6136,scenario_1,9.667910191,9.667910191,0.0,0.0,0.0,0.0,0.0,0.0,9.667910191,0.0
6137,scenario_1,5.598437367,21.68588757885,0.0,0.0,0.0,0.0,16.08745021185,0.0,5.598437366999999,-8.881784197001252e-16
6138,scenario_1,7.6130808,0.0,0.0,0.0,7.6130808,0.0,0.0,0.0,7.6130808,0.0
6139,scenario_1,8.336912733,0.0,0.0,0.0,8.336912733,0.0,0.0,0.0,8.336912733,0.0
6140,scenario_1,8.070412717,0.0,0.0,0.0,8.070412717,0.0,0.0,0.0,8.070412717,0.0
6141,scenario_1,7.834345183,0.0,0.0,0.0,7.834345183,0.0,0.0,0.0,7.834345183,0.0
6142,scenario_1,7.994074667,0.0,0.0,0.0,7.994074667,0.0,0.0,0.0,7.994074667,0.0
6143,scenario_1,4.8316432,0.0,0.0,0.0,4.8316432,0.0,0.0,0.0,4.8316432,0.0
6144,scenario_1,0.439869617,0.0,0.0,0.0,0.439869617,0.0,0.0,0.0,0.439869617,0.0
6145,scenario_1,0.4929344,0.0,0.0,0.0,0.4929344,0.0,0.0,0.0,0.4929344,0.0
6146,scenario_1,0.509668683,0.0,0.0,0.0,0.509668683,0.0,0.0,0.0,0.509668683,0.0
6147,scenario_1,0.9627216,0.0,0.0,0.0,0.9627216,0.0,0.0,0.0,0.9627216,0.0
6148,scenario_1,6.987941267,0.0,0.0,0.0,6.987941267,0.0,0.0,0.0,6.987941267,0.0
6149,scenario_1,7.779426383,0.0,0.0,0.0,7.779426383,0.0,0.0,0.0,7.779426383,0.0
6150,scenario_1,4.530164217,0.0,0.0,0.0,4.530164217,0.0,0.0,0.0,4.530164217,0.0
6151,scenario_1,22.09956213,23.6882218572,0.0,0.0,0.0,0.0,1.5886597271999996,0.0,22.09956213,0.0
6152,scenario_1,56.92311436,52.870324307249994,0.0,0.0,4.052790052750005,0.0,0.0,0.0,56.92311436,0.0
6153,scenario_1,68.98581049,77.29070533050003,0.0,0.0,0.0,0.0,8.304894840500026,0.0,68.98581049,0.0
6154,scenario_1,62.52398851,62.52398851,0.0,0.0,0.0,0.0,0.0,0.0,62.52398851,0.0
6155,scenario_1,33.33804899,33.33804899,0.0,0.0,0.0,0.0,0.0,0.0,33.33804899,0.0
6156,scenario_1,31.61417149,31.61417149,0.0,0.0,0.0,0.0,0.0,0.0,31.61417149,0.0
6157,scenario_1,65.89017813,93.89017813,0.0,0.0,0.0,0.0,28.0,0.0,65.89017813,0.0
6158,scenario_1,41.30831036,69.30831036000001,0.0,0.0,0.0,0.0,28.0,0.0,41.30831036000001,7.105427357601002e-15
6159,scenario_1,15.34562381,15.34562381,0.0,0.0,0.0,0.0,0.0,0.0,15.34562381,0.0
6160,scenario_1,12.38108404,40.38108404,0.0,0.0,0.0,0.0,28.0,0.0,12.381084039999998,-1.7763568394002505e-15
6161,scenario_1,7.724271482,24.785390438399997,0.0,0.0,0.0,0.0,17.061118956399998,0.0,7.724271481999999,-8.881784197001252e-16
6162,scenario_1,8.9762287,0.0,0.0,0.0,8.9762287,0.0,0.0,0.0,8.9762287,0.0
6163,scenario_1,9.022093933,0.0,0.0,0.0,9.022093933,0.0,0.0,0.0,9.022093933,0.0
6164,scenario_1,8.733961733,0.0,0.0,0.0,8.733961733,0.0,0.0,0.0,8.733961733,0.0
6165,scenario_1,7.927045117,0.0,0.0,0.0,7.927045117,0.0,0.0,0.0,7.927045117,0.0
6166,scenario_1,7.957925117,0.0,0.0,0.0,7.957925117,0.0,0.0,0.0,7.957925117,0.0
6167,scenario_1,5.37180805,0.0,0.0,0.0,5.37180805,0.0,0.0,0.0,5.37180805,0.0
6168,scenario_1,0.437802817,0.0,0.0,0.0,0.437802817,0.0,0.0,0.0,0.437802817,0.0
6169,scenario_1,0.4753515,0.0,0.0,0.0,0.4753515,0.0,0.0,0.0,0.4753515,0.0
6170,scenario_1,0.514202567,0.0,0.0,0.0,0.514202567,0.0,0.0,0.0,0.514202567,0.0
6171,scenario_1,1.120005983,0.0,0.0,0.0,1.120005983,0.0,0.0,0.0,1.120005983,0.0
6172,scenario_1,6.731375617,0.0,0.0,0.0,6.731375617,0.0,0.0,0.0,6.731375617,0.0
6173,scenario_1,7.284726233,0.0,0.0,0.0,7.284726233,0.0,0.0,0.0,7.284726233,0.0
6174,scenario_1,3.765395367,0.0,0.0,0.0,3.765395367,0.0,0.0,0.0,3.765395367,0.0
6175,scenario_1,14.14296112,22.564799634599996,0.0,0.0,0.0,0.0,8.421838514599996,0.0,14.14296112,0.0
6176,scenario_1,48.53190688,48.53190688,0.0,0.0,0.0,0.0,0.0,0.0,48.53190688,0.0
6177,scenario_1,73.64603331,0.0,0.0,0.0,28.0,45.64603331000001,0.0,0.0,73.64603331,0.0
6178,scenario_1,74.5763978,74.5763978,0.0,0.0,0.0,0.0,0.0,0.0,74.5763978,0.0
6179,scenario_1,42.29341663,42.29341663,0.0,0.0,0.0,0.0,0.0,0.0,42.29341663,0.0
6180,scenario_1,33.99523427,61.99523427,0.0,0.0,0.0,0.0,28.0,0.0,33.99523427,0.0
6181,scenario_1,56.63957529,58.79436243940795,0.0,0.0,0.0,0.0,2.1547871494079454,0.0,56.63957529,0.0
6182,scenario_1,38.29369384,38.29369384,0.0,0.0,0.0,0.0,0.0,0.0,38.29369384,0.0
6183,scenario_1,19.86546022,47.86546022,0.0,0.0,0.0,0.0,28.0,0.0,19.865460220000003,3.552713678800501e-15
6184,scenario_1,10.59591794,10.59591794,0.0,0.0,0.0,0.0,0.0,0.0,10.59591794,0.0
6185,scenario_1,7.142468317,23.054905761299995,0.0,0.0,0.0,0.0,15.912437444299997,0.0,7.142468316999999,-8.881784197001252e-16
6186,scenario_1,7.349981983,0.0,0.0,0.0,7.349981983,0.0,0.0,0.0,7.349981983,0.0
6187,scenario_1,8.560982267,0.0,0.0,0.0,8.560982267,0.0,0.0,0.0,8.560982267,0.0
6188,scenario_1,8.301648567,0.0,0.0,0.0,8.301648567,0.0,0.0,0.0,8.301648567,0.0
6189,scenario_1,7.922248533,0.0,0.0,0.0,7.922248533,0.0,0.0,0.0,7.922248533,0.0
6190,scenario_1,7.594095683,0.0,0.0,0.0,7.594095683,0.0,0.0,0.0,7.594095683,0.0
6191,scenario_1,4.589927267,0.0,0.0,0.0,4.589927267,0.0,0.0,0.0,4.589927267,0.0
6192,scenario_1,0.4242027,0.0,0.0,0.0,0.4242027,0.0,0.0,0.0,0.4242027,0.0
6193,scenario_1,0.474068217,0.0,0.0,0.0,0.474068217,0.0,0.0,0.0,0.474068217,0.0
6194,scenario_1,0.472670317,0.0,0.0,0.0,0.472670317,0.0,0.0,0.0,0.472670317,0.0
6195,scenario_1,1.13180515,0.0,0.0,0.0,1.13180515,0.0,0.0,0.0,1.13180515,0.0
6196,scenario_1,7.138291233,0.0,0.0,0.0,7.138291233,0.0,0.0,0.0,7.138291233,0.0
6197,scenario_1,7.33291285,0.0,0.0,0.0,7.33291285,0.0,0.0,0.0,7.33291285,0.0
6198,scenario_1,3.44035285,0.0,0.0,0.0,3.44035285,0.0,0.0,0.0,3.44035285,0.0
6199,scenario_1,10.30378511,23.17270241445,0.0,0.0,0.0,0.0,12.868917304450001,0.0,10.30378511,0.0
6200,scenario_1,49.24408185,49.24408185,0.0,0.0,0.0,0.0,0.0,0.0,49.24408185,0.0
6201,scenario_1,72.84942333,72.84942333,0.0,0.0,0.0,0.0,0.0,0.0,72.84942333,0.0
6202,scenario_1,74.62383046,95.19927690675,0.0,0.0,0.0,0.0,20.575446446750007,0.0,74.62383046,0.0
6203,scenario_1,34.03613306,62.03613306,0.0,0.0,0.0,0.0,28.0,0.0,34.03613306,0.0
6204,scenario_1,26.41573853,26.41573853,0.0,0.0,0.0,0.0,0.0,0.0,26.41573853,0.0
6205,scenario_1,65.81342392,65.81342392,0.0,0.0,0.0,0.0,0.0,0.0,65.81342392,0.0
6206,scenario_1,45.3297259,45.3297259,0.0,0.0,0.0,0.0,0.0,0.0,45.3297259,0.0
6207,scenario_1,19.12863623,47.12863623,0.0,0.0,0.0,0.0,28.0,0.0,19.128636229999998,-3.552713678800501e-15
6208,scenario_1,12.27769668,40.27769668,0.0,0.0,0.0,0.0,28.0,0.0,12.277696679999998,-1.7763568394002505e-15
6209,scenario_1,7.30380355,7.30380355,0.0,0.0,0.0,0.0,0.0,0.0,7.30380355,0.0
6210,scenario_1,7.164596517,0.0,0.0,0.0,7.164596517,0.0,0.0,0.0,7.164596517,0.0
6211,scenario_1,8.359294517,0.0,0.0,0.0,8.359294517,0.0,0.0,0.0,8.359294517,0.0
6212,scenario_1,9.51638985,0.0,0.0,0.0,9.51638985,0.0,0.0,0.0,9.51638985,0.0
6213,scenario_1,8.86904275,0.0,0.0,0.0,8.86904275,0.0,0.0,0.0,8.86904275,0.0
6214,scenario_1,7.519311217,0.0,0.0,0.0,7.519311217,0.0,0.0,0.0,7.519311217,0.0
6215,scenario_1,6.652059083,0.0,0.0,0.0,6.652059083,0.0,0.0,0.0,6.652059083,0.0
6216,scenario_1,0.42140315,0.0,0.0,0.0,0.42140315,0.0,0.0,0.0,0.42140315,0.0
6217,scenario_1,0.4488025,0.0,0.0,0.0,0.4488025,0.0,0.0,0.0,0.4488025,0.0
6218,scenario_1,0.486637717,0.0,0.0,0.0,0.486637717,0.0,0.0,0.0,0.486637717,0.0
6219,scenario_1,0.956305383,0.0,0.0,0.0,0.956305383,0.0,0.0,0.0,0.956305383,0.0
6220,scenario_1,6.9698255,0.0,0.0,0.0,6.9698255,0.0,0.0,0.0,6.9698255,0.0
6221,scenario_1,7.658394617,0.0,0.0,0.0,7.658394617,0.0,0.0,0.0,7.658394617,0.0
6222,scenario_1,4.204063133,0.0,0.0,0.0,4.204063133,0.0,0.0,0.0,4.204063133,0.0
6223,scenario_1,13.94661098,7.146026653049999,0.0,0.0,6.800584326950002,0.0,0.0,0.0,13.94661098,0.0
6224,scenario_1,52.64015753,34.50147649979999,0.0,0.0,18.13868103020001,0.0,0.0,0.0,52.64015753,0.0
6225,scenario_1,76.30890911,59.333882510399995,0.0,0.0,6.634608708849981,10.340417890750025,0.0,0.0,76.30890911,0.0
6226,scenario_1,76.37536721,76.37536721,0.0,0.0,0.0,0.0,0.0,0.0,76.37536721,0.0
6227,scenario_1,38.28771834,39.100901199259276,0.0,0.0,0.0,0.0,0.8131828592592782,0.0,38.28771834,0.0
6228,scenario_1,36.56478926,36.56478926,0.0,0.0,0.0,0.0,0.0,0.0,36.56478926,0.0
6229,scenario_1,72.00196513,100.00196513,0.0,0.0,0.0,0.0,28.0,0.0,72.00196513,0.0
6230,scenario_1,31.16434634,59.16434634,0.0,0.0,0.0,0.0,28.0,0.0,31.16434634,0.0
6231,scenario_1,17.36687512,45.36687512,0.0,0.0,0.0,0.0,28.0,0.0,17.366875120000003,3.552713678800501e-15
6232,scenario_1,10.02925641,10.02925641,0.0,0.0,0.0,0.0,0.0,0.0,10.02925641,0.0
6233,scenario_1,6.697369667,6.697369667,0.0,0.0,0.0,0.0,0.0,0.0,6.697369667,0.0
6234,scenario_1,7.600346867,0.0,0.0,0.0,7.600346867,0.0,0.0,0.0,7.600346867,0.0
6235,scenario_1,9.27132615,0.0,0.0,0.0,9.27132615,0.0,0.0,0.0,9.27132615,0.0
6236,scenario_1,8.78409435,0.0,0.0,0.0,8.78409435,0.0,0.0,0.0,8.78409435,0.0
6237,scenario_1,8.349527217,0.0,0.0,0.0,8.349527217,0.0,0.0,0.0,8.349527217,0.0
6238,scenario_1,7.944773867,0.0,0.0,0.0,7.944773867,0.0,0.0,0.0,7.944773867,0.0
6239,scenario_1,5.630191183,0.0,0.0,0.0,5.630191183,0.0,0.0,0.0,5.630191183,0.0
6240,scenario_1,0.4337538,0.0,0.0,0.0,0.4337538,0.0,0.0,0.0,0.4337538,0.0
6241,scenario_1,0.486268733,0.0,0.0,0.0,0.486268733,0.0,0.0,0.0,0.486268733,0.0
6242,scenario_1,0.557600933,0.0,0.0,0.0,0.557600933,0.0,0.0,0.0,0.557600933,0.0
6243,scenario_1,1.363720383,0.0,0.0,0.0,1.363720383,0.0,0.0,0.0,1.363720383,0.0
6244,scenario_1,7.23227265,0.0,0.0,0.0,7.23227265,0.0,0.0,0.0,7.23227265,0.0
6245,scenario_1,7.5661755,0.0,0.0,0.0,7.5661755,0.0,0.0,0.0,7.5661755,0.0
6246,scenario_1,3.478626483,0.0,0.0,0.0,3.478626483,0.0,0.0,0.0,3.478626483,0.0
6247,scenario_1,3.935547563,3.935547563,0.0,0.0,0.0,0.0,0.0,0.0,3.935547563,0.0
6248,scenario_1,22.44169702,22.44169702,0.0,0.0,0.0,0.0,0.0,0.0,22.44169702,0.0
6249,scenario_1,50.7387834,50.7387834,0.0,0.0,0.0,0.0,0.0,0.0,50.7387834,0.0
6250,scenario_1,45.24746693,45.24746693,0.0,0.0,0.0,0.0,0.0,0.0,45.24746693,0.0
6251,scenario_1,18.65002069,18.65002069,0.0,0.0,0.0,0.0,0.0,0.0,18.65002069,0.0
6252,scenario_1,6.781633893,32.07468420897221,0.0,0.0,0.0,0.0,25.293050315972202,0.0,6.781633893000006,5.329070518200751e-15
6253,scenario_1,43.68402624,43.68402624,0.0,0.0,0.0,0.0,0.0,0.0,43.68402624,0.0
6254,scenario_1,29.61833135,57.61833135,0.0,0.0,0.0,0.0,28.0,0.0,29.61833135,0.0
6255,scenario_1,3.597181572,31.597181572,0.0,0.0,0.0,0.0,28.0,0.0,3.597181572,0.0
6256,scenario_1,3.600235265,3.600235265,0.0,0.0,0.0,0.0,0.0,0.0,3.600235265,0.0
6257,scenario_1,3.96870995,3.96870995,0.0,0.0,0.0,0.0,0.0,0.0,3.96870995,0.0
6258,scenario_1,8.526139033,0.0,0.0,0.0,8.526139033,0.0,0.0,0.0,8.526139033,0.0
6259,scenario_1,9.23507315,0.0,0.0,0.0,9.23507315,0.0,0.0,0.0,9.23507315,0.0
6260,scenario_1,8.394058233,0.0,0.0,0.0,8.394058233,0.0,0.0,0.0,8.394058233,0.0
6261,scenario_1,8.358257583,0.0,0.0,0.0,8.358257583,0.0,0.0,0.0,8.358257583,0.0
6262,scenario_1,7.578241333,0.0,0.0,0.0,7.578241333,0.0,0.0,0.0,7.578241333,0.0
6263,scenario_1,4.924940283,0.0,0.0,0.0,4.924940283,0.0,0.0,0.0,4.924940283,0.0
6264,scenario_1,0.419203333,0.0,0.0,0.0,0.419203333,0.0,0.0,0.0,0.419203333,0.0
6265,scenario_1,0.457201617,0.0,0.0,0.0,0.457201617,0.0,0.0,0.0,0.457201617,0.0
6266,scenario_1,0.502552583,0.0,0.0,0.0,0.502552583,0.0,0.0,0.0,0.502552583,0.0
6267,scenario_1,0.9089879,0.0,0.0,0.0,0.9089879,0.0,0.0,0.0,0.9089879,0.0
6268,scenario_1,6.804404767,0.0,0.0,0.0,6.804404767,0.0,0.0,0.0,6.804404767,0.0
6269,scenario_1,6.85508935,0.0,0.0,0.0,6.85508935,0.0,0.0,0.0,6.85508935,0.0
6270,scenario_1,2.5167241,0.0,0.0,0.0,2.5167241,0.0,0.0,0.0,2.5167241,0.0
6271,scenario_1,8.176488376,8.176488376,0.0,0.0,0.0,0.0,0.0,0.0,8.176488376,0.0
6272,scenario_1,35.33521087,47.327189276249996,0.0,0.0,0.0,0.0,11.991978406249999,0.0,35.33521087,0.0
6273,scenario_1,40.12920862,40.12920862,0.0,0.0,0.0,0.0,0.0,0.0,40.12920862,0.0
6274,scenario_1,30.86749685,58.867496849999995,0.0,0.0,0.0,0.0,28.0,0.0,30.867496849999995,-3.552713678800501e-15
6275,scenario_1,20.39630833,20.39630833,0.0,0.0,0.0,0.0,0.0,0.0,20.39630833,0.0
6276,scenario_1,3.538495683,31.538495683,0.0,0.0,0.0,0.0,28.0,0.0,3.5384956830000007,8.881784197001252e-16
6277,scenario_1,44.68915877,44.68915877,0.0,0.0,0.0,0.0,0.0,0.0,44.68915877,0.0
6278,scenario_1,29.00564294,57.00564294,0.0,0.0,0.0,0.0,28.0,0.0,29.00564294,0.0
6279,scenario_1,10.78782247,10.78782247,0.0,0.0,0.0,0.0,0.0,0.0,10.78782247,0.0
6280,scenario_1,5.229824233,33.229824233,0.0,0.0,0.0,0.0,28.0,0.0,5.229824233000002,1.7763568394002505e-15
6281,scenario_1,6.710209367,6.710209367,0.0,0.0,0.0,0.0,0.0,0.0,6.710209367,0.0
6282,scenario_1,9.598073533,0.0,0.0,0.0,9.598073533,0.0,0.0,0.0,9.598073533,0.0
6283,scenario_1,9.822406433,0.0,0.0,0.0,9.822406433,0.0,0.0,0.0,9.822406433,0.0
6284,scenario_1,9.334456917,0.0,0.0,0.0,9.334456917,0.0,0.0,0.0,9.334456917,0.0
6285,scenario_1,8.790207567,0.0,0.0,0.0,8.790207567,0.0,0.0,0.0,8.790207567,0.0
6286,scenario_1,8.11660605,0.0,0.0,0.0,8.11660605,0.0,0.0,0.0,8.11660605,0.0
6287,scenario_1,6.3397736,0.0,0.0,0.0,6.3397736,0.0,0.0,0.0,6.3397736,0.0
6288,scenario_1,0.423637467,0.0,0.0,0.0,0.423637467,0.0,0.0,0.0,0.423637467,0.0
6289,scenario_1,0.533069083,0.0,0.0,0.0,0.533069083,0.0,0.0,0.0,0.533069083,0.0
6290,scenario_1,0.60408825,0.0,0.0,0.0,0.60408825,0.0,0.0,0.0,0.60408825,0.0
6291,scenario_1,1.450789867,0.0,0.0,0.0,1.450789867,0.0,0.0,0.0,1.450789867,0.0
6292,scenario_1,7.3802605,0.0,0.0,0.0,7.3802605,0.0,0.0,0.0,7.3802605,0.0
6293,scenario_1,8.269296367,0.0,0.0,0.0,8.269296367,0.0,0.0,0.0,8.269296367,0.0
6294,scenario_1,4.25183235,0.0,0.0,0.0,4.25183235,0.0,0.0,0.0,4.25183235,0.0
6295,scenario_1,12.44236283,12.44236283,0.0,0.0,0.0,0.0,0.0,0.0,12.44236283,0.0
6296,scenario_1,36.97151893,36.97151893,0.0,0.0,0.0,0.0,0.0,0.0,36.97151893,0.0
6297,scenario_1,61.20497213,61.20497213,0.0,0.0,0.0,0.0,0.0,0.0,61.20497213,0.0
6298,scenario_1,67.36153475,67.36153475,0.0,0.0,0.0,0.0,0.0,0.0,67.36153475,0.0
6299,scenario_1,46.284952,74.284952,0.0,0.0,0.0,0.0,28.0,0.0,46.284952000000004,7.105427357601002e-15
6300,scenario_1,29.61277582,55.40336207432104,0.0,0.0,0.0,0.0,25.790586254321035,0.0,29.612775820000003,3.552713678800501e-15
6301,scenario_1,67.85466226,67.85466226,0.0,0.0,0.0,0.0,0.0,0.0,67.85466226,0.0
6302,scenario_1,53.49318732,53.49318732,0.0,0.0,0.0,0.0,0.0,0.0,53.49318732,0.0
6303,scenario_1,18.05140679,18.05140679,0.0,0.0,0.0,0.0,0.0,0.0,18.05140679,0.0
6304,scenario_1,11.40981314,11.40981314,0.0,0.0,0.0,0.0,0.0,0.0,11.40981314,0.0
6305,scenario_1,7.79700305,7.79700305,0.0,0.0,0.0,0.0,0.0,0.0,7.79700305,0.0
6306,scenario_1,8.3106127,0.0,0.0,0.0,8.3106127,0.0,0.0,0.0,8.3106127,0.0
6307,scenario_1,8.991762083,0.0,0.0,0.0,8.991762083,0.0,0.0,0.0,8.991762083,0.0
6308,scenario_1,8.75276215,0.0,0.0,0.0,8.75276215,0.0,0.0,0.0,8.75276215,0.0
6309,scenario_1,8.442744467,0.0,0.0,0.0,8.442744467,0.0,0.0,0.0,8.442744467,0.0
6310,scenario_1,7.945009933,0.0,0.0,0.0,7.945009933,0.0,0.0,0.0,7.945009933,0.0
6311,scenario_1,5.81206015,0.0,0.0,0.0,5.81206015,0.0,0.0,0.0,5.81206015,0.0
6312,scenario_1,0.4372529,0.0,0.0,0.0,0.4372529,0.0,0.0,0.0,0.4372529,0.0
6313,scenario_1,0.493652483,0.0,0.0,0.0,0.493652483,0.0,0.0,0.0,0.493652483,0.0
6314,scenario_1,0.5359196,0.0,0.0,0.0,0.5359196,0.0,0.0,0.0,0.5359196,0.0
6315,scenario_1,0.9027893,0.0,0.0,0.0,0.9027893,0.0,0.0,0.0,0.9027893,0.0
6316,scenario_1,7.091371483,0.0,0.0,0.0,7.091371483,0.0,0.0,0.0,7.091371483,0.0
6317,scenario_1,7.717308783,0.0,0.0,0.0,7.717308783,0.0,0.0,0.0,7.717308783,0.0
6318,scenario_1,4.02263085,0.0,0.0,0.0,4.02263085,0.0,0.0,0.0,4.02263085,0.0
6319,scenario_1,10.707977,22.688797317749998,0.0,0.0,0.0,0.0,11.980820317749998,0.0,10.707977,0.0
6320,scenario_1,42.80443602,52.086915834150005,0.0,0.0,0.0,0.0,9.282479814150008,0.0,42.80443602,0.0
6321,scenario_1,70.26140267,77.465805996,0.0,0.0,0.0,0.0,7.204403326000005,0.0,70.26140267,0.0
6322,scenario_1,51.62503419,51.62503419,0.0,0.0,0.0,0.0,0.0,0.0,51.62503419,0.0
6323,scenario_1,26.51728004,26.51728004,0.0,0.0,0.0,0.0,0.0,0.0,26.51728004,0.0
6324,scenario_1,34.07119857,62.07119857,0.0,0.0,0.0,0.0,28.0,0.0,34.07119857,0.0
6325,scenario_1,75.65702587,103.19143030425,0.0,0.0,0.0,0.0,27.534404434250007,0.0,75.65702587,0.0
6326,scenario_1,61.6630582,61.6630582,0.0,0.0,0.0,0.0,0.0,0.0,61.6630582,0.0
6327,scenario_1,19.85275988,44.06006892264442,0.0,0.0,0.0,0.0,24.20730904264442,0.0,19.852759879999997,-3.552713678800501e-15
6328,scenario_1,11.16671128,11.16671128,0.0,0.0,0.0,0.0,0.0,0.0,11.16671128,0.0
6329,scenario_1,5.821950783,22.056978292649998,0.0,0.0,0.0,0.0,16.235027509649996,0.0,5.821950783000002,1.7763568394002505e-15
6330,scenario_1,7.83971085,0.0,0.0,0.0,7.83971085,0.0,0.0,0.0,7.83971085,0.0
6331,scenario_1,9.19360865,0.0,0.0,0.0,9.19360865,0.0,0.0,0.0,9.19360865,0.0
6332,scenario_1,9.148992833,0.0,0.0,0.0,9.148992833,0.0,0.0,0.0,9.148992833,0.0
6333,scenario_1,8.35142835,0.0,0.0,0.0,8.35142835,0.0,0.0,0.0,8.35142835,0.0
6334,scenario_1,7.833343383,0.0,0.0,0.0,7.833343383,0.0,0.0,0.0,7.833343383,0.0
6335,scenario_1,6.103177033,0.0,0.0,0.0,6.103177033,0.0,0.0,0.0,6.103177033,0.0
6336,scenario_1,0.452552917,0.0,0.0,0.0,0.452552917,0.0,0.0,0.0,0.452552917,0.0
6337,scenario_1,0.48233715,0.0,0.0,0.0,0.48233715,0.0,0.0,0.0,0.48233715,0.0
6338,scenario_1,0.529137933,0.0,0.0,0.0,0.529137933,0.0,0.0,0.0,0.529137933,0.0
6339,scenario_1,1.4776392,0.0,0.0,0.0,1.4776392,0.0,0.0,0.0,1.4776392,0.0
6340,scenario_1,7.943007367,0.0,0.0,0.0,7.943007367,0.0,0.0,0.0,7.943007367,0.0
6341,scenario_1,7.63881045,0.0,0.0,0.0,7.63881045,0.0,0.0,0.0,7.63881045,0.0
6342,scenario_1,3.043931567,0.0,0.0,0.0,3.043931567,0.0,0.0,0.0,3.043931567,0.0
6343,scenario_1,17.59582452,22.2837694452,0.0,0.0,0.0,0.0,4.6879449252,0.0,17.59582452,0.0
6344,scenario_1,50.57803071,51.49297591110004,0.0,0.0,0.0,0.0,0.9149452011000392,0.0,50.57803071,0.0
6345,scenario_1,80.09384987,76.61246105654999,0.0,0.0,3.4813888134500104,0.0,0.0,0.0,80.09384987,0.0
6346,scenario_1,66.7955597,66.7955597,0.0,0.0,0.0,0.0,0.0,0.0,66.7955597,0.0
6347,scenario_1,29.57663245,29.57663245,0.0,0.0,0.0,0.0,0.0,0.0,29.57663245,0.0
6348,scenario_1,29.49173983,29.49173983,0.0,0.0,0.0,0.0,0.0,0.0,29.49173983,0.0
6349,scenario_1,57.7687414,85.76874140000001,0.0,0.0,0.0,0.0,28.0,0.0,57.76874140000001,7.105427357601002e-15
6350,scenario_1,46.53903424,46.53903424,0.0,0.0,0.0,0.0,0.0,0.0,46.53903424,0.0
6351,scenario_1,19.70295494,47.70295494,0.0,0.0,0.0,0.0,28.0,0.0,19.702954939999998,-3.552713678800501e-15
6352,scenario_1,10.036582,10.036582,0.0,0.0,0.0,0.0,0.0,0.0,10.036582,0.0
6353,scenario_1,7.20031635,21.6806592282,0.0,0.0,0.0,0.0,14.4803428782,0.0,7.20031635,0.0
6354,scenario_1,8.293112117,0.0,0.0,0.0,8.293112117,0.0,0.0,0.0,8.293112117,0.0
6355,scenario_1,11.16514283,0.0,0.0,0.0,11.16514283,0.0,0.0,0.0,11.16514283,0.0
6356,scenario_1,9.878257333,0.0,0.0,0.0,9.878257333,0.0,0.0,0.0,9.878257333,0.0
6357,scenario_1,9.056174633,0.0,0.0,0.0,9.056174633,0.0,0.0,0.0,9.056174633,0.0
6358,scenario_1,8.759839983,0.0,0.0,0.0,8.759839983,0.0,0.0,0.0,8.759839983,0.0
6359,scenario_1,6.184143783,0.0,0.0,0.0,6.184143783,0.0,0.0,0.0,6.184143783,0.0
6360,scenario_1,0.42220275,0.0,0.0,0.0,0.42220275,0.0,0.0,0.0,0.42220275,0.0
6361,scenario_1,0.494701,0.0,0.0,0.0,0.494701,0.0,0.0,0.0,0.494701,0.0
6362,scenario_1,0.522952167,0.0,0.0,0.0,0.522952167,0.0,0.0,0.0,0.522952167,0.0
6363,scenario_1,1.23063895,0.0,0.0,0.0,1.23063895,0.0,0.0,0.0,1.23063895,0.0
6364,scenario_1,7.0010739,0.0,0.0,0.0,7.0010739,0.0,0.0,0.0,7.0010739,0.0
6365,scenario_1,8.184493467,0.0,0.0,0.0,8.184493467,0.0,0.0,0.0,8.184493467,0.0
6366,scenario_1,4.228646567,0.0,0.0,0.0,4.228646567,0.0,0.0,0.0,4.228646567,0.0
6367,scenario_1,14.30312356,2.31780984135,0.0,0.0,11.98531371865,0.0,0.0,0.0,14.30312356,0.0
6368,scenario_1,47.44519544,50.99250585345,0.0,0.0,0.0,0.0,3.547310413449999,0.0,47.44519544,0.0
6369,scenario_1,76.83602101,76.5251384217,0.0,0.0,0.3108825882999895,0.0,0.0,0.0,76.83602101,0.0
6370,scenario_1,81.12776384,90.61651475475,0.0,0.0,0.0,0.0,9.48875091475,0.0,81.12776384,0.0
6371,scenario_1,31.25657111,59.256571109999996,0.0,0.0,0.0,0.0,28.0,0.0,31.256571109999996,-3.552713678800501e-15
6372,scenario_1,28.2230596,56.2230596,0.0,0.0,0.0,0.0,28.0,0.0,28.2230596,0.0
6373,scenario_1,56.10076678,56.10076678,0.0,0.0,0.0,0.0,0.0,0.0,56.10076678,0.0
6374,scenario_1,35.56616334,35.56616334,0.0,0.0,0.0,0.0,0.0,0.0,35.56616334,0.0
6375,scenario_1,20.04270238,20.04270238,0.0,0.0,0.0,0.0,0.0,0.0,20.04270238,0.0
6376,scenario_1,12.8095658,13.295595390222408,0.0,0.0,0.0,0.0,0.4860295902224089,0.0,12.8095658,0.0
6377,scenario_1,8.318531,22.23335372325,0.0,0.0,0.0,0.0,13.914822723250001,0.0,8.318531,0.0
6378,scenario_1,9.341530133,0.0,0.0,0.0,9.341530133,0.0,0.0,0.0,9.341530133,0.0
6379,scenario_1,8.55424535,0.0,0.0,0.0,8.55424535,0.0,0.0,0.0,8.55424535,0.0
6380,scenario_1,7.768662183,0.0,0.0,0.0,7.768662183,0.0,0.0,0.0,7.768662183,0.0
6381,scenario_1,7.639525783,0.0,0.0,0.0,7.639525783,0.0,0.0,0.0,7.639525783,0.0
6382,scenario_1,7.3718098,0.0,0.0,0.0,7.3718098,0.0,0.0,0.0,7.3718098,0.0
6383,scenario_1,6.070510317,0.0,0.0,0.0,6.070510317,0.0,0.0,0.0,6.070510317,0.0
6384,scenario_1,0.438602883,0.0,0.0,0.0,0.438602883,0.0,0.0,0.0,0.438602883,0.0
6385,scenario_1,0.49280135,0.0,0.0,0.0,0.49280135,0.0,0.0,0.0,0.49280135,0.0
6386,scenario_1,0.505203217,0.0,0.0,0.0,0.505203217,0.0,0.0,0.0,0.505203217,0.0
6387,scenario_1,1.5426726,0.0,0.0,0.0,1.5426726,0.0,0.0,0.0,1.5426726,0.0
6388,scenario_1,7.89364085,0.0,0.0,0.0,7.89364085,0.0,0.0,0.0,7.89364085,0.0
6389,scenario_1,7.905058467,0.0,0.0,0.0,7.905058467,0.0,0.0,0.0,7.905058467,0.0
6390,scenario_1,3.250413567,0.0,0.0,0.0,3.250413567,0.0,0.0,0.0,3.250413567,0.0
6391,scenario_1,10.76015239,23.781908268449996,0.0,0.0,0.0,0.0,13.021755878449996,0.0,10.76015239,0.0
6392,scenario_1,52.54969235,52.54969235,0.0,0.0,0.0,0.0,0.0,0.0,52.54969235,0.0
6393,scenario_1,74.96220814,74.96220814,0.0,0.0,0.0,0.0,0.0,0.0,74.96220814,0.0
6394,scenario_1,74.44949967,74.44949967,0.0,0.0,0.0,0.0,0.0,0.0,74.44949967,0.0
6395,scenario_1,39.59994843,49.867748454785016,0.0,0.0,0.0,0.0,10.267800024785016,0.0,39.59994843,0.0
6396,scenario_1,24.28447455,52.28447455,0.0,0.0,0.0,0.0,28.0,0.0,24.28447455,0.0
6397,scenario_1,63.92191112,91.92191112,0.0,0.0,0.0,0.0,28.0,0.0,63.921911120000004,7.105427357601002e-15
6398,scenario_1,34.46730851,0.0,0.0,0.0,28.0,6.467308510000002,0.0,0.0,34.46730851,0.0
6399,scenario_1,14.78536835,42.78536835,0.0,0.0,0.0,0.0,28.0,0.0,14.785368349999999,-1.7763568394002505e-15
6400,scenario_1,9.91640748,9.91640748,0.0,0.0,0.0,0.0,0.0,0.0,9.91640748,0.0
6401,scenario_1,7.16566685,21.150041748,0.0,0.0,0.0,0.0,13.984374897999999,0.0,7.165666850000001,8.881784197001252e-16
6402,scenario_1,9.0925967,0.0,0.0,0.0,9.0925967,0.0,0.0,0.0,9.0925967,0.0
6403,scenario_1,9.512493917,0.0,0.0,0.0,9.512493917,0.0,0.0,0.0,9.512493917,0.0
6404,scenario_1,9.094809133,0.0,0.0,0.0,9.094809133,0.0,0.0,0.0,9.094809133,0.0
6405,scenario_1,8.614793333,0.0,0.0,0.0,8.614793333,0.0,0.0,0.0,8.614793333,0.0
6406,scenario_1,7.800891517,0.0,0.0,0.0,7.800891517,0.0,0.0,0.0,7.800891517,0.0
6407,scenario_1,5.984373433,0.0,0.0,0.0,5.984373433,0.0,0.0,0.0,5.984373433,0.0
6408,scenario_1,0.43460295,0.0,0.0,0.0,0.43460295,0.0,0.0,0.0,0.43460295,0.0
6409,scenario_1,0.458001767,0.0,0.0,0.0,0.458001767,0.0,0.0,0.0,0.458001767,0.0
6410,scenario_1,0.503101233,0.0,0.0,0.0,0.503101233,0.0,0.0,0.0,0.503101233,0.0
6411,scenario_1,0.961451967,0.0,0.0,0.0,0.961451967,0.0,0.0,0.0,0.961451967,0.0
6412,scenario_1,6.674120983,0.0,0.0,0.0,6.674120983,0.0,0.0,0.0,6.674120983,0.0
6413,scenario_1,7.616306333,0.0,0.0,0.0,7.616306333,0.0,0.0,0.0,7.616306333,0.0
6414,scenario_1,3.484340683,0.0,0.0,0.0,3.484340683,0.0,0.0,0.0,3.484340683,0.0
6415,scenario_1,3.122875633,25.40499110595,0.0,0.0,0.0,0.0,22.28211547295,0.0,3.1228756329999996,-4.440892098500626e-16
6416,scenario_1,26.6736912,26.6736912,0.0,0.0,0.0,0.0,0.0,0.0,26.6736912,0.0
6417,scenario_1,57.91357747,78.76882389555,0.0,0.0,0.0,0.0,20.85524642555,0.0,57.91357747,0.0
6418,scenario_1,54.98087353,82.98087353,0.0,0.0,0.0,0.0,28.0,0.0,54.98087353,0.0
6419,scenario_1,16.01956939,16.01956939,0.0,0.0,0.0,0.0,0.0,0.0,16.01956939,0.0
6420,scenario_1,4.489359267,4.489359267,0.0,0.0,0.0,0.0,0.0,0.0,4.489359267,0.0
6421,scenario_1,39.4129707,39.4129707,0.0,0.0,0.0,0.0,0.0,0.0,39.4129707,0.0
6422,scenario_1,17.40931516,45.40931516,0.0,0.0,0.0,0.0,28.0,0.0,17.40931516,0.0
6423,scenario_1,3.966553233,3.966553233,0.0,0.0,0.0,0.0,0.0,0.0,3.966553233,0.0
6424,scenario_1,3.942076351,3.942076351,0.0,0.0,0.0,0.0,0.0,0.0,3.942076351,0.0
6425,scenario_1,4.380496704,4.380496704,0.0,0.0,0.0,0.0,0.0,0.0,4.380496704,0.0
6426,scenario_1,6.86027605,0.0,0.0,0.0,6.86027605,0.0,0.0,0.0,6.86027605,0.0
6427,scenario_1,8.403159217,0.0,0.0,0.0,8.403159217,0.0,0.0,0.0,8.403159217,0.0
6428,scenario_1,8.207593117,0.0,0.0,0.0,8.207593117,0.0,0.0,0.0,8.207593117,0.0
6429,scenario_1,7.7039767,0.0,0.0,0.0,7.7039767,0.0,0.0,0.0,7.7039767,0.0
6430,scenario_1,7.896606733,0.0,0.0,0.0,7.896606733,0.0,0.0,0.0,7.896606733,0.0
6431,scenario_1,6.81474095,0.0,0.0,0.0,6.81474095,0.0,0.0,0.0,6.81474095,0.0
6432,scenario_1,0.437802933,0.0,0.0,0.0,0.437802933,0.0,0.0,0.0,0.437802933,0.0
6433,scenario_1,0.45520165,0.0,0.0,0.0,0.45520165,0.0,0.0,0.0,0.45520165,0.0
6434,scenario_1,0.496469417,0.0,0.0,0.0,0.496469417,0.0,0.0,0.0,0.496469417,0.0
6435,scenario_1,1.17032515,0.0,0.0,0.0,1.17032515,0.0,0.0,0.0,1.17032515,0.0
6436,scenario_1,7.0254743,0.0,0.0,0.0,7.0254743,0.0,0.0,0.0,7.0254743,0.0
6437,scenario_1,7.789005433,0.0,0.0,0.0,7.789005433,0.0,0.0,0.0,7.789005433,0.0
6438,scenario_1,3.06528835,0.0,0.0,0.0,3.06528835,0.0,0.0,0.0,3.06528835,0.0
6439,scenario_1,3.098307917,24.0514247628,0.0,0.0,0.0,0.0,20.9531168458,0.0,3.0983079169999996,-4.440892098500626e-16
6440,scenario_1,35.99967471,52.98179088524999,0.0,0.0,0.0,0.0,16.982116175249992,0.0,35.99967471,0.0
6441,scenario_1,42.23927589,42.23927589,0.0,0.0,0.0,0.0,0.0,0.0,42.23927589,0.0
6442,scenario_1,35.59521881,35.59521881,0.0,0.0,0.0,0.0,0.0,0.0,35.59521881,0.0
6443,scenario_1,14.77280095,42.772800950000004,0.0,0.0,0.0,0.0,28.0,0.0,14.772800950000004,3.552713678800501e-15
6444,scenario_1,8.485661597,21.741362973746316,0.0,0.0,0.0,0.0,13.255701376746316,0.0,8.485661597,0.0
6445,scenario_1,45.41424114,45.41424114,0.0,0.0,0.0,0.0,0.0,0.0,45.41424114,0.0
6446,scenario_1,28.47792841,56.477928410000004,0.0,0.0,0.0,0.0,28.0,0.0,28.477928410000004,3.552713678800501e-15
6447,scenario_1,7.477559779,7.477559779,0.0,0.0,0.0,0.0,0.0,0.0,7.477559779,0.0
6448,scenario_1,4.023171014,4.023171014,0.0,0.0,0.0,0.0,0.0,0.0,4.023171014,0.0
6449,scenario_1,5.298952121,5.298952121,0.0,0.0,0.0,0.0,0.0,0.0,5.298952121,0.0
6450,scenario_1,8.217305867,0.0,0.0,0.0,8.217305867,0.0,0.0,0.0,8.217305867,0.0
6451,scenario_1,9.2748731,0.0,0.0,0.0,0.0,9.2748731,0.0,0.0,9.2748731,0.0
6452,scenario_1,9.156788817,0.0,0.0,0.0,9.156788817,0.0,0.0,0.0,9.156788817,0.0
6453,scenario_1,8.39349145,0.0,0.0,0.0,0.0,8.39349145,0.0,0.0,8.39349145,0.0
6454,scenario_1,7.387092583,0.0,0.0,0.0,0.0,7.387092583,0.0,0.0,7.387092583,0.0
6455,scenario_1,6.024341317,0.0,0.0,0.0,6.024341317,0.0,0.0,0.0,6.024341317,0.0
6456,scenario_1,0.436121233,0.0,0.0,0.0,0.0,0.436121233,0.0,0.0,0.436121233,0.0
6457,scenario_1,0.476120083,0.0,0.0,0.0,0.476120083,0.0,0.0,0.0,0.476120083,0.0
6458,scenario_1,0.495988167,0.0,0.0,0.0,0.495988167,0.0,0.0,0.0,0.495988167,0.0
6459,scenario_1,1.218223133,0.0,0.0,0.0,1.218223133,0.0,0.0,0.0,1.218223133,0.0
6460,scenario_1,7.070405967,0.0,0.0,0.0,1.460844872242488,5.609561094757512,0.0,0.0,7.070405967,0.0
6461,scenario_1,7.70206055,0.0,0.0,0.0,0.0,7.70206055,0.0,0.0,7.70206055,0.0
6462,scenario_1,3.545727383,0.0,0.0,0.0,0.0,3.545727383,0.0,0.0,3.545727383,0.0
6463,scenario_1,7.009805867,16.328266409399998,0.0,0.0,0.0,0.0,9.318460542399997,0.0,7.009805867000001,8.881784197001252e-16
6464,scenario_1,44.06695931,19.01861452515,0.0,0.0,25.048344784850002,0.0,0.0,0.0,44.06695931,0.0
6465,scenario_1,81.75637256,44.17418133179999,0.0,0.0,28.0,9.58219122820001,0.0,0.0,81.75637255999999,-1.4210854715202004e-14
6466,scenario_1,73.89825284,47.508496363949995,0.0,0.0,0.0,26.389756476050003,0.0,0.0,73.89825284,0.0
6467,scenario_1,35.40644172,54.83359908195,0.0,0.0,0.0,0.0,19.42715736195,0.0,35.40644172,0.0
6468,scenario_1,26.20792176,54.207921760000005,0.0,0.0,0.0,0.0,28.0,0.0,26.207921760000005,3.552713678800501e-15
6469,scenario_1,71.35920141,10.411714175399998,0.0,0.0,28.0,32.9474872346,0.0,0.0,71.35920141,0.0
6470,scenario_1,35.26479265,24.244683661799996,0.0,0.0,11.0201089882,0.0,0.0,0.0,35.26479265,0.0
6471,scenario_1,17.3923999,20.736441502949997,0.0,0.0,0.0,0.0,3.3440416029499964,0.0,17.3923999,0.0
6472,scenario_1,10.4900941,38.4900941,0.0,0.0,0.0,0.0,28.0,0.0,10.4900941,0.0
6473,scenario_1,8.484848017,21.48790829895,0.0,0.0,0.0,0.0,13.00306028195,0.0,8.484848017,0.0
6474,scenario_1,9.202941617,0.0,0.0,0.0,9.202941617,0.0,0.0,0.0,9.202941617,0.0
6475,scenario_1,9.457393167,0.0,0.0,0.0,9.457393167,0.0,0.0,0.0,9.457393167,0.0
6476,scenario_1,8.919660333,0.0,0.0,0.0,8.919660333,0.0,0.0,0.0,8.919660333,0.0
6477,scenario_1,7.987041883,0.0,0.0,0.0,7.987041883,0.0,0.0,0.0,7.987041883,0.0
6478,scenario_1,7.3580237,0.0,0.0,0.0,0.0,7.3580237,0.0,0.0,7.3580237,0.0
6479,scenario_1,6.418242317,0.0,0.0,0.0,0.0,6.418242317,0.0,0.0,6.418242317,0.0
6480,scenario_1,0.415403033,0.0,0.0,0.0,0.0,0.415403033,0.0,0.0,0.415403033,0.0
6481,scenario_1,0.475135217,0.0,0.0,0.0,0.0,0.475135217,0.0,0.0,0.475135217,0.0
6482,scenario_1,0.5309347,0.0,0.0,0.0,0.0,0.5309347,0.0,0.0,0.5309347,0.0
6483,scenario_1,1.479786817,0.0,0.0,0.0,0.0,1.479786817,0.0,0.0,1.479786817,0.0
6484,scenario_1,6.996690467,0.0,0.0,0.0,0.0,6.996690467,0.0,0.0,6.996690467,0.0
6485,scenario_1,7.20212595,0.0,0.0,0.0,0.0,7.20212595,0.0,0.0,7.20212595,0.0
6486,scenario_1,4.037381483,0.0,0.0,0.0,0.0,4.037381483,0.0,0.0,4.037381483,0.0
6487,scenario_1,14.59315858,2.3136996369,0.0,0.0,0.0,12.2794589431,0.0,0.0,14.59315858,0.0
6488,scenario_1,69.39297003,29.9705159877,0.0,0.0,0.0,39.422454042300004,0.0,0.0,69.39297003,0.0
6489,scenario_1,68.07959349,32.5432699029,0.0,0.0,28.0,7.536323587099993,0.0,0.0,68.07959349,0.0
6490,scenario_1,65.71264127,65.71264127,0.0,0.0,0.0,0.0,0.0,0.0,65.71264127,0.0
6491,scenario_1,36.45310117,64.45310117,0.0,0.0,0.0,0.0,28.0,0.0,36.45310117,0.0
6492,scenario_1,32.15066088,60.15066088,0.0,0.0,0.0,0.0,28.0,0.0,32.15066088,0.0
6493,scenario_1,67.40247521,95.40247521,0.0,0.0,0.0,0.0,28.0,0.0,67.40247521,0.0
6494,scenario_1,44.69634264,72.69634264,0.0,0.0,0.0,0.0,28.0,0.0,44.69634264,0.0
6495,scenario_1,15.06803616,27.512480604444463,0.0,0.0,0.0,0.0,12.444444444444445,0.0,15.068036160000018,1.7763568394002505e-14
6496,scenario_1,8.343729535,8.343729535,0.0,0.0,0.0,0.0,0.0,0.0,8.343729535,0.0
6497,scenario_1,6.779468467,6.779468467,0.0,0.0,0.0,0.0,0.0,0.0,6.779468467,0.0
6498,scenario_1,8.5778625,0.0,0.0,0.0,8.5778625,0.0,0.0,0.0,8.5778625,0.0
6499,scenario_1,10.49105825,0.0,0.0,0.0,10.49105825,0.0,0.0,0.0,10.49105825,0.0
6500,scenario_1,9.23802645,0.0,0.0,0.0,9.23802645,0.0,0.0,0.0,9.23802645,0.0
6501,scenario_1,9.499624467,0.0,0.0,0.0,9.499624467,0.0,0.0,0.0,9.499624467,0.0
6502,scenario_1,9.126207483,0.0,0.0,0.0,9.126207483,0.0,0.0,0.0,9.126207483,0.0
6503,scenario_1,6.85834335,0.0,0.0,0.0,6.85834335,0.0,0.0,0.0,6.85834335,0.0
6504,scenario_1,0.4600381,0.0,0.0,0.0,0.4600381,0.0,0.0,0.0,0.4600381,0.0
6505,scenario_1,0.51281855,0.0,0.0,0.0,0.51281855,0.0,0.0,0.0,0.51281855,0.0
6506,scenario_1,0.58525175,0.0,0.0,0.0,0.58525175,0.0,0.0,0.0,0.58525175,0.0
6507,scenario_1,1.56593525,0.0,0.0,0.0,1.56593525,0.0,0.0,0.0,1.56593525,0.0
6508,scenario_1,7.200720983,0.0,0.0,0.0,7.200720983,0.0,0.0,0.0,7.200720983,0.0
6509,scenario_1,7.510556317,0.0,0.0,0.0,7.510556317,0.0,0.0,0.0,7.510556317,0.0
6510,scenario_1,3.310875867,0.0,0.0,0.0,3.310875867,0.0,0.0,0.0,3.310875867,0.0
6511,scenario_1,14.6085061,24.924591919650002,0.0,0.0,0.0,0.0,10.316085819650002,0.0,14.6085061,0.0
6512,scenario_1,42.51411954,42.51411954,0.0,0.0,0.0,0.0,0.0,0.0,42.51411954,0.0
6513,scenario_1,68.06851034,77.9546280438,0.0,0.0,0.0,0.0,9.886117703799997,0.0,68.06851034,0.0
6514,scenario_1,82.50465163,92.63853007290001,0.0,0.0,0.0,0.0,10.133878442900013,0.0,82.50465163,0.0
6515,scenario_1,39.57458407,39.57458407,0.0,0.0,0.0,0.0,0.0,0.0,39.57458407,0.0
6516,scenario_1,34.60805163,62.60805163,0.0,0.0,0.0,0.0,28.0,0.0,34.60805163,0.0
6517,scenario_1,71.01598778,71.01598778,0.0,0.0,0.0,0.0,0.0,0.0,71.01598778,0.0
6518,scenario_1,35.12677892,41.520247535928995,0.0,0.0,0.0,0.0,6.393468615928997,0.0,35.12677892,0.0
6519,scenario_1,16.42519012,16.42519012,0.0,0.0,0.0,0.0,0.0,0.0,16.42519012,0.0
6520,scenario_1,14.73789065,14.73789065,0.0,0.0,0.0,0.0,0.0,0.0,14.73789065,0.0
6521,scenario_1,7.6739335,18.09960521235,0.0,0.0,0.0,0.0,10.425671712349999,0.0,7.6739335,0.0
6522,scenario_1,7.340058133,0.0,0.0,0.0,7.340058133,0.0,0.0,0.0,7.340058133,0.0
6523,scenario_1,9.191529433,0.0,0.0,0.0,9.191529433,0.0,0.0,0.0,9.191529433,0.0
6524,scenario_1,9.372410367,0.0,0.0,0.0,9.372410367,0.0,0.0,0.0,9.372410367,0.0
6525,scenario_1,8.806661217,0.0,0.0,0.0,8.806661217,0.0,0.0,0.0,8.806661217,0.0
6526,scenario_1,7.680759267,0.0,0.0,0.0,7.680759267,0.0,0.0,0.0,7.680759267,0.0
6527,scenario_1,6.333527033,0.0,0.0,0.0,6.333527033,0.0,0.0,0.0,6.333527033,0.0
6528,scenario_1,0.417404033,0.0,0.0,0.0,0.417404033,0.0,0.0,0.0,0.417404033,0.0
6529,scenario_1,0.460002383,0.0,0.0,0.0,0.460002383,0.0,0.0,0.0,0.460002383,0.0
6530,scenario_1,0.483854083,0.0,0.0,0.0,0.483854083,0.0,0.0,0.0,0.483854083,0.0
6531,scenario_1,1.3371889,0.0,0.0,0.0,1.3371889,0.0,0.0,0.0,1.3371889,0.0
6532,scenario_1,6.862741367,0.0,0.0,0.0,6.862741367,0.0,0.0,0.0,6.862741367,0.0
6533,scenario_1,7.63065895,0.0,0.0,0.0,7.63065895,0.0,0.0,0.0,7.63065895,0.0
6534,scenario_1,3.675043967,0.0,0.0,0.0,3.675043967,0.0,0.0,0.0,3.675043967,0.0
6535,scenario_1,14.38649225,14.38649225,0.0,0.0,0.0,0.0,0.0,0.0,14.38649225,0.0
6536,scenario_1,52.12293709,42.8152974216,0.0,0.0,9.3076396684,0.0,0.0,0.0,52.12293709,0.0
6537,scenario_1,68.32695879,68.58171127185,0.0,0.0,0.0,0.0,0.2547524818499909,0.0,68.32695879,0.0
6538,scenario_1,67.83733514,67.83733514,0.0,0.0,0.0,0.0,0.0,0.0,67.83733514,0.0
6539,scenario_1,39.76932588,39.76932588,0.0,0.0,0.0,0.0,0.0,0.0,39.76932588,0.0
6540,scenario_1,36.4249506,64.4249506,0.0,0.0,0.0,0.0,28.0,0.0,36.4249506,0.0
6541,scenario_1,72.3906659,97.567616319,0.0,0.0,0.0,0.0,25.176950418999994,0.0,72.3906659,0.0
6542,scenario_1,40.78589785,68.78589785,0.0,0.0,0.0,0.0,28.0,0.0,40.78589785,0.0
6543,scenario_1,18.52827143,18.52827143,0.0,0.0,0.0,0.0,0.0,0.0,18.52827143,0.0
6544,scenario_1,10.09395891,38.09395891,0.0,0.0,0.0,0.0,28.0,0.0,10.093958909999998,-1.7763568394002505e-15
6545,scenario_1,6.534246183,11.8692939732,0.0,0.0,0.0,0.0,5.3350477902,0.0,6.534246183,0.0
6546,scenario_1,8.8481752,0.0,0.0,0.0,8.8481752,0.0,0.0,0.0,8.8481752,0.0
6547,scenario_1,10.97784027,0.0,0.0,0.0,10.97784027,0.0,0.0,0.0,10.97784027,0.0
6548,scenario_1,9.137741033,0.0,0.0,0.0,9.137741033,0.0,0.0,0.0,9.137741033,0.0
6549,scenario_1,7.846559983,0.0,0.0,0.0,7.846559983,0.0,0.0,0.0,7.846559983,0.0
6550,scenario_1,7.84829335,0.0,0.0,0.0,7.84829335,0.0,0.0,0.0,7.84829335,0.0
6551,scenario_1,5.503126567,0.0,0.0,0.0,5.503126567,0.0,0.0,0.0,5.503126567,0.0
6552,scenario_1,0.41460325,0.0,0.0,0.0,0.41460325,0.0,0.0,0.0,0.41460325,0.0
6553,scenario_1,0.477402583,0.0,0.0,0.0,0.477402583,0.0,0.0,0.0,0.477402583,0.0
6554,scenario_1,0.474021233,0.0,0.0,0.0,0.474021233,0.0,0.0,0.0,0.474021233,0.0
6555,scenario_1,1.102306667,0.0,0.0,0.0,1.102306667,0.0,0.0,0.0,1.102306667,0.0
6556,scenario_1,6.722541367,0.0,0.0,0.0,6.722541367,0.0,0.0,0.0,6.722541367,0.0
6557,scenario_1,6.82737595,0.0,0.0,0.0,6.82737595,0.0,0.0,0.0,6.82737595,0.0
6558,scenario_1,3.50444555,0.0,0.0,0.0,3.50444555,0.0,0.0,0.0,3.50444555,0.0
6559,scenario_1,11.70457263,8.1331412901,0.0,0.0,3.5714313399,0.0,0.0,0.0,11.70457263,0.0
6560,scenario_1,52.76697328,36.3115664706,0.0,0.0,12.717754817949983,3.737651991450022,0.0,0.0,52.76697328,0.0
6561,scenario_1,84.92114098,70.09476014085,0.0,0.0,14.826380839150005,0.0,0.0,0.0,84.92114098,0.0
6562,scenario_1,61.93492783,89.86681427190005,0.0,0.0,0.0,0.0,27.931886441900055,0.0,61.93492783,0.0
6563,scenario_1,25.2683808,25.2683808,0.0,0.0,0.0,0.0,0.0,0.0,25.2683808,0.0
6564,scenario_1,24.051333,24.051333,0.0,0.0,0.0,0.0,0.0,0.0,24.051333,0.0
6565,scenario_1,86.213247,98.56049558550001,0.0,0.0,0.0,0.0,12.347248585500012,0.0,86.213247,0.0
6566,scenario_1,42.7754338,70.7754338,0.0,0.0,0.0,0.0,28.0,0.0,42.7754338,0.0
6567,scenario_1,16.47067256,16.47067256,0.0,0.0,0.0,0.0,0.0,0.0,16.47067256,0.0
6568,scenario_1,11.59582077,39.59582077,0.0,0.0,0.0,0.0,28.0,0.0,11.595820770000003,3.552713678800501e-15
6569,scenario_1,6.817017217,16.83960836775,0.0,0.0,0.0,0.0,10.02259115075,0.0,6.817017217,0.0
6570,scenario_1,8.929112567,0.0,0.0,0.0,8.929112567,0.0,0.0,0.0,8.929112567,0.0
6571,scenario_1,9.8586461,0.0,0.0,0.0,9.8586461,0.0,0.0,0.0,9.8586461,0.0
6572,scenario_1,8.764411017,0.0,0.0,0.0,8.764411017,0.0,0.0,0.0,8.764411017,0.0
6573,scenario_1,9.101391,0.0,0.0,0.0,9.101391,0.0,0.0,0.0,9.101391,0.0
6574,scenario_1,8.0820423,0.0,0.0,0.0,8.0820423,0.0,0.0,0.0,8.0820423,0.0
6575,scenario_1,6.659774617,0.0,0.0,0.0,6.659774617,0.0,0.0,0.0,6.659774617,0.0
6576,scenario_1,0.429769633,0.0,0.0,0.0,0.429769633,0.0,0.0,0.0,0.429769633,0.0
6577,scenario_1,0.474401517,0.0,0.0,0.0,0.474401517,0.0,0.0,0.0,0.474401517,0.0
6578,scenario_1,0.492202833,0.0,0.0,0.0,0.492202833,0.0,0.0,0.0,0.492202833,0.0
6579,scenario_1,1.099871067,0.0,0.0,0.0,1.099871067,0.0,0.0,0.0,1.099871067,0.0
6580,scenario_1,7.222537567,0.0,0.0,0.0,7.222537567,0.0,0.0,0.0,7.222537567,0.0
6581,scenario_1,7.86625385,0.0,0.0,0.0,7.86625385,0.0,0.0,0.0,7.86625385,0.0
6582,scenario_1,2.841374217,0.0,0.0,0.0,2.841374217,0.0,0.0,0.0,2.841374217,0.0
6583,scenario_1,8.685544543,8.537932150949999,0.0,0.0,0.14761239205000187,0.0,0.0,0.0,8.685544543,0.0
6584,scenario_1,14.58415472,40.314205721849994,0.0,0.0,0.0,0.0,25.730051001849993,0.0,14.58415472,0.0
6585,scenario_1,54.53283936,31.672426294049995,0.0,0.0,22.860413065950002,0.0,0.0,0.0,54.53283936,0.0
6586,scenario_1,41.57782121,36.46305530505,0.0,0.0,5.114765904950005,0.0,0.0,0.0,41.57782121,0.0
6587,scenario_1,6.869517214,28.000332541345585,0.0,0.0,0.0,0.0,21.130815327345584,0.0,6.869517214000002,1.7763568394002505e-15
6588,scenario_1,4.700760712,4.700760712,0.0,0.0,0.0,0.0,0.0,0.0,4.700760712,0.0
6589,scenario_1,30.80587306,58.805873059999996,0.0,0.0,0.0,0.0,28.0,0.0,30.805873059999996,-3.552713678800501e-15
6590,scenario_1,51.69427178,51.69427178,0.0,0.0,0.0,0.0,0.0,0.0,51.69427178,0.0
6591,scenario_1,10.63787884,10.63787884,0.0,0.0,0.0,0.0,0.0,0.0,10.63787884,0.0
6592,scenario_1,4.16438835,32.16438835,0.0,0.0,0.0,0.0,28.0,0.0,4.164388350000003,2.6645352591003757e-15
6593,scenario_1,4.551094933,4.551094933,0.0,0.0,0.0,0.0,0.0,0.0,4.551094933,0.0
6594,scenario_1,7.4870763,0.0,0.0,0.0,7.4870763,0.0,0.0,0.0,7.4870763,0.0
6595,scenario_1,9.036724367,0.0,0.0,0.0,9.036724367,0.0,0.0,0.0,9.036724367,0.0
6596,scenario_1,9.37289005,0.0,0.0,0.0,9.37289005,0.0,0.0,0.0,9.37289005,0.0
6597,scenario_1,9.011973883,0.0,0.0,0.0,9.011973883,0.0,0.0,0.0,9.011973883,0.0
6598,scenario_1,9.1380229,0.0,0.0,0.0,9.1380229,0.0,0.0,0.0,9.1380229,0.0
6599,scenario_1,6.739390433,0.0,0.0,0.0,6.739390433,0.0,0.0,0.0,6.739390433,0.0
6600,scenario_1,0.423069833,0.0,0.0,0.0,0.423069833,0.0,0.0,0.0,0.423069833,0.0
6601,scenario_1,0.49460135,0.0,0.0,0.0,0.49460135,0.0,0.0,0.0,0.49460135,0.0
6602,scenario_1,0.54015245,0.0,0.0,0.0,0.54015245,0.0,0.0,0.0,0.54015245,0.0
6603,scenario_1,1.170985583,0.0,0.0,0.0,1.170985583,0.0,0.0,0.0,1.170985583,0.0
6604,scenario_1,6.91793585,0.0,0.0,0.0,6.91793585,0.0,0.0,0.0,6.91793585,0.0
6605,scenario_1,6.922937617,0.0,0.0,0.0,6.922937617,0.0,0.0,0.0,6.922937617,0.0
6606,scenario_1,2.221359667,0.0,0.0,0.0,2.221359667,0.0,0.0,0.0,2.221359667,0.0
6607,scenario_1,2.171978,4.594231406094462,0.0,0.0,0.0,0.0,2.4222534060944607,0.0,2.171978000000001,8.881784197001252e-16
6608,scenario_1,16.99068472,44.990684720000004,0.0,0.0,0.0,0.0,28.0,0.0,16.990684720000004,3.552713678800501e-15
6609,scenario_1,46.83893199,73.83140535239998,0.0,0.0,0.0,0.0,26.992473362399984,0.0,46.83893199,0.0
6610,scenario_1,43.51428786,43.51428786,0.0,0.0,0.0,0.0,0.0,0.0,43.51428786,0.0
6611,scenario_1,16.43568077,16.43568077,0.0,0.0,0.0,0.0,0.0,0.0,16.43568077,0.0
6612,scenario_1,3.958992917,31.958992917,0.0,0.0,0.0,0.0,28.0,0.0,3.958992917,0.0
6613,scenario_1,41.99056347,41.99056347,0.0,0.0,0.0,0.0,0.0,0.0,41.99056347,0.0
6614,scenario_1,37.20696824,37.20696824,0.0,0.0,0.0,0.0,0.0,0.0,37.20696824,0.0
6615,scenario_1,6.57701124,34.57701124,0.0,0.0,0.0,0.0,28.0,0.0,6.577011239999997,-2.6645352591003757e-15
6616,scenario_1,4.065209517,4.065209517,0.0,0.0,0.0,0.0,0.0,0.0,4.065209517,0.0
6617,scenario_1,5.6420418,16.67175947595,0.0,0.0,0.0,0.0,11.02971767595,0.0,5.642041800000001,8.881784197001252e-16
6618,scenario_1,8.148089117,0.0,0.0,0.0,8.148089117,0.0,0.0,0.0,8.148089117,0.0
6619,scenario_1,10.15477135,0.0,0.0,0.0,10.15477135,0.0,0.0,0.0,10.15477135,0.0
6620,scenario_1,8.771590817,0.0,0.0,0.0,8.771590817,0.0,0.0,0.0,8.771590817,0.0
6621,scenario_1,7.407675683,0.0,0.0,0.0,0.0,7.407675683,0.0,0.0,7.407675683,0.0
6622,scenario_1,7.4431568,0.0,0.0,0.0,7.4431568,0.0,0.0,0.0,7.4431568,0.0
6623,scenario_1,5.369391783,0.0,0.0,0.0,0.0,5.369391783,0.0,0.0,5.369391783,0.0
6624,scenario_1,0.44295395,0.0,0.0,0.0,0.44295395,0.0,0.0,0.0,0.44295395,0.0
6625,scenario_1,0.482837183,0.0,0.0,0.0,0.482837183,0.0,0.0,0.0,0.482837183,0.0
6626,scenario_1,0.57077015,0.0,0.0,0.0,0.57077015,0.0,0.0,0.0,0.57077015,0.0
6627,scenario_1,1.06997585,0.0,0.0,0.0,0.0,1.06997585,0.0,0.0,1.06997585,0.0
6628,scenario_1,7.038109533,0.0,0.0,0.0,7.038109533,0.0,0.0,0.0,7.038109533,0.0
6629,scenario_1,8.192011383,0.0,0.0,0.0,8.192011383,0.0,0.0,0.0,8.192011383,0.0
6630,scenario_1,4.4096806,0.0,0.0,0.0,4.4096806,0.0,0.0,0.0,4.4096806,0.0
6631,scenario_1,14.33147625,2.68186446945,0.0,0.0,11.64961178055,0.0,0.0,0.0,14.33147625,0.0
6632,scenario_1,38.45647397,24.46863508575,0.0,0.0,13.987838884249996,0.0,0.0,0.0,38.45647397,0.0
6633,scenario_1,76.78187538,50.12966316645,0.0,0.0,19.50857845220002,7.143633761349982,0.0,0.0,76.78187538,0.0
6634,scenario_1,75.26990159,86.3815567332,0.0,0.0,0.0,0.0,11.111655143199997,0.0,75.26990159,0.0
6635,scenario_1,33.6797918,61.6797918,0.0,0.0,0.0,0.0,28.0,0.0,33.6797918,0.0
6636,scenario_1,25.73228482,53.732284820000004,0.0,0.0,0.0,0.0,28.0,0.0,25.732284820000004,3.552713678800501e-15
6637,scenario_1,76.26727305,62.790457344150006,0.0,0.0,13.476815705849994,0.0,0.0,0.0,76.26727305,0.0
6638,scenario_1,44.13250383,72.13250382999999,0.0,0.0,0.0,0.0,28.0,0.0,44.13250382999999,-7.105427357601002e-15
6639,scenario_1,16.18911591,32.301483935890744,0.0,0.0,0.0,0.0,16.112368025890742,0.0,16.18911591,0.0
6640,scenario_1,11.77527463,34.6057773342,0.0,0.0,0.0,0.0,22.8305027042,0.0,11.775274629999998,-1.7763568394002505e-15
6641,scenario_1,7.2521147,14.28007735245,0.0,0.0,0.0,0.0,7.02796265245,0.0,7.2521147,0.0
6642,scenario_1,8.080544717,0.0,0.0,0.0,3.179607636693481,4.9009370803065195,0.0,0.0,8.080544717,0.0
6643,scenario_1,9.88062755,0.0,0.0,0.0,9.88062755,0.0,0.0,0.0,9.88062755,0.0
6644,scenario_1,9.2633122,0.0,0.0,0.0,0.0,9.2633122,0.0,0.0,9.2633122,0.0
6645,scenario_1,8.4377285,0.0,0.0,0.0,8.4377285,0.0,0.0,0.0,8.4377285,0.0
6646,scenario_1,7.88684525,0.0,0.0,0.0,0.0,7.88684525,0.0,0.0,7.88684525,0.0
6647,scenario_1,5.941460517,0.0,0.0,0.0,0.0,5.941460517,0.0,0.0,5.941460517,0.0
6648,scenario_1,0.43800215,0.0,0.0,0.0,0.0,0.43800215,0.0,0.0,0.43800215,0.0
6649,scenario_1,0.49480135,0.0,0.0,0.0,0.0,0.49480135,0.0,0.0,0.49480135,0.0
6650,scenario_1,0.524503167,0.0,0.0,0.0,0.524503167,0.0,0.0,0.0,0.524503167,0.0
6651,scenario_1,0.825522317,0.0,0.0,0.0,0.825522317,0.0,0.0,0.0,0.825522317,0.0
6652,scenario_1,6.869373867,0.0,0.0,0.0,6.869373867,0.0,0.0,0.0,6.869373867,0.0
6653,scenario_1,7.6998936,0.0,0.0,0.0,0.0,7.6998936,0.0,0.0,7.6998936,0.0
6654,scenario_1,5.943347017,0.0,0.0,0.0,0.0,5.943347017,0.0,0.0,5.943347017,0.0
6655,scenario_1,16.79640092,2.3228619651,0.0,0.0,14.4735389549,0.0,0.0,0.0,16.79640092,0.0
6656,scenario_1,62.03830511,36.706033964549995,0.0,0.0,0.0,25.332271145450008,0.0,0.0,62.03830511,0.0
6657,scenario_1,83.45526106,15.383650764299999,0.0,0.0,28.0,40.0716102957,0.0,0.0,83.45526106,0.0
6658,scenario_1,55.90768315,37.82729661105,0.0,0.0,18.080386538949995,0.0,0.0,0.0,55.90768315,0.0
6659,scenario_1,33.03454928,31.702686707699996,0.0,0.0,1.331862572300004,0.0,0.0,0.0,33.03454928,0.0
6660,scenario_1,27.12945274,54.054467481299994,0.0,0.0,0.0,0.0,26.925014741299993,0.0,27.12945274,0.0
6661,scenario_1,62.75828244,71.55511986284999,0.0,0.0,0.0,0.0,8.79683742284999,0.0,62.75828244,0.0
6662,scenario_1,50.51562117,42.67195803960001,0.0,0.0,0.0,7.843663130399996,0.0,0.0,50.51562117,0.0
6663,scenario_1,21.32081726,49.32081726,0.0,0.0,0.0,0.0,28.0,0.0,21.32081726,0.0
6664,scenario_1,10.17507504,34.92154003185,0.0,0.0,0.0,0.0,24.74646499185,0.0,10.17507504,0.0
6665,scenario_1,6.766751383,10.17480161835,0.0,0.0,0.0,0.0,3.4080502353499993,0.0,6.766751383,0.0
6666,scenario_1,10.33837397,0.0,0.0,0.0,10.33837397,0.0,0.0,0.0,10.33837397,0.0
6667,scenario_1,10.43815628,0.0,0.0,0.0,10.43815628,0.0,0.0,0.0,10.43815628,0.0
6668,scenario_1,9.9347092,0.0,0.0,0.0,9.9347092,0.0,0.0,0.0,9.9347092,0.0
6669,scenario_1,8.274428433,0.0,0.0,0.0,0.0,8.274428433,0.0,0.0,8.274428433,0.0
6670,scenario_1,8.07034445,0.0,0.0,0.0,8.07034445,0.0,0.0,0.0,8.07034445,0.0
6671,scenario_1,5.985959717,0.0,0.0,0.0,5.985959717,0.0,0.0,0.0,5.985959717,0.0
6672,scenario_1,0.431202717,0.0,0.0,0.0,0.431202717,0.0,0.0,0.0,0.431202717,0.0
6673,scenario_1,0.470601633,0.0,0.0,0.0,0.0,0.470601633,0.0,0.0,0.470601633,0.0
6674,scenario_1,0.489219583,0.0,0.0,0.0,0.0,0.489219583,0.0,0.0,0.489219583,0.0
6675,scenario_1,1.122738167,0.0,0.0,0.0,0.0,1.122738167,0.0,0.0,1.122738167,0.0
6676,scenario_1,6.675590767,0.0,0.0,0.0,0.0,6.675590767,0.0,0.0,6.675590767,0.0
6677,scenario_1,7.391295183,0.0,0.0,0.0,0.0,7.391295183,0.0,0.0,7.391295183,0.0
6678,scenario_1,3.06611285,0.0,0.0,0.0,0.0,3.06611285,0.0,0.0,3.06611285,0.0
6679,scenario_1,9.32462525,2.32748589915,0.0,0.0,0.0,6.99713935085,0.0,0.0,9.32462525,0.0
6680,scenario_1,39.41463677,7.41899697405,0.0,0.0,0.0,31.99563979595,0.0,0.0,39.41463677,0.0
6681,scenario_1,63.35850085,8.8237688739,0.0,0.0,28.0,26.534731976099998,0.0,0.0,63.35850085,0.0
6682,scenario_1,80.67605493,70.25809478084999,0.0,0.0,10.41796014915002,0.0,0.0,0.0,80.67605493,0.0
6683,scenario_1,43.73845567,54.3379099449,0.0,0.0,0.0,0.0,10.599454274899998,0.0,43.73845567,0.0
6684,scenario_1,31.61627522,59.61627522,0.0,0.0,0.0,0.0,28.0,0.0,31.61627522,0.0
6685,scenario_1,76.05894747,84.34724099594447,0.0,0.0,0.0,0.0,8.288293525944459,0.0,76.05894747000002,1.4210854715202004e-14
6686,scenario_1,37.02538283,65.02538283,0.0,0.0,0.0,0.0,28.0,0.0,37.02538283,0.0
6687,scenario_1,16.19929425,44.19929425,0.0,0.0,0.0,0.0,28.0,0.0,16.19929425,0.0
6688,scenario_1,11.60986578,22.609483447949998,0.0,0.0,0.0,0.0,10.999617667949998,0.0,11.60986578,0.0
6689,scenario_1,8.478791815,19.035870790649998,0.0,0.0,0.0,0.0,10.557078975649999,0.0,8.478791815,0.0
6690,scenario_1,7.684160817,0.0,0.0,0.0,0.0,7.684160817,0.0,0.0,7.684160817,0.0
6691,scenario_1,9.349240717,0.0,0.0,0.0,9.349240717,0.0,0.0,0.0,9.349240717,0.0
6692,scenario_1,8.64782365,0.0,0.0,0.0,8.64782365,0.0,0.0,0.0,8.64782365,0.0
6693,scenario_1,7.592592133,0.0,0.0,0.0,7.592592133,0.0,0.0,0.0,7.592592133,0.0
6694,scenario_1,7.732658417,0.0,0.0,0.0,7.732658417,0.0,0.0,0.0,7.732658417,0.0
6695,scenario_1,6.236723183,0.0,0.0,0.0,6.236723183,0.0,0.0,0.0,6.236723183,0.0
6696,scenario_1,0.434287617,0.0,0.0,0.0,0.0,0.434287617,0.0,0.0,0.434287617,0.0
6697,scenario_1,0.511185017,0.0,0.0,0.0,0.0,0.511185017,0.0,0.0,0.511185017,0.0
6698,scenario_1,0.499602367,0.0,0.0,0.0,0.499602367,0.0,0.0,0.0,0.499602367,0.0
6699,scenario_1,0.817520367,0.0,0.0,0.0,0.817520367,0.0,0.0,0.0,0.817520367,0.0
6700,scenario_1,6.827239717,0.0,0.0,0.0,6.827239717,0.0,0.0,0.0,6.827239717,0.0
6701,scenario_1,7.248806583,0.0,0.0,0.0,0.0,7.248806583,0.0,0.0,7.248806583,0.0
6702,scenario_1,3.065645517,0.0,0.0,0.0,3.065645517,0.0,0.0,0.0,3.065645517,0.0
6703,scenario_1,10.30305985,16.819536638549998,0.0,0.0,0.0,0.0,6.516476788549998,0.0,10.30305985,0.0
6704,scenario_1,56.02412662,23.789534064749997,0.0,0.0,27.309300130725486,4.92529242452451,0.0,0.0,56.02412661999999,-7.105427357601002e-15
6705,scenario_1,79.56511639,47.24878105095,0.0,0.0,28.0,4.316335339049999,0.0,0.0,79.56511639,0.0
6706,scenario_1,81.93609697,82.61646717645,0.0,0.0,0.0,0.0,0.6803702064500072,0.0,81.93609697,0.0
6707,scenario_1,36.5393244,36.5393244,0.0,0.0,0.0,0.0,0.0,0.0,36.5393244,0.0
6708,scenario_1,26.80526252,54.80526252,0.0,0.0,0.0,0.0,28.0,0.0,26.80526252,0.0
6709,scenario_1,57.20645376,85.20645376,0.0,0.0,0.0,0.0,28.0,0.0,57.20645376,0.0
6710,scenario_1,33.8762085,40.032181217194434,0.0,0.0,0.0,0.0,6.1559727171944365,0.0,33.8762085,0.0
6711,scenario_1,16.16543841,44.16543841,0.0,0.0,0.0,0.0,28.0,0.0,16.16543841,0.0
6712,scenario_1,10.26707627,35.9643237417,0.0,0.0,0.0,0.0,25.6972474717,0.0,10.26707627,0.0
6713,scenario_1,7.21790448,15.1287585291,0.0,0.0,0.0,0.0,7.910854049100001,0.0,7.21790448,0.0
6714,scenario_1,8.519627533,0.0,0.0,0.0,8.519627533,0.0,0.0,0.0,8.519627533,0.0
6715,scenario_1,10.07640842,0.0,0.0,0.0,10.07640842,0.0,0.0,0.0,10.07640842,0.0
6716,scenario_1,9.781040567,0.0,0.0,0.0,9.781040567,0.0,0.0,0.0,9.781040567,0.0
6717,scenario_1,9.17194095,0.0,0.0,0.0,9.17194095,0.0,0.0,0.0,9.17194095,0.0
6718,scenario_1,8.31315695,0.0,0.0,0.0,8.31315695,0.0,0.0,0.0,8.31315695,0.0
6719,scenario_1,5.160506517,0.0,0.0,0.0,5.160506517,0.0,0.0,0.0,5.160506517,0.0
6720,scenario_1,0.436803533,0.0,0.0,0.0,0.436803533,0.0,0.0,0.0,0.436803533,0.0
6721,scenario_1,0.507668433,0.0,0.0,0.0,0.507668433,0.0,0.0,0.0,0.507668433,0.0
6722,scenario_1,0.560536017,0.0,0.0,0.0,0.560536017,0.0,0.0,0.0,0.560536017,0.0
6723,scenario_1,1.105838833,0.0,0.0,0.0,1.105838833,0.0,0.0,0.0,1.105838833,0.0
6724,scenario_1,7.53583895,0.0,0.0,0.0,7.53583895,0.0,0.0,0.0,7.53583895,0.0
6725,scenario_1,8.018971483,0.0,0.0,0.0,8.018971483,0.0,0.0,0.0,8.018971483,0.0
6726,scenario_1,4.379094533,0.0,0.0,0.0,4.379094533,0.0,0.0,0.0,4.379094533,0.0
6727,scenario_1,13.74008424,24.486321624299997,0.0,0.0,0.0,0.0,10.746237384299997,0.0,13.74008424,0.0
6728,scenario_1,43.40800907,25.69665814515,0.0,0.0,11.189661893383008,6.521689031466991,0.0,0.0,43.40800907,0.0
6729,scenario_1,63.83305765,41.474398581749995,0.0,0.0,22.358659068250006,0.0,0.0,0.0,63.83305765,0.0
6730,scenario_1,76.56644116,74.17774255935,0.0,0.0,2.3886986006500024,0.0,0.0,0.0,76.56644116,0.0
6731,scenario_1,40.10605085,68.10605085,0.0,0.0,0.0,0.0,28.0,0.0,40.10605085,0.0
6732,scenario_1,36.61251933,64.61251933,0.0,0.0,0.0,0.0,28.0,0.0,36.61251933,0.0
6733,scenario_1,76.14570776,94.16022643754998,0.0,0.0,0.0,0.0,18.014518677549987,0.0,76.14570776,0.0
6734,scenario_1,34.53008631,34.53008631,0.0,0.0,0.0,0.0,0.0,0.0,34.53008631,0.0
6735,scenario_1,15.24519605,43.245196050000004,0.0,0.0,0.0,0.0,28.0,0.0,15.245196050000004,3.552713678800501e-15
6736,scenario_1,9.24673766,9.24673766,0.0,0.0,0.0,0.0,0.0,0.0,9.24673766,0.0
6737,scenario_1,6.754320883,15.018657648300001,0.0,0.0,0.0,0.0,8.264336765300001,0.0,6.754320883,0.0
6738,scenario_1,9.120228533,0.0,0.0,0.0,9.120228533,0.0,0.0,0.0,9.120228533,0.0
6739,scenario_1,10.1997787,0.0,0.0,0.0,10.1997787,0.0,0.0,0.0,10.1997787,0.0
6740,scenario_1,9.841692983,0.0,0.0,0.0,9.841692983,0.0,0.0,0.0,9.841692983,0.0
6741,scenario_1,8.924842517,0.0,0.0,0.0,8.924842517,0.0,0.0,0.0,8.924842517,0.0
6742,scenario_1,8.056391033,0.0,0.0,0.0,8.056391033,0.0,0.0,0.0,8.056391033,0.0
6743,scenario_1,5.261624533,0.0,0.0,0.0,5.261624533,0.0,0.0,0.0,5.261624533,0.0
6744,scenario_1,0.451286117,0.0,0.0,0.0,0.451286117,0.0,0.0,0.0,0.451286117,0.0
6745,scenario_1,0.47613555,0.0,0.0,0.0,0.47613555,0.0,0.0,0.0,0.47613555,0.0
6746,scenario_1,0.504185633,0.0,0.0,0.0,0.504185633,0.0,0.0,0.0,0.504185633,0.0
6747,scenario_1,0.897672467,0.0,0.0,0.0,0.897672467,0.0,0.0,0.0,0.897672467,0.0
6748,scenario_1,6.6989398,0.0,0.0,0.0,6.6989398,0.0,0.0,0.0,6.6989398,0.0
6749,scenario_1,7.059824417,0.0,0.0,0.0,7.059824417,0.0,0.0,0.0,7.059824417,0.0
6750,scenario_1,3.3628067,0.0,0.0,0.0,3.3628067,0.0,0.0,0.0,3.3628067,0.0
6751,scenario_1,3.610756731,3.610756731,0.0,0.0,0.0,0.0,0.0,0.0,3.610756731,0.0
6752,scenario_1,33.40143757,51.60266024445,0.0,0.0,0.0,0.0,18.20122267445,0.0,33.40143757,0.0
6753,scenario_1,30.94113678,30.94113678,0.0,0.0,0.0,0.0,0.0,0.0,30.94113678,0.0
6754,scenario_1,46.08470717,46.08470717,0.0,0.0,0.0,0.0,0.0,0.0,46.08470717,0.0
6755,scenario_1,14.47735542,14.47735542,0.0,0.0,0.0,0.0,0.0,0.0,14.47735542,0.0
6756,scenario_1,4.530761283,4.530761283,0.0,0.0,0.0,0.0,0.0,0.0,4.530761283,0.0
6757,scenario_1,42.63570633,69.66361437676483,0.0,0.0,0.0,0.0,27.02790804676482,0.0,42.635706330000005,7.105427357601002e-15
6758,scenario_1,43.61999242,43.61999242,0.0,0.0,0.0,0.0,0.0,0.0,43.61999242,0.0
6759,scenario_1,10.02395795,10.02395795,0.0,0.0,0.0,0.0,0.0,0.0,10.02395795,0.0
6760,scenario_1,4.760656585,32.760656585,0.0,0.0,0.0,0.0,28.0,0.0,4.7606565849999996,-8.881784197001252e-16
6761,scenario_1,6.826098125,1.7997281231999998,0.0,0.0,5.0263700018,0.0,0.0,0.0,6.826098125,0.0
6762,scenario_1,8.143542517,0.0,0.0,0.0,8.143542517,0.0,0.0,0.0,8.143542517,0.0
6763,scenario_1,10.22357392,0.0,0.0,0.0,10.22357392,0.0,0.0,0.0,10.22357392,0.0
6764,scenario_1,8.393360267,0.0,0.0,0.0,8.393360267,0.0,0.0,0.0,8.393360267,0.0
6765,scenario_1,8.357923817,0.0,0.0,0.0,8.357923817,0.0,0.0,0.0,8.357923817,0.0
6766,scenario_1,8.308539817,0.0,0.0,0.0,8.308539817,0.0,0.0,0.0,8.308539817,0.0
6767,scenario_1,6.409024533,0.0,0.0,0.0,6.409024533,0.0,0.0,0.0,6.409024533,0.0
6768,scenario_1,0.451886633,0.0,0.0,0.0,0.451886633,0.0,0.0,0.0,0.451886633,0.0
6769,scenario_1,0.482886433,0.0,0.0,0.0,0.482886433,0.0,0.0,0.0,0.482886433,0.0
6770,scenario_1,0.576337833,0.0,0.0,0.0,0.576337833,0.0,0.0,0.0,0.576337833,0.0
6771,scenario_1,1.575605883,0.0,0.0,0.0,1.575605883,0.0,0.0,0.0,1.575605883,0.0
6772,scenario_1,7.112941783,0.0,0.0,0.0,7.112941783,0.0,0.0,0.0,7.112941783,0.0
6773,scenario_1,7.610724783,0.0,0.0,0.0,7.610724783,0.0,0.0,0.0,7.610724783,0.0
6774,scenario_1,4.096872983,0.0,0.0,0.0,4.096872983,0.0,0.0,0.0,4.096872983,0.0
6775,scenario_1,2.97789255,14.16743748075,0.0,0.0,0.0,0.0,11.18954493075,0.0,2.97789255,0.0
6776,scenario_1,32.40263747,32.40263747,0.0,0.0,0.0,0.0,0.0,0.0,32.40263747,0.0
6777,scenario_1,48.73936868,48.73936868,0.0,0.0,0.0,0.0,0.0,0.0,48.73936868,0.0
6778,scenario_1,23.19557873,51.19557873,0.0,0.0,0.0,0.0,28.0,0.0,23.19557873,0.0
6779,scenario_1,13.3750238,41.3750238,0.0,0.0,0.0,0.0,28.0,0.0,13.375023800000001,1.7763568394002505e-15
6780,scenario_1,5.207411457,5.207411457,0.0,0.0,0.0,0.0,0.0,0.0,5.207411457,0.0
6781,scenario_1,49.69071638,77.69071638,0.0,0.0,0.0,0.0,28.0,0.0,49.69071638,0.0
6782,scenario_1,37.9145431,65.9145431,0.0,0.0,0.0,0.0,28.0,0.0,37.9145431,0.0
6783,scenario_1,6.931324006,6.931324006,0.0,0.0,0.0,0.0,0.0,0.0,6.931324006,0.0
6784,scenario_1,5.277022817,5.277022817,0.0,0.0,0.0,0.0,0.0,0.0,5.277022817,0.0
6785,scenario_1,4.141125033,1.7979028634999998,0.0,0.0,2.3432221694999997,0.0,0.0,0.0,4.141125033,0.0
6786,scenario_1,6.029325933,0.0,0.0,0.0,6.029325933,0.0,0.0,0.0,6.029325933,0.0
6787,scenario_1,8.5237598,0.0,0.0,0.0,8.5237598,0.0,0.0,0.0,8.5237598,0.0
6788,scenario_1,7.95930985,0.0,0.0,0.0,7.95930985,0.0,0.0,0.0,7.95930985,0.0
6789,scenario_1,7.63007525,0.0,0.0,0.0,7.63007525,0.0,0.0,0.0,7.63007525,0.0
6790,scenario_1,7.506989883,0.0,0.0,0.0,7.506989883,0.0,0.0,0.0,7.506989883,0.0
6791,scenario_1,5.83755635,0.0,0.0,0.0,5.83755635,0.0,0.0,0.0,5.83755635,0.0
6792,scenario_1,0.4382027,0.0,0.0,0.0,0.4382027,0.0,0.0,0.0,0.4382027,0.0
6793,scenario_1,0.47283625,0.0,0.0,0.0,0.47283625,0.0,0.0,0.0,0.47283625,0.0
6794,scenario_1,0.483104233,0.0,0.0,0.0,0.483104233,0.0,0.0,0.0,0.483104233,0.0
6795,scenario_1,1.230072067,0.0,0.0,0.0,1.230072067,0.0,0.0,0.0,1.230072067,0.0
6796,scenario_1,6.920423517,0.0,0.0,0.0,6.920423517,0.0,0.0,0.0,6.920423517,0.0
6797,scenario_1,8.047524967,0.0,0.0,0.0,8.047524967,0.0,0.0,0.0,8.047524967,0.0
6798,scenario_1,5.060229917,0.0,0.0,0.0,5.060229917,0.0,0.0,0.0,5.060229917,0.0
6799,scenario_1,7.084725833,2.8185791660999997,0.0,0.0,4.266146666900001,0.0,0.0,0.0,7.084725833,0.0
6800,scenario_1,44.85196444,41.95769141865,0.0,0.0,2.8942730213500028,0.0,0.0,0.0,44.85196444,0.0
6801,scenario_1,76.88852997,63.29710710809999,0.0,0.0,13.5914228619,0.0,0.0,0.0,76.88852997,0.0
6802,scenario_1,75.27359398,94.26106891094999,0.0,0.0,0.0,0.0,18.987474930949986,0.0,75.27359398,0.0
6803,scenario_1,31.95083176,59.95083176,0.0,0.0,0.0,0.0,28.0,0.0,31.95083176,0.0
6804,scenario_1,28.21441506,35.392959186642635,0.0,0.0,0.0,0.0,7.178544126642631,0.0,28.214415060000004,3.552713678800501e-15
6805,scenario_1,60.11980289,88.11980289,0.0,0.0,0.0,0.0,28.0,0.0,60.11980289,0.0
6806,scenario_1,43.96822066,71.96822066,0.0,0.0,0.0,0.0,28.0,0.0,43.96822066,0.0
6807,scenario_1,16.323065,16.323065,0.0,0.0,0.0,0.0,0.0,0.0,16.323065,0.0
6808,scenario_1,10.2988491,10.2988491,0.0,0.0,0.0,0.0,0.0,0.0,10.2988491,0.0
6809,scenario_1,5.492745503,1.67912188875,0.0,0.0,3.81362361425,0.0,0.0,0.0,5.492745503,0.0
6810,scenario_1,8.17576035,0.0,0.0,0.0,8.17576035,0.0,0.0,0.0,8.17576035,0.0
6811,scenario_1,8.91310825,0.0,0.0,0.0,5.602234561300021,3.3108736886999797,0.0,0.0,8.91310825,0.0
6812,scenario_1,9.1239076,0.0,0.0,0.0,9.1239076,0.0,0.0,0.0,9.1239076,0.0
6813,scenario_1,8.432025933,0.0,0.0,0.0,8.432025933,0.0,0.0,0.0,8.432025933,0.0
6814,scenario_1,7.930327133,0.0,0.0,0.0,7.930327133,0.0,0.0,0.0,7.930327133,0.0
6815,scenario_1,6.202992867,0.0,0.0,0.0,6.202992867,0.0,0.0,0.0,6.202992867,0.0
6816,scenario_1,0.43913705,0.0,0.0,0.0,0.43913705,0.0,0.0,0.0,0.43913705,0.0
6817,scenario_1,0.491953167,0.0,0.0,0.0,0.491953167,0.0,0.0,0.0,0.491953167,0.0
6818,scenario_1,0.612621717,0.0,0.0,0.0,0.612621717,0.0,0.0,0.0,0.612621717,0.0
6819,scenario_1,1.26744025,0.0,0.0,0.0,1.26744025,0.0,0.0,0.0,1.26744025,0.0
6820,scenario_1,6.892525583,0.0,0.0,0.0,0.0,6.892525583,0.0,0.0,6.892525583,0.0
6821,scenario_1,7.183609583,0.0,0.0,0.0,7.183609583,0.0,0.0,0.0,7.183609583,0.0
6822,scenario_1,4.09358005,0.0,0.0,0.0,4.09358005,0.0,0.0,0.0,4.09358005,0.0
6823,scenario_1,14.68438955,5.25360342555,0.0,0.0,9.430786124450002,0.0,0.0,0.0,14.684389550000002,1.7763568394002505e-15
6824,scenario_1,43.19532216,13.7701584447,0.0,0.0,28.0,1.4251637153000036,0.0,0.0,43.19532216,0.0
6825,scenario_1,65.34701106,68.41837957305,0.0,0.0,0.0,0.0,3.071368513050004,0.0,65.34701106,0.0
6826,scenario_1,76.36721446,74.80108087935,0.0,0.0,1.5661335806500034,0.0,0.0,0.0,76.36721446,0.0
6827,scenario_1,44.44004764,51.032176399860504,0.0,0.0,0.0,0.0,6.5921287598605005,0.0,44.44004764,0.0
6828,scenario_1,34.22360605,62.22360605,0.0,0.0,0.0,0.0,28.0,0.0,34.22360605,0.0
6829,scenario_1,67.66360559,95.66360559,0.0,0.0,0.0,0.0,28.0,0.0,67.66360559,0.0
6830,scenario_1,32.15735556,60.15735556,0.0,0.0,0.0,0.0,28.0,0.0,32.15735556,0.0
6831,scenario_1,17.12624774,45.12624774,0.0,0.0,0.0,0.0,28.0,0.0,17.126247739999997,-3.552713678800501e-15
6832,scenario_1,10.46183167,10.46183167,0.0,0.0,0.0,0.0,0.0,0.0,10.46183167,0.0
6833,scenario_1,6.961135117,11.67558053625,0.0,0.0,0.0,0.0,4.714445419249999,0.0,6.961135117,0.0
6834,scenario_1,6.830512933,0.0,0.0,0.0,6.830512933,0.0,0.0,0.0,6.830512933,0.0
6835,scenario_1,8.670411433,0.0,0.0,0.0,8.670411433,0.0,0.0,0.0,8.670411433,0.0
6836,scenario_1,8.427861817,0.0,0.0,0.0,3.52481541369998,4.903046403300021,0.0,0.0,8.427861817,0.0
6837,scenario_1,8.3947119,0.0,0.0,0.0,8.3947119,0.0,0.0,0.0,8.3947119,0.0
6838,scenario_1,8.480257683,0.0,0.0,0.0,8.480257683,0.0,0.0,0.0,8.480257683,0.0
6839,scenario_1,5.453110533,0.0,0.0,0.0,5.453110533,0.0,0.0,0.0,5.453110533,0.0
6840,scenario_1,0.42980425,0.0,0.0,0.0,0.42980425,0.0,0.0,0.0,0.42980425,0.0
6841,scenario_1,0.483353683,0.0,0.0,0.0,0.483353683,0.0,0.0,0.0,0.483353683,0.0
6842,scenario_1,0.533270183,0.0,0.0,0.0,0.533270183,0.0,0.0,0.0,0.533270183,0.0
6843,scenario_1,0.930504033,0.0,0.0,0.0,0.930504033,0.0,0.0,0.0,0.930504033,0.0
6844,scenario_1,6.72537335,0.0,0.0,0.0,6.72537335,0.0,0.0,0.0,6.72537335,0.0
6845,scenario_1,7.649807733,0.0,0.0,0.0,7.649807733,0.0,0.0,0.0,7.649807733,0.0
6846,scenario_1,3.848927017,0.0,0.0,0.0,0.0,3.848927017,0.0,0.0,3.848927017,0.0
6847,scenario_1,12.21914207,2.45430210975,0.0,0.0,9.76483996025,0.0,0.0,0.0,12.21914207,0.0
6848,scenario_1,41.35133967,18.04912368105,0.0,0.0,0.0,23.302215988950003,0.0,0.0,41.35133967,0.0
6849,scenario_1,63.14275246,51.69564946874999,0.0,0.0,0.0,11.447102991250006,0.0,0.0,63.14275246,0.0
6850,scenario_1,76.29291455,23.258347952549997,0.0,0.0,28.0,25.03456659745001,0.0,0.0,76.29291455,0.0
6851,scenario_1,38.90299245,33.973765537949994,0.0,0.0,4.929226912050005,0.0,0.0,0.0,38.90299245,0.0
6852,scenario_1,26.72696197,54.726961970000005,0.0,0.0,0.0,0.0,28.0,0.0,26.726961970000005,3.552713678800501e-15
6853,scenario_1,76.39957711,66.22830911144999,0.0,0.0,10.171267998550007,0.0,0.0,0.0,76.39957711,0.0
6854,scenario_1,39.14441939,53.4446827011,0.0,0.0,0.0,0.0,14.300263311099997,0.0,39.14441939,0.0
6855,scenario_1,19.2444566,47.2444566,0.0,0.0,0.0,0.0,28.0,0.0,19.2444566,0.0
6856,scenario_1,12.74942203,40.74942203,0.0,0.0,0.0,0.0,28.0,0.0,12.749422029999998,-1.7763568394002505e-15
6857,scenario_1,6.089813695,16.11409766175,0.0,0.0,0.0,0.0,10.024283966750001,0.0,6.089813695,0.0
6858,scenario_1,8.6076606,0.0,0.0,0.0,8.6076606,0.0,0.0,0.0,8.6076606,0.0
6859,scenario_1,9.467827783,0.0,0.0,0.0,9.467827783,0.0,0.0,0.0,9.467827783,0.0
6860,scenario_1,9.046343583,0.0,0.0,0.0,0.0,9.046343583,0.0,0.0,9.046343583,0.0
6861,scenario_1,8.377210433,0.0,0.0,0.0,8.377210433,0.0,0.0,0.0,8.377210433,0.0
6862,scenario_1,7.81120895,0.0,0.0,0.0,7.81120895,0.0,0.0,0.0,7.81120895,0.0
6863,scenario_1,5.1001437,0.0,0.0,0.0,5.1001437,0.0,0.0,0.0,5.1001437,0.0
6864,scenario_1,0.441602467,0.0,0.0,0.0,0.441602467,0.0,0.0,0.0,0.441602467,0.0
6865,scenario_1,0.464851717,0.0,0.0,0.0,0.464851717,0.0,0.0,0.0,0.464851717,0.0
6866,scenario_1,0.50097,0.0,0.0,0.0,0.50097,0.0,0.0,0.0,0.50097,0.0
6867,scenario_1,1.820121167,0.0,0.0,0.0,1.820121167,0.0,0.0,0.0,1.820121167,0.0
6868,scenario_1,7.394439267,0.0,0.0,0.0,7.394439267,0.0,0.0,0.0,7.394439267,0.0
6869,scenario_1,7.900060383,0.0,0.0,0.0,0.0,7.900060383,0.0,0.0,7.900060383,0.0
6870,scenario_1,5.162614883,0.0,0.0,0.0,5.162614883,0.0,0.0,0.0,5.162614883,0.0
6871,scenario_1,16.58401639,13.984345819949999,0.0,0.0,0.0,2.59967057005,0.0,0.0,16.58401639,0.0
6872,scenario_1,56.73560947,34.547299047749995,0.0,0.0,21.535132764808488,0.6531776574415211,0.0,0.0,56.73560947,0.0
6873,scenario_1,67.03113105,66.14329948529999,0.0,0.0,0.8878315647000079,0.0,0.0,0.0,67.03113105,0.0
6874,scenario_1,73.59090763,76.0309155954,0.0,0.0,0.0,0.0,2.4400079653999995,0.0,73.59090763,0.0
6875,scenario_1,39.58922127,67.58922127,0.0,0.0,0.0,0.0,28.0,0.0,39.589221269999996,-7.105427357601002e-15
6876,scenario_1,29.62636003,57.62636003,0.0,0.0,0.0,0.0,28.0,0.0,29.62636003,0.0
6877,scenario_1,70.03494507,70.03494507,0.0,0.0,0.0,0.0,0.0,0.0,70.03494507,0.0
6878,scenario_1,44.4137644,72.41376439999999,0.0,0.0,0.0,0.0,28.0,0.0,44.41376439999999,-7.105427357601002e-15
6879,scenario_1,15.49897174,25.503408219044438,0.0,0.0,0.0,0.0,10.00443647904444,0.0,15.498971739999998,-1.7763568394002505e-15
6880,scenario_1,11.02020351,39.02020351,0.0,0.0,0.0,0.0,28.0,0.0,11.020203510000002,1.7763568394002505e-15
6881,scenario_1,7.65019972,7.65019972,0.0,0.0,0.0,0.0,0.0,0.0,7.65019972,0.0
6882,scenario_1,9.80915925,0.0,0.0,0.0,9.80915925,0.0,0.0,0.0,9.80915925,0.0
6883,scenario_1,9.78006105,0.0,0.0,0.0,9.78006105,0.0,0.0,0.0,9.78006105,0.0
6884,scenario_1,9.373575733,0.0,0.0,0.0,7.741119244900006,1.6324564880999928,0.0,0.0,9.373575733,0.0
6885,scenario_1,8.3026747,0.0,0.0,0.0,8.3026747,0.0,0.0,0.0,8.3026747,0.0
6886,scenario_1,8.1063749,0.0,0.0,0.0,8.1063749,0.0,0.0,0.0,8.1063749,0.0
6887,scenario_1,5.090558133,0.0,0.0,0.0,0.0,5.090558133,0.0,0.0,5.090558133,0.0
6888,scenario_1,0.455803083,0.0,0.0,0.0,0.455803083,0.0,0.0,0.0,0.455803083,0.0
6889,scenario_1,0.509485933,0.0,0.0,0.0,0.509485933,0.0,0.0,0.0,0.509485933,0.0
6890,scenario_1,0.5183365,0.0,0.0,0.0,0.5183365,0.0,0.0,0.0,0.5183365,0.0
6891,scenario_1,1.404337467,0.0,0.0,0.0,0.0,1.404337467,0.0,0.0,1.404337467,0.0
6892,scenario_1,7.016054817,0.0,0.0,0.0,7.016054817,0.0,0.0,0.0,7.016054817,0.0
6893,scenario_1,7.24750695,0.0,0.0,0.0,7.24750695,0.0,0.0,0.0,7.24750695,0.0
6894,scenario_1,3.768209633,0.0,0.0,0.0,3.768209633,0.0,0.0,0.0,3.768209633,0.0
6895,scenario_1,9.117658617,4.7544247998,0.0,0.0,4.3632338172,0.0,0.0,0.0,9.117658617,0.0
6896,scenario_1,54.37821668,7.14177220725,0.0,0.0,0.0,47.23644447275,0.0,0.0,54.37821668,0.0
6897,scenario_1,79.53847093,38.5400497395,0.0,0.0,28.0,12.998421190500004,0.0,0.0,79.53847093000002,1.4210854715202004e-14
6898,scenario_1,64.99670643,59.8147263081,0.0,0.0,5.181980121900004,0.0,0.0,0.0,64.99670643,0.0
6899,scenario_1,31.93155346,42.8317877392704,0.0,0.0,0.0,0.0,10.900234279270403,0.0,31.93155346,0.0
6900,scenario_1,24.63495102,52.63495102,0.0,0.0,0.0,0.0,28.0,0.0,24.634951020000003,3.552713678800501e-15
6901,scenario_1,76.44451559,76.44451559,0.0,0.0,0.0,0.0,0.0,0.0,76.44451559,0.0
6902,scenario_1,37.99059117,65.99059117,0.0,0.0,0.0,0.0,28.0,0.0,37.99059117,0.0
6903,scenario_1,19.4597182,41.6364799029,0.0,0.0,0.0,0.0,22.1767617029,0.0,19.4597182,0.0
6904,scenario_1,14.06865621,23.327834905499998,0.0,0.0,0.0,0.0,9.259178695499998,0.0,14.06865621,0.0
6905,scenario_1,7.583364067,13.005140804999998,0.0,0.0,0.0,0.0,5.421776737999998,0.0,7.583364067,0.0
6906,scenario_1,8.962159833,0.0,0.0,0.0,8.962159833,0.0,0.0,0.0,8.962159833,0.0
6907,scenario_1,11.12901135,0.0,0.0,0.0,11.12901135,0.0,0.0,0.0,11.12901135,0.0
6908,scenario_1,9.957259433,0.0,0.0,0.0,9.957259433,0.0,0.0,0.0,9.957259433,0.0
6909,scenario_1,9.017910017,0.0,0.0,0.0,9.017910017,0.0,0.0,0.0,9.017910017,0.0
6910,scenario_1,8.55020985,0.0,0.0,0.0,8.55020985,0.0,0.0,0.0,8.55020985,0.0
6911,scenario_1,6.045626183,0.0,0.0,0.0,6.045626183,0.0,0.0,0.0,6.045626183,0.0
6912,scenario_1,0.4332027,0.0,0.0,0.0,0.4332027,0.0,0.0,0.0,0.4332027,0.0
6913,scenario_1,0.4760012,0.0,0.0,0.0,0.4760012,0.0,0.0,0.0,0.4760012,0.0
6914,scenario_1,0.486336033,0.0,0.0,0.0,0.486336033,0.0,0.0,0.0,0.486336033,0.0
6915,scenario_1,1.160605283,0.0,0.0,0.0,1.160605283,0.0,0.0,0.0,1.160605283,0.0
6916,scenario_1,6.88107295,0.0,0.0,0.0,6.88107295,0.0,0.0,0.0,6.88107295,0.0
6917,scenario_1,7.252439533,0.0,0.0,0.0,7.252439533,0.0,0.0,0.0,7.252439533,0.0
6918,scenario_1,2.679360467,0.0,0.0,0.0,2.679360467,0.0,0.0,0.0,2.679360467,0.0
6919,scenario_1,3.099109,7.7921385621,0.0,0.0,0.0,0.0,4.6930295620999996,0.0,3.0991090000000003,4.440892098500626e-16
6920,scenario_1,14.74535495,24.901697618849997,0.0,0.0,0.0,0.0,10.156342668849998,0.0,14.74535495,0.0
6921,scenario_1,52.52376263,52.52376263,0.0,0.0,0.0,0.0,0.0,0.0,52.52376263,0.0
6922,scenario_1,57.73243161,57.73243161,0.0,0.0,0.0,0.0,0.0,0.0,57.73243161,0.0
6923,scenario_1,13.92269236,41.92269236,0.0,0.0,0.0,0.0,28.0,0.0,13.92269236,0.0
6924,scenario_1,6.058583917,34.058583917,0.0,0.0,0.0,0.0,28.0,0.0,6.058583917,0.0
6925,scenario_1,44.05263538,44.05263538,0.0,0.0,0.0,0.0,0.0,0.0,44.05263538,0.0
6926,scenario_1,32.15388602,32.15388602,0.0,0.0,0.0,0.0,0.0,0.0,32.15388602,0.0
6927,scenario_1,5.244349252,5.244349252,0.0,0.0,0.0,0.0,0.0,0.0,5.244349252,0.0
6928,scenario_1,4.626457096,4.626457096,0.0,0.0,0.0,0.0,0.0,0.0,4.626457096,0.0
6929,scenario_1,5.56515915,10.70114259375,0.0,0.0,0.0,0.0,5.135983443749999,0.0,5.56515915,0.0
6930,scenario_1,8.533326033,0.0,0.0,0.0,8.533326033,0.0,0.0,0.0,8.533326033,0.0
6931,scenario_1,9.291310483,0.0,0.0,0.0,9.291310483,0.0,0.0,0.0,9.291310483,0.0
6932,scenario_1,8.358641367,0.0,0.0,0.0,8.358641367,0.0,0.0,0.0,8.358641367,0.0
6933,scenario_1,8.342289967,0.0,0.0,0.0,8.342289967,0.0,0.0,0.0,8.342289967,0.0
6934,scenario_1,8.211874117,0.0,0.0,0.0,8.211874117,0.0,0.0,0.0,8.211874117,0.0
6935,scenario_1,5.678541533,0.0,0.0,0.0,5.678541533,0.0,0.0,0.0,5.678541533,0.0
6936,scenario_1,0.440437617,0.0,0.0,0.0,0.440437617,0.0,0.0,0.0,0.440437617,0.0
6937,scenario_1,0.496784733,0.0,0.0,0.0,0.496784733,0.0,0.0,0.0,0.496784733,0.0
6938,scenario_1,0.516985983,0.0,0.0,0.0,0.516985983,0.0,0.0,0.0,0.516985983,0.0
6939,scenario_1,1.637986033,0.0,0.0,0.0,1.637986033,0.0,0.0,0.0,1.637986033,0.0
6940,scenario_1,6.8773377,0.0,0.0,0.0,6.8773377,0.0,0.0,0.0,6.8773377,0.0
6941,scenario_1,7.360738833,0.0,0.0,0.0,7.360738833,0.0,0.0,0.0,7.360738833,0.0
6942,scenario_1,3.409940867,0.0,0.0,0.0,3.409940867,0.0,0.0,0.0,3.409940867,0.0
6943,scenario_1,7.920334574,4.5156459288,0.0,0.0,3.4046886452000003,0.0,0.0,0.0,7.920334574,0.0
6944,scenario_1,26.19025681,29.516337967049996,0.0,0.0,0.0,0.0,3.3260811570499946,0.0,26.19025681,0.0
6945,scenario_1,49.38646008,49.38646008,0.0,0.0,0.0,0.0,0.0,0.0,49.38646008,0.0
6946,scenario_1,41.91879089,42.92030243804445,0.0,0.0,0.0,0.0,1.0015115480444574,0.0,41.91879089,0.0
6947,scenario_1,24.48572878,52.48572878,0.0,0.0,0.0,0.0,28.0,0.0,24.485728780000002,3.552713678800501e-15
6948,scenario_1,10.45936451,10.45936451,0.0,0.0,0.0,0.0,0.0,0.0,10.45936451,0.0
6949,scenario_1,28.27483428,28.27483428,0.0,0.0,0.0,0.0,0.0,0.0,28.27483428,0.0
6950,scenario_1,31.56695929,59.56695929,0.0,0.0,0.0,0.0,28.0,0.0,31.56695929,0.0
6951,scenario_1,7.66024093,35.66024093,0.0,0.0,0.0,0.0,28.0,0.0,7.6602409300000005,8.881784197001252e-16
6952,scenario_1,4.694366905,32.694366905,0.0,0.0,0.0,0.0,28.0,0.0,4.6943669050000025,2.6645352591003757e-15
6953,scenario_1,6.065673117,14.18252485635,0.0,0.0,0.0,0.0,8.11685173935,0.0,6.065673116999999,-8.881784197001252e-16
6954,scenario_1,9.114724617,0.0,0.0,0.0,9.114724617,0.0,0.0,0.0,9.114724617,0.0
6955,scenario_1,8.92540895,0.0,0.0,0.0,8.92540895,0.0,0.0,0.0,8.92540895,0.0
6956,scenario_1,8.305126267,0.0,0.0,0.0,4.5147299330924735,3.790396333907527,0.0,0.0,8.305126267,0.0
6957,scenario_1,7.65335865,0.0,0.0,0.0,7.65335865,0.0,0.0,0.0,7.65335865,0.0
6958,scenario_1,8.287672783,0.0,0.0,0.0,8.287672783,0.0,0.0,0.0,8.287672783,0.0
6959,scenario_1,5.84980615,0.0,0.0,0.0,5.84980615,0.0,0.0,0.0,5.84980615,0.0
6960,scenario_1,0.42300295,0.0,0.0,0.0,0.42300295,0.0,0.0,0.0,0.42300295,0.0
6961,scenario_1,0.475801567,0.0,0.0,0.0,0.475801567,0.0,0.0,0.0,0.475801567,0.0
6962,scenario_1,0.52993825,0.0,0.0,0.0,0.52993825,0.0,0.0,0.0,0.52993825,0.0
6963,scenario_1,1.3096577,0.0,0.0,0.0,1.3096577,0.0,0.0,0.0,1.3096577,0.0
6964,scenario_1,7.216140433,0.0,0.0,0.0,7.216140433,0.0,0.0,0.0,7.216140433,0.0
6965,scenario_1,7.377841117,0.0,0.0,0.0,7.377841117,0.0,0.0,0.0,7.377841117,0.0
6966,scenario_1,4.095727867,0.0,0.0,0.0,4.095727867,0.0,0.0,0.0,4.095727867,0.0
6967,scenario_1,10.30007575,21.33008914425,0.0,0.0,0.0,0.0,11.03001339425,0.0,10.30007575,0.0
6968,scenario_1,63.54824401,42.21274198844999,0.0,0.0,21.335502021550006,0.0,0.0,0.0,63.54824401,0.0
6969,scenario_1,88.37482361,65.74982574929999,0.0,0.0,22.62499786070002,0.0,0.0,0.0,88.37482361,0.0
6970,scenario_1,59.4703566,80.89623496504444,0.0,0.0,0.0,0.0,21.425878365044444,0.0,59.4703566,0.0
6971,scenario_1,30.71826115,58.718261150000004,0.0,0.0,0.0,0.0,28.0,0.0,30.718261150000004,3.552713678800501e-15
6972,scenario_1,30.4733817,58.473381700000004,0.0,0.0,0.0,0.0,28.0,0.0,30.473381700000004,3.552713678800501e-15
6973,scenario_1,61.71827601,89.71827601,0.0,0.0,0.0,0.0,28.0,0.0,61.71827601,0.0
6974,scenario_1,38.08608046,57.1046465394,0.0,0.0,0.0,0.0,19.018566079400003,0.0,38.08608046,0.0
6975,scenario_1,21.51198361,20.7045849981,0.0,0.0,0.8073986119000018,0.0,0.0,0.0,21.51198361,0.0
6976,scenario_1,9.556182167,6.881952726749999,0.0,0.0,0.0,2.6742294402500004,0.0,0.0,9.556182167,0.0
6977,scenario_1,7.240659576,3.1029873237,0.0,0.0,0.0,4.1376722523,0.0,0.0,7.240659576,0.0
6978,scenario_1,8.593027717,0.0,0.0,0.0,8.593027717,0.0,0.0,0.0,8.593027717,0.0
6979,scenario_1,9.263726317,0.0,0.0,0.0,0.0,9.263726317,0.0,0.0,9.263726317,0.0
6980,scenario_1,8.517726533,0.0,0.0,0.0,8.517726533,0.0,0.0,0.0,8.517726533,0.0
6981,scenario_1,7.846443383,0.0,0.0,0.0,0.0,7.846443383,0.0,0.0,7.846443383,0.0
6982,scenario_1,7.93939005,0.0,0.0,0.0,7.93939005,0.0,0.0,0.0,7.93939005,0.0
6983,scenario_1,5.489577067,0.0,0.0,0.0,0.0,5.489577067,0.0,0.0,5.489577067,0.0
6984,scenario_1,0.457270067,0.0,0.0,0.0,0.457270067,0.0,0.0,0.0,0.457270067,0.0
6985,scenario_1,0.47488815,0.0,0.0,0.0,0.47488815,0.0,0.0,0.0,0.47488815,0.0
6986,scenario_1,0.540486967,0.0,0.0,0.0,0.0,0.540486967,0.0,0.0,0.540486967,0.0
6987,scenario_1,0.943423183,0.0,0.0,0.0,0.943423183,0.0,0.0,0.0,0.943423183,0.0
6988,scenario_1,6.7088403,0.0,0.0,0.0,0.0,6.7088403,0.0,0.0,6.7088403,0.0
6989,scenario_1,7.3696911,0.0,0.0,0.0,5.029965009449996,2.3397260905500037,0.0,0.0,7.3696911,0.0
6990,scenario_1,4.737145667,0.0,0.0,0.0,0.0,4.737145667,0.0,0.0,4.737145667,0.0
6991,scenario_1,30.04898511,2.4514177729499997,0.0,0.0,27.597567337050002,0.0,0.0,0.0,30.04898511,0.0
6992,scenario_1,42.91512165,5.12917522425,0.0,0.0,28.0,9.785946425750003,0.0,0.0,42.91512165,0.0
6993,scenario_1,77.47309919,41.727142760549995,0.0,0.0,0.0,35.745956429450004,0.0,0.0,77.47309919,0.0
6994,scenario_1,74.26284871,61.823505368400006,0.0,0.0,12.439343341599994,0.0,0.0,0.0,74.26284871,0.0
6995,scenario_1,34.41887601,62.41887601,0.0,0.0,0.0,0.0,28.0,0.0,34.41887601,0.0
6996,scenario_1,31.45258473,59.45258473,0.0,0.0,0.0,0.0,28.0,0.0,31.452584729999998,-3.552713678800501e-15
6997,scenario_1,55.84250421,69.1793364073889,0.0,0.0,0.0,0.0,13.336832197388905,0.0,55.84250421,0.0
6998,scenario_1,44.69837234,45.8714645178,0.0,0.0,0.0,0.0,1.173092177800001,0.0,44.69837234,0.0
6999,scenario_1,17.99035506,13.595988791549999,0.0,0.0,4.39436626845,0.0,0.0,0.0,17.99035506,0.0
7000,scenario_1,9.40774929,31.781182433699996,0.0,0.0,0.0,0.0,22.373433143699998,0.0,9.407749289999998,-1.7763568394002505e-15
7001,scenario_1,8.62188395,8.62188395,0.0,0.0,0.0,0.0,0.0,0.0,8.62188395,0.0
7002,scenario_1,8.222894183,0.0,0.0,0.0,8.222894183,0.0,0.0,0.0,8.222894183,0.0
7003,scenario_1,8.452429283,0.0,0.0,0.0,8.452429283,0.0,0.0,0.0,8.452429283,0.0
7004,scenario_1,8.185826867,0.0,0.0,0.0,8.185826867,0.0,0.0,0.0,8.185826867,0.0
7005,scenario_1,8.32459265,0.0,0.0,0.0,8.32459265,0.0,0.0,0.0,8.32459265,0.0
7006,scenario_1,8.4179087,0.0,0.0,0.0,8.4179087,0.0,0.0,0.0,8.4179087,0.0
7007,scenario_1,6.180225883,0.0,0.0,0.0,6.180225883,0.0,0.0,0.0,6.180225883,0.0
7008,scenario_1,0.433170133,0.0,0.0,0.0,0.433170133,0.0,0.0,0.0,0.433170133,0.0
7009,scenario_1,0.4779363,0.0,0.0,0.0,0.4779363,0.0,0.0,0.0,0.4779363,0.0
7010,scenario_1,0.528451833,0.0,0.0,0.0,0.528451833,0.0,0.0,0.0,0.528451833,0.0
7011,scenario_1,1.309220333,0.0,0.0,0.0,1.309220333,0.0,0.0,0.0,1.309220333,0.0
7012,scenario_1,6.640423783,0.0,0.0,0.0,6.640423783,0.0,0.0,0.0,6.640423783,0.0
7013,scenario_1,7.695794967,0.0,0.0,0.0,7.695794967,0.0,0.0,0.0,7.695794967,0.0
7014,scenario_1,4.024345867,0.0,0.0,0.0,4.024345867,0.0,0.0,0.0,4.024345867,0.0
7015,scenario_1,24.87249743,22.92456489015,0.0,0.0,1.947932539850001,0.0,0.0,0.0,24.87249743,0.0
7016,scenario_1,49.9961908,52.19827652895,0.0,0.0,0.0,0.0,2.2020857289499958,0.0,49.9961908,0.0
7017,scenario_1,65.68832404,65.68832404,0.0,0.0,0.0,0.0,0.0,0.0,65.68832404,0.0
7018,scenario_1,86.61843197,88.4534495337,0.0,0.0,0.0,0.0,1.8350175636999921,0.0,86.61843197,0.0
7019,scenario_1,44.85810058,72.85810058,0.0,0.0,0.0,0.0,28.0,0.0,44.85810058,0.0
7020,scenario_1,31.71898365,59.71898365,0.0,0.0,0.0,0.0,28.0,0.0,31.71898365,0.0
7021,scenario_1,45.72139123,48.621897049844456,0.0,0.0,0.0,0.0,2.9005058198444544,0.0,45.72139123,0.0
7022,scenario_1,31.30967819,59.30967819,0.0,0.0,0.0,0.0,28.0,0.0,31.30967819,0.0
7023,scenario_1,15.806908,43.806908,0.0,0.0,0.0,0.0,28.0,0.0,15.806908,0.0
7024,scenario_1,9.214686144,9.214686144,0.0,0.0,0.0,0.0,0.0,0.0,9.214686144,0.0
7025,scenario_1,5.1348661,10.64170143195,0.0,0.0,0.0,0.0,5.5068353319500005,0.0,5.1348661,0.0
7026,scenario_1,8.013894317,0.0,0.0,0.0,8.013894317,0.0,0.0,0.0,8.013894317,0.0
7027,scenario_1,8.6831613,0.0,0.0,0.0,8.6831613,0.0,0.0,0.0,8.6831613,0.0
7028,scenario_1,8.698127117,0.0,0.0,0.0,8.698127117,0.0,0.0,0.0,8.698127117,0.0
7029,scenario_1,7.795911833,0.0,0.0,0.0,7.795911833,0.0,0.0,0.0,7.795911833,0.0
7030,scenario_1,8.1883411,0.0,0.0,0.0,8.1883411,0.0,0.0,0.0,8.1883411,0.0
7031,scenario_1,6.52815705,0.0,0.0,0.0,6.52815705,0.0,0.0,0.0,6.52815705,0.0
7032,scenario_1,0.459002567,0.0,0.0,0.0,0.0,0.459002567,0.0,0.0,0.459002567,0.0
7033,scenario_1,0.503752567,0.0,0.0,0.0,0.503752567,0.0,0.0,0.0,0.503752567,0.0
7034,scenario_1,0.550021467,0.0,0.0,0.0,0.550021467,0.0,0.0,0.0,0.550021467,0.0
7035,scenario_1,1.51728795,0.0,0.0,0.0,1.51728795,0.0,0.0,0.0,1.51728795,0.0
7036,scenario_1,7.6796922,0.0,0.0,0.0,7.6796922,0.0,0.0,0.0,7.6796922,0.0
7037,scenario_1,8.331941383,0.0,0.0,0.0,8.331941383,0.0,0.0,0.0,8.331941383,0.0
7038,scenario_1,5.08491475,0.0,0.0,0.0,5.08491475,0.0,0.0,0.0,5.08491475,0.0
7039,scenario_1,17.64140485,20.9433631338,0.0,0.0,0.0,0.0,3.3019582837999977,0.0,17.64140485,0.0
7040,scenario_1,46.11218955,33.731406123599996,0.0,0.0,12.3807834264,0.0,0.0,0.0,46.11218955,0.0
7041,scenario_1,73.04456407,55.07335247055,0.0,0.0,17.971211599450008,0.0,0.0,0.0,73.04456407,0.0
7042,scenario_1,64.63119942,65.87075539319999,0.0,0.0,0.0,0.0,1.239555973199984,0.0,64.63119942,0.0
7043,scenario_1,31.59215296,59.59215296,0.0,0.0,0.0,0.0,28.0,0.0,31.59215296,0.0
7044,scenario_1,32.24165381,60.24165381,0.0,0.0,0.0,0.0,28.0,0.0,32.24165381,0.0
7045,scenario_1,79.58185703,58.18453667354999,0.0,0.0,21.397320356450003,0.0,0.0,0.0,79.58185703,0.0
7046,scenario_1,43.44585453,71.44585452999999,0.0,0.0,0.0,0.0,28.0,0.0,43.44585452999999,-7.105427357601002e-15
7047,scenario_1,14.19337787,42.19337787,0.0,0.0,0.0,0.0,28.0,0.0,14.193377869999999,-1.7763568394002505e-15
7048,scenario_1,11.13923212,39.13923212,0.0,0.0,0.0,0.0,28.0,0.0,11.139232120000003,1.7763568394002505e-15
7049,scenario_1,7.146460194,11.56794217515,0.0,0.0,0.0,0.0,4.4214819811499995,0.0,7.146460194,0.0
7050,scenario_1,8.809576167,0.0,0.0,0.0,8.809576167,0.0,0.0,0.0,8.809576167,0.0
7051,scenario_1,8.744129483,0.0,0.0,0.0,8.744129483,0.0,0.0,0.0,8.744129483,0.0
7052,scenario_1,8.720644817,0.0,0.0,0.0,0.0,8.720644817,0.0,0.0,8.720644817,0.0
7053,scenario_1,9.01610765,0.0,0.0,0.0,4.640298083001466,4.375809566998534,0.0,0.0,9.016107649999999,-1.7763568394002505e-15
7054,scenario_1,8.179758417,0.0,0.0,0.0,8.179758417,0.0,0.0,0.0,8.179758417,0.0
7055,scenario_1,5.554742733,0.0,0.0,0.0,5.554742733,0.0,0.0,0.0,5.554742733,0.0
7056,scenario_1,0.44023675,0.0,0.0,0.0,0.44023675,0.0,0.0,0.0,0.44023675,0.0
7057,scenario_1,0.487803283,0.0,0.0,0.0,0.487803283,0.0,0.0,0.0,0.487803283,0.0
7058,scenario_1,0.53037195,0.0,0.0,0.0,0.0,0.53037195,0.0,0.0,0.53037195,0.0
7059,scenario_1,0.791923283,0.0,0.0,0.0,0.791923283,0.0,0.0,0.0,0.791923283,0.0
7060,scenario_1,7.061990867,0.0,0.0,0.0,7.061990867,0.0,0.0,0.0,7.061990867,0.0
7061,scenario_1,8.257859433,0.0,0.0,0.0,8.257859433,0.0,0.0,0.0,8.257859433,0.0
7062,scenario_1,4.5215425,0.0,0.0,0.0,4.5215425,0.0,0.0,0.0,4.5215425,0.0
7063,scenario_1,17.88277865,5.2371311124,0.0,0.0,12.645647537599999,0.0,0.0,0.0,17.88277865,0.0
7064,scenario_1,76.66540094,46.85051095305,0.0,0.0,28.0,1.81488998695,0.0,0.0,76.66540093999998,-1.4210854715202004e-14
7065,scenario_1,66.10001237,66.10001237,0.0,0.0,0.0,0.0,0.0,0.0,66.10001237,0.0
7066,scenario_1,61.55844232,89.55844232,0.0,0.0,0.0,0.0,28.0,0.0,61.55844232,0.0
7067,scenario_1,31.89543751,59.89543751,0.0,0.0,0.0,0.0,28.0,0.0,31.89543751,0.0
7068,scenario_1,25.67788189,25.67788189,0.0,0.0,0.0,0.0,0.0,0.0,25.67788189,0.0
7069,scenario_1,74.69026301,94.96074399359999,0.0,0.0,0.0,0.0,20.270480983599995,0.0,74.69026301,0.0
7070,scenario_1,39.60766161,39.60766161,0.0,0.0,0.0,0.0,0.0,0.0,39.60766161,0.0
7071,scenario_1,14.24454738,14.24454738,0.0,0.0,0.0,0.0,0.0,0.0,14.24454738,0.0
7072,scenario_1,8.486996385,19.077991964918525,0.0,0.0,0.0,0.0,10.590995579918522,0.0,8.486996385000003,3.552713678800501e-15
7073,scenario_1,6.967088827,6.967088827,0.0,0.0,0.0,0.0,0.0,0.0,6.967088827,0.0
7074,scenario_1,9.28699175,0.0,0.0,0.0,9.28699175,0.0,0.0,0.0,9.28699175,0.0
7075,scenario_1,9.527928083,0.0,0.0,0.0,9.527928083,0.0,0.0,0.0,9.527928083,0.0
7076,scenario_1,8.379376733,0.0,0.0,0.0,8.379376733,0.0,0.0,0.0,8.379376733,0.0
7077,scenario_1,8.830975583,0.0,0.0,0.0,8.830975583,0.0,0.0,0.0,8.830975583,0.0
7078,scenario_1,8.677842017,0.0,0.0,0.0,8.677842017,0.0,0.0,0.0,8.677842017,0.0
7079,scenario_1,5.50411005,0.0,0.0,0.0,5.50411005,0.0,0.0,0.0,5.50411005,0.0
7080,scenario_1,0.444802083,0.0,0.0,0.0,0.444802083,0.0,0.0,0.0,0.444802083,0.0
7081,scenario_1,0.491151017,0.0,0.0,0.0,0.491151017,0.0,0.0,0.0,0.491151017,0.0
7082,scenario_1,0.557984833,0.0,0.0,0.0,0.557984833,0.0,0.0,0.0,0.557984833,0.0
7083,scenario_1,1.281302883,0.0,0.0,0.0,1.281302883,0.0,0.0,0.0,1.281302883,0.0
7084,scenario_1,7.051935367,0.0,0.0,0.0,7.051935367,0.0,0.0,0.0,7.051935367,0.0
7085,scenario_1,7.12427,0.0,0.0,0.0,7.12427,0.0,0.0,0.0,7.12427,0.0
7086,scenario_1,3.049687833,0.0,0.0,0.0,3.049687833,0.0,0.0,0.0,3.049687833,0.0
7087,scenario_1,2.709409367,2.55997158255,0.0,0.0,0.14943778445000033,0.0,0.0,0.0,2.709409367,0.0
7088,scenario_1,20.03999884,28.279912879650002,0.0,0.0,0.0,0.0,8.239914039650003,0.0,20.03999884,0.0
7089,scenario_1,43.95894355,43.95894355,0.0,0.0,0.0,0.0,0.0,0.0,43.95894355,0.0
7090,scenario_1,46.43893539,46.43893539,0.0,0.0,0.0,0.0,0.0,0.0,46.43893539,0.0
7091,scenario_1,13.34874586,41.34874586,0.0,0.0,0.0,0.0,28.0,0.0,13.348745860000001,1.7763568394002505e-15
7092,scenario_1,8.404598171,8.404598171,0.0,0.0,0.0,0.0,0.0,0.0,8.404598171,0.0
7093,scenario_1,58.71672093,58.71672093,0.0,0.0,0.0,0.0,0.0,0.0,58.71672093,0.0
7094,scenario_1,29.17536421,57.17536421,0.0,0.0,0.0,0.0,28.0,0.0,29.175364209999998,-3.552713678800501e-15
7095,scenario_1,3.718636699,31.718636699,0.0,0.0,0.0,0.0,28.0,0.0,3.718636699000001,8.881784197001252e-16
7096,scenario_1,3.359466979,3.359466979,0.0,0.0,0.0,0.0,0.0,0.0,3.359466979,0.0
7097,scenario_1,3.511310617,7.892912039849999,0.0,0.0,0.0,0.0,4.381601422849998,0.0,3.5113106170000004,4.440892098500626e-16
7098,scenario_1,7.514824717,0.0,0.0,0.0,7.514824717,0.0,0.0,0.0,7.514824717,0.0
7099,scenario_1,8.33120815,0.0,0.0,0.0,8.33120815,0.0,0.0,0.0,8.33120815,0.0
7100,scenario_1,7.721025717,0.0,0.0,0.0,7.721025717,0.0,0.0,0.0,7.721025717,0.0
7101,scenario_1,7.9179407,0.0,0.0,0.0,7.9179407,0.0,0.0,0.0,7.9179407,0.0
7102,scenario_1,7.7568725,0.0,0.0,0.0,7.7568725,0.0,0.0,0.0,7.7568725,0.0
7103,scenario_1,5.283008083,0.0,0.0,0.0,5.283008083,0.0,0.0,0.0,5.283008083,0.0
7104,scenario_1,0.442836233,0.0,0.0,0.0,0.442836233,0.0,0.0,0.0,0.442836233,0.0
7105,scenario_1,0.481668033,0.0,0.0,0.0,0.481668033,0.0,0.0,0.0,0.481668033,0.0
7106,scenario_1,0.479601967,0.0,0.0,0.0,0.479601967,0.0,0.0,0.0,0.479601967,0.0
7107,scenario_1,1.339269567,0.0,0.0,0.0,1.339269567,0.0,0.0,0.0,1.339269567,0.0
7108,scenario_1,7.627071817,0.0,0.0,0.0,7.627071817,0.0,0.0,0.0,7.627071817,0.0
7109,scenario_1,9.071938267,0.0,0.0,0.0,9.071938267,0.0,0.0,0.0,9.071938267,0.0
7110,scenario_1,4.75167255,0.0,0.0,0.0,4.75167255,0.0,0.0,0.0,4.75167255,0.0
7111,scenario_1,4.680219246,4.680219246,0.0,0.0,0.0,0.0,0.0,0.0,4.680219246,0.0
7112,scenario_1,17.58138322,17.58138322,0.0,0.0,0.0,0.0,0.0,0.0,17.58138322,0.0
7113,scenario_1,51.9653715,51.9653715,0.0,0.0,0.0,0.0,0.0,0.0,51.9653715,0.0
7114,scenario_1,49.58933051,77.58933051,0.0,0.0,0.0,0.0,28.0,0.0,49.589330509999996,-7.105427357601002e-15
7115,scenario_1,17.56373445,17.56373445,0.0,0.0,0.0,0.0,0.0,0.0,17.56373445,0.0
7116,scenario_1,4.705009856,32.705009856000004,0.0,0.0,0.0,0.0,28.0,0.0,4.705009856000004,3.552713678800501e-15
7117,scenario_1,49.51023385,49.51023385,0.0,0.0,0.0,0.0,0.0,0.0,49.51023385,0.0
7118,scenario_1,18.94350211,46.94350211,0.0,0.0,0.0,0.0,28.0,0.0,18.943502109999997,-3.552713678800501e-15
7119,scenario_1,3.976391306,3.976391306,0.0,0.0,0.0,0.0,0.0,0.0,3.976391306,0.0
7120,scenario_1,3.78512919,31.78512919,0.0,0.0,0.0,0.0,28.0,0.0,3.7851291899999993,-8.881784197001252e-16
7121,scenario_1,4.896526033,4.896526033,0.0,0.0,0.0,0.0,0.0,0.0,4.896526033,0.0
7122,scenario_1,8.29049145,0.0,0.0,0.0,8.29049145,0.0,0.0,0.0,8.29049145,0.0
7123,scenario_1,9.662942383,0.0,0.0,0.0,9.662942383,0.0,0.0,0.0,9.662942383,0.0
7124,scenario_1,9.0063083,0.0,0.0,0.0,9.0063083,0.0,0.0,0.0,9.0063083,0.0
7125,scenario_1,8.351656867,0.0,0.0,0.0,8.351656867,0.0,0.0,0.0,8.351656867,0.0
7126,scenario_1,7.93200485,0.0,0.0,0.0,7.93200485,0.0,0.0,0.0,7.93200485,0.0
7127,scenario_1,5.521790883,0.0,0.0,0.0,5.521790883,0.0,0.0,0.0,5.521790883,0.0
7128,scenario_1,0.435569917,0.0,0.0,0.0,0.435569917,0.0,0.0,0.0,0.435569917,0.0
7129,scenario_1,0.4849854,0.0,0.0,0.0,0.4849854,0.0,0.0,0.0,0.4849854,0.0
7130,scenario_1,0.504453467,0.0,0.0,0.0,0.504453467,0.0,0.0,0.0,0.504453467,0.0
7131,scenario_1,1.025508683,0.0,0.0,0.0,1.025508683,0.0,0.0,0.0,1.025508683,0.0
7132,scenario_1,6.868592783,0.0,0.0,0.0,6.868592783,0.0,0.0,0.0,6.868592783,0.0
7133,scenario_1,7.763225483,0.0,0.0,0.0,7.763225483,0.0,0.0,0.0,7.763225483,0.0
7134,scenario_1,4.342098517,0.0,0.0,0.0,4.342098517,0.0,0.0,0.0,4.342098517,0.0
7135,scenario_1,9.156336433,4.744757688149999,0.0,0.0,4.411578744850001,0.0,0.0,0.0,9.156336433,0.0
7136,scenario_1,55.37410008,48.3441764562,0.0,0.0,7.029923623799995,0.0,0.0,0.0,55.37410008,0.0
7137,scenario_1,61.51216539,61.51216539,0.0,0.0,0.0,0.0,0.0,0.0,61.51216539,0.0
7138,scenario_1,70.73680515,73.61669302923764,0.0,0.0,0.0,0.0,2.879887879237641,0.0,70.73680515,0.0
7139,scenario_1,48.96831299,76.96831299,0.0,0.0,0.0,0.0,28.0,0.0,48.96831299,0.0
7140,scenario_1,29.35090533,29.35090533,0.0,0.0,0.0,0.0,0.0,0.0,29.35090533,0.0
7141,scenario_1,71.19198269,85.75239373425,0.0,0.0,0.0,0.0,14.560411044250003,0.0,71.19198269,0.0
7142,scenario_1,46.14382166,74.14382166,0.0,0.0,0.0,0.0,28.0,0.0,46.14382166,0.0
7143,scenario_1,16.87435135,44.87435135,0.0,0.0,0.0,0.0,28.0,0.0,16.874351349999998,-3.552713678800501e-15
7144,scenario_1,10.35456775,10.35456775,0.0,0.0,0.0,0.0,0.0,0.0,10.35456775,0.0
7145,scenario_1,7.547337083,7.547337083,0.0,0.0,0.0,0.0,0.0,0.0,7.547337083,0.0
7146,scenario_1,8.072891717,0.0,0.0,0.0,0.0,8.072891717,0.0,0.0,8.072891717,0.0
7147,scenario_1,9.15150775,0.0,0.0,0.0,9.15150775,0.0,0.0,0.0,9.15150775,0.0
7148,scenario_1,8.78127535,0.0,0.0,0.0,8.78127535,0.0,0.0,0.0,8.78127535,0.0
7149,scenario_1,8.1900446,0.0,0.0,0.0,8.1900446,0.0,0.0,0.0,8.1900446,0.0
7150,scenario_1,7.502111067,0.0,0.0,0.0,7.502111067,0.0,0.0,0.0,7.502111067,0.0
7151,scenario_1,6.285193467,0.0,0.0,0.0,6.285193467,0.0,0.0,0.0,6.285193467,0.0
7152,scenario_1,0.424403667,0.0,0.0,0.0,0.424403667,0.0,0.0,0.0,0.424403667,0.0
7153,scenario_1,0.49066985,0.0,0.0,0.0,0.49066985,0.0,0.0,0.0,0.49066985,0.0
7154,scenario_1,0.557618683,0.0,0.0,0.0,0.0,0.557618683,0.0,0.0,0.557618683,0.0
7155,scenario_1,1.40740435,0.0,0.0,0.0,1.40740435,0.0,0.0,0.0,1.40740435,0.0
7156,scenario_1,7.23222285,0.0,0.0,0.0,7.23222285,0.0,0.0,0.0,7.23222285,0.0
7157,scenario_1,7.9446919,0.0,0.0,0.0,0.0,7.9446919,0.0,0.0,7.9446919,0.0
7158,scenario_1,4.518379017,0.0,0.0,0.0,4.518379017,0.0,0.0,0.0,4.518379017,0.0
7159,scenario_1,11.29755718,3.8936741638499996,0.0,0.0,7.403883016150001,0.0,0.0,0.0,11.29755718,0.0
7160,scenario_1,51.78350233,28.879203948449998,0.0,0.0,22.90429838155,0.0,0.0,0.0,51.78350233,0.0
7161,scenario_1,77.08050751,45.308120672849995,0.0,0.0,16.508606634299998,15.263780202850011,0.0,0.0,77.08050751,0.0
7162,scenario_1,83.88458092,91.86339850425,0.0,0.0,0.0,0.0,7.978817584249995,0.0,83.88458092,0.0
7163,scenario_1,46.76257601,74.76257601,0.0,0.0,0.0,0.0,28.0,0.0,46.762576010000004,7.105427357601002e-15
7164,scenario_1,30.07235108,30.07235108,0.0,0.0,0.0,0.0,0.0,0.0,30.07235108,0.0
7165,scenario_1,62.79680709,62.79680709,0.0,0.0,0.0,0.0,0.0,0.0,62.79680709,0.0
7166,scenario_1,33.79478881,61.79478881,0.0,0.0,0.0,0.0,28.0,0.0,33.79478881,0.0
7167,scenario_1,15.14713739,43.14713739,0.0,0.0,0.0,0.0,28.0,0.0,15.147137389999997,-1.7763568394002505e-15
7168,scenario_1,8.554489742,36.554489742,0.0,0.0,0.0,0.0,28.0,0.0,8.554489742000001,1.7763568394002505e-15
7169,scenario_1,6.229835183,10.69546204319446,0.0,0.0,0.0,0.0,4.46562686019446,0.0,6.2298351830000005,8.881784197001252e-16
7170,scenario_1,8.0079123,0.0,0.0,0.0,8.0079123,0.0,0.0,0.0,8.0079123,0.0
7171,scenario_1,8.529044217,0.0,0.0,0.0,8.529044217,0.0,0.0,0.0,8.529044217,0.0
7172,scenario_1,8.5476261,0.0,0.0,0.0,8.5476261,0.0,0.0,0.0,8.5476261,0.0
7173,scenario_1,8.599308517,0.0,0.0,0.0,8.599308517,0.0,0.0,0.0,8.599308517,0.0
7174,scenario_1,7.700743333,0.0,0.0,0.0,7.700743333,0.0,0.0,0.0,7.700743333,0.0
7175,scenario_1,5.8871784,0.0,0.0,0.0,4.762183069711988,1.1249953302880122,0.0,0.0,5.8871784,0.0
7176,scenario_1,0.4297046,0.0,0.0,0.0,0.4297046,0.0,0.0,0.0,0.4297046,0.0
7177,scenario_1,0.48851865,0.0,0.0,0.0,0.48851865,0.0,0.0,0.0,0.48851865,0.0
7178,scenario_1,0.512302883,0.0,0.0,0.0,0.512302883,0.0,0.0,0.0,0.512302883,0.0
7179,scenario_1,1.416737767,0.0,0.0,0.0,1.416737767,0.0,0.0,0.0,1.416737767,0.0
7180,scenario_1,6.9670248,0.0,0.0,0.0,6.9670248,0.0,0.0,0.0,6.9670248,0.0
7181,scenario_1,7.400344033,0.0,0.0,0.0,7.400344033,0.0,0.0,0.0,7.400344033,0.0
7182,scenario_1,3.64081615,0.0,0.0,0.0,3.64081615,0.0,0.0,0.0,3.64081615,0.0
7183,scenario_1,12.75969053,18.7011182352,0.0,0.0,0.0,0.0,5.941427705199999,0.0,12.75969053,0.0
7184,scenario_1,38.89089249,28.2806024685,0.0,0.0,10.6102900215,0.0,0.0,0.0,38.89089249,0.0
7185,scenario_1,88.08555722,42.89799024,0.0,0.0,28.0,17.18756698,0.0,0.0,88.08555722,0.0
7186,scenario_1,75.17322058,86.63436181934999,0.0,0.0,0.0,0.0,11.461141239349985,0.0,75.17322058,0.0
7187,scenario_1,29.23747094,57.23747094,0.0,0.0,0.0,0.0,28.0,0.0,29.23747094,0.0
7188,scenario_1,30.90823487,58.90823487,0.0,0.0,0.0,0.0,28.0,0.0,30.90823487,0.0
7189,scenario_1,53.78565487,81.78565487,0.0,0.0,0.0,0.0,28.0,0.0,53.78565487,0.0
7190,scenario_1,34.42896831,35.41227151509446,0.0,0.0,0.0,0.0,0.9833032050944566,0.0,34.42896831,0.0
7191,scenario_1,15.70295177,43.70295177,0.0,0.0,0.0,0.0,28.0,0.0,15.702951769999999,-1.7763568394002505e-15
7192,scenario_1,11.09377503,11.09377503,0.0,0.0,0.0,0.0,0.0,0.0,11.09377503,0.0
7193,scenario_1,6.916769417,6.916769417,0.0,0.0,0.0,0.0,0.0,0.0,6.916769417,0.0
7194,scenario_1,9.9091779,0.0,0.0,0.0,9.9091779,0.0,0.0,0.0,9.9091779,0.0
7195,scenario_1,10.23634312,0.0,0.0,0.0,10.23634312,0.0,0.0,0.0,10.23634312,0.0
7196,scenario_1,9.86879085,0.0,0.0,0.0,9.86879085,0.0,0.0,0.0,9.86879085,0.0
7197,scenario_1,8.579741417,0.0,0.0,0.0,8.579741417,0.0,0.0,0.0,8.579741417,0.0
7198,scenario_1,8.146640917,0.0,0.0,0.0,8.146640917,0.0,0.0,0.0,8.146640917,0.0
7199,scenario_1,6.479344083,0.0,0.0,0.0,6.479344083,0.0,0.0,0.0,6.479344083,0.0
7200,scenario_1,0.4216027,0.0,0.0,0.0,0.4216027,0.0,0.0,0.0,0.4216027,0.0
7201,scenario_1,0.467402333,0.0,0.0,0.0,0.467402333,0.0,0.0,0.0,0.467402333,0.0
7202,scenario_1,0.503251717,0.0,0.0,0.0,0.503251717,0.0,0.0,0.0,0.503251717,0.0
7203,scenario_1,1.232454533,0.0,0.0,0.0,1.232454533,0.0,0.0,0.0,1.232454533,0.0
7204,scenario_1,6.832755917,0.0,0.0,0.0,6.832755917,0.0,0.0,0.0,6.832755917,0.0
7205,scenario_1,7.768357983,0.0,0.0,0.0,0.0,7.768357983,0.0,0.0,7.768357983,0.0
7206,scenario_1,3.460448533,0.0,0.0,0.0,3.460448533,0.0,0.0,0.0,3.460448533,0.0
7207,scenario_1,13.01751607,3.4173660642,0.0,0.0,9.6001500058,0.0,0.0,0.0,13.01751607,0.0
7208,scenario_1,66.11475517,31.7899751511,0.0,0.0,10.27151428129998,24.05326573760002,0.0,0.0,66.11475517,0.0
7209,scenario_1,85.81539131,71.0250096171,0.0,0.0,14.790381692899999,0.0,0.0,0.0,85.81539131,0.0
7210,scenario_1,50.59668268,78.59668268,0.0,0.0,0.0,0.0,28.0,0.0,50.59668268,0.0
7211,scenario_1,24.8416125,50.30380095659999,0.0,0.0,0.0,0.0,25.462188456599993,0.0,24.8416125,0.0
7212,scenario_1,26.23864703,21.289604384099995,0.0,0.0,0.0,4.949042645900004,0.0,0.0,26.23864703,0.0
7213,scenario_1,59.0992033,12.563465702999999,0.0,0.0,15.042175543088511,31.49356205391149,0.0,0.0,59.0992033,0.0
7214,scenario_1,51.61436737,79.61436737,0.0,0.0,0.0,0.0,28.0,0.0,51.61436737,0.0
7215,scenario_1,17.53782369,45.537823689999996,0.0,0.0,0.0,0.0,28.0,0.0,17.537823689999996,-3.552713678800501e-15
7216,scenario_1,11.07205989,29.562131838299997,0.0,0.0,0.0,0.0,18.4900719483,0.0,11.072059889999998,-1.7763568394002505e-15
7217,scenario_1,5.774481817,8.95691099295,0.0,0.0,0.0,0.0,3.1824291759500003,0.0,5.774481817,0.0
7218,scenario_1,6.769629867,0.0,0.0,0.0,6.769629867,0.0,0.0,0.0,6.769629867,0.0
7219,scenario_1,8.709295067,0.0,0.0,0.0,0.0,8.709295067,0.0,0.0,8.709295067,0.0
7220,scenario_1,8.933877333,0.0,0.0,0.0,0.0,8.933877333,0.0,0.0,8.933877333,0.0
7221,scenario_1,8.092361533,0.0,0.0,0.0,8.092361533,0.0,0.0,0.0,8.092361533,0.0
7222,scenario_1,7.803877283,0.0,0.0,0.0,7.803877283,0.0,0.0,0.0,7.803877283,0.0
7223,scenario_1,5.677960233,0.0,0.0,0.0,5.677960233,0.0,0.0,0.0,5.677960233,0.0
7224,scenario_1,0.423004217,0.0,0.0,0.0,0.0,0.423004217,0.0,0.0,0.423004217,0.0
7225,scenario_1,0.484003633,0.0,0.0,0.0,0.0,0.484003633,0.0,0.0,0.484003633,0.0
7226,scenario_1,0.493337483,0.0,0.0,0.0,0.0,0.493337483,0.0,0.0,0.493337483,0.0
7227,scenario_1,1.0253082,0.0,0.0,0.0,0.0,1.0253082,0.0,0.0,1.0253082,0.0
7228,scenario_1,7.694342183,0.0,0.0,0.0,0.0,7.694342183,0.0,0.0,7.694342183,0.0
7229,scenario_1,8.078559667,0.0,0.0,0.0,8.078559667,0.0,0.0,0.0,8.078559667,0.0
7230,scenario_1,4.94541275,0.0,0.0,0.0,4.94541275,0.0,0.0,0.0,4.94541275,0.0
7231,scenario_1,17.82303993,11.58638178345,0.0,0.0,6.236658146550001,0.0,0.0,0.0,17.82303993,0.0
7232,scenario_1,61.97923099,46.40676745215,0.0,0.0,15.572463537849998,0.0,0.0,0.0,61.97923099,0.0
7233,scenario_1,90.82905006,59.07885167115,0.0,0.0,28.0,3.750198388850002,0.0,0.0,90.82905006000001,1.4210854715202004e-14
7234,scenario_1,59.61434358,87.61434358,0.0,0.0,0.0,0.0,28.0,0.0,59.614343579999996,-7.105427357601002e-15
7235,scenario_1,29.33910084,29.33910084,0.0,0.0,0.0,0.0,0.0,0.0,29.33910084,0.0
7236,scenario_1,32.38756253,32.38756253,0.0,0.0,0.0,0.0,0.0,0.0,32.38756253,0.0
7237,scenario_1,62.60419053,90.60419053,0.0,0.0,0.0,0.0,28.0,0.0,62.60419053,0.0
7238,scenario_1,37.45084707,65.45084707000001,0.0,0.0,0.0,0.0,28.0,0.0,37.45084707000001,7.105427357601002e-15
7239,scenario_1,18.23756313,30.682007574444448,0.0,0.0,0.0,0.0,12.444444444444445,0.0,18.237563130000005,3.552713678800501e-15
7240,scenario_1,12.38527987,40.38527987,0.0,0.0,0.0,0.0,28.0,0.0,12.385279869999998,-1.7763568394002505e-15
7241,scenario_1,5.20359945,5.20359945,0.0,0.0,0.0,0.0,0.0,0.0,5.20359945,0.0
7242,scenario_1,6.20536345,0.0,0.0,0.0,6.20536345,0.0,0.0,0.0,6.20536345,0.0
7243,scenario_1,8.733379633,0.0,0.0,0.0,8.733379633,0.0,0.0,0.0,8.733379633,0.0
7244,scenario_1,8.123542417,0.0,0.0,0.0,8.123542417,0.0,0.0,0.0,8.123542417,0.0
7245,scenario_1,8.2366248,0.0,0.0,0.0,8.2366248,0.0,0.0,0.0,8.2366248,0.0
7246,scenario_1,7.90915805,0.0,0.0,0.0,7.90915805,0.0,0.0,0.0,7.90915805,0.0
7247,scenario_1,6.019275833,0.0,0.0,0.0,6.019275833,0.0,0.0,0.0,6.019275833,0.0
7248,scenario_1,0.452668883,0.0,0.0,0.0,0.452668883,0.0,0.0,0.0,0.452668883,0.0
7249,scenario_1,0.486067733,0.0,0.0,0.0,0.486067733,0.0,0.0,0.0,0.486067733,0.0
7250,scenario_1,0.486735683,0.0,0.0,0.0,0.486735683,0.0,0.0,0.0,0.486735683,0.0
7251,scenario_1,1.220071367,0.0,0.0,0.0,1.220071367,0.0,0.0,0.0,1.220071367,0.0
7252,scenario_1,7.583773533,0.0,0.0,0.0,7.583773533,0.0,0.0,0.0,7.583773533,0.0
7253,scenario_1,7.57997445,0.0,0.0,0.0,7.57997445,0.0,0.0,0.0,7.57997445,0.0
7254,scenario_1,3.252441833,0.0,0.0,0.0,3.252441833,0.0,0.0,0.0,3.252441833,0.0
7255,scenario_1,11.54654879,11.54654879,0.0,0.0,0.0,0.0,0.0,0.0,11.54654879,0.0
7256,scenario_1,45.41240097,17.785931992199995,0.0,0.0,27.626468977800005,0.0,0.0,0.0,45.41240097,0.0
7257,scenario_1,59.47396216,56.7971256969,0.0,0.0,2.6768364631000026,0.0,0.0,0.0,59.47396216,0.0
7258,scenario_1,48.15847794,48.15847794,0.0,0.0,0.0,0.0,0.0,0.0,48.15847794,0.0
7259,scenario_1,5.188073031,33.188073031,0.0,0.0,0.0,0.0,28.0,0.0,5.188073031000002,1.7763568394002505e-15
7260,scenario_1,5.623101272,33.623101272,0.0,0.0,0.0,0.0,28.0,0.0,5.6231012719999995,-8.881784197001252e-16
7261,scenario_1,33.6312098,33.6312098,0.0,0.0,0.0,0.0,0.0,0.0,33.6312098,0.0
7262,scenario_1,9.259633799,9.259633799,0.0,0.0,0.0,0.0,0.0,0.0,9.259633799,0.0
7263,scenario_1,4.181786962,30.50628302329634,0.0,0.0,0.0,0.0,26.324496061296337,0.0,4.181786962000004,3.552713678800501e-15
7264,scenario_1,3.693621008,31.693621008,0.0,0.0,0.0,0.0,28.0,0.0,3.693621008000001,8.881784197001252e-16
7265,scenario_1,4.015327233,12.940686857999998,0.0,0.0,0.0,0.0,8.925359624999999,0.0,4.015327232999999,-8.881784197001252e-16
7266,scenario_1,7.744609583,0.0,0.0,0.0,7.744609583,0.0,0.0,0.0,7.744609583,0.0
7267,scenario_1,9.33750765,0.0,0.0,0.0,9.33750765,0.0,0.0,0.0,9.33750765,0.0
7268,scenario_1,9.715058633,0.0,0.0,0.0,9.715058633,0.0,0.0,0.0,9.715058633,0.0
7269,scenario_1,9.5291576,0.0,0.0,0.0,9.5291576,0.0,0.0,0.0,9.5291576,0.0
7270,scenario_1,8.597906183,0.0,0.0,0.0,8.597906183,0.0,0.0,0.0,8.597906183,0.0
7271,scenario_1,6.327523633,0.0,0.0,0.0,6.327523633,0.0,0.0,0.0,6.327523633,0.0
7272,scenario_1,0.44423685,0.0,0.0,0.0,0.44423685,0.0,0.0,0.0,0.44423685,0.0
7273,scenario_1,0.47995255,0.0,0.0,0.0,0.47995255,0.0,0.0,0.0,0.47995255,0.0
7274,scenario_1,0.50186975,0.0,0.0,0.0,0.50186975,0.0,0.0,0.0,0.50186975,0.0
7275,scenario_1,1.1579369,0.0,0.0,0.0,1.1579369,0.0,0.0,0.0,1.1579369,0.0
7276,scenario_1,6.739020767,0.0,0.0,0.0,6.739020767,0.0,0.0,0.0,6.739020767,0.0
7277,scenario_1,7.532704217,0.0,0.0,0.0,7.532704217,0.0,0.0,0.0,7.532704217,0.0
7278,scenario_1,3.445807517,0.0,0.0,0.0,3.445807517,0.0,0.0,0.0,3.445807517,0.0
7279,scenario_1,3.363874617,14.0732581734,0.0,0.0,0.0,0.0,10.709383556399999,0.0,3.3638746170000005,4.440892098500626e-16
7280,scenario_1,31.98152295,25.288946059949996,0.0,0.0,6.6925768900500024,0.0,0.0,0.0,31.98152295,0.0
7281,scenario_1,65.43461692,52.3274779302,0.0,0.0,13.1071389898,0.0,0.0,0.0,65.43461692,0.0
7282,scenario_1,51.70401825,79.70401824999999,0.0,0.0,0.0,0.0,28.0,0.0,51.70401824999999,-7.105427357601002e-15
7283,scenario_1,11.3258452,11.3258452,0.0,0.0,0.0,0.0,0.0,0.0,11.3258452,0.0
7284,scenario_1,4.35302545,32.35302545,0.0,0.0,0.0,0.0,28.0,0.0,4.353025449999997,-2.6645352591003757e-15
7285,scenario_1,32.86902649,32.86902649,0.0,0.0,0.0,0.0,0.0,0.0,32.86902649,0.0
7286,scenario_1,22.71703969,50.71703969,0.0,0.0,0.0,0.0,28.0,0.0,22.71703969,0.0
7287,scenario_1,4.568820604,15.21219977366854,0.0,0.0,0.0,0.0,10.64337916966854,0.0,4.568820604000001,8.881784197001252e-16
7288,scenario_1,4.428163708,4.428163708,0.0,0.0,0.0,0.0,0.0,0.0,4.428163708,0.0
7289,scenario_1,4.62982395,12.05855222745,0.0,0.0,0.0,0.0,7.428728277450001,0.0,4.62982395,0.0
7290,scenario_1,6.475791633,0.0,0.0,0.0,6.475791633,0.0,0.0,0.0,6.475791633,0.0
7291,scenario_1,8.201327267,0.0,0.0,0.0,8.201327267,0.0,0.0,0.0,8.201327267,0.0
7292,scenario_1,8.265457417,0.0,0.0,0.0,8.265457417,0.0,0.0,0.0,8.265457417,0.0
7293,scenario_1,8.993389267,0.0,0.0,0.0,0.0,8.993389267,0.0,0.0,8.993389267,0.0
7294,scenario_1,9.396306983,0.0,0.0,0.0,9.396306983,0.0,0.0,0.0,9.396306983,0.0
7295,scenario_1,6.169992,0.0,0.0,0.0,0.0,6.169992,0.0,0.0,6.169992,0.0
7296,scenario_1,0.431203467,0.0,0.0,0.0,0.431203467,0.0,0.0,0.0,0.431203467,0.0
7297,scenario_1,0.4616024,0.0,0.0,0.0,0.4616024,0.0,0.0,0.0,0.4616024,0.0
7298,scenario_1,0.494105117,0.0,0.0,0.0,0.0,0.494105117,0.0,0.0,0.494105117,0.0
7299,scenario_1,1.517972033,0.0,0.0,0.0,1.517972033,0.0,0.0,0.0,1.517972033,0.0
7300,scenario_1,7.43422325,0.0,0.0,0.0,5.375495750099998,2.0587274999000016,0.0,0.0,7.43422325,0.0
7301,scenario_1,7.68299325,0.0,0.0,0.0,7.68299325,0.0,0.0,0.0,7.68299325,0.0
7302,scenario_1,4.70252815,0.0,0.0,0.0,4.70252815,0.0,0.0,0.0,4.70252815,0.0
7303,scenario_1,17.01400131,7.769640710549999,0.0,0.0,9.244360599450001,0.0,0.0,0.0,17.01400131,0.0
7304,scenario_1,69.58822025,48.5366953983,0.0,0.0,21.05152485170001,0.0,0.0,0.0,69.58822025,0.0
7305,scenario_1,80.86321305,62.86977685125,0.0,0.0,17.993436198749997,0.0,0.0,0.0,80.86321305,0.0
7306,scenario_1,60.24461753,84.34973177775001,0.0,0.0,0.0,0.0,24.10511424775001,0.0,60.24461753,0.0
7307,scenario_1,41.82627263,41.82627263,0.0,0.0,0.0,0.0,0.0,0.0,41.82627263,0.0
7308,scenario_1,28.4469367,56.446936699999995,0.0,0.0,0.0,0.0,28.0,0.0,28.446936699999995,-3.552713678800501e-15
7309,scenario_1,69.91561094,89.9782553595,0.0,0.0,0.0,0.0,20.062644419500003,0.0,69.91561094,0.0
7310,scenario_1,31.79856013,59.79856013,0.0,0.0,0.0,0.0,28.0,0.0,31.79856013,0.0
7311,scenario_1,19.77482051,44.05150628719443,0.0,0.0,0.0,0.0,24.276685777194427,0.0,19.77482051,0.0
7312,scenario_1,11.58122749,11.58122749,0.0,0.0,0.0,0.0,0.0,0.0,11.58122749,0.0
7313,scenario_1,6.279502117,2.6207883681,0.0,0.0,0.0,3.6587137489,0.0,0.0,6.279502117,0.0
7314,scenario_1,7.607679767,0.0,0.0,0.0,7.607679767,0.0,0.0,0.0,7.607679767,0.0
7315,scenario_1,9.5997939,0.0,0.0,0.0,9.5997939,0.0,0.0,0.0,9.5997939,0.0
7316,scenario_1,8.970594583,0.0,0.0,0.0,8.970594583,0.0,0.0,0.0,8.970594583,0.0
7317,scenario_1,8.341744133,0.0,0.0,0.0,8.341744133,0.0,0.0,0.0,8.341744133,0.0
7318,scenario_1,8.238308767,0.0,0.0,0.0,8.238308767,0.0,0.0,0.0,8.238308767,0.0
7319,scenario_1,5.415229433,0.0,0.0,0.0,5.415229433,0.0,0.0,0.0,5.415229433,0.0
7320,scenario_1,0.418803783,0.0,0.0,0.0,0.418803783,0.0,0.0,0.0,0.418803783,0.0
7321,scenario_1,0.456119683,0.0,0.0,0.0,0.456119683,0.0,0.0,0.0,0.456119683,0.0
7322,scenario_1,0.498987933,0.0,0.0,0.0,0.498987933,0.0,0.0,0.0,0.498987933,0.0
7323,scenario_1,1.304388117,0.0,0.0,0.0,1.304388117,0.0,0.0,0.0,1.304388117,0.0
7324,scenario_1,6.825623767,0.0,0.0,0.0,6.825623767,0.0,0.0,0.0,6.825623767,0.0
7325,scenario_1,7.224138967,0.0,0.0,0.0,7.224138967,0.0,0.0,0.0,7.224138967,0.0
7326,scenario_1,4.253492867,0.0,0.0,0.0,0.0,4.253492867,0.0,0.0,4.253492867,0.0
7327,scenario_1,14.50104124,14.105477303699999,0.0,0.0,0.3955639363000003,0.0,0.0,0.0,14.50104124,0.0
7328,scenario_1,46.17776252,45.6475940994,0.0,0.0,0.530168420599999,0.0,0.0,0.0,46.17776252,0.0
7329,scenario_1,83.94979301,50.6127122514,0.0,0.0,28.0,5.3370807585999955,0.0,0.0,83.94979301,0.0
7330,scenario_1,67.16808939,30.73719136125,0.0,0.0,6.972854810099986,29.458043218650023,0.0,0.0,67.16808939,0.0
7331,scenario_1,34.9207386,34.9207386,0.0,0.0,0.0,0.0,0.0,0.0,34.9207386,0.0
7332,scenario_1,30.98763378,54.817962323594486,0.0,0.0,0.0,0.0,23.830328543594486,0.0,30.98763378,0.0
7333,scenario_1,57.56286144,71.08034314799998,0.0,0.0,0.0,0.0,13.517481707999984,0.0,57.56286144,0.0
7334,scenario_1,44.01453543,71.02455446639999,0.0,0.0,0.0,0.0,27.01001903639999,0.0,44.01453543,0.0
7335,scenario_1,23.03250149,51.03250149,0.0,0.0,0.0,0.0,28.0,0.0,23.03250149,0.0
7336,scenario_1,12.75374079,39.6171223266,0.0,0.0,0.0,0.0,26.863381536599995,0.0,12.753740790000002,1.7763568394002505e-15
7337,scenario_1,6.380137025,11.60337064485,0.0,0.0,0.0,0.0,5.223233619849999,0.0,6.380137025,0.0
7338,scenario_1,7.134910867,0.0,0.0,0.0,7.134910867,0.0,0.0,0.0,7.134910867,0.0
7339,scenario_1,8.272561067,0.0,0.0,0.0,8.272561067,0.0,0.0,0.0,8.272561067,0.0
7340,scenario_1,7.788680283,0.0,0.0,0.0,7.788680283,0.0,0.0,0.0,7.788680283,0.0
7341,scenario_1,7.637628083,0.0,0.0,0.0,7.637628083,0.0,0.0,0.0,7.637628083,0.0
7342,scenario_1,7.432245517,0.0,0.0,0.0,7.432245517,0.0,0.0,0.0,7.432245517,0.0
7343,scenario_1,5.689779167,0.0,0.0,0.0,5.689779167,0.0,0.0,0.0,5.689779167,0.0
7344,scenario_1,0.449202283,0.0,0.0,0.0,0.449202283,0.0,0.0,0.0,0.449202283,0.0
7345,scenario_1,0.478152967,0.0,0.0,0.0,0.478152967,0.0,0.0,0.0,0.478152967,0.0
7346,scenario_1,0.622820283,0.0,0.0,0.0,0.622820283,0.0,0.0,0.0,0.622820283,0.0
7347,scenario_1,1.197590133,0.0,0.0,0.0,1.197590133,0.0,0.0,0.0,1.197590133,0.0
7348,scenario_1,7.1982435,0.0,0.0,0.0,7.1982435,0.0,0.0,0.0,7.1982435,0.0
7349,scenario_1,7.586794533,0.0,0.0,0.0,7.586794533,0.0,0.0,0.0,7.586794533,0.0
7350,scenario_1,3.962164767,0.0,0.0,0.0,3.962164767,0.0,0.0,0.0,3.962164767,0.0
7351,scenario_1,7.673508367,18.328448832299998,0.0,0.0,0.0,0.0,10.654940465299997,0.0,7.673508367,0.0
7352,scenario_1,47.40819644,30.1399161174,0.0,0.0,1.2435053249929722,16.024774997607025,0.0,0.0,47.40819644,0.0
7353,scenario_1,86.25755902,61.468030220699994,0.0,0.0,24.789528799300008,0.0,0.0,0.0,86.25755902,0.0
7354,scenario_1,87.93528695,69.98859274739999,0.0,0.0,17.946694202600014,0.0,0.0,0.0,87.93528695,0.0
7355,scenario_1,42.69119683,57.5401397292,0.0,0.0,0.0,0.0,14.848942899199997,0.0,42.69119683,0.0
7356,scenario_1,30.5850327,58.5850327,0.0,0.0,0.0,0.0,28.0,0.0,30.5850327,0.0
7357,scenario_1,66.57215298,92.04061940730004,0.0,0.0,0.0,0.0,25.468466427300044,0.0,66.57215298,0.0
7358,scenario_1,29.62513717,57.62513717,0.0,0.0,0.0,0.0,28.0,0.0,29.625137170000002,3.552713678800501e-15
7359,scenario_1,17.87835307,45.87835307,0.0,0.0,0.0,0.0,28.0,0.0,17.878353070000003,3.552713678800501e-15
7360,scenario_1,9.663572736,9.663572736,0.0,0.0,0.0,0.0,0.0,0.0,9.663572736,0.0
7361,scenario_1,6.877214283,7.0042494009444,0.0,0.0,0.0,0.0,0.12703511794440045,0.0,6.877214283,0.0
7362,scenario_1,7.835692517,0.0,0.0,0.0,7.835692517,0.0,0.0,0.0,7.835692517,0.0
7363,scenario_1,8.983861233,0.0,0.0,0.0,8.983861233,0.0,0.0,0.0,8.983861233,0.0
7364,scenario_1,9.577343717,0.0,0.0,0.0,9.577343717,0.0,0.0,0.0,9.577343717,0.0
7365,scenario_1,9.026010217,0.0,0.0,0.0,6.0291811544999625,2.996829062500037,0.0,0.0,9.026010217,0.0
7366,scenario_1,8.0281755,0.0,0.0,0.0,8.0281755,0.0,0.0,0.0,8.0281755,0.0
7367,scenario_1,4.835776583,0.0,0.0,0.0,4.835776583,0.0,0.0,0.0,4.835776583,0.0
7368,scenario_1,0.4693187,0.0,0.0,0.0,0.0,0.4693187,0.0,0.0,0.4693187,0.0
7369,scenario_1,0.50431915,0.0,0.0,0.0,0.50431915,0.0,0.0,0.0,0.50431915,0.0
7370,scenario_1,0.5416859,0.0,0.0,0.0,0.5416859,0.0,0.0,0.0,0.5416859,0.0
7371,scenario_1,1.05095195,0.0,0.0,0.0,0.0,1.05095195,0.0,0.0,1.05095195,0.0
7372,scenario_1,6.901554967,0.0,0.0,0.0,6.901554967,0.0,0.0,0.0,6.901554967,0.0
7373,scenario_1,7.799058383,0.0,0.0,0.0,7.799058383,0.0,0.0,0.0,7.799058383,0.0
7374,scenario_1,3.112994233,0.0,0.0,0.0,3.112994233,0.0,0.0,0.0,3.112994233,0.0
7375,scenario_1,19.17438889,2.6872185564,0.0,0.0,16.487170333599998,0.0,0.0,0.0,19.17438889,0.0
7376,scenario_1,37.06702531,22.2431919147,0.0,0.0,0.0,14.8238333953,0.0,0.0,37.06702531,0.0
7377,scenario_1,83.41777594,63.254589611099995,0.0,0.0,20.163186328900004,0.0,0.0,0.0,83.41777594,0.0
7378,scenario_1,76.81465171,59.56917912314999,0.0,0.0,0.0,17.245472586850013,0.0,0.0,76.81465171,0.0
7379,scenario_1,33.06856352,33.06856352,0.0,0.0,0.0,0.0,0.0,0.0,33.06856352,0.0
7380,scenario_1,27.86267658,55.86267658,0.0,0.0,0.0,0.0,28.0,0.0,27.86267658,0.0
7381,scenario_1,56.32162653,84.32162653,0.0,0.0,0.0,0.0,28.0,0.0,56.32162653,0.0
7382,scenario_1,50.27236699,62.71681143444445,0.0,0.0,0.0,0.0,12.444444444444445,0.0,50.27236699000001,7.105427357601002e-15
7383,scenario_1,19.19702146,47.19702146,0.0,0.0,0.0,0.0,28.0,0.0,19.197021460000002,3.552713678800501e-15
7384,scenario_1,9.966768878,37.966768877999996,0.0,0.0,0.0,0.0,28.0,0.0,9.966768877999996,-3.552713678800501e-15
7385,scenario_1,8.189910617,8.189910617,0.0,0.0,0.0,0.0,0.0,0.0,8.189910617,0.0
7386,scenario_1,7.856489867,0.0,0.0,0.0,7.856489867,0.0,0.0,0.0,7.856489867,0.0
7387,scenario_1,8.860458817,0.0,0.0,0.0,8.860458817,0.0,0.0,0.0,8.860458817,0.0
7388,scenario_1,8.685175433,0.0,0.0,0.0,8.685175433,0.0,0.0,0.0,8.685175433,0.0
7389,scenario_1,7.99637505,0.0,0.0,0.0,7.99637505,0.0,0.0,0.0,7.99637505,0.0
7390,scenario_1,7.54850715,0.0,0.0,0.0,7.54850715,0.0,0.0,0.0,7.54850715,0.0
7391,scenario_1,6.019208333,0.0,0.0,0.0,6.019208333,0.0,0.0,0.0,6.019208333,0.0
7392,scenario_1,0.429202883,0.0,0.0,0.0,0.429202883,0.0,0.0,0.0,0.429202883,0.0
7393,scenario_1,0.498736367,0.0,0.0,0.0,0.498736367,0.0,0.0,0.0,0.498736367,0.0
7394,scenario_1,0.54168705,0.0,0.0,0.0,0.54168705,0.0,0.0,0.0,0.54168705,0.0
7395,scenario_1,0.984772917,0.0,0.0,0.0,0.984772917,0.0,0.0,0.0,0.984772917,0.0
7396,scenario_1,6.99260875,0.0,0.0,0.0,6.99260875,0.0,0.0,0.0,6.99260875,0.0
7397,scenario_1,7.474310283,0.0,0.0,0.0,7.474310283,0.0,0.0,0.0,7.474310283,0.0
7398,scenario_1,3.51553345,0.0,0.0,0.0,3.51553345,0.0,0.0,0.0,3.51553345,0.0
7399,scenario_1,17.76283064,11.19043351785,0.0,0.0,6.2035026082000195,0.3688945139499822,0.0,0.0,17.76283064,0.0
7400,scenario_1,48.75024124,21.556810198199997,0.0,0.0,27.193431041800004,0.0,0.0,0.0,48.75024124,0.0
7401,scenario_1,53.97700172,53.97700172,0.0,0.0,0.0,0.0,0.0,0.0,53.97700172,0.0
7402,scenario_1,54.38439157,75.3918764145,0.0,0.0,0.0,0.0,21.007484844500006,0.0,54.38439157,0.0
7403,scenario_1,30.91176682,58.91176682,0.0,0.0,0.0,0.0,28.0,0.0,30.911766819999997,-3.552713678800501e-15
7404,scenario_1,35.70986839,45.43882210954877,0.0,0.0,0.0,0.0,9.72895371954877,0.0,35.70986839,0.0
7405,scenario_1,82.84156576,82.84156576,0.0,0.0,0.0,0.0,0.0,0.0,82.84156576,0.0
7406,scenario_1,45.53016804,73.49098718790003,0.0,0.0,0.0,0.0,27.960819147900033,0.0,45.53016804,0.0
7407,scenario_1,16.31905661,16.31905661,0.0,0.0,0.0,0.0,0.0,0.0,16.31905661,0.0
7408,scenario_1,10.69590887,10.69590887,0.0,0.0,0.0,0.0,0.0,0.0,10.69590887,0.0
7409,scenario_1,7.294185483,11.701589690399999,0.0,0.0,0.0,0.0,4.407404207399999,0.0,7.294185483,0.0
7410,scenario_1,7.76629325,0.0,0.0,0.0,7.76629325,0.0,0.0,0.0,7.76629325,0.0
7411,scenario_1,8.680707817,0.0,0.0,0.0,8.680707817,0.0,0.0,0.0,8.680707817,0.0
7412,scenario_1,8.43690955,0.0,0.0,0.0,8.43690955,0.0,0.0,0.0,8.43690955,0.0
7413,scenario_1,8.122677867,0.0,0.0,0.0,8.122677867,0.0,0.0,0.0,8.122677867,0.0
7414,scenario_1,8.091106633,0.0,0.0,0.0,8.091106633,0.0,0.0,0.0,8.091106633,0.0
7415,scenario_1,6.275258817,0.0,0.0,0.0,6.275258817,0.0,0.0,0.0,6.275258817,0.0
7416,scenario_1,0.429886367,0.0,0.0,0.0,0.429886367,0.0,0.0,0.0,0.429886367,0.0
7417,scenario_1,0.4760191,0.0,0.0,0.0,0.4760191,0.0,0.0,0.0,0.4760191,0.0
7418,scenario_1,0.64440195,0.0,0.0,0.0,0.64440195,0.0,0.0,0.0,0.64440195,0.0
7419,scenario_1,1.002937667,0.0,0.0,0.0,1.002937667,0.0,0.0,0.0,1.002937667,0.0
7420,scenario_1,7.191139733,0.0,0.0,0.0,7.191139733,0.0,0.0,0.0,7.191139733,0.0
7421,scenario_1,7.267457617,0.0,0.0,0.0,7.267457617,0.0,0.0,0.0,7.267457617,0.0
7422,scenario_1,2.441258533,0.0,0.0,0.0,2.441258533,0.0,0.0,0.0,2.441258533,0.0
7423,scenario_1,2.4589774,2.32320449235,0.0,0.0,0.13577290765000027,0.0,0.0,0.0,2.4589774,0.0
7424,scenario_1,25.65663868,25.65663868,0.0,0.0,0.0,0.0,0.0,0.0,25.65663868,0.0
7425,scenario_1,54.23350857,53.15148219375,0.0,0.0,1.082026376249999,0.0,0.0,0.0,54.23350857,0.0
7426,scenario_1,40.68721994,40.68721994,0.0,0.0,0.0,0.0,0.0,0.0,40.68721994,0.0
7427,scenario_1,12.82079969,12.82079969,0.0,0.0,0.0,0.0,0.0,0.0,12.82079969,0.0
7428,scenario_1,4.619480677,4.619480677,0.0,0.0,0.0,0.0,0.0,0.0,4.619480677,0.0
7429,scenario_1,45.34581582,73.34581582,0.0,0.0,0.0,0.0,28.0,0.0,45.34581582,0.0
7430,scenario_1,27.41956325,27.41956325,0.0,0.0,0.0,0.0,0.0,0.0,27.41956325,0.0
7431,scenario_1,4.94978398,32.94978398,0.0,0.0,0.0,0.0,28.0,0.0,4.949783979999999,-8.881784197001252e-16
7432,scenario_1,5.13236245,33.13236245,0.0,0.0,0.0,0.0,28.0,0.0,5.132362450000002,2.6645352591003757e-15
7433,scenario_1,4.84945575,10.9855974429,0.0,0.0,0.0,0.0,6.1361416929,0.0,4.84945575,0.0
7434,scenario_1,7.8943734,0.0,0.0,0.0,7.8943734,0.0,0.0,0.0,7.8943734,0.0
7435,scenario_1,8.471943383,0.0,0.0,0.0,8.471943383,0.0,0.0,0.0,8.471943383,0.0
7436,scenario_1,7.665111783,0.0,0.0,0.0,7.665111783,0.0,0.0,0.0,7.665111783,0.0
7437,scenario_1,7.493826,0.0,0.0,0.0,7.493826,0.0,0.0,0.0,7.493826,0.0
7438,scenario_1,7.635740183,0.0,0.0,0.0,7.635740183,0.0,0.0,0.0,7.635740183,0.0
7439,scenario_1,6.22217275,0.0,0.0,0.0,6.22217275,0.0,0.0,0.0,6.22217275,0.0
7440,scenario_1,0.4281529,0.0,0.0,0.0,0.4281529,0.0,0.0,0.0,0.4281529,0.0
7441,scenario_1,0.504052733,0.0,0.0,0.0,0.504052733,0.0,0.0,0.0,0.504052733,0.0
7442,scenario_1,0.531735117,0.0,0.0,0.0,0.531735117,0.0,0.0,0.0,0.531735117,0.0
7443,scenario_1,0.956254,0.0,0.0,0.0,0.956254,0.0,0.0,0.0,0.956254,0.0
7444,scenario_1,6.477270217,0.0,0.0,0.0,6.477270217,0.0,0.0,0.0,6.477270217,0.0
7445,scenario_1,7.50897055,0.0,0.0,0.0,7.50897055,0.0,0.0,0.0,7.50897055,0.0
7446,scenario_1,3.078972333,0.0,0.0,0.0,3.078972333,0.0,0.0,0.0,3.078972333,0.0
7447,scenario_1,3.866525033,8.146428651299999,0.0,0.0,0.0,0.0,4.279903618299999,0.0,3.8665250330000003,4.440892098500626e-16
7448,scenario_1,26.30686365,41.55819091874999,0.0,0.0,0.0,0.0,15.251327268749993,0.0,26.30686365,0.0
7449,scenario_1,43.75312371,43.75312371,0.0,0.0,0.0,0.0,0.0,0.0,43.75312371,0.0
7450,scenario_1,41.67113626,53.146500536249995,0.0,0.0,0.0,0.0,11.475364276249998,0.0,41.67113626,0.0
7451,scenario_1,20.14329074,20.14329074,0.0,0.0,0.0,0.0,0.0,0.0,20.14329074,0.0
7452,scenario_1,6.426476988,34.426476988,0.0,0.0,0.0,0.0,28.0,0.0,6.4264769879999974,-2.6645352591003757e-15
7453,scenario_1,59.23974609,87.23974609,0.0,0.0,0.0,0.0,28.0,0.0,59.23974609,0.0
7454,scenario_1,27.10630471,44.9189546919,0.0,0.0,0.0,0.0,17.812649981899998,0.0,27.10630471,0.0
7455,scenario_1,4.681834708,4.681834708,0.0,0.0,0.0,0.0,0.0,0.0,4.681834708,0.0
7456,scenario_1,3.349490494,3.349490494,0.0,0.0,0.0,0.0,0.0,0.0,3.349490494,0.0
7457,scenario_1,4.24976135,6.7235762146499995,0.0,0.0,0.0,0.0,2.4738148646499996,0.0,4.24976135,0.0
7458,scenario_1,7.362693417,0.0,0.0,0.0,0.32752848840000864,7.0351649285999915,0.0,0.0,7.362693417,0.0
7459,scenario_1,8.734627333,0.0,0.0,0.0,8.734627333,0.0,0.0,0.0,8.734627333,0.0
7460,scenario_1,8.4182936,0.0,0.0,0.0,8.4182936,0.0,0.0,0.0,8.4182936,0.0
7461,scenario_1,7.79014145,0.0,0.0,0.0,7.79014145,0.0,0.0,0.0,7.79014145,0.0
7462,scenario_1,7.99725605,0.0,0.0,0.0,7.99725605,0.0,0.0,0.0,7.99725605,0.0
7463,scenario_1,5.687573917,0.0,0.0,0.0,5.687573917,0.0,0.0,0.0,5.687573917,0.0
7464,scenario_1,0.416420117,0.0,0.0,0.0,0.416420117,0.0,0.0,0.0,0.416420117,0.0
7465,scenario_1,0.4752016,0.0,0.0,0.0,0.4752016,0.0,0.0,0.0,0.4752016,0.0
7466,scenario_1,0.507986267,0.0,0.0,0.0,0.507986267,0.0,0.0,0.0,0.507986267,0.0
7467,scenario_1,1.085188567,0.0,0.0,0.0,1.085188567,0.0,0.0,0.0,1.085188567,0.0
7468,scenario_1,7.040241167,0.0,0.0,0.0,7.040241167,0.0,0.0,0.0,7.040241167,0.0
7469,scenario_1,7.526474583,0.0,0.0,0.0,7.526474583,0.0,0.0,0.0,7.526474583,0.0
7470,scenario_1,4.185395267,0.0,0.0,0.0,4.185395267,0.0,0.0,0.0,4.185395267,0.0
7471,scenario_1,20.06487507,13.7536967934,0.0,0.0,6.3111782766,0.0,0.0,0.0,20.06487507,0.0
7472,scenario_1,49.8951665,21.48803452545,0.0,0.0,28.0,0.4071319745500013,0.0,0.0,49.8951665,0.0
7473,scenario_1,67.98525398,61.688760663000004,0.0,0.0,6.296493316999992,0.0,0.0,0.0,67.98525398,0.0
7474,scenario_1,62.03562922,76.05118855170001,0.0,0.0,0.0,0.0,14.015559331700011,0.0,62.03562922,0.0
7475,scenario_1,35.58864117,63.58864117,0.0,0.0,0.0,0.0,28.0,0.0,35.58864117,0.0
7476,scenario_1,30.68190041,30.68190041,0.0,0.0,0.0,0.0,0.0,0.0,30.68190041,0.0
7477,scenario_1,69.82888647,69.82888647,0.0,0.0,0.0,0.0,0.0,0.0,69.82888647,0.0
7478,scenario_1,39.87959099,67.87959099,0.0,0.0,0.0,0.0,28.0,0.0,39.87959099,0.0
7479,scenario_1,17.28492914,45.257624553294434,0.0,0.0,0.0,0.0,27.97269541329443,0.0,17.284929140000003,3.552713678800501e-15
7480,scenario_1,10.09680358,36.55299327944999,0.0,0.0,0.0,0.0,26.456189699449993,0.0,10.09680358,0.0
7481,scenario_1,8.3263492,3.2029723147499998,0.0,0.0,5.12337688525,0.0,0.0,0.0,8.3263492,0.0
7482,scenario_1,9.42814485,0.0,0.0,0.0,9.42814485,0.0,0.0,0.0,9.42814485,0.0
7483,scenario_1,9.256247133,0.0,0.0,0.0,9.256247133,0.0,0.0,0.0,9.256247133,0.0
7484,scenario_1,8.787828867,0.0,0.0,0.0,8.787828867,0.0,0.0,0.0,8.787828867,0.0
7485,scenario_1,9.179440983,0.0,0.0,0.0,9.179440983,0.0,0.0,0.0,9.179440983,0.0
7486,scenario_1,9.3777867,0.0,0.0,0.0,9.3777867,0.0,0.0,0.0,9.3777867,0.0
7487,scenario_1,6.782888617,0.0,0.0,0.0,5.041642127900993,1.741246489099007,0.0,0.0,6.782888617,0.0
7488,scenario_1,0.4506026,0.0,0.0,0.0,0.4506026,0.0,0.0,0.0,0.4506026,0.0
7489,scenario_1,0.472068083,0.0,0.0,0.0,0.472068083,0.0,0.0,0.0,0.472068083,0.0
7490,scenario_1,0.5481696,0.0,0.0,0.0,0.5481696,0.0,0.0,0.0,0.5481696,0.0
7491,scenario_1,1.00304025,0.0,0.0,0.0,1.00304025,0.0,0.0,0.0,1.00304025,0.0
7492,scenario_1,7.517974717,0.0,0.0,0.0,7.517974717,0.0,0.0,0.0,7.517974717,0.0
7493,scenario_1,8.793673567,0.0,0.0,0.0,8.793673567,0.0,0.0,0.0,8.793673567,0.0
7494,scenario_1,4.54629715,0.0,0.0,0.0,0.0,4.54629715,0.0,0.0,4.54629715,0.0
7495,scenario_1,16.87359067,22.140402857099996,0.0,0.0,0.0,0.0,5.2668121870999975,0.0,16.87359067,0.0
7496,scenario_1,57.00475703,48.41669137455,0.0,0.0,8.588065655450002,0.0,0.0,0.0,57.00475703,0.0
7497,scenario_1,90.10595655,68.60790069705001,0.0,0.0,21.49805585294999,0.0,0.0,0.0,90.10595655,0.0
7498,scenario_1,74.07422513,74.07422513,0.0,0.0,0.0,0.0,0.0,0.0,74.07422513,0.0
7499,scenario_1,34.89384726,62.89384726,0.0,0.0,0.0,0.0,28.0,0.0,34.89384726,0.0
7500,scenario_1,30.67356782,47.398903331944446,0.0,0.0,0.0,0.0,16.725335511944447,0.0,30.67356782,0.0
7501,scenario_1,51.28176624,79.28176624,0.0,0.0,0.0,0.0,28.0,0.0,51.281766239999996,-7.105427357601002e-15
7502,scenario_1,29.36643825,57.36643825,0.0,0.0,0.0,0.0,28.0,0.0,29.36643825,0.0
7503,scenario_1,18.07628876,18.07628876,0.0,0.0,0.0,0.0,0.0,0.0,18.07628876,0.0
7504,scenario_1,12.02313166,35.742240592499996,0.0,0.0,0.0,0.0,23.719108932499996,0.0,12.02313166,0.0
7505,scenario_1,6.092916055,6.092916055,0.0,0.0,0.0,0.0,0.0,0.0,6.092916055,0.0
7506,scenario_1,8.320879983,0.0,0.0,0.0,0.0,8.320879983,0.0,0.0,8.320879983,0.0
7507,scenario_1,9.31934355,0.0,0.0,0.0,9.31934355,0.0,0.0,0.0,9.31934355,0.0
7508,scenario_1,8.7413118,0.0,0.0,0.0,8.7413118,0.0,0.0,0.0,8.7413118,0.0
7509,scenario_1,8.032496267,0.0,0.0,0.0,0.0,8.032496267,0.0,0.0,8.032496267,0.0
7510,scenario_1,7.438059583,0.0,0.0,0.0,7.438059583,0.0,0.0,0.0,7.438059583,0.0
7511,scenario_1,5.047393467,0.0,0.0,0.0,5.047393467,0.0,0.0,0.0,5.047393467,0.0
7512,scenario_1,0.432703,0.0,0.0,0.0,0.432703,0.0,0.0,0.0,0.432703,0.0
7513,scenario_1,0.5002858,0.0,0.0,0.0,0.5002858,0.0,0.0,0.0,0.5002858,0.0
7514,scenario_1,0.541802567,0.0,0.0,0.0,0.541802567,0.0,0.0,0.0,0.541802567,0.0
7515,scenario_1,1.243520867,0.0,0.0,0.0,1.243520867,0.0,0.0,0.0,1.243520867,0.0
7516,scenario_1,7.294290783,0.0,0.0,0.0,6.462777258149982,0.8315135248500178,0.0,0.0,7.294290783,0.0
7517,scenario_1,7.08691105,0.0,0.0,0.0,7.08691105,0.0,0.0,0.0,7.08691105,0.0
7518,scenario_1,2.868783433,0.0,0.0,0.0,2.868783433,0.0,0.0,0.0,2.868783433,0.0
7519,scenario_1,16.7833225,14.117156196149999,0.0,0.0,2.6661663038500016,0.0,0.0,0.0,16.7833225,0.0
7520,scenario_1,47.14562826,8.66885844345,0.0,0.0,28.0,10.476769816550002,0.0,0.0,47.14562826,0.0
7521,scenario_1,74.69852971,54.247588389,0.0,0.0,20.450941321000002,0.0,0.0,0.0,74.69852971,0.0
7522,scenario_1,60.81935308,61.674564912194455,0.0,0.0,0.0,0.0,0.855211832194457,0.0,60.81935308,0.0
7523,scenario_1,27.64100045,55.64100045,0.0,0.0,0.0,0.0,28.0,0.0,27.64100045,0.0
7524,scenario_1,29.10939442,57.10939442,0.0,0.0,0.0,0.0,28.0,0.0,29.10939442,0.0
7525,scenario_1,80.77064771,85.7962282761,0.0,0.0,0.0,0.0,5.02558056609999,0.0,80.77064771,0.0
7526,scenario_1,44.32083749,72.32083749,0.0,0.0,0.0,0.0,28.0,0.0,44.32083749,0.0
7527,scenario_1,18.89443238,18.89443238,0.0,0.0,0.0,0.0,0.0,0.0,18.89443238,0.0
7528,scenario_1,11.22749713,39.187905902699995,0.0,0.0,0.0,0.0,27.960408772699996,0.0,11.22749713,0.0
7529,scenario_1,5.394105033,11.99734830645,0.0,0.0,0.0,0.0,6.60324327345,0.0,5.394105033,0.0
7530,scenario_1,7.68551165,0.0,0.0,0.0,7.68551165,0.0,0.0,0.0,7.68551165,0.0
7531,scenario_1,9.385876417,0.0,0.0,0.0,0.0,9.385876417,0.0,0.0,9.385876417,0.0
7532,scenario_1,9.428342183,0.0,0.0,0.0,9.428342183,0.0,0.0,0.0,9.428342183,0.0
7533,scenario_1,8.752593517,0.0,0.0,0.0,8.752593517,0.0,0.0,0.0,8.752593517,0.0
7534,scenario_1,7.400277283,0.0,0.0,0.0,7.400277283,0.0,0.0,0.0,7.400277283,0.0
7535,scenario_1,6.617926367,0.0,0.0,0.0,0.0,6.617926367,0.0,0.0,6.617926367,0.0
7536,scenario_1,0.438153267,0.0,0.0,0.0,0.0,0.438153267,0.0,0.0,0.438153267,0.0
7537,scenario_1,0.4663696,0.0,0.0,0.0,0.4663696,0.0,0.0,0.0,0.4663696,0.0
7538,scenario_1,0.546636933,0.0,0.0,0.0,0.546636933,0.0,0.0,0.0,0.546636933,0.0
7539,scenario_1,0.981321617,0.0,0.0,0.0,0.981321617,0.0,0.0,0.0,0.981321617,0.0
7540,scenario_1,6.249606983,0.0,0.0,0.0,6.249606983,0.0,0.0,0.0,6.249606983,0.0
7541,scenario_1,7.931940667,0.0,0.0,0.0,7.931940667,0.0,0.0,0.0,7.931940667,0.0
7542,scenario_1,3.8931957,0.0,0.0,0.0,3.8931957,0.0,0.0,0.0,3.8931957,0.0
7543,scenario_1,10.79990227,18.2361941727,0.0,0.0,0.0,0.0,7.436291902699999,0.0,10.79990227,0.0
7544,scenario_1,48.55503036,28.15543149165,0.0,0.0,4.657002745010506,15.7425961233395,0.0,0.0,48.55503036,0.0
7545,scenario_1,79.98868678,40.087119959099994,0.0,0.0,28.0,11.901566820900001,0.0,0.0,79.98868678,0.0
7546,scenario_1,62.20159755,75.68073178905,0.0,0.0,0.0,0.0,13.479134239049998,0.0,62.20159755,0.0
7547,scenario_1,27.82751361,55.82751361,0.0,0.0,0.0,0.0,28.0,0.0,27.827513609999997,-3.552713678800501e-15
7548,scenario_1,26.91635954,54.91635954,0.0,0.0,0.0,0.0,28.0,0.0,26.916359540000002,3.552713678800501e-15
7549,scenario_1,92.36834152,65.8548726681,0.0,0.0,26.5134688519,0.0,0.0,0.0,92.36834152,0.0
7550,scenario_1,43.37933229,52.30947937935,0.0,0.0,0.0,0.0,8.930147089350001,0.0,43.37933229,0.0
7551,scenario_1,16.19420004,44.19420004,0.0,0.0,0.0,0.0,28.0,0.0,16.19420004,0.0
7552,scenario_1,10.64811494,34.320828486,0.0,0.0,0.0,0.0,23.672713546000004,0.0,10.64811494,0.0
7553,scenario_1,7.891132267,9.269472316949999,0.0,0.0,0.0,0.0,1.3783400499499994,0.0,7.891132267,0.0
7554,scenario_1,7.993511917,0.0,0.0,0.0,7.993511917,0.0,0.0,0.0,7.993511917,0.0
7555,scenario_1,9.2266945,0.0,0.0,0.0,0.0,9.2266945,0.0,0.0,9.2266945,0.0
7556,scenario_1,8.400878933,0.0,0.0,0.0,0.0,8.400878933,0.0,0.0,8.400878933,0.0
7557,scenario_1,8.14754545,0.0,0.0,0.0,0.0,8.14754545,0.0,0.0,8.14754545,0.0
7558,scenario_1,8.367242317,0.0,0.0,0.0,8.367242317,0.0,0.0,0.0,8.367242317,0.0
7559,scenario_1,6.255509667,0.0,0.0,0.0,6.255509667,0.0,0.0,0.0,6.255509667,0.0
7560,scenario_1,0.450302583,0.0,0.0,0.0,0.450302583,0.0,0.0,0.0,0.450302583,0.0
7561,scenario_1,0.506468683,0.0,0.0,0.0,0.0,0.506468683,0.0,0.0,0.506468683,0.0
7562,scenario_1,0.511986083,0.0,0.0,0.0,0.511986083,0.0,0.0,0.0,0.511986083,0.0
7563,scenario_1,0.928621883,0.0,0.0,0.0,0.928621883,0.0,0.0,0.0,0.928621883,0.0
7564,scenario_1,6.638455567,0.0,0.0,0.0,6.638455567,0.0,0.0,0.0,6.638455567,0.0
7565,scenario_1,7.76234095,0.0,0.0,0.0,7.76234095,0.0,0.0,0.0,7.76234095,0.0
7566,scenario_1,5.1492118,0.0,0.0,0.0,5.1492118,0.0,0.0,0.0,5.1492118,0.0
7567,scenario_1,15.93483649,8.72272358025,0.0,0.0,7.212112909750001,0.0,0.0,0.0,15.93483649,0.0
7568,scenario_1,70.59313191,31.217013704699994,0.0,0.0,28.0,11.376118205300003,0.0,0.0,70.59313191,0.0
7569,scenario_1,75.72361244,49.343432979599996,0.0,0.0,21.530704323250003,4.849475137150002,0.0,0.0,75.72361244000001,1.4210854715202004e-14
7570,scenario_1,65.8448312,65.8448312,0.0,0.0,0.0,0.0,0.0,0.0,65.8448312,0.0
7571,scenario_1,33.67856443,33.67856443,0.0,0.0,0.0,0.0,0.0,0.0,33.67856443,0.0
7572,scenario_1,28.17873783,45.03153366774879,0.0,0.0,0.0,0.0,16.852795837748786,0.0,28.178737830000003,3.552713678800501e-15
7573,scenario_1,71.0275642,71.0275642,0.0,0.0,0.0,0.0,0.0,0.0,71.0275642,0.0
7574,scenario_1,29.79877206,57.798772060000005,0.0,0.0,0.0,0.0,28.0,0.0,29.798772060000005,3.552713678800501e-15
7575,scenario_1,18.07511577,46.07511577,0.0,0.0,0.0,0.0,28.0,0.0,18.075115769999996,-3.552713678800501e-15
7576,scenario_1,10.64386135,37.9546139286,0.0,0.0,0.0,0.0,27.310752578599995,0.0,10.643861350000002,1.7763568394002505e-15
7577,scenario_1,8.396315283,10.820504578049999,0.0,0.0,0.0,0.0,2.424189295049999,0.0,8.396315283,0.0
7578,scenario_1,8.153627833,0.0,0.0,0.0,8.153627833,0.0,0.0,0.0,8.153627833,0.0
7579,scenario_1,9.019776633,0.0,0.0,0.0,9.019776633,0.0,0.0,0.0,9.019776633,0.0
7580,scenario_1,8.291459533,0.0,0.0,0.0,8.291459533,0.0,0.0,0.0,8.291459533,0.0
7581,scenario_1,8.449908983,0.0,0.0,0.0,8.449908983,0.0,0.0,0.0,8.449908983,0.0
7582,scenario_1,8.004842267,0.0,0.0,0.0,8.004842267,0.0,0.0,0.0,8.004842267,0.0
7583,scenario_1,5.861625483,0.0,0.0,0.0,5.861625483,0.0,0.0,0.0,5.861625483,0.0
7584,scenario_1,0.4265706,0.0,0.0,0.0,0.4265706,0.0,0.0,0.0,0.4265706,0.0
7585,scenario_1,0.474569683,0.0,0.0,0.0,0.474569683,0.0,0.0,0.0,0.474569683,0.0
7586,scenario_1,0.5041193,0.0,0.0,0.0,0.5041193,0.0,0.0,0.0,0.5041193,0.0
7587,scenario_1,1.508837083,0.0,0.0,0.0,1.508837083,0.0,0.0,0.0,1.508837083,0.0
7588,scenario_1,7.243753333,0.0,0.0,0.0,7.243753333,0.0,0.0,0.0,7.243753333,0.0
7589,scenario_1,7.385321267,0.0,0.0,0.0,7.385321267,0.0,0.0,0.0,7.385321267,0.0
7590,scenario_1,3.271157383,0.0,0.0,0.0,3.271157383,0.0,0.0,0.0,3.271157383,0.0
7591,scenario_1,7.517297773,3.51875082135,0.0,0.0,3.9985469516500003,0.0,0.0,0.0,7.517297773,0.0
7592,scenario_1,21.83267149,26.7695786157,0.0,0.0,0.0,0.0,4.9369071256999995,0.0,21.83267149,0.0
7593,scenario_1,50.37602171,35.87517572459999,0.0,0.0,14.500845985400012,0.0,0.0,0.0,50.37602171,0.0
7594,scenario_1,45.35826818,45.35826818,0.0,0.0,0.0,0.0,0.0,0.0,45.35826818,0.0
7595,scenario_1,14.25195985,14.25195985,0.0,0.0,0.0,0.0,0.0,0.0,14.25195985,0.0
7596,scenario_1,6.270884376,34.270884376,0.0,0.0,0.0,0.0,28.0,0.0,6.270884375999998,-1.7763568394002505e-15
7597,scenario_1,48.22522595,70.86217483754818,0.0,0.0,0.0,0.0,22.636948887548176,0.0,48.22522595000001,7.105427357601002e-15
7598,scenario_1,24.39502792,52.395027920000004,0.0,0.0,0.0,0.0,28.0,0.0,24.395027920000004,3.552713678800501e-15
7599,scenario_1,5.599310986,5.599310986,0.0,0.0,0.0,0.0,0.0,0.0,5.599310986,0.0
7600,scenario_1,4.122739469,32.122739469,0.0,0.0,0.0,0.0,28.0,0.0,4.1227394690000025,2.6645352591003757e-15
7601,scenario_1,4.159594388,11.66108777325,0.0,0.0,0.0,0.0,7.501493385249999,0.0,4.159594388,0.0
7602,scenario_1,6.98175765,0.0,0.0,0.0,6.98175765,0.0,0.0,0.0,6.98175765,0.0
7603,scenario_1,9.11803975,0.0,0.0,0.0,9.11803975,0.0,0.0,0.0,9.11803975,0.0
7604,scenario_1,9.928803867,0.0,0.0,0.0,9.928803867,0.0,0.0,0.0,9.928803867,0.0
7605,scenario_1,9.99770255,0.0,0.0,0.0,9.99770255,0.0,0.0,0.0,9.99770255,0.0
7606,scenario_1,8.802154167,0.0,0.0,0.0,8.802154167,0.0,0.0,0.0,8.802154167,0.0
7607,scenario_1,5.76125685,0.0,0.0,0.0,5.76125685,0.0,0.0,0.0,5.76125685,0.0
7608,scenario_1,0.431402633,0.0,0.0,0.0,0.431402633,0.0,0.0,0.0,0.431402633,0.0
7609,scenario_1,0.45696835,0.0,0.0,0.0,0.45696835,0.0,0.0,0.0,0.45696835,0.0
7610,scenario_1,0.4801355,0.0,0.0,0.0,0.4801355,0.0,0.0,0.0,0.4801355,0.0
7611,scenario_1,1.2404859,0.0,0.0,0.0,1.2404859,0.0,0.0,0.0,1.2404859,0.0
7612,scenario_1,7.139804783,0.0,0.0,0.0,7.139804783,0.0,0.0,0.0,7.139804783,0.0
7613,scenario_1,7.06752545,0.0,0.0,0.0,7.06752545,0.0,0.0,0.0,7.06752545,0.0
7614,scenario_1,2.598342783,0.0,0.0,0.0,2.598342783,0.0,0.0,0.0,2.598342783,0.0
7615,scenario_1,3.959925814,17.036942299349995,0.0,0.0,0.0,0.0,13.077016485349995,0.0,3.959925814,0.0
7616,scenario_1,37.16085941,24.94348937475,0.0,0.0,12.21737003525,0.0,0.0,0.0,37.16085941,0.0
7617,scenario_1,47.12252719,36.37975586415,0.0,0.0,10.74277132585,0.0,0.0,0.0,47.12252719,0.0
7618,scenario_1,34.70907507,62.70907507,0.0,0.0,0.0,0.0,28.0,0.0,34.70907507,0.0
7619,scenario_1,10.30954768,38.30954768,0.0,0.0,0.0,0.0,28.0,0.0,10.309547680000001,1.7763568394002505e-15
7620,scenario_1,9.507099879,37.507099879,0.0,0.0,0.0,0.0,28.0,0.0,9.507099879000002,1.7763568394002505e-15
7621,scenario_1,48.10652643,48.10652643,0.0,0.0,0.0,0.0,0.0,0.0,48.10652643,0.0
7622,scenario_1,33.9144595,33.9144595,0.0,0.0,0.0,0.0,0.0,0.0,33.9144595,0.0
7623,scenario_1,4.143840676,32.143840675999996,0.0,0.0,0.0,0.0,28.0,0.0,4.143840675999996,-3.552713678800501e-15
7624,scenario_1,3.945944973,3.945944973,0.0,0.0,0.0,0.0,0.0,0.0,3.945944973,0.0
7625,scenario_1,4.187676377,4.187676377,0.0,0.0,0.0,0.0,0.0,0.0,4.187676377,0.0
7626,scenario_1,6.985423167,0.0,0.0,0.0,6.985423167,0.0,0.0,0.0,6.985423167,0.0
7627,scenario_1,9.305721917,0.0,0.0,0.0,9.305721917,0.0,0.0,0.0,9.305721917,0.0
7628,scenario_1,9.0306551,0.0,0.0,0.0,9.0306551,0.0,0.0,0.0,9.0306551,0.0
7629,scenario_1,9.026822467,0.0,0.0,0.0,9.026822467,0.0,0.0,0.0,9.026822467,0.0
7630,scenario_1,8.159654833,0.0,0.0,0.0,8.159654833,0.0,0.0,0.0,8.159654833,0.0
7631,scenario_1,6.517091483,0.0,0.0,0.0,6.517091483,0.0,0.0,0.0,6.517091483,0.0
7632,scenario_1,0.4280025,0.0,0.0,0.0,0.4280025,0.0,0.0,0.0,0.4280025,0.0
7633,scenario_1,0.460718717,0.0,0.0,0.0,0.460718717,0.0,0.0,0.0,0.460718717,0.0
7634,scenario_1,0.516619267,0.0,0.0,0.0,0.516619267,0.0,0.0,0.0,0.516619267,0.0
7635,scenario_1,1.111722533,0.0,0.0,0.0,1.111722533,0.0,0.0,0.0,1.111722533,0.0
7636,scenario_1,7.469706067,0.0,0.0,0.0,7.469706067,0.0,0.0,0.0,7.469706067,0.0
7637,scenario_1,8.547222883,0.0,0.0,0.0,8.547222883,0.0,0.0,0.0,8.547222883,0.0
7638,scenario_1,5.20372725,0.0,0.0,0.0,5.20372725,0.0,0.0,0.0,5.20372725,0.0
7639,scenario_1,14.49515632,19.99015759155,0.0,0.0,0.0,0.0,5.495001271549999,0.0,14.49515632,0.0
7640,scenario_1,51.77910201,46.320821176349995,0.0,0.0,5.458280833650008,0.0,0.0,0.0,51.77910201,0.0
7641,scenario_1,62.11448424,69.42868753290001,0.0,0.0,0.0,0.0,7.314203292900011,0.0,62.11448424,0.0
7642,scenario_1,56.07916869,56.07916869,0.0,0.0,0.0,0.0,0.0,0.0,56.07916869,0.0
7643,scenario_1,38.2011473,50.23779985776481,0.0,0.0,0.0,0.0,12.036652557764805,0.0,38.20114730000001,7.105427357601002e-15
7644,scenario_1,27.86969645,55.86969645,0.0,0.0,0.0,0.0,28.0,0.0,27.86969645,0.0
7645,scenario_1,84.7658259,87.89358463815,0.0,0.0,0.0,0.0,3.127758738150007,0.0,84.7658259,0.0
7646,scenario_1,56.44915489,69.30708276104998,0.0,0.0,0.0,0.0,12.85792787104998,0.0,56.44915489,0.0
7647,scenario_1,21.73466991,21.73466991,0.0,0.0,0.0,0.0,0.0,0.0,21.73466991,0.0
7648,scenario_1,12.17917714,37.759324621199994,0.0,0.0,0.0,0.0,25.580147481199994,0.0,12.17917714,0.0
7649,scenario_1,9.557997971,11.7158981382,0.0,0.0,0.0,0.0,2.1579001671999993,0.0,9.557997971,0.0
7650,scenario_1,7.8605615,0.0,0.0,0.0,0.0,7.8605615,0.0,0.0,7.8605615,0.0
7651,scenario_1,8.98089385,0.0,0.0,0.0,8.98089385,0.0,0.0,0.0,8.98089385,0.0
7652,scenario_1,7.637311217,0.0,0.0,0.0,7.637311217,0.0,0.0,0.0,7.637311217,0.0
7653,scenario_1,8.235626483,0.0,0.0,0.0,8.235626483,0.0,0.0,0.0,8.235626483,0.0
7654,scenario_1,8.794457617,0.0,0.0,0.0,8.794457617,0.0,0.0,0.0,8.794457617,0.0
7655,scenario_1,4.773510783,0.0,0.0,0.0,4.773510783,0.0,0.0,0.0,4.773510783,0.0
7656,scenario_1,0.422002983,0.0,0.0,0.0,0.422002983,0.0,0.0,0.0,0.422002983,0.0
7657,scenario_1,0.461135083,0.0,0.0,0.0,0.461135083,0.0,0.0,0.0,0.461135083,0.0
7658,scenario_1,0.512503667,0.0,0.0,0.0,0.512503667,0.0,0.0,0.0,0.512503667,0.0
7659,scenario_1,1.681140283,0.0,0.0,0.0,1.681140283,0.0,0.0,0.0,1.681140283,0.0
7660,scenario_1,6.726959717,0.0,0.0,0.0,6.726959717,0.0,0.0,0.0,6.726959717,0.0
7661,scenario_1,7.731410983,0.0,0.0,0.0,7.731410983,0.0,0.0,0.0,7.731410983,0.0
7662,scenario_1,3.583551033,0.0,0.0,0.0,3.583551033,0.0,0.0,0.0,3.583551033,0.0
7663,scenario_1,11.29758046,3.4110564548999998,0.0,0.0,4.111467612899991,3.7750563922000095,0.0,0.0,11.29758046,0.0
7664,scenario_1,64.86488369,44.3699547117,0.0,0.0,20.494928978300003,0.0,0.0,0.0,64.86488369,0.0
7665,scenario_1,78.41376585,61.7606661402,0.0,0.0,16.653099709800003,0.0,0.0,0.0,78.41376585,0.0
7666,scenario_1,72.46724315,82.567324749,0.0,0.0,0.0,0.0,10.100081598999992,0.0,72.46724315,0.0
7667,scenario_1,35.45831481,35.45831481,0.0,0.0,0.0,0.0,0.0,0.0,35.45831481,0.0
7668,scenario_1,32.9755904,60.9755904,0.0,0.0,0.0,0.0,28.0,0.0,32.9755904,0.0
7669,scenario_1,69.7640786,85.3751577507,0.0,0.0,0.0,0.0,15.611079150699993,0.0,69.7640786,0.0
7670,scenario_1,32.367554,60.367554,0.0,0.0,0.0,0.0,28.0,0.0,32.367554,0.0
7671,scenario_1,14.20415533,42.20415533,0.0,0.0,0.0,0.0,28.0,0.0,14.204155329999999,-1.7763568394002505e-15
7672,scenario_1,9.95861435,17.82826640553825,0.0,0.0,0.0,0.0,7.869652055538252,0.0,9.95861435,0.0
7673,scenario_1,6.522772359,12.287251973699998,0.0,0.0,0.0,0.0,5.764479614699998,0.0,6.522772359,0.0
7674,scenario_1,7.4510595,0.0,0.0,0.0,7.4510595,0.0,0.0,0.0,7.4510595,0.0
7675,scenario_1,10.30327613,0.0,0.0,0.0,10.30327613,0.0,0.0,0.0,10.30327613,0.0
7676,scenario_1,9.253094717,0.0,0.0,0.0,9.253094717,0.0,0.0,0.0,9.253094717,0.0
7677,scenario_1,8.6844764,0.0,0.0,0.0,8.6844764,0.0,0.0,0.0,8.6844764,0.0
7678,scenario_1,7.94755835,0.0,0.0,0.0,7.94755835,0.0,0.0,0.0,7.94755835,0.0
7679,scenario_1,6.53179375,0.0,0.0,0.0,6.53179375,0.0,0.0,0.0,6.53179375,0.0
7680,scenario_1,0.438535983,0.0,0.0,0.0,0.438535983,0.0,0.0,0.0,0.438535983,0.0
7681,scenario_1,0.474521183,0.0,0.0,0.0,0.474521183,0.0,0.0,0.0,0.474521183,0.0
7682,scenario_1,0.57772155,0.0,0.0,0.0,0.57772155,0.0,0.0,0.0,0.57772155,0.0
7683,scenario_1,1.210939317,0.0,0.0,0.0,1.210939317,0.0,0.0,0.0,1.210939317,0.0
7684,scenario_1,7.0112568,0.0,0.0,0.0,7.0112568,0.0,0.0,0.0,7.0112568,0.0
7685,scenario_1,7.843624183,0.0,0.0,0.0,7.843624183,0.0,0.0,0.0,7.843624183,0.0
7686,scenario_1,4.20656485,0.0,0.0,0.0,4.20656485,0.0,0.0,0.0,4.20656485,0.0
7687,scenario_1,21.26723385,18.499213556249998,0.0,0.0,2.768020293750002,0.0,0.0,0.0,21.26723385,0.0
7688,scenario_1,38.46132429,38.46132429,0.0,0.0,0.0,0.0,0.0,0.0,38.46132429,0.0
7689,scenario_1,81.28719396,56.0799501066,0.0,0.0,25.207243853399994,0.0,0.0,0.0,81.28719396,0.0
7690,scenario_1,56.21625412,74.45610201660001,0.0,0.0,0.0,0.0,18.23984789660001,0.0,56.21625412,0.0
7691,scenario_1,32.4633614,60.4633614,0.0,0.0,0.0,0.0,28.0,0.0,32.4633614,0.0
7692,scenario_1,27.82308398,27.82308398,0.0,0.0,0.0,0.0,0.0,0.0,27.82308398,0.0
7693,scenario_1,75.2003772,75.2003772,0.0,0.0,0.0,0.0,0.0,0.0,75.2003772,0.0
7694,scenario_1,42.67509386,70.67509386,0.0,0.0,0.0,0.0,28.0,0.0,42.675093860000004,7.105427357601002e-15
7695,scenario_1,20.23112678,48.23112678,0.0,0.0,0.0,0.0,28.0,0.0,20.231126779999997,-3.552713678800501e-15
7696,scenario_1,16.3555738,37.733581032900005,0.0,0.0,0.0,0.0,21.378007232900007,0.0,16.3555738,0.0
7697,scenario_1,6.799279683,6.799279683,0.0,0.0,0.0,0.0,0.0,0.0,6.799279683,0.0
7698,scenario_1,7.485245533,0.0,0.0,0.0,7.485245533,0.0,0.0,0.0,7.485245533,0.0
7699,scenario_1,9.3532262,0.0,0.0,0.0,9.3532262,0.0,0.0,0.0,9.3532262,0.0
7700,scenario_1,9.76100805,0.0,0.0,0.0,9.76100805,0.0,0.0,0.0,9.76100805,0.0
7701,scenario_1,8.980027233,0.0,0.0,0.0,8.980027233,0.0,0.0,0.0,8.980027233,0.0
7702,scenario_1,8.3358572,0.0,0.0,0.0,8.3358572,0.0,0.0,0.0,8.3358572,0.0
7703,scenario_1,6.622476217,0.0,0.0,0.0,6.622476217,0.0,0.0,0.0,6.622476217,0.0
7704,scenario_1,0.430220017,0.0,0.0,0.0,0.430220017,0.0,0.0,0.0,0.430220017,0.0
7705,scenario_1,0.47965305,0.0,0.0,0.0,0.47965305,0.0,0.0,0.0,0.47965305,0.0
7706,scenario_1,0.570120833,0.0,0.0,0.0,0.570120833,0.0,0.0,0.0,0.570120833,0.0
7707,scenario_1,1.218372483,0.0,0.0,0.0,1.218372483,0.0,0.0,0.0,1.218372483,0.0
7708,scenario_1,6.8770074,0.0,0.0,0.0,6.8770074,0.0,0.0,0.0,6.8770074,0.0
7709,scenario_1,7.5687424,0.0,0.0,0.0,7.5687424,0.0,0.0,0.0,7.5687424,0.0
7710,scenario_1,4.07533125,0.0,0.0,0.0,4.07533125,0.0,0.0,0.0,4.07533125,0.0
7711,scenario_1,13.59284103,12.8602354791,0.0,0.0,0.7326055509000007,0.0,0.0,0.0,13.59284103,0.0
7712,scenario_1,42.41636666,37.043793039149996,0.0,0.0,5.372573620850005,0.0,0.0,0.0,42.41636666,0.0
7713,scenario_1,75.01687857,58.052111349449994,0.0,0.0,16.96476722055001,0.0,0.0,0.0,75.01687857,0.0
7714,scenario_1,66.74890911,69.7244825463,0.0,0.0,0.0,0.0,2.975573436299996,0.0,66.74890911,0.0
7715,scenario_1,42.20353254,70.20353254,0.0,0.0,0.0,0.0,28.0,0.0,42.20353254,0.0
7716,scenario_1,31.26577497,59.265774969999995,0.0,0.0,0.0,0.0,28.0,0.0,31.265774969999995,-3.552713678800501e-15
7717,scenario_1,70.11993662,84.71308970909999,0.0,0.0,0.0,0.0,14.593153089099985,0.0,70.11993662,0.0
7718,scenario_1,36.6822982,49.86716726539258,0.0,0.0,0.0,0.0,13.184869065392585,0.0,36.6822982,0.0
7719,scenario_1,16.73993057,16.73993057,0.0,0.0,0.0,0.0,0.0,0.0,16.73993057,0.0
7720,scenario_1,11.51618864,38.24070812909999,0.0,0.0,0.0,0.0,26.724519489099993,0.0,11.51618864,0.0
7721,scenario_1,7.312073271,11.7312070842,0.0,0.0,0.0,0.0,4.419133813199999,0.0,7.312073271,0.0
7722,scenario_1,6.744142383,0.0,0.0,0.0,6.744142383,0.0,0.0,0.0,6.744142383,0.0
7723,scenario_1,8.417976433,0.0,0.0,0.0,8.417976433,0.0,0.0,0.0,8.417976433,0.0
7724,scenario_1,8.82594305,0.0,0.0,0.0,0.0,8.82594305,0.0,0.0,8.82594305,0.0
7725,scenario_1,8.7193753,0.0,0.0,0.0,4.178854150999997,4.540521149000003,0.0,0.0,8.7193753,0.0
7726,scenario_1,8.32105925,0.0,0.0,0.0,0.0,8.32105925,0.0,0.0,8.32105925,0.0
7727,scenario_1,5.717160483,0.0,0.0,0.0,5.717160483,0.0,0.0,0.0,5.717160483,0.0
7728,scenario_1,0.425003533,0.0,0.0,0.0,0.425003533,0.0,0.0,0.0,0.425003533,0.0
7729,scenario_1,0.467602967,0.0,0.0,0.0,0.0,0.467602967,0.0,0.0,0.467602967,0.0
7730,scenario_1,0.56945385,0.0,0.0,0.0,0.0,0.56945385,0.0,0.0,0.56945385,0.0
7731,scenario_1,0.980604567,0.0,0.0,0.0,0.0,0.980604567,0.0,0.0,0.980604567,0.0
7732,scenario_1,7.41022225,0.0,0.0,0.0,7.41022225,0.0,0.0,0.0,7.41022225,0.0
7733,scenario_1,7.657741,0.0,0.0,0.0,7.657741,0.0,0.0,0.0,7.657741,0.0
7734,scenario_1,4.248899767,0.0,0.0,0.0,4.248899767,0.0,0.0,0.0,4.248899767,0.0
7735,scenario_1,24.63002903,8.684903792399998,0.0,0.0,0.0,15.945125237600001,0.0,0.0,24.63002903,0.0
7736,scenario_1,67.75156194,22.310170146599997,0.0,0.0,28.0,17.441391793400005,0.0,0.0,67.75156194,0.0
7737,scenario_1,94.31442483,51.265457424299996,0.0,0.0,28.0,15.048967405699997,0.0,0.0,94.31442483,0.0
7738,scenario_1,65.99380308,65.99380308,0.0,0.0,0.0,0.0,0.0,0.0,65.99380308,0.0
7739,scenario_1,30.47809292,39.31785953978334,0.0,0.0,0.0,0.0,8.839766619783337,0.0,30.478092920000005,3.552713678800501e-15
7740,scenario_1,28.3669498,28.3669498,0.0,0.0,0.0,0.0,0.0,0.0,28.3669498,0.0
7741,scenario_1,59.90356209,87.90356209000001,0.0,0.0,0.0,0.0,28.0,0.0,59.90356209000001,7.105427357601002e-15
7742,scenario_1,19.98547641,19.98547641,0.0,0.0,0.0,0.0,0.0,0.0,19.98547641,0.0
7743,scenario_1,16.74762046,44.74762046,0.0,0.0,0.0,0.0,28.0,0.0,16.74762046,0.0
7744,scenario_1,14.59210909,35.72609720355,0.0,0.0,0.0,0.0,21.133988113549997,0.0,14.592109090000001,1.7763568394002505e-15
7745,scenario_1,9.0573718,9.0573718,0.0,0.0,0.0,0.0,0.0,0.0,9.0573718,0.0
7746,scenario_1,8.759930967,0.0,0.0,0.0,8.759930967,0.0,0.0,0.0,8.759930967,0.0
7747,scenario_1,9.594427517,0.0,0.0,0.0,9.594427517,0.0,0.0,0.0,9.594427517,0.0
7748,scenario_1,9.1760934,0.0,0.0,0.0,9.1760934,0.0,0.0,0.0,9.1760934,0.0
7749,scenario_1,8.740323867,0.0,0.0,0.0,8.740323867,0.0,0.0,0.0,8.740323867,0.0
7750,scenario_1,7.830492083,0.0,0.0,0.0,7.830492083,0.0,0.0,0.0,7.830492083,0.0
7751,scenario_1,6.327144233,0.0,0.0,0.0,6.327144233,0.0,0.0,0.0,6.327144233,0.0
7752,scenario_1,0.402804383,0.0,0.0,0.0,0.402804383,0.0,0.0,0.0,0.402804383,0.0
7753,scenario_1,0.480635067,0.0,0.0,0.0,0.480635067,0.0,0.0,0.0,0.480635067,0.0
7754,scenario_1,0.498201183,0.0,0.0,0.0,0.498201183,0.0,0.0,0.0,0.498201183,0.0
7755,scenario_1,1.054136267,0.0,0.0,0.0,1.054136267,0.0,0.0,0.0,1.054136267,0.0
7756,scenario_1,6.732089917,0.0,0.0,0.0,6.732089917,0.0,0.0,0.0,6.732089917,0.0
7757,scenario_1,7.28818935,0.0,0.0,0.0,7.28818935,0.0,0.0,0.0,7.28818935,0.0
7758,scenario_1,2.7542731,0.0,0.0,0.0,2.7542731,0.0,0.0,0.0,2.7542731,0.0
7759,scenario_1,8.995338288,8.995338288,0.0,0.0,0.0,0.0,0.0,0.0,8.995338288,0.0
7760,scenario_1,28.15239492,28.15239492,0.0,0.0,0.0,0.0,0.0,0.0,28.15239492,0.0
7761,scenario_1,59.74819185,59.74819185,0.0,0.0,0.0,0.0,0.0,0.0,59.74819185,0.0
7762,scenario_1,53.70905028,81.70905028,0.0,0.0,0.0,0.0,28.0,0.0,53.70905028,0.0
7763,scenario_1,7.132720804,35.132720804,0.0,0.0,0.0,0.0,28.0,0.0,7.132720804000002,1.7763568394002505e-15
7764,scenario_1,5.707898888,5.707898888,0.0,0.0,0.0,0.0,0.0,0.0,5.707898888,0.0
7765,scenario_1,39.13694635,67.13694635,0.0,0.0,0.0,0.0,28.0,0.0,39.13694635,0.0
7766,scenario_1,20.14205202,20.14205202,0.0,0.0,0.0,0.0,0.0,0.0,20.14205202,0.0
7767,scenario_1,5.266979871,17.711424315444447,0.0,0.0,0.0,0.0,12.444444444444445,0.0,5.266979871000002,1.7763568394002505e-15
7768,scenario_1,4.195080884,32.195080884,0.0,0.0,0.0,0.0,28.0,0.0,4.195080883999999,-8.881784197001252e-16
7769,scenario_1,6.379441233,6.379441233,0.0,0.0,0.0,0.0,0.0,0.0,6.379441233,0.0
7770,scenario_1,8.003209817,0.0,0.0,0.0,8.003209817,0.0,0.0,0.0,8.003209817,0.0
7771,scenario_1,8.645759367,0.0,0.0,0.0,8.645759367,0.0,0.0,0.0,8.645759367,0.0
7772,scenario_1,8.894024817,0.0,0.0,0.0,8.894024817,0.0,0.0,0.0,8.894024817,0.0
7773,scenario_1,8.550508183,0.0,0.0,0.0,8.550508183,0.0,0.0,0.0,8.550508183,0.0
7774,scenario_1,7.823190833,0.0,0.0,0.0,7.823190833,0.0,0.0,0.0,7.823190833,0.0
7775,scenario_1,5.465823883,0.0,0.0,0.0,5.465823883,0.0,0.0,0.0,5.465823883,0.0
7776,scenario_1,0.430202717,0.0,0.0,0.0,0.430202717,0.0,0.0,0.0,0.430202717,0.0
7777,scenario_1,0.461801767,0.0,0.0,0.0,0.461801767,0.0,0.0,0.0,0.461801767,0.0
7778,scenario_1,0.480401433,0.0,0.0,0.0,0.480401433,0.0,0.0,0.0,0.480401433,0.0
7779,scenario_1,1.242238633,0.0,0.0,0.0,1.242238633,0.0,0.0,0.0,1.242238633,0.0
7780,scenario_1,7.110705867,0.0,0.0,0.0,7.110705867,0.0,0.0,0.0,7.110705867,0.0
7781,scenario_1,7.16245585,0.0,0.0,0.0,7.16245585,0.0,0.0,0.0,7.16245585,0.0
7782,scenario_1,2.663459133,0.0,0.0,0.0,2.663459133,0.0,0.0,0.0,2.663459133,0.0
7783,scenario_1,7.748869193,17.2650194916,0.0,0.0,0.0,0.0,9.5161502986,0.0,7.748869193000001,8.881784197001252e-16
7784,scenario_1,24.68661088,24.68661088,0.0,0.0,0.0,0.0,0.0,0.0,24.68661088,0.0
7785,scenario_1,50.68445143,50.68445143,0.0,0.0,0.0,0.0,0.0,0.0,50.68445143,0.0
7786,scenario_1,38.14961261,38.14961261,0.0,0.0,0.0,0.0,0.0,0.0,38.14961261,0.0
7787,scenario_1,11.48113877,11.48113877,0.0,0.0,0.0,0.0,0.0,0.0,11.48113877,0.0
7788,scenario_1,6.888765506,6.888765506,0.0,0.0,0.0,0.0,0.0,0.0,6.888765506,0.0
7789,scenario_1,53.73436005,81.73436004999999,0.0,0.0,0.0,0.0,28.0,0.0,53.73436004999999,-7.105427357601002e-15
7790,scenario_1,28.47050328,38.30614899640247,0.0,0.0,0.0,0.0,9.835645716402471,0.0,28.47050328,0.0
7791,scenario_1,4.657076763,32.657076763,0.0,0.0,0.0,0.0,28.0,0.0,4.657076762999999,-8.881784197001252e-16
7792,scenario_1,4.291007762,4.291007762,0.0,0.0,0.0,0.0,0.0,0.0,4.291007762,0.0
7793,scenario_1,4.565623036,11.8481261568,0.0,0.0,0.0,0.0,7.2825031207999995,0.0,4.565623036,0.0
7794,scenario_1,7.60046045,0.0,0.0,0.0,7.60046045,0.0,0.0,0.0,7.60046045,0.0
7795,scenario_1,8.326159683,0.0,0.0,0.0,8.326159683,0.0,0.0,0.0,8.326159683,0.0
7796,scenario_1,8.2575593,0.0,0.0,0.0,8.2575593,0.0,0.0,0.0,8.2575593,0.0
7797,scenario_1,7.674308983,0.0,0.0,0.0,7.674308983,0.0,0.0,0.0,7.674308983,0.0
7798,scenario_1,7.547523167,0.0,0.0,0.0,5.280994904723988,2.2665282622760117,0.0,0.0,7.547523167,0.0
7799,scenario_1,6.4253391,0.0,0.0,0.0,6.4253391,0.0,0.0,0.0,6.4253391,0.0
7800,scenario_1,0.455402133,0.0,0.0,0.0,0.455402133,0.0,0.0,0.0,0.455402133,0.0
7801,scenario_1,0.4744015,0.0,0.0,0.0,0.4744015,0.0,0.0,0.0,0.4744015,0.0
7802,scenario_1,0.54586905,0.0,0.0,0.0,0.54586905,0.0,0.0,0.0,0.54586905,0.0
7803,scenario_1,0.975722567,0.0,0.0,0.0,0.975722567,0.0,0.0,0.0,0.975722567,0.0
7804,scenario_1,7.184573467,0.0,0.0,0.0,7.184573467,0.0,0.0,0.0,7.184573467,0.0
7805,scenario_1,8.18399295,0.0,0.0,0.0,8.18399295,0.0,0.0,0.0,8.18399295,0.0
7806,scenario_1,2.979248733,0.0,0.0,0.0,2.979248733,0.0,0.0,0.0,2.979248733,0.0
7807,scenario_1,15.0801825,18.6437408154,0.0,0.0,0.0,0.0,3.5635583154000017,0.0,15.0801825,0.0
7808,scenario_1,58.75084744,44.526525939749995,0.0,0.0,14.224321500250007,0.0,0.0,0.0,58.75084744,0.0
7809,scenario_1,63.22757633,38.1294484155,0.0,0.0,25.098127914499997,0.0,0.0,0.0,63.22757633,0.0
7810,scenario_1,75.86141103,75.86141103,0.0,0.0,0.0,0.0,0.0,0.0,75.86141103,0.0
7811,scenario_1,34.8206127,62.8206127,0.0,0.0,0.0,0.0,28.0,0.0,34.8206127,0.0
7812,scenario_1,27.35154081,27.35154081,0.0,0.0,0.0,0.0,0.0,0.0,27.35154081,0.0
7813,scenario_1,72.41159994,91.57329103635001,0.0,0.0,0.0,0.0,19.16169109635001,0.0,72.41159994,0.0
7814,scenario_1,26.0027263,54.0027263,0.0,0.0,0.0,0.0,28.0,0.0,26.0027263,0.0
7815,scenario_1,17.0222838,45.0222838,0.0,0.0,0.0,0.0,28.0,0.0,17.022283799999997,-3.552713678800501e-15
7816,scenario_1,11.73871755,11.73871755,0.0,0.0,0.0,0.0,0.0,0.0,11.73871755,0.0
7817,scenario_1,8.189834833,11.89127294805,0.0,0.0,0.0,0.0,3.7014381150499993,0.0,8.189834833,0.0
7818,scenario_1,9.32262895,0.0,0.0,0.0,9.32262895,0.0,0.0,0.0,9.32262895,0.0
7819,scenario_1,10.465961,0.0,0.0,0.0,10.465961,0.0,0.0,0.0,10.465961,0.0
7820,scenario_1,10.26171023,0.0,0.0,0.0,10.26171023,0.0,0.0,0.0,10.26171023,0.0
7821,scenario_1,9.448024983,0.0,0.0,0.0,9.448024983,0.0,0.0,0.0,9.448024983,0.0
7822,scenario_1,7.695509,0.0,0.0,0.0,7.695509,0.0,0.0,0.0,7.695509,0.0
7823,scenario_1,5.943110233,0.0,0.0,0.0,5.943110233,0.0,0.0,0.0,5.943110233,0.0
7824,scenario_1,0.430603633,0.0,0.0,0.0,0.430603633,0.0,0.0,0.0,0.430603633,0.0
7825,scenario_1,0.4738693,0.0,0.0,0.0,0.4738693,0.0,0.0,0.0,0.4738693,0.0
7826,scenario_1,0.518719333,0.0,0.0,0.0,0.518719333,0.0,0.0,0.0,0.518719333,0.0
7827,scenario_1,1.063674033,0.0,0.0,0.0,1.063674033,0.0,0.0,0.0,1.063674033,0.0
7828,scenario_1,7.332276667,0.0,0.0,0.0,7.332276667,0.0,0.0,0.0,7.332276667,0.0
7829,scenario_1,7.896463233,0.0,0.0,0.0,7.896463233,0.0,0.0,0.0,7.896463233,0.0
7830,scenario_1,4.24161365,0.0,0.0,0.0,4.24161365,0.0,0.0,0.0,4.24161365,0.0
7831,scenario_1,9.34229315,17.554975855349998,0.0,0.0,0.0,0.0,8.212682705349998,0.0,9.34229315,0.0
7832,scenario_1,48.08488612,43.10953886865,0.0,0.0,4.975347251350001,0.0,0.0,0.0,48.08488612,0.0
7833,scenario_1,72.69577231,65.6261661816,0.0,0.0,7.069606128399997,0.0,0.0,0.0,72.69577231,0.0
7834,scenario_1,51.48178566,77.27865334061423,0.0,0.0,0.0,0.0,25.796867680614227,0.0,51.48178566,0.0
7835,scenario_1,37.46169374,65.46169374,0.0,0.0,0.0,0.0,28.0,0.0,37.46169374,0.0
7836,scenario_1,27.13355687,55.13355687,0.0,0.0,0.0,0.0,28.0,0.0,27.13355687,0.0
7837,scenario_1,82.63273605,91.0707028245,0.0,0.0,0.0,0.0,8.437966774499998,0.0,82.63273605,0.0
7838,scenario_1,61.05962326,61.05962326,0.0,0.0,0.0,0.0,0.0,0.0,61.05962326,0.0
7839,scenario_1,17.65082257,17.65082257,0.0,0.0,0.0,0.0,0.0,0.0,17.65082257,0.0
7840,scenario_1,11.05051804,37.76347367399999,0.0,0.0,0.0,0.0,26.71295563399999,0.0,11.05051804,0.0
7841,scenario_1,6.112144734,6.112144734,0.0,0.0,0.0,0.0,0.0,0.0,6.112144734,0.0
7842,scenario_1,8.04386185,0.0,0.0,0.0,8.04386185,0.0,0.0,0.0,8.04386185,0.0
7843,scenario_1,8.918815367,0.0,0.0,0.0,8.918815367,0.0,0.0,0.0,8.918815367,0.0
7844,scenario_1,8.4600654,0.0,0.0,0.0,8.4600654,0.0,0.0,0.0,8.4600654,0.0
7845,scenario_1,9.077725583,0.0,0.0,0.0,9.077725583,0.0,0.0,0.0,9.077725583,0.0
7846,scenario_1,8.03795845,0.0,0.0,0.0,8.03795845,0.0,0.0,0.0,8.03795845,0.0
7847,scenario_1,5.242943183,0.0,0.0,0.0,5.242943183,0.0,0.0,0.0,5.242943183,0.0
7848,scenario_1,0.44506915,0.0,0.0,0.0,0.44506915,0.0,0.0,0.0,0.44506915,0.0
7849,scenario_1,0.488768167,0.0,0.0,0.0,0.488768167,0.0,0.0,0.0,0.488768167,0.0
7850,scenario_1,0.520768267,0.0,0.0,0.0,0.520768267,0.0,0.0,0.0,0.520768267,0.0
7851,scenario_1,1.265988233,0.0,0.0,0.0,1.265988233,0.0,0.0,0.0,1.265988233,0.0
7852,scenario_1,7.148871967,0.0,0.0,0.0,7.148871967,0.0,0.0,0.0,7.148871967,0.0
7853,scenario_1,8.458972883,0.0,0.0,0.0,8.458972883,0.0,0.0,0.0,8.458972883,0.0
7854,scenario_1,4.865440367,0.0,0.0,0.0,4.865440367,0.0,0.0,0.0,4.865440367,0.0
7855,scenario_1,17.15714129,18.571789136849997,0.0,0.0,0.0,0.0,1.4146478468499986,0.0,17.15714129,0.0
7856,scenario_1,60.58994258,44.19093085305,0.0,0.0,16.39901172695,0.0,0.0,0.0,60.58994258,0.0
7857,scenario_1,77.70038999,66.29807155679998,0.0,0.0,11.402318433200023,0.0,0.0,0.0,77.70038999,0.0
7858,scenario_1,75.69439298,83.7077483331,0.0,0.0,0.0,0.0,8.013355353099996,0.0,75.69439298,0.0
7859,scenario_1,30.79045251,58.79045251,0.0,0.0,0.0,0.0,28.0,0.0,30.79045251,0.0
7860,scenario_1,32.72772335,32.72772335,0.0,0.0,0.0,0.0,0.0,0.0,32.72772335,0.0
7861,scenario_1,55.43873346,83.43873346000001,0.0,0.0,0.0,0.0,28.0,0.0,55.43873346000001,7.105427357601002e-15
7862,scenario_1,31.2206497,44.126715810727816,0.0,0.0,0.0,0.0,12.906066110727812,0.0,31.220649700000003,3.552713678800501e-15
7863,scenario_1,13.34043594,41.34043594,0.0,0.0,0.0,0.0,28.0,0.0,13.340435939999999,-1.7763568394002505e-15
7864,scenario_1,11.67252489,11.67252489,0.0,0.0,0.0,0.0,0.0,0.0,11.67252489,0.0
7865,scenario_1,9.581150524,11.786164754249999,0.0,0.0,0.0,0.0,2.205014230249999,0.0,9.581150524,0.0
7866,scenario_1,8.721108567,0.0,0.0,0.0,8.721108567,0.0,0.0,0.0,8.721108567,0.0
7867,scenario_1,8.66500985,0.0,0.0,0.0,8.66500985,0.0,0.0,0.0,8.66500985,0.0
7868,scenario_1,8.201243183,0.0,0.0,0.0,8.201243183,0.0,0.0,0.0,8.201243183,0.0
7869,scenario_1,8.25514055,0.0,0.0,0.0,8.25514055,0.0,0.0,0.0,8.25514055,0.0
7870,scenario_1,7.607305717,0.0,0.0,0.0,7.607305717,0.0,0.0,0.0,7.607305717,0.0
7871,scenario_1,3.253625017,0.0,0.0,0.0,3.253625017,0.0,0.0,0.0,3.253625017,0.0
7872,scenario_1,0.43080375,0.0,0.0,0.0,0.43080375,0.0,0.0,0.0,0.43080375,0.0
7873,scenario_1,0.46693655,0.0,0.0,0.0,0.46693655,0.0,0.0,0.0,0.46693655,0.0
7874,scenario_1,0.535504833,0.0,0.0,0.0,0.535504833,0.0,0.0,0.0,0.535504833,0.0
7875,scenario_1,0.849889583,0.0,0.0,0.0,0.849889583,0.0,0.0,0.0,0.849889583,0.0
7876,scenario_1,7.313140817,0.0,0.0,0.0,7.313140817,0.0,0.0,0.0,7.313140817,0.0
7877,scenario_1,8.289757733,0.0,0.0,0.0,8.289757733,0.0,0.0,0.0,8.289757733,0.0
7878,scenario_1,4.58072725,0.0,0.0,0.0,4.58072725,0.0,0.0,0.0,4.58072725,0.0
7879,scenario_1,11.82279468,17.27248952685,0.0,0.0,0.0,0.0,5.449694846849999,0.0,11.82279468,0.0
7880,scenario_1,63.53965424,42.962667718199995,0.0,0.0,20.576986521800002,0.0,0.0,0.0,63.53965424,0.0
7881,scenario_1,72.26845465,65.66130310485,0.0,0.0,6.607151545149989,0.0,0.0,0.0,72.26845465,0.0
7882,scenario_1,65.61197609,65.61197609,0.0,0.0,0.0,0.0,0.0,0.0,65.61197609,0.0
7883,scenario_1,33.16131179,59.17621469084446,0.0,0.0,0.0,0.0,26.014902900844458,0.0,33.16131179,0.0
7884,scenario_1,28.49150712,56.49150712,0.0,0.0,0.0,0.0,28.0,0.0,28.49150712,0.0
7885,scenario_1,68.27016257,86.05690658699999,0.0,0.0,0.0,0.0,17.78674401699999,0.0,68.27016257,0.0
7886,scenario_1,28.38511336,28.38511336,0.0,0.0,0.0,0.0,0.0,0.0,28.38511336,0.0
7887,scenario_1,15.20082446,43.20082446,0.0,0.0,0.0,0.0,28.0,0.0,15.20082446,0.0
7888,scenario_1,12.81163593,37.4544334566,0.0,0.0,0.0,0.0,24.6427975266,0.0,12.811635930000001,1.7763568394002505e-15
7889,scenario_1,7.98570656,7.98570656,0.0,0.0,0.0,0.0,0.0,0.0,7.98570656,0.0
7890,scenario_1,7.94853225,0.0,0.0,0.0,7.94853225,0.0,0.0,0.0,7.94853225,0.0
7891,scenario_1,8.871445867,0.0,0.0,0.0,8.871445867,0.0,0.0,0.0,8.871445867,0.0
7892,scenario_1,8.645146267,0.0,0.0,0.0,8.645146267,0.0,0.0,0.0,8.645146267,0.0
7893,scenario_1,8.451461267,0.0,0.0,0.0,8.451461267,0.0,0.0,0.0,8.451461267,0.0
7894,scenario_1,7.82601105,0.0,0.0,0.0,0.0,7.82601105,0.0,0.0,7.82601105,0.0
7895,scenario_1,6.972291183,0.0,0.0,0.0,6.972291183,0.0,0.0,0.0,6.972291183,0.0
7896,scenario_1,0.43218685,0.0,0.0,0.0,0.43218685,0.0,0.0,0.0,0.43218685,0.0
7897,scenario_1,0.512669717,0.0,0.0,0.0,0.512669717,0.0,0.0,0.0,0.512669717,0.0
7898,scenario_1,0.579255417,0.0,0.0,0.0,0.0,0.579255417,0.0,0.0,0.579255417,0.0
7899,scenario_1,1.2326231,0.0,0.0,0.0,0.0,1.2326231,0.0,0.0,1.2326231,0.0
7900,scenario_1,7.547791217,0.0,0.0,0.0,3.6021410551254873,3.9456501618745135,0.0,0.0,7.547791217,0.0
7901,scenario_1,8.559125567,0.0,0.0,0.0,8.559125567,0.0,0.0,0.0,8.559125567,0.0
7902,scenario_1,4.114328717,0.0,0.0,0.0,0.0,4.114328717,0.0,0.0,4.114328717,0.0
7903,scenario_1,12.51087882,17.276648138549998,0.0,0.0,0.0,0.0,4.765769318549998,0.0,12.51087882,0.0
7904,scenario_1,41.90758357,24.20359276935,0.0,0.0,17.70399080065,0.0,0.0,0.0,41.90758357,0.0
7905,scenario_1,80.71712436,16.971432829199998,0.0,0.0,28.0,35.7456915308,0.0,0.0,80.71712436,0.0
7906,scenario_1,70.41115212,65.44986979574999,0.0,0.0,4.961282324250007,0.0,0.0,0.0,70.41115212,0.0
7907,scenario_1,41.94822579,45.6825331044,0.0,0.0,0.0,0.0,3.7343073143999987,0.0,41.94822579,0.0
7908,scenario_1,25.76539686,53.765396859999996,0.0,0.0,0.0,0.0,28.0,0.0,25.765396859999996,-3.552713678800501e-15
7909,scenario_1,69.84966976,88.0531220664,0.0,0.0,0.0,0.0,18.203452306399996,0.0,69.84966976,0.0
7910,scenario_1,47.49577668,33.97564766085,0.0,0.0,13.520129019149998,0.0,0.0,0.0,47.49577668,0.0
7911,scenario_1,20.07934615,48.07934615,0.0,0.0,0.0,0.0,28.0,0.0,20.07934615,0.0
7912,scenario_1,12.20125344,34.353169676099995,0.0,0.0,0.0,0.0,22.151916236099993,0.0,12.201253440000002,1.7763568394002505e-15
7913,scenario_1,8.051118817,13.5876138471,0.0,0.0,0.0,0.0,5.536495030099999,0.0,8.051118817,0.0
7914,scenario_1,8.487398717,0.0,0.0,0.0,0.0,8.487398717,0.0,0.0,8.487398717,0.0
7915,scenario_1,10.05757713,0.0,0.0,0.0,10.05757713,0.0,0.0,0.0,10.05757713,0.0
7916,scenario_1,9.222127433,0.0,0.0,0.0,9.222127433,0.0,0.0,0.0,9.222127433,0.0
7917,scenario_1,8.898943083,0.0,0.0,0.0,0.0,8.898943083,0.0,0.0,8.898943083,0.0
7918,scenario_1,8.131223617,0.0,0.0,0.0,8.131223617,0.0,0.0,0.0,8.131223617,0.0
7919,scenario_1,6.641610533,0.0,0.0,0.0,5.340851231671496,1.3007593013285037,0.0,0.0,6.641610533,0.0
7920,scenario_1,0.420936617,0.0,0.0,0.0,0.420936617,0.0,0.0,0.0,0.420936617,0.0
7921,scenario_1,0.46920215,0.0,0.0,0.0,0.46920215,0.0,0.0,0.0,0.46920215,0.0
7922,scenario_1,0.6250017,0.0,0.0,0.0,0.6250017,0.0,0.0,0.0,0.6250017,0.0
7923,scenario_1,1.483253967,0.0,0.0,0.0,1.483253967,0.0,0.0,0.0,1.483253967,0.0
7924,scenario_1,7.214021083,0.0,0.0,0.0,7.214021083,0.0,0.0,0.0,7.214021083,0.0
7925,scenario_1,7.621105417,0.0,0.0,0.0,7.621105417,0.0,0.0,0.0,7.621105417,0.0
7926,scenario_1,3.6858559,0.0,0.0,0.0,3.6858559,0.0,0.0,0.0,3.6858559,0.0
7927,scenario_1,15.43318357,11.6167066584,0.0,0.0,3.8164769116000006,0.0,0.0,0.0,15.43318357,0.0
7928,scenario_1,27.06799692,23.210429064299998,0.0,0.0,3.857567855700001,0.0,0.0,0.0,27.06799692,0.0
7929,scenario_1,33.49065681,46.15731937815,0.0,0.0,0.0,0.0,12.666662568150002,0.0,33.49065681,0.0
7930,scenario_1,57.86301307,37.511148003449996,0.0,0.0,20.351865066550005,0.0,0.0,0.0,57.86301307,0.0
7931,scenario_1,20.8957878,48.8957878,0.0,0.0,0.0,0.0,28.0,0.0,20.8957878,0.0
7932,scenario_1,7.042969033,35.042969033,0.0,0.0,0.0,0.0,28.0,0.0,7.0429690329999985,-1.7763568394002505e-15
7933,scenario_1,33.19867885,61.19867885,0.0,0.0,0.0,0.0,28.0,0.0,33.19867885,0.0
7934,scenario_1,22.19573272,22.19573272,0.0,0.0,0.0,0.0,0.0,0.0,22.19573272,0.0
7935,scenario_1,4.625212737,32.625212737,0.0,0.0,0.0,0.0,28.0,0.0,4.625212736999998,-1.7763568394002505e-15
7936,scenario_1,3.742435655,3.742435655,0.0,0.0,0.0,0.0,0.0,0.0,3.742435655,0.0
7937,scenario_1,4.195944167,4.195944167,0.0,0.0,0.0,0.0,0.0,0.0,4.195944167,0.0
7938,scenario_1,6.840426,0.0,0.0,0.0,6.840426,0.0,0.0,0.0,6.840426,0.0
7939,scenario_1,8.008457533,0.0,0.0,0.0,8.008457533,0.0,0.0,0.0,8.008457533,0.0
7940,scenario_1,8.451590567,0.0,0.0,0.0,8.451590567,0.0,0.0,0.0,8.451590567,0.0
7941,scenario_1,8.747423117,0.0,0.0,0.0,8.747423117,0.0,0.0,0.0,8.747423117,0.0
7942,scenario_1,7.910623633,0.0,0.0,0.0,7.910623633,0.0,0.0,0.0,7.910623633,0.0
7943,scenario_1,5.514341633,0.0,0.0,0.0,5.514341633,0.0,0.0,0.0,5.514341633,0.0
7944,scenario_1,0.452604233,0.0,0.0,0.0,0.452604233,0.0,0.0,0.0,0.452604233,0.0
7945,scenario_1,0.460519533,0.0,0.0,0.0,0.460519533,0.0,0.0,0.0,0.460519533,0.0
7946,scenario_1,0.493952883,0.0,0.0,0.0,0.493952883,0.0,0.0,0.0,0.493952883,0.0
7947,scenario_1,1.3343364,0.0,0.0,0.0,1.3343364,0.0,0.0,0.0,1.3343364,0.0
7948,scenario_1,6.836757067,0.0,0.0,0.0,6.836757067,0.0,0.0,0.0,6.836757067,0.0
7949,scenario_1,8.25540635,0.0,0.0,0.0,8.25540635,0.0,0.0,0.0,8.25540635,0.0
7950,scenario_1,3.918458083,0.0,0.0,0.0,3.918458083,0.0,0.0,0.0,3.918458083,0.0
7951,scenario_1,11.81283855,9.320727506399999,0.0,0.0,2.4921110436000014,0.0,0.0,0.0,11.81283855,0.0
7952,scenario_1,15.38366658,15.38366658,0.0,0.0,0.0,0.0,0.0,0.0,15.38366658,0.0
7953,scenario_1,36.60684295,40.7546811819,0.0,0.0,0.0,0.0,4.147838231899996,0.0,36.60684295,0.0
7954,scenario_1,55.92152497,81.96481306620001,0.0,0.0,0.0,0.0,26.04328809620001,0.0,55.92152497,0.0
7955,scenario_1,14.19029017,14.19029017,0.0,0.0,0.0,0.0,0.0,0.0,14.19029017,0.0
7956,scenario_1,4.448911433,16.772609889591376,0.0,0.0,0.0,0.0,12.323698456591375,0.0,4.448911433000001,8.881784197001252e-16
7957,scenario_1,55.52854855,55.52854855,0.0,0.0,0.0,0.0,0.0,0.0,55.52854855,0.0
7958,scenario_1,17.75510498,45.75510498,0.0,0.0,0.0,0.0,28.0,0.0,17.75510498,0.0
7959,scenario_1,4.330186248,4.330186248,0.0,0.0,0.0,0.0,0.0,0.0,4.330186248,0.0
7960,scenario_1,3.373021348,31.373021348,0.0,0.0,0.0,0.0,28.0,0.0,3.3730213480000018,1.7763568394002505e-15
7961,scenario_1,4.952125283,4.952125283,0.0,0.0,0.0,0.0,0.0,0.0,4.952125283,0.0
7962,scenario_1,7.398725483,0.0,0.0,0.0,7.398725483,0.0,0.0,0.0,7.398725483,0.0
7963,scenario_1,8.290924733,0.0,0.0,0.0,8.290924733,0.0,0.0,0.0,8.290924733,0.0
7964,scenario_1,7.861241067,0.0,0.0,0.0,7.861241067,0.0,0.0,0.0,7.861241067,0.0
7965,scenario_1,7.845642583,0.0,0.0,0.0,7.845642583,0.0,0.0,0.0,7.845642583,0.0
7966,scenario_1,7.409873717,0.0,0.0,0.0,7.409873717,0.0,0.0,0.0,7.409873717,0.0
7967,scenario_1,5.858075683,0.0,0.0,0.0,5.858075683,0.0,0.0,0.0,5.858075683,0.0
7968,scenario_1,0.434187067,0.0,0.0,0.0,0.434187067,0.0,0.0,0.0,0.434187067,0.0
7969,scenario_1,0.498153333,0.0,0.0,0.0,0.498153333,0.0,0.0,0.0,0.498153333,0.0
7970,scenario_1,0.561336167,0.0,0.0,0.0,0.561336167,0.0,0.0,0.0,0.561336167,0.0
7971,scenario_1,1.319922167,0.0,0.0,0.0,1.319922167,0.0,0.0,0.0,1.319922167,0.0
7972,scenario_1,7.107905317,0.0,0.0,0.0,7.107905317,0.0,0.0,0.0,7.107905317,0.0
7973,scenario_1,8.5584412,0.0,0.0,0.0,8.5584412,0.0,0.0,0.0,8.5584412,0.0
7974,scenario_1,4.987628867,0.0,0.0,0.0,4.987628867,0.0,0.0,0.0,4.987628867,0.0
7975,scenario_1,7.526945517,17.252992802250002,0.0,0.0,0.0,0.0,9.726047285250003,0.0,7.526945517,0.0
7976,scenario_1,46.38284981,44.08136147159999,0.0,0.0,2.301488338400013,0.0,0.0,0.0,46.38284981,0.0
7977,scenario_1,79.95569861,67.17476790855001,0.0,0.0,12.78093070144999,0.0,0.0,0.0,79.95569861,0.0
7978,scenario_1,69.68963154,83.25178794524999,0.0,0.0,0.0,0.0,13.562156405249993,0.0,69.68963154,0.0
7979,scenario_1,32.91425894,32.91425894,0.0,0.0,0.0,0.0,0.0,0.0,32.91425894,0.0
7980,scenario_1,27.28873543,55.28873543,0.0,0.0,0.0,0.0,28.0,0.0,27.288735430000003,3.552713678800501e-15
7981,scenario_1,81.33277154,90.92429736404999,0.0,0.0,0.0,0.0,9.591525824049995,0.0,81.33277154,0.0
7982,scenario_1,35.0622037,35.0622037,0.0,0.0,0.0,0.0,0.0,0.0,35.0622037,0.0
7983,scenario_1,15.92134638,25.17804989224075,0.0,0.0,0.0,0.0,9.256703512240753,0.0,15.921346379999997,-1.7763568394002505e-15
7984,scenario_1,9.834594001,35.6131008339,0.0,0.0,0.0,0.0,25.7785068329,0.0,9.834594001,0.0
7985,scenario_1,8.244830524,12.215917089300001,0.0,0.0,0.0,0.0,3.971086565300002,0.0,8.244830524,0.0
7986,scenario_1,10.14950748,0.0,0.0,0.0,10.14950748,0.0,0.0,0.0,10.14950748,0.0
7987,scenario_1,11.75864125,0.0,0.0,0.0,11.75864125,0.0,0.0,0.0,11.75864125,0.0
7988,scenario_1,10.35125937,0.0,0.0,0.0,10.35125937,0.0,0.0,0.0,10.35125937,0.0
7989,scenario_1,8.727092033,0.0,0.0,0.0,8.727092033,0.0,0.0,0.0,8.727092033,0.0
7990,scenario_1,8.050674017,0.0,0.0,0.0,8.050674017,0.0,0.0,0.0,8.050674017,0.0
7991,scenario_1,5.483975533,0.0,0.0,0.0,5.483975533,0.0,0.0,0.0,5.483975533,0.0
7992,scenario_1,0.430103783,0.0,0.0,0.0,0.430103783,0.0,0.0,0.0,0.430103783,0.0
7993,scenario_1,0.499401117,0.0,0.0,0.0,0.499401117,0.0,0.0,0.0,0.499401117,0.0
7994,scenario_1,0.5309185,0.0,0.0,0.0,0.5309185,0.0,0.0,0.0,0.5309185,0.0
7995,scenario_1,1.065502633,0.0,0.0,0.0,1.065502633,0.0,0.0,0.0,1.065502633,0.0
7996,scenario_1,7.035655233,0.0,0.0,0.0,7.035655233,0.0,0.0,0.0,7.035655233,0.0
7997,scenario_1,7.8034071,0.0,0.0,0.0,7.8034071,0.0,0.0,0.0,7.8034071,0.0
7998,scenario_1,4.233293817,0.0,0.0,0.0,4.233293817,0.0,0.0,0.0,4.233293817,0.0
7999,scenario_1,18.50665469,17.990726277599997,0.0,0.0,0.5159284124000045,0.0,0.0,0.0,18.50665469,0.0
8000,scenario_1,52.61897389,44.4520509567,0.0,0.0,8.1669229333,0.0,0.0,0.0,52.61897389,0.0
8001,scenario_1,75.61453673,67.3718808825,0.0,0.0,8.242655847500004,0.0,0.0,0.0,75.61453673,0.0
8002,scenario_1,77.07052215,77.07052215,0.0,0.0,0.0,0.0,0.0,0.0,77.07052215,0.0
8003,scenario_1,41.78198736,69.78198736,0.0,0.0,0.0,0.0,28.0,0.0,41.78198736,0.0
8004,scenario_1,30.46463272,30.46463272,0.0,0.0,0.0,0.0,0.0,0.0,30.46463272,0.0
8005,scenario_1,56.12264542,84.12264542,0.0,0.0,0.0,0.0,28.0,0.0,56.12264542,0.0
8006,scenario_1,32.8238289,32.8238289,0.0,0.0,0.0,0.0,0.0,0.0,32.8238289,0.0
8007,scenario_1,15.94395681,43.94395681,0.0,0.0,0.0,0.0,28.0,0.0,15.943956810000003,3.552713678800501e-15
8008,scenario_1,9.373364322,37.373364322,0.0,0.0,0.0,0.0,28.0,0.0,9.373364322,0.0
8009,scenario_1,6.725966317,12.444156537749999,0.0,0.0,0.0,0.0,5.718190220749999,0.0,6.725966317,0.0
8010,scenario_1,8.290843583,0.0,0.0,0.0,0.0,8.290843583,0.0,0.0,8.290843583,0.0
8011,scenario_1,8.977462467,0.0,0.0,0.0,8.977462467,0.0,0.0,0.0,8.977462467,0.0
8012,scenario_1,7.732330317,0.0,0.0,0.0,0.0,7.732330317,0.0,0.0,7.732330317,0.0
8013,scenario_1,7.927259683,0.0,0.0,0.0,7.927259683,0.0,0.0,0.0,7.927259683,0.0
8014,scenario_1,8.3955403,0.0,0.0,0.0,0.0,8.3955403,0.0,0.0,8.3955403,0.0
8015,scenario_1,7.020609167,0.0,0.0,0.0,7.020609167,0.0,0.0,0.0,7.020609167,0.0
8016,scenario_1,0.417253767,0.0,0.0,0.0,0.0,0.417253767,0.0,0.0,0.417253767,0.0
8017,scenario_1,0.487835183,0.0,0.0,0.0,0.487835183,0.0,0.0,0.0,0.487835183,0.0
8018,scenario_1,0.5316532,0.0,0.0,0.0,0.5316532,0.0,0.0,0.0,0.5316532,0.0
8019,scenario_1,1.34510395,0.0,0.0,0.0,0.0,1.34510395,0.0,0.0,1.34510395,0.0
8020,scenario_1,7.36557115,0.0,0.0,0.0,7.36557115,0.0,0.0,0.0,7.36557115,0.0
8021,scenario_1,8.571806283,0.0,0.0,0.0,8.571806283,0.0,0.0,0.0,8.571806283,0.0
8022,scenario_1,5.441241517,0.0,0.0,0.0,5.441241517,0.0,0.0,0.0,5.441241517,0.0
8023,scenario_1,21.14255214,1.9578477704999997,0.0,0.0,3.558740896249989,15.62596347325001,0.0,0.0,21.14255214,0.0
8024,scenario_1,64.78747759,10.34233506645,0.0,0.0,28.0,26.445142523549997,0.0,0.0,64.78747759,0.0
8025,scenario_1,77.34092434,54.42310388625,0.0,0.0,22.917820453750004,0.0,0.0,0.0,77.34092434,0.0
8026,scenario_1,62.76089633,63.15673061745,0.0,0.0,0.0,0.0,0.3958342874500005,0.0,62.76089633,0.0
8027,scenario_1,31.06036581,59.06036581,0.0,0.0,0.0,0.0,28.0,0.0,31.06036581,0.0
8028,scenario_1,25.21177182,53.211771819999996,0.0,0.0,0.0,0.0,28.0,0.0,25.211771819999996,-3.552713678800501e-15
8029,scenario_1,50.77916836,50.77916836,0.0,0.0,0.0,0.0,0.0,0.0,50.77916836,0.0
8030,scenario_1,45.38549895,73.38549895,0.0,0.0,0.0,0.0,28.0,0.0,45.38549895,0.0
8031,scenario_1,19.30493364,26.943616512920997,0.0,0.0,0.0,0.0,7.638682872920997,0.0,19.30493364,0.0
8032,scenario_1,11.47528199,31.940934814649996,0.0,0.0,0.0,0.0,20.465652824649997,0.0,11.47528199,0.0
8033,scenario_1,6.971267167,10.3450614363,0.0,0.0,0.0,0.0,3.3737942693000003,0.0,6.971267167,0.0
8034,scenario_1,8.628410533,0.0,0.0,0.0,8.628410533,0.0,0.0,0.0,8.628410533,0.0
8035,scenario_1,9.294162083,0.0,0.0,0.0,9.294162083,0.0,0.0,0.0,9.294162083,0.0
8036,scenario_1,9.49972445,0.0,0.0,0.0,9.49972445,0.0,0.0,0.0,9.49972445,0.0
8037,scenario_1,8.658907783,0.0,0.0,0.0,8.658907783,0.0,0.0,0.0,8.658907783,0.0
8038,scenario_1,8.0407571,0.0,0.0,0.0,8.0407571,0.0,0.0,0.0,8.0407571,0.0
8039,scenario_1,5.2941593,0.0,0.0,0.0,5.2941593,0.0,0.0,0.0,5.2941593,0.0
8040,scenario_1,0.4230033,0.0,0.0,0.0,0.4230033,0.0,0.0,0.0,0.4230033,0.0
8041,scenario_1,0.468402167,0.0,0.0,0.0,0.468402167,0.0,0.0,0.0,0.468402167,0.0
8042,scenario_1,0.478404317,0.0,0.0,0.0,0.478404317,0.0,0.0,0.0,0.478404317,0.0
8043,scenario_1,1.12725895,0.0,0.0,0.0,1.12725895,0.0,0.0,0.0,1.12725895,0.0
8044,scenario_1,6.799507767,0.0,0.0,0.0,6.799507767,0.0,0.0,0.0,6.799507767,0.0
8045,scenario_1,7.619359633,0.0,0.0,0.0,7.619359633,0.0,0.0,0.0,7.619359633,0.0
8046,scenario_1,3.910015783,0.0,0.0,0.0,3.910015783,0.0,0.0,0.0,3.910015783,0.0
8047,scenario_1,8.70541465,8.70541465,0.0,0.0,0.0,0.0,0.0,0.0,8.70541465,0.0
8048,scenario_1,54.16157765,43.885894344149996,0.0,0.0,10.275683305850002,0.0,0.0,0.0,54.16157765,0.0
8049,scenario_1,79.77063295,66.43047837585,0.0,0.0,13.340154574150006,0.0,0.0,0.0,79.77063295,0.0
8050,scenario_1,69.44469385,73.5601752414,0.0,0.0,0.0,0.0,4.11548139140001,0.0,69.44469385,0.0
8051,scenario_1,30.75112391,30.75112391,0.0,0.0,0.0,0.0,0.0,0.0,30.75112391,0.0
8052,scenario_1,30.39359225,58.39359225,0.0,0.0,0.0,0.0,28.0,0.0,30.393592249999998,-3.552713678800501e-15
8053,scenario_1,72.5634652,85.228610745,0.0,0.0,0.0,0.0,12.665145545000001,0.0,72.5634652,0.0
8054,scenario_1,45.03351269,73.03351269000001,0.0,0.0,0.0,0.0,28.0,0.0,45.03351269000001,7.105427357601002e-15
8055,scenario_1,16.22990212,44.22990212,0.0,0.0,0.0,0.0,28.0,0.0,16.22990212,0.0
8056,scenario_1,10.22520858,33.889026088044446,0.0,0.0,0.0,0.0,23.66381750804444,0.0,10.225208580000007,7.105427357601002e-15
8057,scenario_1,6.682853383,6.682853383,0.0,0.0,0.0,0.0,0.0,0.0,6.682853383,0.0
8058,scenario_1,9.40346005,0.0,0.0,0.0,9.40346005,0.0,0.0,0.0,9.40346005,0.0
8059,scenario_1,10.3788414,0.0,0.0,0.0,10.3788414,0.0,0.0,0.0,10.3788414,0.0
8060,scenario_1,9.041108017,0.0,0.0,0.0,9.041108017,0.0,0.0,0.0,9.041108017,0.0
8061,scenario_1,8.880507833,0.0,0.0,0.0,6.9216011256000085,1.9589067073999917,0.0,0.0,8.880507833,0.0
8062,scenario_1,7.967942617,0.0,0.0,0.0,7.967942617,0.0,0.0,0.0,7.967942617,0.0
8063,scenario_1,7.254825983,0.0,0.0,0.0,7.254825983,0.0,0.0,0.0,7.254825983,0.0
8064,scenario_1,0.446336833,0.0,0.0,0.0,0.446336833,0.0,0.0,0.0,0.446336833,0.0
8065,scenario_1,0.495136917,0.0,0.0,0.0,0.495136917,0.0,0.0,0.0,0.495136917,0.0
8066,scenario_1,0.513538617,0.0,0.0,0.0,0.513538617,0.0,0.0,0.0,0.513538617,0.0
8067,scenario_1,1.129641833,0.0,0.0,0.0,1.129641833,0.0,0.0,0.0,1.129641833,0.0
8068,scenario_1,6.773157233,0.0,0.0,0.0,0.0,6.773157233,0.0,0.0,6.773157233,0.0
8069,scenario_1,7.776672633,0.0,0.0,0.0,7.776672633,0.0,0.0,0.0,7.776672633,0.0
8070,scenario_1,4.192659383,0.0,0.0,0.0,4.192659383,0.0,0.0,0.0,4.192659383,0.0
8071,scenario_1,21.66452272,14.3862881286,0.0,0.0,7.2782345914,0.0,0.0,0.0,21.66452272,0.0
8072,scenario_1,62.96322166,30.240376970099998,0.0,0.0,28.0,4.722844689900004,0.0,0.0,62.96322166,0.0
8073,scenario_1,64.44572799,65.54765244075,0.0,0.0,0.0,0.0,1.1019244507500048,0.0,64.44572799,0.0
8074,scenario_1,72.31207145,72.31207145,0.0,0.0,0.0,0.0,0.0,0.0,72.31207145,0.0
8075,scenario_1,39.34164006,39.34164006,0.0,0.0,0.0,0.0,0.0,0.0,39.34164006,0.0
8076,scenario_1,24.00821493,52.00821493,0.0,0.0,0.0,0.0,28.0,0.0,24.00821493,0.0
8077,scenario_1,66.39563237,89.44562793674999,0.0,0.0,0.0,0.0,23.049995566749985,0.0,66.39563237,0.0
8078,scenario_1,24.64648786,24.64648786,0.0,0.0,0.0,0.0,0.0,0.0,24.64648786,0.0
8079,scenario_1,18.81904118,44.64411749022412,0.0,0.0,0.0,0.0,25.825076310224123,0.0,18.819041179999996,-3.552713678800501e-15
8080,scenario_1,11.81243474,38.774584336349996,0.0,0.0,0.0,0.0,26.962149596349995,0.0,11.81243474,0.0
8081,scenario_1,6.555352174,6.555352174,0.0,0.0,0.0,0.0,0.0,0.0,6.555352174,0.0
8082,scenario_1,8.136744917,0.0,0.0,0.0,8.136744917,0.0,0.0,0.0,8.136744917,0.0
8083,scenario_1,9.768761367,0.0,0.0,0.0,9.768761367,0.0,0.0,0.0,9.768761367,0.0
8084,scenario_1,8.955061017,0.0,0.0,0.0,8.955061017,0.0,0.0,0.0,8.955061017,0.0
8085,scenario_1,8.229460467,0.0,0.0,0.0,8.229460467,0.0,0.0,0.0,8.229460467,0.0
8086,scenario_1,7.536225783,0.0,0.0,0.0,7.536225783,0.0,0.0,0.0,7.536225783,0.0
8087,scenario_1,4.8221569,0.0,0.0,0.0,4.8221569,0.0,0.0,0.0,4.8221569,0.0
8088,scenario_1,0.445003033,0.0,0.0,0.0,0.445003033,0.0,0.0,0.0,0.445003033,0.0
8089,scenario_1,0.47101955,0.0,0.0,0.0,0.47101955,0.0,0.0,0.0,0.47101955,0.0
8090,scenario_1,0.511736067,0.0,0.0,0.0,0.511736067,0.0,0.0,0.0,0.511736067,0.0
8091,scenario_1,1.4248876,0.0,0.0,0.0,1.4248876,0.0,0.0,0.0,1.4248876,0.0
8092,scenario_1,7.549922883,0.0,0.0,0.0,7.549922883,0.0,0.0,0.0,7.549922883,0.0
8093,scenario_1,8.714370417,0.0,0.0,0.0,8.714370417,0.0,0.0,0.0,8.714370417,0.0
8094,scenario_1,4.2420408,0.0,0.0,0.0,4.2420408,0.0,0.0,0.0,4.2420408,0.0
8095,scenario_1,5.337081601,1.9634723252999997,0.0,0.0,3.3736092757000007,0.0,0.0,0.0,5.337081601,0.0
8096,scenario_1,26.75910981,26.75910981,0.0,0.0,0.0,0.0,0.0,0.0,26.75910981,0.0
8097,scenario_1,60.88618267,50.0664745482,0.0,0.0,10.819708121799998,0.0,0.0,0.0,60.88618267,0.0
8098,scenario_1,53.98504378,76.88310341775,0.0,0.0,0.0,0.0,22.898059637749995,0.0,53.98504378,0.0
8099,scenario_1,14.57973841,42.57973841,0.0,0.0,0.0,0.0,28.0,0.0,14.579738409999997,-1.7763568394002505e-15
8100,scenario_1,5.057493413,20.005785468019138,0.0,0.0,0.0,0.0,14.948292055019136,0.0,5.057493413000001,8.881784197001252e-16
8101,scenario_1,27.53252825,55.53252825,0.0,0.0,0.0,0.0,28.0,0.0,27.53252825,0.0
8102,scenario_1,18.68809044,45.26178672375,0.0,0.0,0.0,0.0,26.57369628375,0.0,18.68809044,0.0
8103,scenario_1,6.092848795,6.092848795,0.0,0.0,0.0,0.0,0.0,0.0,6.092848795,0.0
8104,scenario_1,4.409873835,4.208337587999999,0.0,0.0,0.20153624700000083,0.0,0.0,0.0,4.409873835,0.0
8105,scenario_1,4.6468248,4.6468248,0.0,0.0,0.0,0.0,0.0,0.0,4.6468248,0.0
8106,scenario_1,8.701524933,0.0,0.0,0.0,8.701524933,0.0,0.0,0.0,8.701524933,0.0
8107,scenario_1,10.16974097,0.0,0.0,0.0,10.16974097,0.0,0.0,0.0,10.16974097,0.0
8108,scenario_1,9.387541833,0.0,0.0,0.0,9.387541833,0.0,0.0,0.0,9.387541833,0.0
8109,scenario_1,8.46387525,0.0,0.0,0.0,8.46387525,0.0,0.0,0.0,8.46387525,0.0
8110,scenario_1,8.103974733,0.0,0.0,0.0,8.103974733,0.0,0.0,0.0,8.103974733,0.0
8111,scenario_1,6.691576133,0.0,0.0,0.0,6.691576133,0.0,0.0,0.0,6.691576133,0.0
8112,scenario_1,0.428604567,0.0,0.0,0.0,0.428604567,0.0,0.0,0.0,0.428604567,0.0
8113,scenario_1,0.484803333,0.0,0.0,0.0,0.484803333,0.0,0.0,0.0,0.484803333,0.0
8114,scenario_1,0.497603883,0.0,0.0,0.0,0.497603883,0.0,0.0,0.0,0.497603883,0.0
8115,scenario_1,0.953505733,0.0,0.0,0.0,0.953505733,0.0,0.0,0.0,0.953505733,0.0
8116,scenario_1,6.593788317,0.0,0.0,0.0,6.593788317,0.0,0.0,0.0,6.593788317,0.0
8117,scenario_1,7.0125043,0.0,0.0,0.0,7.0125043,0.0,0.0,0.0,7.0125043,0.0
8118,scenario_1,2.3136582,0.0,0.0,0.0,2.3136582,0.0,0.0,0.0,2.3136582,0.0
8119,scenario_1,5.68462742,1.96794307185,0.0,0.0,3.7166843481500003,0.0,0.0,0.0,5.68462742,0.0
8120,scenario_1,28.14644189,28.6346153496,0.0,0.0,0.0,0.0,0.48817345960000225,0.0,28.14644189,0.0
8121,scenario_1,49.12211401,42.44780881995,0.0,0.0,6.674305190049999,0.0,0.0,0.0,49.12211401,0.0
8122,scenario_1,41.72677962,60.198441755249995,0.0,0.0,0.0,0.0,18.471662135249993,0.0,41.72677962,0.0
8123,scenario_1,9.98117306,37.98117306,0.0,0.0,0.0,0.0,28.0,0.0,9.981173060000003,3.552713678800501e-15
8124,scenario_1,4.427742983,32.427742983,0.0,0.0,0.0,0.0,28.0,0.0,4.427742983000002,1.7763568394002505e-15
8125,scenario_1,47.92439246,32.8256349069,0.0,0.0,15.0987575531,0.0,0.0,0.0,47.92439246,0.0
8126,scenario_1,19.89386042,30.1886966547,0.0,0.0,0.0,0.0,10.2948362347,0.0,19.89386042,0.0
8127,scenario_1,4.599652149,4.599652149,0.0,0.0,0.0,0.0,0.0,0.0,4.599652149,0.0
8128,scenario_1,4.653601117,32.653601117,0.0,0.0,0.0,0.0,28.0,0.0,4.653601117000001,8.881784197001252e-16
8129,scenario_1,4.127410067,12.7909439934,0.0,0.0,0.0,0.0,8.663533926400001,0.0,4.127410067,0.0
8130,scenario_1,7.518256517,0.0,0.0,0.0,0.0,7.518256517,0.0,0.0,7.518256517,0.0
8131,scenario_1,9.097091167,0.0,0.0,0.0,0.0,9.097091167,0.0,0.0,9.097091167,0.0
8132,scenario_1,9.091841383,0.0,0.0,0.0,9.091841383,0.0,0.0,0.0,9.091841383,0.0
8133,scenario_1,9.130441483,0.0,0.0,0.0,0.0,9.130441483,0.0,0.0,9.130441483,0.0
8134,scenario_1,8.469772233,0.0,0.0,0.0,0.0,8.469772233,0.0,0.0,8.469772233,0.0
8135,scenario_1,5.499125233,0.0,0.0,0.0,5.499125233,0.0,0.0,0.0,5.499125233,0.0
8136,scenario_1,0.431802317,0.0,0.0,0.0,0.0,0.431802317,0.0,0.0,0.431802317,0.0
8137,scenario_1,0.490767933,0.0,0.0,0.0,0.490767933,0.0,0.0,0.0,0.490767933,0.0
8138,scenario_1,0.480852167,0.0,0.0,0.0,0.0,0.480852167,0.0,0.0,0.480852167,0.0
8139,scenario_1,0.901170867,0.0,0.0,0.0,0.901170867,0.0,0.0,0.0,0.901170867,0.0
8140,scenario_1,6.575507383,0.0,0.0,0.0,6.575507383,0.0,0.0,0.0,6.575507383,0.0
8141,scenario_1,7.958558533,0.0,0.0,0.0,7.958558533,0.0,0.0,0.0,7.958558533,0.0
8142,scenario_1,4.7684464,0.0,0.0,0.0,0.0,4.7684464,0.0,0.0,4.7684464,0.0
8143,scenario_1,9.744305767,10.57748057505,0.0,0.0,0.0,0.0,0.8331748080499999,0.0,9.744305767,0.0
8144,scenario_1,48.00949534,14.86173641745,0.0,0.0,14.957900262520493,18.189858660029504,0.0,0.0,48.00949534,0.0
8145,scenario_1,80.4753347,23.3961477069,0.0,0.0,28.0,29.079186993100006,0.0,0.0,80.4753347,0.0
8146,scenario_1,83.8588249,32.90590625985,0.0,0.0,28.0,22.952918640150003,0.0,0.0,83.8588249,0.0
8147,scenario_1,43.40261499,71.40261498999999,0.0,0.0,0.0,0.0,28.0,0.0,43.40261498999999,-7.105427357601002e-15
8148,scenario_1,26.92761475,54.927614750000004,0.0,0.0,0.0,0.0,28.0,0.0,26.927614750000004,3.552713678800501e-15
8149,scenario_1,67.04109191,78.41886827729999,0.0,0.0,0.0,0.0,11.377776367299987,0.0,67.04109191,0.0
8150,scenario_1,38.00244381,38.00244381,0.0,0.0,0.0,0.0,0.0,0.0,38.00244381,0.0
8151,scenario_1,17.61800412,40.45335422954447,0.0,0.0,0.0,0.0,22.835350109544475,0.0,17.61800412,0.0
8152,scenario_1,12.3503571,40.3503571,0.0,0.0,0.0,0.0,28.0,0.0,12.350357099999997,-3.552713678800501e-15
8153,scenario_1,8.782364886,15.013682853599999,0.0,0.0,0.0,0.0,6.231317967599999,0.0,8.782364886,0.0
8154,scenario_1,10.12779323,0.0,0.0,0.0,10.12779323,0.0,0.0,0.0,10.12779323,0.0
8155,scenario_1,9.517075867,0.0,0.0,0.0,9.517075867,0.0,0.0,0.0,9.517075867,0.0
8156,scenario_1,8.800675317,0.0,0.0,0.0,8.800675317,0.0,0.0,0.0,8.800675317,0.0
8157,scenario_1,8.779857833,0.0,0.0,0.0,8.779857833,0.0,0.0,0.0,8.779857833,0.0
8158,scenario_1,7.999674767,0.0,0.0,0.0,7.999674767,0.0,0.0,0.0,7.999674767,0.0
8159,scenario_1,6.061893317,0.0,0.0,0.0,6.061893317,0.0,0.0,0.0,6.061893317,0.0
8160,scenario_1,0.447003433,0.0,0.0,0.0,0.0,0.447003433,0.0,0.0,0.447003433,0.0
8161,scenario_1,0.500368167,0.0,0.0,0.0,0.500368167,0.0,0.0,0.0,0.500368167,0.0
8162,scenario_1,0.494354183,0.0,0.0,0.0,0.494354183,0.0,0.0,0.0,0.494354183,0.0
8163,scenario_1,1.56472325,0.0,0.0,0.0,1.56472325,0.0,0.0,0.0,1.56472325,0.0
8164,scenario_1,7.271538983,0.0,0.0,0.0,7.271538983,0.0,0.0,0.0,7.271538983,0.0
8165,scenario_1,6.982077267,0.0,0.0,0.0,0.0,6.982077267,0.0,0.0,6.982077267,0.0
8166,scenario_1,3.750831117,0.0,0.0,0.0,3.750831117,0.0,0.0,0.0,3.750831117,0.0
8167,scenario_1,20.29037924,14.206588039049999,0.0,0.0,6.083791200950001,0.0,0.0,0.0,20.29037924,0.0
8168,scenario_1,41.43180926,14.378655224400001,0.0,0.0,24.81715224543749,2.2360017901625113,0.0,0.0,41.43180926,0.0
8169,scenario_1,57.95999457,58.94379568875,0.0,0.0,0.0,0.0,0.9838011187500015,0.0,57.95999457,0.0
8170,scenario_1,67.58855332,61.7614038912,0.0,0.0,5.827149428800006,0.0,0.0,0.0,67.58855332,0.0
8171,scenario_1,37.39588022,37.39588022,0.0,0.0,0.0,0.0,0.0,0.0,37.39588022,0.0
8172,scenario_1,36.41406669,64.41406669,0.0,0.0,0.0,0.0,28.0,0.0,36.41406669,0.0
8173,scenario_1,69.77944229,86.92854431985,0.0,0.0,0.0,0.0,17.14910202985,0.0,69.77944229,0.0
8174,scenario_1,48.68791991,71.98326232459445,0.0,0.0,0.0,0.0,23.295342414594447,0.0,48.687919910000005,7.105427357601002e-15
8175,scenario_1,15.64532382,43.64532382,0.0,0.0,0.0,0.0,28.0,0.0,15.645323820000002,1.7763568394002505e-15
8176,scenario_1,11.13404299,39.13404299,0.0,0.0,0.0,0.0,28.0,0.0,11.134042989999998,-1.7763568394002505e-15
8177,scenario_1,7.381660213,7.381660213,0.0,0.0,0.0,0.0,0.0,0.0,7.381660213,0.0
8178,scenario_1,8.7495453,0.0,0.0,0.0,8.7495453,0.0,0.0,0.0,8.7495453,0.0
8179,scenario_1,9.520979433,0.0,0.0,0.0,9.520979433,0.0,0.0,0.0,9.520979433,0.0
8180,scenario_1,9.6126135,0.0,0.0,0.0,9.6126135,0.0,0.0,0.0,9.6126135,0.0
8181,scenario_1,9.159126517,0.0,0.0,0.0,9.159126517,0.0,0.0,0.0,9.159126517,0.0
8182,scenario_1,8.568755783,0.0,0.0,0.0,8.568755783,0.0,0.0,0.0,8.568755783,0.0
8183,scenario_1,7.391641833,0.0,0.0,0.0,7.391641833,0.0,0.0,0.0,7.391641833,0.0
8184,scenario_1,0.424203517,0.0,0.0,0.0,0.424203517,0.0,0.0,0.0,0.424203517,0.0
8185,scenario_1,0.4517202,0.0,0.0,0.0,0.4517202,0.0,0.0,0.0,0.4517202,0.0
8186,scenario_1,0.5470533,0.0,0.0,0.0,0.5470533,0.0,0.0,0.0,0.5470533,0.0
8187,scenario_1,1.124856483,0.0,0.0,0.0,1.124856483,0.0,0.0,0.0,1.124856483,0.0
8188,scenario_1,6.9278418,0.0,0.0,0.0,6.9278418,0.0,0.0,0.0,6.9278418,0.0
8189,scenario_1,8.0606262,0.0,0.0,0.0,8.0606262,0.0,0.0,0.0,8.0606262,0.0
8190,scenario_1,4.626996883,0.0,0.0,0.0,4.626996883,0.0,0.0,0.0,4.626996883,0.0
8191,scenario_1,9.98007805,15.757884272850001,0.0,0.0,0.0,0.0,5.777806222850002,0.0,9.98007805,0.0
8192,scenario_1,38.85363692,41.8224184002,0.0,0.0,0.0,0.0,2.9687814802000005,0.0,38.85363692,0.0
8193,scenario_1,75.71797284,64.50042347475001,0.0,0.0,11.217549365249994,0.0,0.0,0.0,75.71797284,0.0
8194,scenario_1,49.93734413,77.93734413,0.0,0.0,0.0,0.0,28.0,0.0,49.93734413,0.0
8195,scenario_1,29.53809589,57.53809589,0.0,0.0,0.0,0.0,28.0,0.0,29.53809589,0.0
8196,scenario_1,27.21243738,27.21243738,0.0,0.0,0.0,0.0,0.0,0.0,27.21243738,0.0
8197,scenario_1,82.12651583,65.0253253455,0.0,0.0,17.10119048450001,0.0,0.0,0.0,82.12651583,0.0
8198,scenario_1,52.98606125,80.01055907445,0.0,0.0,0.0,0.0,27.024497824450002,0.0,52.98606125,0.0
8199,scenario_1,15.97259587,15.97259587,0.0,0.0,0.0,0.0,0.0,0.0,15.97259587,0.0
8200,scenario_1,11.62062617,21.290906418588325,0.0,0.0,0.0,0.0,9.670280248588325,0.0,11.62062617,0.0
8201,scenario_1,8.478829533,15.114459149999998,0.0,0.0,0.0,0.0,6.6356296169999975,0.0,8.478829533,0.0
8202,scenario_1,7.068044833,0.0,0.0,0.0,7.068044833,0.0,0.0,0.0,7.068044833,0.0
8203,scenario_1,8.506979017,0.0,0.0,0.0,8.506979017,0.0,0.0,0.0,8.506979017,0.0
8204,scenario_1,9.160627567,0.0,0.0,0.0,9.160627567,0.0,0.0,0.0,9.160627567,0.0
8205,scenario_1,9.021911783,0.0,0.0,0.0,9.021911783,0.0,0.0,0.0,9.021911783,0.0
8206,scenario_1,8.6604933,0.0,0.0,0.0,8.6604933,0.0,0.0,0.0,8.6604933,0.0
8207,scenario_1,5.568841983,0.0,0.0,0.0,5.568841983,0.0,0.0,0.0,5.568841983,0.0
8208,scenario_1,0.426519783,0.0,0.0,0.0,0.426519783,0.0,0.0,0.0,0.426519783,0.0
8209,scenario_1,0.504401267,0.0,0.0,0.0,0.504401267,0.0,0.0,0.0,0.504401267,0.0
8210,scenario_1,0.530519033,0.0,0.0,0.0,0.530519033,0.0,0.0,0.0,0.530519033,0.0
8211,scenario_1,1.316255133,0.0,0.0,0.0,1.316255133,0.0,0.0,0.0,1.316255133,0.0
8212,scenario_1,7.276540617,0.0,0.0,0.0,7.276540617,0.0,0.0,0.0,7.276540617,0.0
8213,scenario_1,7.165459317,0.0,0.0,0.0,7.165459317,0.0,0.0,0.0,7.165459317,0.0
8214,scenario_1,3.36772755,0.0,0.0,0.0,3.36772755,0.0,0.0,0.0,3.36772755,0.0
8215,scenario_1,15.03405325,15.451997021849998,0.0,0.0,0.0,0.0,0.4179437718499983,0.0,15.03405325,0.0
8216,scenario_1,45.35038595,41.5960366872,0.0,0.0,3.7543492628000052,0.0,0.0,0.0,45.35038595,0.0
8217,scenario_1,77.04928933,64.18175965095,0.0,0.0,12.867529679049994,0.0,0.0,0.0,77.04928933,0.0
8218,scenario_1,75.51843372,75.51843372,0.0,0.0,0.0,0.0,0.0,0.0,75.51843372,0.0
8219,scenario_1,36.58806389,64.58806389,0.0,0.0,0.0,0.0,28.0,0.0,36.58806389,0.0
8220,scenario_1,26.89425086,54.89425086,0.0,0.0,0.0,0.0,28.0,0.0,26.89425086,0.0
8221,scenario_1,75.19244511,85.67377116899999,0.0,0.0,0.0,0.0,10.481326058999997,0.0,75.19244511,0.0
8222,scenario_1,32.98096428,60.98096428,0.0,0.0,0.0,0.0,28.0,0.0,32.98096428,0.0
8223,scenario_1,15.24979895,17.212917335444445,0.0,0.0,0.0,0.0,1.9631183854444443,0.0,15.24979895,0.0
8224,scenario_1,11.40572127,39.40572127,0.0,0.0,0.0,0.0,28.0,0.0,11.40572127,0.0
8225,scenario_1,7.557497967,7.557497967,0.0,0.0,0.0,0.0,0.0,0.0,7.557497967,0.0
8226,scenario_1,8.39234115,0.0,0.0,0.0,8.39234115,0.0,0.0,0.0,8.39234115,0.0
8227,scenario_1,8.740074083,0.0,0.0,0.0,8.740074083,0.0,0.0,0.0,8.740074083,0.0
8228,scenario_1,9.190206317,0.0,0.0,0.0,9.190206317,0.0,0.0,0.0,9.190206317,0.0
8229,scenario_1,8.852026417,0.0,0.0,0.0,8.852026417,0.0,0.0,0.0,8.852026417,0.0
8230,scenario_1,7.863992583,0.0,0.0,0.0,7.863992583,0.0,0.0,0.0,7.863992583,0.0
8231,scenario_1,4.8356265,0.0,0.0,0.0,4.8356265,0.0,0.0,0.0,4.8356265,0.0
8232,scenario_1,0.443402467,0.0,0.0,0.0,0.443402467,0.0,0.0,0.0,0.443402467,0.0
8233,scenario_1,0.4824009,0.0,0.0,0.0,0.4824009,0.0,0.0,0.0,0.4824009,0.0
8234,scenario_1,0.486151483,0.0,0.0,0.0,0.0,0.486151483,0.0,0.0,0.486151483,0.0
8235,scenario_1,0.935820467,0.0,0.0,0.0,0.0,0.935820467,0.0,0.0,0.935820467,0.0
8236,scenario_1,6.700588633,0.0,0.0,0.0,6.700588633,0.0,0.0,0.0,6.700588633,0.0
8237,scenario_1,7.76113885,0.0,0.0,0.0,7.76113885,0.0,0.0,0.0,7.76113885,0.0
8238,scenario_1,3.73676105,0.0,0.0,0.0,3.73676105,0.0,0.0,0.0,3.73676105,0.0
8239,scenario_1,14.4340574,14.997076470749999,0.0,0.0,0.0,0.0,0.5630190707499985,0.0,14.4340574,0.0
8240,scenario_1,49.80878741,41.02415172,0.0,0.0,8.784635690000002,0.0,0.0,0.0,49.80878741,0.0
8241,scenario_1,74.72070104,53.55980335245,0.0,0.0,20.23481617640748,0.9260815111425202,0.0,0.0,74.72070104,0.0
8242,scenario_1,68.50810966,63.27007502909999,0.0,0.0,5.23803463090001,0.0,0.0,0.0,68.50810966,0.0
8243,scenario_1,38.51141282,66.51141282,0.0,0.0,0.0,0.0,28.0,0.0,38.511412820000004,7.105427357601002e-15
8244,scenario_1,25.76682703,25.76682703,0.0,0.0,0.0,0.0,0.0,0.0,25.76682703,0.0
8245,scenario_1,70.88644307,70.88644307,0.0,0.0,0.0,0.0,0.0,0.0,70.88644307,0.0
8246,scenario_1,44.82233043,51.93691236670617,0.0,0.0,0.0,0.0,7.114581936706167,0.0,44.82233043,0.0
8247,scenario_1,16.61934376,44.61934376,0.0,0.0,0.0,0.0,28.0,0.0,16.61934376,0.0
8248,scenario_1,9.625691583,32.5219655658,0.0,0.0,0.0,0.0,22.896273982800004,0.0,9.625691582999998,-1.7763568394002505e-15
8249,scenario_1,7.220346633,7.099233754199999,0.0,0.0,0.12111287880000088,0.0,0.0,0.0,7.220346633,0.0
8250,scenario_1,9.02234275,0.0,0.0,0.0,9.02234275,0.0,0.0,0.0,9.02234275,0.0
8251,scenario_1,9.701424233,0.0,0.0,0.0,9.701424233,0.0,0.0,0.0,9.701424233,0.0
8252,scenario_1,9.35207445,0.0,0.0,0.0,9.35207445,0.0,0.0,0.0,9.35207445,0.0
8253,scenario_1,8.605708483,0.0,0.0,0.0,8.605708483,0.0,0.0,0.0,8.605708483,0.0
8254,scenario_1,7.932742417,0.0,0.0,0.0,7.932742417,0.0,0.0,0.0,7.932742417,0.0
8255,scenario_1,4.87289455,0.0,0.0,0.0,4.87289455,0.0,0.0,0.0,4.87289455,0.0
8256,scenario_1,0.4401361,0.0,0.0,0.0,0.4401361,0.0,0.0,0.0,0.4401361,0.0
8257,scenario_1,0.471251967,0.0,0.0,0.0,0.471251967,0.0,0.0,0.0,0.471251967,0.0
8258,scenario_1,0.488102267,0.0,0.0,0.0,0.488102267,0.0,0.0,0.0,0.488102267,0.0
8259,scenario_1,1.073603733,0.0,0.0,0.0,1.073603733,0.0,0.0,0.0,1.073603733,0.0
8260,scenario_1,6.624671183,0.0,0.0,0.0,6.624671183,0.0,0.0,0.0,6.624671183,0.0
8261,scenario_1,7.8468218,0.0,0.0,0.0,7.8468218,0.0,0.0,0.0,7.8468218,0.0
8262,scenario_1,3.115906483,0.0,0.0,0.0,3.115906483,0.0,0.0,0.0,3.115906483,0.0
8263,scenario_1,3.94912019,3.94912019,0.0,0.0,0.0,0.0,0.0,0.0,3.94912019,0.0
8264,scenario_1,23.65765226,27.32159611244444,0.0,0.0,0.0,0.0,3.66394385244444,0.0,23.65765226,0.0
8265,scenario_1,61.24608616,61.24608616,0.0,0.0,0.0,0.0,0.0,0.0,61.24608616,0.0
8266,scenario_1,45.33981388,45.33981388,0.0,0.0,0.0,0.0,0.0,0.0,45.33981388,0.0
8267,scenario_1,11.63029344,39.63029344,0.0,0.0,0.0,0.0,28.0,0.0,11.630293440000003,1.7763568394002505e-15
8268,scenario_1,5.089376367,5.089376367,0.0,0.0,0.0,0.0,0.0,0.0,5.089376367,0.0
8269,scenario_1,52.42924262,80.42924262,0.0,0.0,0.0,0.0,28.0,0.0,52.42924262,0.0
8270,scenario_1,19.98467315,19.98467315,0.0,0.0,0.0,0.0,0.0,0.0,19.98467315,0.0
8271,scenario_1,3.930097717,31.930097717,0.0,0.0,0.0,0.0,28.0,0.0,3.930097716999999,-1.3322676295501878e-15
8272,scenario_1,4.548189737,32.548189737,0.0,0.0,0.0,0.0,28.0,0.0,4.548189737000001,8.881784197001252e-16
8273,scenario_1,6.483469558,15.263970149999999,0.0,0.0,0.0,0.0,8.780500592,0.0,6.4834695579999995,-8.881784197001252e-16
8274,scenario_1,9.508841433,0.0,0.0,0.0,9.508841433,0.0,0.0,0.0,9.508841433,0.0
8275,scenario_1,10.58700507,0.0,0.0,0.0,10.58700507,0.0,0.0,0.0,10.58700507,0.0
8276,scenario_1,9.737439833,0.0,0.0,0.0,9.737439833,0.0,0.0,0.0,9.737439833,0.0
8277,scenario_1,9.096190817,0.0,0.0,0.0,0.0,9.096190817,0.0,0.0,9.096190817,0.0
8278,scenario_1,8.519355383,0.0,0.0,0.0,0.0,8.519355383,0.0,0.0,8.519355383,0.0
8279,scenario_1,5.59140725,0.0,0.0,0.0,0.0,5.59140725,0.0,0.0,5.59140725,0.0
8280,scenario_1,0.441404183,0.0,0.0,0.0,0.441404183,0.0,0.0,0.0,0.441404183,0.0
8281,scenario_1,0.48243735,0.0,0.0,0.0,0.48243735,0.0,0.0,0.0,0.48243735,0.0
8282,scenario_1,0.517255217,0.0,0.0,0.0,0.517255217,0.0,0.0,0.0,0.517255217,0.0
8283,scenario_1,1.115073583,0.0,0.0,0.0,1.115073583,0.0,0.0,0.0,1.115073583,0.0
8284,scenario_1,6.67690685,0.0,0.0,0.0,6.67690685,0.0,0.0,0.0,6.67690685,0.0
8285,scenario_1,7.07284205,0.0,0.0,0.0,7.07284205,0.0,0.0,0.0,7.07284205,0.0
8286,scenario_1,3.219143083,0.0,0.0,0.0,3.219143083,0.0,0.0,0.0,3.219143083,0.0
8287,scenario_1,3.416975733,8.8645834161,0.0,0.0,0.0,0.0,5.4476076831,0.0,3.416975733,0.0
8288,scenario_1,10.75553711,20.591215708799997,0.0,0.0,0.0,0.0,9.835678598799996,0.0,10.75553711,0.0
8289,scenario_1,53.46088964,26.81298055605,0.0,0.0,15.731972218748016,10.915936865201981,0.0,0.0,53.460889640000005,7.105427357601002e-15
8290,scenario_1,57.17617199,34.973383951500004,0.0,0.0,0.0,22.202788038499996,0.0,0.0,57.17617199,0.0
8291,scenario_1,17.42152449,45.421524489999996,0.0,0.0,0.0,0.0,28.0,0.0,17.421524489999996,-3.552713678800501e-15
8292,scenario_1,5.761095254,13.4431680837,0.0,0.0,0.0,0.0,7.6820728297,0.0,5.761095254,0.0
8293,scenario_1,33.31656942,11.70310404075,0.0,0.0,21.61346537925,0.0,0.0,0.0,33.31656942,0.0
8294,scenario_1,37.5248401,33.1832068851,0.0,0.0,4.3416332149,0.0,0.0,0.0,37.5248401,0.0
8295,scenario_1,8.820720209,36.820720209,0.0,0.0,0.0,0.0,28.0,0.0,8.820720209000001,1.7763568394002505e-15
8296,scenario_1,3.239615832,31.239615832,0.0,0.0,0.0,0.0,28.0,0.0,3.2396158319999984,-1.7763568394002505e-15
8297,scenario_1,4.42832825,9.864721564200002,0.0,0.0,0.0,0.0,5.436393314200002,0.0,4.42832825,0.0
8298,scenario_1,8.02081035,0.0,0.0,0.0,0.0,8.02081035,0.0,0.0,8.02081035,0.0
8299,scenario_1,9.253108533,0.0,0.0,0.0,9.253108533,0.0,0.0,0.0,9.253108533,0.0
8300,scenario_1,8.844641667,0.0,0.0,0.0,8.844641667,0.0,0.0,0.0,8.844641667,0.0
8301,scenario_1,8.093945033,0.0,0.0,0.0,0.0,8.093945033,0.0,0.0,8.093945033,0.0
8302,scenario_1,7.450010867,0.0,0.0,0.0,7.450010867,0.0,0.0,0.0,7.450010867,0.0
8303,scenario_1,5.4456442,0.0,0.0,0.0,0.0,5.4456442,0.0,0.0,5.4456442,0.0
8304,scenario_1,0.446603333,0.0,0.0,0.0,0.0,0.446603333,0.0,0.0,0.446603333,0.0
8305,scenario_1,0.478402383,0.0,0.0,0.0,0.0,0.478402383,0.0,0.0,0.478402383,0.0
8306,scenario_1,0.488687217,0.0,0.0,0.0,0.0,0.488687217,0.0,0.0,0.488687217,0.0
8307,scenario_1,1.203070367,0.0,0.0,0.0,0.0,1.203070367,0.0,0.0,1.203070367,0.0
8308,scenario_1,7.149039533,0.0,0.0,0.0,4.113281912006475,3.0357576209935244,0.0,0.0,7.149039533,0.0
8309,scenario_1,7.409608583,0.0,0.0,0.0,7.409608583,0.0,0.0,0.0,7.409608583,0.0
8310,scenario_1,4.37678275,0.0,0.0,0.0,0.0,4.37678275,0.0,0.0,4.37678275,0.0
8311,scenario_1,18.06686003,11.716552065,0.0,0.0,6.350307965000001,0.0,0.0,0.0,18.06686003,0.0
8312,scenario_1,50.83180651,13.65655128585,0.0,0.0,28.0,9.17525522415,0.0,0.0,50.83180651,0.0
8313,scenario_1,72.53099174,50.8461878937,0.0,0.0,21.684803846300007,0.0,0.0,0.0,72.53099174,0.0
8314,scenario_1,60.93101206,65.19194591864999,0.0,0.0,0.0,0.0,4.260933858649992,0.0,60.93101206,0.0
8315,scenario_1,39.76875782,28.6231647678,0.0,0.0,11.145593052199999,0.0,0.0,0.0,39.76875782,0.0
8316,scenario_1,30.47988187,58.47988187,0.0,0.0,0.0,0.0,28.0,0.0,30.47988187,0.0
8317,scenario_1,73.27246986,92.43776461875,0.0,0.0,0.0,0.0,19.165294758749994,0.0,73.27246986,0.0
8318,scenario_1,46.18355584,57.81122738479444,0.0,0.0,0.0,0.0,11.627671544794444,0.0,46.18355584,0.0
8319,scenario_1,17.05068971,45.05068971,0.0,0.0,0.0,0.0,28.0,0.0,17.05068971,0.0
8320,scenario_1,11.44898619,39.44898619,0.0,0.0,0.0,0.0,28.0,0.0,11.44898619,0.0
8321,scenario_1,5.661435783,15.3129139239,0.0,0.0,0.0,0.0,9.6514781409,0.0,5.661435783,0.0
8322,scenario_1,7.829179917,0.0,0.0,0.0,7.829179917,0.0,0.0,0.0,7.829179917,0.0
8323,scenario_1,8.811363283,0.0,0.0,0.0,8.811363283,0.0,0.0,0.0,8.811363283,0.0
8324,scenario_1,8.736893867,0.0,0.0,0.0,8.736893867,0.0,0.0,0.0,8.736893867,0.0
8325,scenario_1,8.137510183,0.0,0.0,0.0,8.137510183,0.0,0.0,0.0,8.137510183,0.0
8326,scenario_1,8.516039767,0.0,0.0,0.0,8.516039767,0.0,0.0,0.0,8.516039767,0.0
8327,scenario_1,6.160958017,0.0,0.0,0.0,6.160958017,0.0,0.0,0.0,6.160958017,0.0
8328,scenario_1,0.448736267,0.0,0.0,0.0,0.0,0.448736267,0.0,0.0,0.448736267,0.0
8329,scenario_1,0.500568367,0.0,0.0,0.0,0.500568367,0.0,0.0,0.0,0.500568367,0.0
8330,scenario_1,0.53210275,0.0,0.0,0.0,0.0,0.53210275,0.0,0.0,0.53210275,0.0
8331,scenario_1,1.06227185,0.0,0.0,0.0,1.06227185,0.0,0.0,0.0,1.06227185,0.0
8332,scenario_1,6.913024367,0.0,0.0,0.0,0.0,6.913024367,0.0,0.0,6.913024367,0.0
8333,scenario_1,8.01060785,0.0,0.0,0.0,8.01060785,0.0,0.0,0.0,8.01060785,0.0
8334,scenario_1,4.294511783,0.0,0.0,0.0,4.294511783,0.0,0.0,0.0,4.294511783,0.0
8335,scenario_1,13.83583446,3.1920415900499997,0.0,0.0,10.64379286995,0.0,0.0,0.0,13.83583446,0.0
8336,scenario_1,58.48422944,40.0030472277,0.0,0.0,18.4811822123,0.0,0.0,0.0,58.48422944,0.0
8337,scenario_1,74.03058845,63.87138437385,0.0,0.0,9.615120033750001,0.5440840423999962,0.0,0.0,74.03058845,0.0
8338,scenario_1,78.33155326,81.6902692032,0.0,0.0,0.0,0.0,3.3587159431999964,0.0,78.33155326,0.0
8339,scenario_1,29.13748296,57.13748296,0.0,0.0,0.0,0.0,28.0,0.0,29.13748296,0.0
8340,scenario_1,27.99524663,27.99524663,0.0,0.0,0.0,0.0,0.0,0.0,27.99524663,0.0
8341,scenario_1,67.61220742,92.18685636149999,0.0,0.0,0.0,0.0,24.574648941499987,0.0,67.61220742,0.0
8342,scenario_1,33.27960368,33.27960368,0.0,0.0,0.0,0.0,0.0,0.0,33.27960368,0.0
8343,scenario_1,16.77622135,44.77622135,0.0,0.0,0.0,0.0,28.0,0.0,16.77622135,0.0
8344,scenario_1,11.54151452,25.553702271422814,0.0,0.0,0.0,0.0,14.012187751422813,0.0,11.541514520000002,1.7763568394002505e-15
8345,scenario_1,6.05313795,15.808332715649998,0.0,0.0,0.0,0.0,9.755194765649998,0.0,6.05313795,0.0
8346,scenario_1,8.323697,0.0,0.0,0.0,8.323697,0.0,0.0,0.0,8.323697,0.0
8347,scenario_1,8.547214117,0.0,0.0,0.0,8.547214117,0.0,0.0,0.0,8.547214117,0.0
8348,scenario_1,8.7889127,0.0,0.0,0.0,8.7889127,0.0,0.0,0.0,8.7889127,0.0
8349,scenario_1,8.04836215,0.0,0.0,0.0,8.04836215,0.0,0.0,0.0,8.04836215,0.0
8350,scenario_1,8.10780885,0.0,0.0,0.0,8.10780885,0.0,0.0,0.0,8.10780885,0.0
8351,scenario_1,6.761459283,0.0,0.0,0.0,6.761459283,0.0,0.0,0.0,6.761459283,0.0
8352,scenario_1,0.43436945,0.0,0.0,0.0,0.43436945,0.0,0.0,0.0,0.43436945,0.0
8353,scenario_1,0.494501533,0.0,0.0,0.0,0.494501533,0.0,0.0,0.0,0.494501533,0.0
8354,scenario_1,0.540235983,0.0,0.0,0.0,0.540235983,0.0,0.0,0.0,0.540235983,0.0
8355,scenario_1,0.687388633,0.0,0.0,0.0,0.687388633,0.0,0.0,0.0,0.687388633,0.0
8356,scenario_1,6.6908374,0.0,0.0,0.0,6.6908374,0.0,0.0,0.0,6.6908374,0.0
8357,scenario_1,8.2039919,0.0,0.0,0.0,8.2039919,0.0,0.0,0.0,8.2039919,0.0
8358,scenario_1,5.760309283,0.0,0.0,0.0,5.760309283,0.0,0.0,0.0,5.760309283,0.0
8359,scenario_1,19.05992676,14.251606781549999,0.0,0.0,4.808319978450001,0.0,0.0,0.0,19.05992676,0.0
8360,scenario_1,48.51149286,40.56876045435,0.0,0.0,7.942732405649998,0.0,0.0,0.0,48.51149286,0.0
8361,scenario_1,48.25797652,63.56393289465,0.0,0.0,0.0,0.0,15.305956374650002,0.0,48.25797652,0.0
8362,scenario_1,71.58265691,80.93778940889999,0.0,0.0,0.0,0.0,9.35513249889999,0.0,71.58265691,0.0
8363,scenario_1,38.45134958,66.45134958,0.0,0.0,0.0,0.0,28.0,0.0,38.45134958,0.0
8364,scenario_1,24.29278218,52.29278218,0.0,0.0,0.0,0.0,28.0,0.0,24.292782180000003,3.552713678800501e-15
8365,scenario_1,79.51923362,91.47855866085,0.0,0.0,0.0,0.0,11.959325040850004,0.0,79.51923362,0.0
8366,scenario_1,51.65378319,51.65378319,0.0,0.0,0.0,0.0,0.0,0.0,51.65378319,0.0
8367,scenario_1,13.08265112,13.08265112,0.0,0.0,0.0,0.0,0.0,0.0,13.08265112,0.0
8368,scenario_1,9.69794774,37.697947740000004,0.0,0.0,0.0,0.0,28.0,0.0,9.697947740000004,3.552713678800501e-15
8369,scenario_1,7.835056216,7.835056216,0.0,0.0,0.0,0.0,0.0,0.0,7.835056216,0.0
8370,scenario_1,8.432077883,0.0,0.0,0.0,8.432077883,0.0,0.0,0.0,8.432077883,0.0
8371,scenario_1,9.8148407,0.0,0.0,0.0,9.8148407,0.0,0.0,0.0,9.8148407,0.0
8372,scenario_1,9.6415219,0.0,0.0,0.0,9.6415219,0.0,0.0,0.0,9.6415219,0.0
8373,scenario_1,8.6695238,0.0,0.0,0.0,8.6695238,0.0,0.0,0.0,8.6695238,0.0
8374,scenario_1,8.54812385,0.0,0.0,0.0,8.54812385,0.0,0.0,0.0,8.54812385,0.0
8375,scenario_1,6.961658483,0.0,0.0,0.0,6.961658483,0.0,0.0,0.0,6.961658483,0.0
8376,scenario_1,0.442335933,0.0,0.0,0.0,0.442335933,0.0,0.0,0.0,0.442335933,0.0
8377,scenario_1,0.48166855,0.0,0.0,0.0,0.48166855,0.0,0.0,0.0,0.48166855,0.0
8378,scenario_1,0.579253033,0.0,0.0,0.0,0.579253033,0.0,0.0,0.0,0.579253033,0.0
8379,scenario_1,1.376721817,0.0,0.0,0.0,1.376721817,0.0,0.0,0.0,1.376721817,0.0
8380,scenario_1,7.78810475,0.0,0.0,0.0,7.78810475,0.0,0.0,0.0,7.78810475,0.0
8381,scenario_1,7.296323833,0.0,0.0,0.0,7.296323833,0.0,0.0,0.0,7.296323833,0.0
8382,scenario_1,3.7590953,0.0,0.0,0.0,3.7590953,0.0,0.0,0.0,3.7590953,0.0
8383,scenario_1,12.19597568,14.173645986299999,0.0,0.0,0.0,0.0,1.9776703062999985,0.0,12.19597568,0.0
8384,scenario_1,44.02829912,40.588201418699995,0.0,0.0,3.4400977013000045,0.0,0.0,0.0,44.02829912,0.0
8385,scenario_1,73.75302635,63.528220599149996,0.0,0.0,10.224805750850003,0.0,0.0,0.0,73.75302635,0.0
8386,scenario_1,61.52636013,81.0959583213,0.0,0.0,0.0,0.0,19.569598191300003,0.0,61.52636013,0.0
8387,scenario_1,34.58654047,62.58654047,0.0,0.0,0.0,0.0,28.0,0.0,34.58654047,0.0
8388,scenario_1,24.96928604,24.96928604,0.0,0.0,0.0,0.0,0.0,0.0,24.96928604,0.0
8389,scenario_1,71.03697958,71.03697958,0.0,0.0,0.0,0.0,0.0,0.0,71.03697958,0.0
8390,scenario_1,53.87344096,53.87344096,0.0,0.0,0.0,0.0,0.0,0.0,53.87344096,0.0
8391,scenario_1,23.59684853,46.49429778941175,0.0,0.0,0.0,0.0,22.897449259411754,0.0,23.59684853,0.0
8392,scenario_1,12.08986453,40.08986453,0.0,0.0,0.0,0.0,28.0,0.0,12.08986453,0.0
8393,scenario_1,8.669480233,16.19532208605,0.0,0.0,0.0,0.0,7.525841853049998,0.0,8.669480233,0.0
8394,scenario_1,9.372211533,0.0,0.0,0.0,9.372211533,0.0,0.0,0.0,9.372211533,0.0
8395,scenario_1,10.5307265,0.0,0.0,0.0,10.5307265,0.0,0.0,0.0,10.5307265,0.0
8396,scenario_1,8.578561983,0.0,0.0,0.0,8.578561983,0.0,0.0,0.0,8.578561983,0.0
8397,scenario_1,9.099960933,0.0,0.0,0.0,9.099960933,0.0,0.0,0.0,9.099960933,0.0
8398,scenario_1,7.81922765,0.0,0.0,0.0,7.81922765,0.0,0.0,0.0,7.81922765,0.0
8399,scenario_1,6.409610733,0.0,0.0,0.0,6.409610733,0.0,0.0,0.0,6.409610733,0.0
8400,scenario_1,0.469102517,0.0,0.0,0.0,0.469102517,0.0,0.0,0.0,0.469102517,0.0
8401,scenario_1,0.486301583,0.0,0.0,0.0,0.486301583,0.0,0.0,0.0,0.486301583,0.0
8402,scenario_1,0.513202867,0.0,0.0,0.0,0.513202867,0.0,0.0,0.0,0.513202867,0.0
8403,scenario_1,1.1896703,0.0,0.0,0.0,1.1896703,0.0,0.0,0.0,1.1896703,0.0
8404,scenario_1,7.36118985,0.0,0.0,0.0,0.22458163499999984,7.136608215,0.0,0.0,7.36118985,0.0
8405,scenario_1,7.53932215,0.0,0.0,0.0,7.53932215,0.0,0.0,0.0,7.53932215,0.0
8406,scenario_1,2.86191095,0.0,0.0,0.0,2.86191095,0.0,0.0,0.0,2.86191095,0.0
8407,scenario_1,10.00651121,5.1492394779,0.0,0.0,4.857271732099999,0.0,0.0,0.0,10.00651121,0.0
8408,scenario_1,52.88932377,39.42684372105,0.0,0.0,13.462480048949999,0.0,0.0,0.0,52.88932377,0.0
8409,scenario_1,80.23730957,62.851452685050006,0.0,0.0,17.385856884949987,0.0,0.0,0.0,80.23730957,0.0
8410,scenario_1,72.66814719,72.66814719,0.0,0.0,0.0,0.0,0.0,0.0,72.66814719,0.0
8411,scenario_1,34.07836351,62.07836351,0.0,0.0,0.0,0.0,28.0,0.0,34.07836351,0.0
8412,scenario_1,31.35608569,31.35608569,0.0,0.0,0.0,0.0,0.0,0.0,31.35608569,0.0
8413,scenario_1,58.07956713,58.07956713,0.0,0.0,0.0,0.0,0.0,0.0,58.07956713,0.0
8414,scenario_1,35.57902539,63.57902539,0.0,0.0,0.0,0.0,28.0,0.0,35.57902539,0.0
8415,scenario_1,16.74386301,44.74386301,0.0,0.0,0.0,0.0,28.0,0.0,16.74386301,0.0
8416,scenario_1,11.48895978,11.48895978,0.0,0.0,0.0,0.0,0.0,0.0,11.48895978,0.0
8417,scenario_1,9.110428933,16.129981489800002,0.0,0.0,0.0,0.0,7.019552556800003,0.0,9.110428933,0.0
8418,scenario_1,7.30249295,0.0,0.0,0.0,7.30249295,0.0,0.0,0.0,7.30249295,0.0
8419,scenario_1,9.387858033,0.0,0.0,0.0,9.387858033,0.0,0.0,0.0,9.387858033,0.0
8420,scenario_1,8.608356667,0.0,0.0,0.0,8.608356667,0.0,0.0,0.0,8.608356667,0.0
8421,scenario_1,7.9850089,0.0,0.0,0.0,7.9850089,0.0,0.0,0.0,7.9850089,0.0
8422,scenario_1,7.90317495,0.0,0.0,0.0,7.90317495,0.0,0.0,0.0,7.90317495,0.0
8423,scenario_1,5.7631758,0.0,0.0,0.0,5.7631758,0.0,0.0,0.0,5.7631758,0.0
8424,scenario_1,0.437402567,0.0,0.0,0.0,0.437402567,0.0,0.0,0.0,0.437402567,0.0
8425,scenario_1,0.47940095,0.0,0.0,0.0,0.47940095,0.0,0.0,0.0,0.47940095,0.0
8426,scenario_1,0.483401767,0.0,0.0,0.0,0.483401767,0.0,0.0,0.0,0.483401767,0.0
8427,scenario_1,1.03397055,0.0,0.0,0.0,1.03397055,0.0,0.0,0.0,1.03397055,0.0
8428,scenario_1,6.903454283,0.0,0.0,0.0,6.903454283,0.0,0.0,0.0,6.903454283,0.0
8429,scenario_1,7.112841283,0.0,0.0,0.0,7.112841283,0.0,0.0,0.0,7.112841283,0.0
8430,scenario_1,2.571074217,0.0,0.0,0.0,2.571074217,0.0,0.0,0.0,2.571074217,0.0
8431,scenario_1,3.138822398,12.662404239599999,0.0,0.0,0.0,0.0,9.523581841599999,0.0,3.1388223980000003,4.440892098500626e-16
8432,scenario_1,24.68846862,38.298512390549995,0.0,0.0,0.0,0.0,13.610043770549996,0.0,24.68846862,0.0
8433,scenario_1,64.76394025,61.71927083354999,0.0,0.0,3.044669416450013,0.0,0.0,0.0,64.76394025,0.0
8434,scenario_1,32.97017172,60.97017172,0.0,0.0,0.0,0.0,28.0,0.0,32.97017172,0.0
8435,scenario_1,7.771694755,7.771694755,0.0,0.0,0.0,0.0,0.0,0.0,7.771694755,0.0
8436,scenario_1,8.69155504,8.69155504,0.0,0.0,0.0,0.0,0.0,0.0,8.69155504,0.0
8437,scenario_1,49.44661235,77.44661235000001,0.0,0.0,0.0,0.0,28.0,0.0,49.44661235000001,7.105427357601002e-15
8438,scenario_1,34.74662161,34.74662161,0.0,0.0,0.0,0.0,0.0,0.0,34.74662161,0.0
8439,scenario_1,4.984507253,4.984507253,0.0,0.0,0.0,0.0,0.0,0.0,4.984507253,0.0
8440,scenario_1,3.886024251,10.49201667736852,0.0,0.0,0.0,0.0,6.605992426368519,0.0,3.886024251000001,1.3322676295501878e-15
8441,scenario_1,5.435746764,5.435746764,0.0,0.0,0.0,0.0,0.0,0.0,5.435746764,0.0
8442,scenario_1,9.167356683,0.0,0.0,0.0,9.167356683,0.0,0.0,0.0,9.167356683,0.0
8443,scenario_1,9.334072217,0.0,0.0,0.0,9.334072217,0.0,0.0,0.0,9.334072217,0.0
8444,scenario_1,8.60382445,0.0,0.0,0.0,8.60382445,0.0,0.0,0.0,8.60382445,0.0
8445,scenario_1,7.6946439,0.0,0.0,0.0,7.6946439,0.0,0.0,0.0,7.6946439,0.0
8446,scenario_1,7.683209517,0.0,0.0,0.0,7.683209517,0.0,0.0,0.0,7.683209517,0.0
8447,scenario_1,6.770826517,0.0,0.0,0.0,6.770826517,0.0,0.0,0.0,6.770826517,0.0
8448,scenario_1,0.44516975,0.0,0.0,0.0,0.44516975,0.0,0.0,0.0,0.44516975,0.0
8449,scenario_1,0.493934617,0.0,0.0,0.0,0.493934617,0.0,0.0,0.0,0.493934617,0.0
8450,scenario_1,0.516667467,0.0,0.0,0.0,0.516667467,0.0,0.0,0.0,0.516667467,0.0
8451,scenario_1,0.906320017,0.0,0.0,0.0,0.906320017,0.0,0.0,0.0,0.906320017,0.0
8452,scenario_1,6.535456317,0.0,0.0,0.0,6.535456317,0.0,0.0,0.0,6.535456317,0.0
8453,scenario_1,7.1680237,0.0,0.0,0.0,7.1680237,0.0,0.0,0.0,7.1680237,0.0
8454,scenario_1,2.515276883,0.0,0.0,0.0,2.515276883,0.0,0.0,0.0,2.515276883,0.0
8455,scenario_1,8.455208884,13.092414052199999,0.0,0.0,0.0,0.0,4.6372051681999995,0.0,8.455208884,0.0
8456,scenario_1,18.01836834,18.01836834,0.0,0.0,0.0,0.0,0.0,0.0,18.01836834,0.0
8457,scenario_1,50.61064665,50.61064665,0.0,0.0,0.0,0.0,0.0,0.0,50.61064665,0.0
8458,scenario_1,45.25718584,45.25718584,0.0,0.0,0.0,0.0,0.0,0.0,45.25718584,0.0
8459,scenario_1,17.38465589,45.384655890000005,0.0,0.0,0.0,0.0,28.0,0.0,17.384655890000005,3.552713678800501e-15
8460,scenario_1,5.891856277,33.891856277,0.0,0.0,0.0,0.0,28.0,0.0,5.891856277000002,2.6645352591003757e-15
8461,scenario_1,51.25254025,51.25254025,0.0,0.0,0.0,0.0,0.0,0.0,51.25254025,0.0
8462,scenario_1,27.88919143,55.88919143,0.0,0.0,0.0,0.0,28.0,0.0,27.889191429999997,-3.552713678800501e-15
8463,scenario_1,4.788912045,4.788912045,0.0,0.0,0.0,0.0,0.0,0.0,4.788912045,0.0
8464,scenario_1,5.204165145,33.204165145,0.0,0.0,0.0,0.0,28.0,0.0,5.2041651449999975,-2.6645352591003757e-15
8465,scenario_1,6.515404706,6.515404706,0.0,0.0,0.0,0.0,0.0,0.0,6.515404706,0.0
8466,scenario_1,8.813289917,0.0,0.0,0.0,8.813289917,0.0,0.0,0.0,8.813289917,0.0
8467,scenario_1,9.92095845,0.0,0.0,0.0,9.92095845,0.0,0.0,0.0,9.92095845,0.0
8468,scenario_1,9.047907433,0.0,0.0,0.0,9.047907433,0.0,0.0,0.0,9.047907433,0.0
8469,scenario_1,8.189508117,0.0,0.0,0.0,8.189508117,0.0,0.0,0.0,8.189508117,0.0
8470,scenario_1,7.637590567,0.0,0.0,0.0,7.637590567,0.0,0.0,0.0,7.637590567,0.0
8471,scenario_1,6.35025595,0.0,0.0,0.0,6.35025595,0.0,0.0,0.0,6.35025595,0.0
8472,scenario_1,0.449269883,0.0,0.0,0.0,0.449269883,0.0,0.0,0.0,0.449269883,0.0
8473,scenario_1,0.501235,0.0,0.0,0.0,0.501235,0.0,0.0,0.0,0.501235,0.0
8474,scenario_1,0.532568533,0.0,0.0,0.0,0.532568533,0.0,0.0,0.0,0.532568533,0.0
8475,scenario_1,1.4098202,0.0,0.0,0.0,1.4098202,0.0,0.0,0.0,1.4098202,0.0
8476,scenario_1,7.494718933,0.0,0.0,0.0,7.494718933,0.0,0.0,0.0,7.494718933,0.0
8477,scenario_1,8.028972633,0.0,0.0,0.0,0.0,8.028972633,0.0,0.0,8.028972633,0.0
8478,scenario_1,4.023997017,0.0,0.0,0.0,4.023997017,0.0,0.0,0.0,4.023997017,0.0
8479,scenario_1,23.18108076,12.73266938505,0.0,0.0,8.031765287600015,2.416646087349985,0.0,0.0,23.18108076,0.0
8480,scenario_1,45.44101381,38.303509734449996,0.0,0.0,7.137504075550005,0.0,0.0,0.0,45.44101381,0.0
8481,scenario_1,82.79373195,61.534121313149996,0.0,0.0,21.25961063685,0.0,0.0,0.0,82.79373195,0.0
8482,scenario_1,77.51006594,79.57798061385,0.0,0.0,0.0,0.0,2.067914673849998,0.0,77.51006594,0.0
8483,scenario_1,35.14020755,63.14020755,0.0,0.0,0.0,0.0,28.0,0.0,35.14020755,0.0
8484,scenario_1,23.67775266,23.67775266,0.0,0.0,0.0,0.0,0.0,0.0,23.67775266,0.0
8485,scenario_1,62.98816176,90.71706739739999,0.0,0.0,0.0,0.0,27.72890563739999,0.0,62.98816176,0.0
8486,scenario_1,28.69112815,30.392278061299418,0.0,0.0,0.0,0.0,1.7011499112994164,0.0,28.69112815,0.0
8487,scenario_1,15.17410396,43.17410396,0.0,0.0,0.0,0.0,28.0,0.0,15.174103959999997,-3.552713678800501e-15
8488,scenario_1,10.65841762,38.65841762,0.0,0.0,0.0,0.0,28.0,0.0,10.658417620000002,1.7763568394002505e-15
8489,scenario_1,8.814776665,17.311814841449998,0.0,0.0,0.0,0.0,8.497038176449998,0.0,8.814776665,0.0
8490,scenario_1,9.667208683,0.0,0.0,0.0,9.667208683,0.0,0.0,0.0,9.667208683,0.0
8491,scenario_1,9.9047595,0.0,0.0,0.0,9.9047595,0.0,0.0,0.0,9.9047595,0.0
8492,scenario_1,9.389241083,0.0,0.0,0.0,9.389241083,0.0,0.0,0.0,9.389241083,0.0
8493,scenario_1,7.97244505,0.0,0.0,0.0,7.97244505,0.0,0.0,0.0,7.97244505,0.0
8494,scenario_1,7.39376,0.0,0.0,0.0,7.39376,0.0,0.0,0.0,7.39376,0.0
8495,scenario_1,6.124210517,0.0,0.0,0.0,6.124210517,0.0,0.0,0.0,6.124210517,0.0
8496,scenario_1,0.428836383,0.0,0.0,0.0,0.428836383,0.0,0.0,0.0,0.428836383,0.0
8497,scenario_1,0.466434667,0.0,0.0,0.0,0.466434667,0.0,0.0,0.0,0.466434667,0.0
8498,scenario_1,0.552051767,0.0,0.0,0.0,0.552051767,0.0,0.0,0.0,0.552051767,0.0
8499,scenario_1,1.386668733,0.0,0.0,0.0,1.386668733,0.0,0.0,0.0,1.386668733,0.0
8500,scenario_1,7.453003033,0.0,0.0,0.0,7.453003033,0.0,0.0,0.0,7.453003033,0.0
8501,scenario_1,8.430970867,0.0,0.0,0.0,8.430970867,0.0,0.0,0.0,8.430970867,0.0
8502,scenario_1,3.680544783,0.0,0.0,0.0,3.680544783,0.0,0.0,0.0,3.680544783,0.0
8503,scenario_1,16.81434419,12.811458495750001,0.0,0.0,4.002885694249999,0.0,0.0,0.0,16.81434419,0.0
8504,scenario_1,49.12983183,38.524408805549996,0.0,0.0,10.605423024450005,0.0,0.0,0.0,49.12983183,0.0
8505,scenario_1,67.79341804,61.92456610334999,0.0,0.0,5.868851936650017,0.0,0.0,0.0,67.79341804,0.0
8506,scenario_1,72.98991278,72.98991278,0.0,0.0,0.0,0.0,0.0,0.0,72.98991278,0.0
8507,scenario_1,33.49606011,33.49606011,0.0,0.0,0.0,0.0,0.0,0.0,33.49606011,0.0
8508,scenario_1,26.14122177,54.14122177,0.0,0.0,0.0,0.0,28.0,0.0,26.14122177,0.0
8509,scenario_1,69.37550634,91.30140932699999,0.0,0.0,0.0,0.0,21.925902986999986,0.0,69.37550634,0.0
8510,scenario_1,32.84912207,32.84912207,0.0,0.0,0.0,0.0,0.0,0.0,32.84912207,0.0
8511,scenario_1,19.22827733,47.22827733,0.0,0.0,0.0,0.0,28.0,0.0,19.228277329999997,-3.552713678800501e-15
8512,scenario_1,11.86863167,39.86863167,0.0,0.0,0.0,0.0,28.0,0.0,11.86863167,0.0
8513,scenario_1,6.98597096,16.72838762505,0.0,0.0,0.0,0.0,9.742416665050001,0.0,6.9859709599999995,-8.881784197001252e-16
8514,scenario_1,7.858878967,0.0,0.0,0.0,7.858878967,0.0,0.0,0.0,7.858878967,0.0
8515,scenario_1,8.9283272,0.0,0.0,0.0,8.9283272,0.0,0.0,0.0,8.9283272,0.0
8516,scenario_1,8.5513419,0.0,0.0,0.0,8.5513419,0.0,0.0,0.0,8.5513419,0.0
8517,scenario_1,8.524658567,0.0,0.0,0.0,8.524658567,0.0,0.0,0.0,8.524658567,0.0
8518,scenario_1,8.392423133,0.0,0.0,0.0,8.392423133,0.0,0.0,0.0,8.392423133,0.0
8519,scenario_1,6.355539883,0.0,0.0,0.0,6.355539883,0.0,0.0,0.0,6.355539883,0.0
8520,scenario_1,0.419203067,0.0,0.0,0.0,0.419203067,0.0,0.0,0.0,0.419203067,0.0
8521,scenario_1,0.4782013,0.0,0.0,0.0,0.4782013,0.0,0.0,0.0,0.4782013,0.0
8522,scenario_1,0.52620115,0.0,0.0,0.0,0.52620115,0.0,0.0,0.0,0.52620115,0.0
8523,scenario_1,1.133185367,0.0,0.0,0.0,1.133185367,0.0,0.0,0.0,1.133185367,0.0
8524,scenario_1,6.628371933,0.0,0.0,0.0,6.628371933,0.0,0.0,0.0,6.628371933,0.0
8525,scenario_1,7.562857067,0.0,0.0,0.0,7.562857067,0.0,0.0,0.0,7.562857067,0.0
8526,scenario_1,3.7699958,0.0,0.0,0.0,3.7699958,0.0,0.0,0.0,3.7699958,0.0
8527,scenario_1,10.22103922,13.0580184339,0.0,0.0,0.0,0.0,2.8369792138999994,0.0,10.22103922,0.0
8528,scenario_1,52.90310048,39.29835347744999,0.0,0.0,13.604747002550006,0.0,0.0,0.0,52.90310048,0.0
8529,scenario_1,76.27074217,62.723203007100004,0.0,0.0,13.547539162900001,0.0,0.0,0.0,76.27074217,0.0
8530,scenario_1,73.79785262,80.37687499515,0.0,0.0,0.0,0.0,6.579022375150004,0.0,73.79785262,0.0
8531,scenario_1,30.15083509,58.15083509,0.0,0.0,0.0,0.0,28.0,0.0,30.15083509,0.0
8532,scenario_1,21.42731439,21.42731439,0.0,0.0,0.0,0.0,0.0,0.0,21.42731439,0.0
8533,scenario_1,64.79031159,89.51247646236979,0.0,0.0,0.0,0.0,24.722164872369788,0.0,64.79031159,0.0
8534,scenario_1,50.8190965,78.8190965,0.0,0.0,0.0,0.0,28.0,0.0,50.8190965,0.0
8535,scenario_1,19.98811426,47.98811426,0.0,0.0,0.0,0.0,28.0,0.0,19.988114260000003,3.552713678800501e-15
8536,scenario_1,10.85899529,10.85899529,0.0,0.0,0.0,0.0,0.0,0.0,10.85899529,0.0
8537,scenario_1,8.046677495,8.046677495,0.0,0.0,0.0,0.0,0.0,0.0,8.046677495,0.0
8538,scenario_1,10.05950803,0.0,0.0,0.0,10.05950803,0.0,0.0,0.0,10.05950803,0.0
8539,scenario_1,8.97449665,0.0,0.0,0.0,8.97449665,0.0,0.0,0.0,8.97449665,0.0
8540,scenario_1,8.878843183,0.0,0.0,0.0,8.878843183,0.0,0.0,0.0,8.878843183,0.0
8541,scenario_1,8.38550835,0.0,0.0,0.0,8.38550835,0.0,0.0,0.0,8.38550835,0.0
8542,scenario_1,7.473841083,0.0,0.0,0.0,7.473841083,0.0,0.0,0.0,7.473841083,0.0
8543,scenario_1,5.120756083,0.0,0.0,0.0,5.120756083,0.0,0.0,0.0,5.120756083,0.0
8544,scenario_1,0.45060255,0.0,0.0,0.0,0.45060255,0.0,0.0,0.0,0.45060255,0.0
8545,scenario_1,0.482501883,0.0,0.0,0.0,0.482501883,0.0,0.0,0.0,0.482501883,0.0
8546,scenario_1,0.477985633,0.0,0.0,0.0,0.477985633,0.0,0.0,0.0,0.477985633,0.0
8547,scenario_1,1.19938665,0.0,0.0,0.0,1.19938665,0.0,0.0,0.0,1.19938665,0.0
8548,scenario_1,7.044120067,0.0,0.0,0.0,7.044120067,0.0,0.0,0.0,7.044120067,0.0
8549,scenario_1,8.02335535,0.0,0.0,0.0,8.02335535,0.0,0.0,0.0,8.02335535,0.0
8550,scenario_1,4.50349265,0.0,0.0,0.0,4.50349265,0.0,0.0,0.0,4.50349265,0.0
8551,scenario_1,14.92423808,12.0217939677,0.0,0.0,2.9024441122999995,0.0,0.0,0.0,14.92423808,0.0
8552,scenario_1,43.58015773,37.53570163125,0.0,0.0,6.044456098750004,0.0,0.0,0.0,43.58015773,0.0
8553,scenario_1,80.9769505,60.78780553874999,0.0,0.0,20.18914496125001,0.0,0.0,0.0,80.9769505,0.0
8554,scenario_1,78.47564935,78.90480513045,0.0,0.0,0.0,0.0,0.429155780450003,0.0,78.47564935,0.0
8555,scenario_1,30.8729017,58.8729017,0.0,0.0,0.0,0.0,28.0,0.0,30.8729017,0.0
8556,scenario_1,32.82223178,32.82223178,0.0,0.0,0.0,0.0,0.0,0.0,32.82223178,0.0
8557,scenario_1,63.90210141,63.90210141,0.0,0.0,0.0,0.0,0.0,0.0,63.90210141,0.0
8558,scenario_1,42.36495046,70.36495046,0.0,0.0,0.0,0.0,28.0,0.0,42.36495046,0.0
8559,scenario_1,16.94856769,44.948567690000004,0.0,0.0,0.0,0.0,28.0,0.0,16.948567690000004,3.552713678800501e-15
8560,scenario_1,11.33318688,39.33318688,0.0,0.0,0.0,0.0,28.0,0.0,11.33318688,0.0
8561,scenario_1,5.508420367,5.508420367,0.0,0.0,0.0,0.0,0.0,0.0,5.508420367,0.0
8562,scenario_1,7.687414817,0.0,0.0,0.0,7.687414817,0.0,0.0,0.0,7.687414817,0.0
8563,scenario_1,8.943081467,0.0,0.0,0.0,8.943081467,0.0,0.0,0.0,8.943081467,0.0
8564,scenario_1,8.359229917,0.0,0.0,0.0,8.359229917,0.0,0.0,0.0,8.359229917,0.0
8565,scenario_1,8.443844117,0.0,0.0,0.0,8.443844117,0.0,0.0,0.0,8.443844117,0.0
8566,scenario_1,7.845357967,0.0,0.0,0.0,7.845357967,0.0,0.0,0.0,7.845357967,0.0
8567,scenario_1,6.599240283,0.0,0.0,0.0,6.599240283,0.0,0.0,0.0,6.599240283,0.0
8568,scenario_1,0.43126975,0.0,0.0,0.0,0.43126975,0.0,0.0,0.0,0.43126975,0.0
8569,scenario_1,0.4900517,0.0,0.0,0.0,0.4900517,0.0,0.0,0.0,0.4900517,0.0
8570,scenario_1,0.528718633,0.0,0.0,0.0,0.528718633,0.0,0.0,0.0,0.528718633,0.0
8571,scenario_1,1.159320667,0.0,0.0,0.0,1.159320667,0.0,0.0,0.0,1.159320667,0.0
8572,scenario_1,6.877022517,0.0,0.0,0.0,6.877022517,0.0,0.0,0.0,6.877022517,0.0
8573,scenario_1,7.074324,0.0,0.0,0.0,7.074324,0.0,0.0,0.0,7.074324,0.0
8574,scenario_1,3.26829275,0.0,0.0,0.0,3.26829275,0.0,0.0,0.0,3.26829275,0.0
8575,scenario_1,13.69335425,12.297315412049999,0.0,0.0,1.3960388379500017,0.0,0.0,0.0,13.69335425,0.0
8576,scenario_1,39.77202665,37.65263565495,0.0,0.0,2.1193909950500043,0.0,0.0,0.0,39.77202665,0.0
8577,scenario_1,75.23748055,60.788649295499994,0.0,0.0,14.448831254500007,0.0,0.0,0.0,75.23748055,0.0
8578,scenario_1,73.44499085,73.44499085,0.0,0.0,0.0,0.0,0.0,0.0,73.44499085,0.0
8579,scenario_1,30.19268145,58.192681449999995,0.0,0.0,0.0,0.0,28.0,0.0,30.192681449999995,-3.552713678800501e-15
8580,scenario_1,29.92190221,57.92190221,0.0,0.0,0.0,0.0,28.0,0.0,29.92190221,0.0
8581,scenario_1,70.01490254,70.01490254,0.0,0.0,0.0,0.0,0.0,0.0,70.01490254,0.0
8582,scenario_1,51.65165383,51.65165383,0.0,0.0,0.0,0.0,0.0,0.0,51.65165383,0.0
8583,scenario_1,15.09229734,43.09229734,0.0,0.0,0.0,0.0,28.0,0.0,15.092297340000002,1.7763568394002505e-15
8584,scenario_1,12.05861214,12.05861214,0.0,0.0,0.0,0.0,0.0,0.0,12.05861214,0.0
8585,scenario_1,9.695165983,9.695165983,0.0,0.0,0.0,0.0,0.0,0.0,9.695165983,0.0
8586,scenario_1,9.77704145,0.0,0.0,0.0,9.77704145,0.0,0.0,0.0,9.77704145,0.0
8587,scenario_1,10.64567467,0.0,0.0,0.0,10.64567467,0.0,0.0,0.0,10.64567467,0.0
8588,scenario_1,10.3434573,0.0,0.0,0.0,10.3434573,0.0,0.0,0.0,10.3434573,0.0
8589,scenario_1,9.14960705,0.0,0.0,0.0,9.14960705,0.0,0.0,0.0,9.14960705,0.0
8590,scenario_1,8.447957483,0.0,0.0,0.0,8.447957483,0.0,0.0,0.0,8.447957483,0.0
8591,scenario_1,6.86507635,0.0,0.0,0.0,6.86507635,0.0,0.0,0.0,6.86507635,0.0
8592,scenario_1,0.4284027,0.0,0.0,0.0,0.4284027,0.0,0.0,0.0,0.4284027,0.0
8593,scenario_1,0.460001867,0.0,0.0,0.0,0.460001867,0.0,0.0,0.0,0.460001867,0.0
8594,scenario_1,0.50040205,0.0,0.0,0.0,0.50040205,0.0,0.0,0.0,0.50040205,0.0
8595,scenario_1,0.66963565,0.0,0.0,0.0,0.66963565,0.0,0.0,0.0,0.66963565,0.0
8596,scenario_1,6.343739117,0.0,0.0,0.0,6.343739117,0.0,0.0,0.0,6.343739117,0.0
8597,scenario_1,6.827374767,0.0,0.0,0.0,6.827374767,0.0,0.0,0.0,6.827374767,0.0
8598,scenario_1,2.496375417,0.0,0.0,0.0,2.496375417,0.0,0.0,0.0,2.496375417,0.0
8599,scenario_1,7.759498479,7.759498479,0.0,0.0,0.0,0.0,0.0,0.0,7.759498479,0.0
8600,scenario_1,30.26350393,30.26350393,0.0,0.0,0.0,0.0,0.0,0.0,30.26350393,0.0
8601,scenario_1,51.36158279,61.03741415325,0.0,0.0,0.0,0.0,9.675831363249998,0.0,51.36158279,0.0
8602,scenario_1,41.25330668,69.25330668000001,0.0,0.0,0.0,0.0,28.0,0.0,41.25330668000001,7.105427357601002e-15
8603,scenario_1,16.24294,34.173692787781505,0.0,0.0,0.0,0.0,17.930752787781504,0.0,16.24294,0.0
8604,scenario_1,5.817099066,5.817099066,0.0,0.0,0.0,0.0,0.0,0.0,5.817099066,0.0
8605,scenario_1,44.43640168,44.43640168,0.0,0.0,0.0,0.0,0.0,0.0,44.43640168,0.0
8606,scenario_1,20.56831823,48.56831823,0.0,0.0,0.0,0.0,28.0,0.0,20.568318230000003,3.552713678800501e-15
8607,scenario_1,4.213528999,4.213528999,0.0,0.0,0.0,0.0,0.0,0.0,4.213528999,0.0
8608,scenario_1,4.034695403,4.034695403,0.0,0.0,0.0,0.0,0.0,0.0,4.034695403,0.0
8609,scenario_1,5.421817832,5.421817832,0.0,0.0,0.0,0.0,0.0,0.0,5.421817832,0.0
8610,scenario_1,8.274641767,0.0,0.0,0.0,8.274641767,0.0,0.0,0.0,8.274641767,0.0
8611,scenario_1,9.6812261,0.0,0.0,0.0,9.6812261,0.0,0.0,0.0,9.6812261,0.0
8612,scenario_1,9.3532574,0.0,0.0,0.0,9.3532574,0.0,0.0,0.0,9.3532574,0.0
8613,scenario_1,8.908339417,0.0,0.0,0.0,8.908339417,0.0,0.0,0.0,8.908339417,0.0
8614,scenario_1,7.6373411,0.0,0.0,0.0,7.6373411,0.0,0.0,0.0,7.6373411,0.0
8615,scenario_1,5.342924917,0.0,0.0,0.0,5.342924917,0.0,0.0,0.0,5.342924917,0.0
8616,scenario_1,0.437202633,0.0,0.0,0.0,0.437202633,0.0,0.0,0.0,0.437202633,0.0
8617,scenario_1,0.473601383,0.0,0.0,0.0,0.473601383,0.0,0.0,0.0,0.473601383,0.0
8618,scenario_1,0.479868767,0.0,0.0,0.0,0.479868767,0.0,0.0,0.0,0.479868767,0.0
8619,scenario_1,1.4403037,0.0,0.0,0.0,1.4403037,0.0,0.0,0.0,1.4403037,0.0
8620,scenario_1,7.352103967,0.0,0.0,0.0,7.352103967,0.0,0.0,0.0,7.352103967,0.0
8621,scenario_1,6.682339767,0.0,0.0,0.0,6.682339767,0.0,0.0,0.0,6.682339767,0.0
8622,scenario_1,2.139622883,0.0,0.0,0.0,2.139622883,0.0,0.0,0.0,2.139622883,0.0
8623,scenario_1,2.558495133,2.558495133,0.0,0.0,0.0,0.0,0.0,0.0,2.558495133,0.0
8624,scenario_1,26.30672244,36.4515330315,0.0,0.0,0.0,0.0,10.144810591499997,0.0,26.30672244,0.0
8625,scenario_1,62.9817441,59.92381921514999,0.0,0.0,3.05792488485001,0.0,0.0,0.0,62.9817441,0.0
8626,scenario_1,42.73226712,70.73226712,0.0,0.0,0.0,0.0,28.0,0.0,42.73226712,0.0
8627,scenario_1,15.70389119,42.01774495901667,0.0,0.0,0.0,0.0,26.313853769016664,0.0,15.703891190000004,3.552713678800501e-15
8628,scenario_1,6.042718716,34.042718716,0.0,0.0,0.0,0.0,28.0,0.0,6.042718716000003,2.6645352591003757e-15
8629,scenario_1,38.15255675,38.15255675,0.0,0.0,0.0,0.0,0.0,0.0,38.15255675,0.0
8630,scenario_1,26.4912297,54.491229700000005,0.0,0.0,0.0,0.0,28.0,0.0,26.491229700000005,3.552713678800501e-15
8631,scenario_1,7.90283433,7.90283433,0.0,0.0,0.0,0.0,0.0,0.0,7.90283433,0.0
8632,scenario_1,5.968021921,5.968021921,0.0,0.0,0.0,0.0,0.0,0.0,5.968021921,0.0
8633,scenario_1,6.699295303,14.460291294149998,0.0,0.0,0.0,0.0,7.760995991149998,0.0,6.699295303,0.0
8634,scenario_1,8.75059205,0.0,0.0,0.0,8.75059205,0.0,0.0,0.0,8.75059205,0.0
8635,scenario_1,9.632074283,0.0,0.0,0.0,9.632074283,0.0,0.0,0.0,9.632074283,0.0
8636,scenario_1,9.076390333,0.0,0.0,0.0,9.076390333,0.0,0.0,0.0,9.076390333,0.0
8637,scenario_1,8.338540083,0.0,0.0,0.0,8.338540083,0.0,0.0,0.0,8.338540083,0.0
8638,scenario_1,7.646872183,0.0,0.0,0.0,7.646872183,0.0,0.0,0.0,7.646872183,0.0
8639,scenario_1,5.762505483,0.0,0.0,0.0,5.762505483,0.0,0.0,0.0,5.762505483,0.0
8640,scenario_1,0.452803433,0.0,0.0,0.0,0.452803433,0.0,0.0,0.0,0.452803433,0.0
8641,scenario_1,0.50310255,0.0,0.0,0.0,0.50310255,0.0,0.0,0.0,0.50310255,0.0
8642,scenario_1,0.553119633,0.0,0.0,0.0,0.553119633,0.0,0.0,0.0,0.553119633,0.0
8643,scenario_1,1.205304667,0.0,0.0,0.0,1.205304667,0.0,0.0,0.0,1.205304667,0.0
8644,scenario_1,7.001739333,0.0,0.0,0.0,7.001739333,0.0,0.0,0.0,7.001739333,0.0
8645,scenario_1,7.947575033,0.0,0.0,0.0,7.947575033,0.0,0.0,0.0,7.947575033,0.0
8646,scenario_1,4.189444,0.0,0.0,0.0,4.189444,0.0,0.0,0.0,4.189444,0.0
8647,scenario_1,11.33333785,11.471176450049999,0.0,0.0,0.0,0.0,0.13783860004999937,0.0,11.33333785,0.0
8648,scenario_1,34.64324708,36.74709679305,0.0,0.0,0.0,0.0,2.1038497130499962,0.0,34.64324708,0.0
8649,scenario_1,65.65605217,59.93282394404999,0.0,0.0,5.7232282259500025,0.0,0.0,0.0,65.65605217,0.0
8650,scenario_1,73.95156982,77.1654651129,0.0,0.0,0.0,0.0,3.2138952928999913,0.0,73.95156982,0.0
8651,scenario_1,29.92961699,57.92961699,0.0,0.0,0.0,0.0,28.0,0.0,29.92961699,0.0
8652,scenario_1,22.11854577,50.11854577,0.0,0.0,0.0,0.0,28.0,0.0,22.118545769999997,-3.552713678800501e-15
8653,scenario_1,72.78849786,72.78849786,0.0,0.0,0.0,0.0,0.0,0.0,72.78849786,0.0
8654,scenario_1,54.47468582,78.73455083536666,0.0,0.0,0.0,0.0,24.259865015366668,0.0,54.47468581999999,-7.105427357601002e-15
8655,scenario_1,22.9289351,0.0,0.0,0.0,22.9289351,0.0,0.0,0.0,22.9289351,0.0
8656,scenario_1,11.7552006,39.7552006,0.0,0.0,0.0,0.0,28.0,0.0,11.755200600000002,1.7763568394002505e-15
8657,scenario_1,8.975474343,18.3615397833,0.0,0.0,0.0,0.0,9.3860654403,0.0,8.975474343,0.0
8658,scenario_1,9.596810917,0.0,0.0,0.0,9.596810917,0.0,0.0,0.0,9.596810917,0.0
8659,scenario_1,8.819459067,0.0,0.0,0.0,8.819459067,0.0,0.0,0.0,8.819459067,0.0
8660,scenario_1,8.95874095,0.0,0.0,0.0,8.95874095,0.0,0.0,0.0,8.95874095,0.0
8661,scenario_1,8.465442083,0.0,0.0,0.0,8.465442083,0.0,0.0,0.0,8.465442083,0.0
8662,scenario_1,8.08734095,0.0,0.0,0.0,8.08734095,0.0,0.0,0.0,8.08734095,0.0
8663,scenario_1,5.668275867,0.0,0.0,0.0,5.668275867,0.0,0.0,0.0,5.668275867,0.0
8664,scenario_1,0.43953665,0.0,0.0,0.0,0.43953665,0.0,0.0,0.0,0.43953665,0.0
8665,scenario_1,0.477786117,0.0,0.0,0.0,0.477786117,0.0,0.0,0.0,0.477786117,0.0
8666,scenario_1,0.520286517,0.0,0.0,0.0,0.520286517,0.0,0.0,0.0,0.520286517,0.0
8667,scenario_1,1.4462052,0.0,0.0,0.0,1.4462052,0.0,0.0,0.0,1.4462052,0.0
8668,scenario_1,7.56637155,0.0,0.0,0.0,7.56637155,0.0,0.0,0.0,7.56637155,0.0
8669,scenario_1,7.449356917,0.0,0.0,0.0,7.449356917,0.0,0.0,0.0,7.449356917,0.0
8670,scenario_1,5.1291628,0.0,0.0,0.0,5.1291628,0.0,0.0,0.0,5.1291628,0.0
8671,scenario_1,14.83362767,11.40491954745,0.0,0.0,3.4287081225500007,0.0,0.0,0.0,14.83362767,0.0
8672,scenario_1,40.52580994,36.34652839245,0.0,0.0,4.179281547550005,0.0,0.0,0.0,40.52580994,0.0
8673,scenario_1,61.99990334,59.772707099399994,0.0,0.0,2.2271962406000085,0.0,0.0,0.0,61.99990334,0.0
8674,scenario_1,72.44701512,72.44701512,0.0,0.0,0.0,0.0,0.0,0.0,72.44701512,0.0
8675,scenario_1,45.32603486,73.32603486,0.0,0.0,0.0,0.0,28.0,0.0,45.32603485999999,-7.105427357601002e-15
8676,scenario_1,30.25416526,58.25416526,0.0,0.0,0.0,0.0,28.0,0.0,30.25416526,0.0
8677,scenario_1,80.62268433,90.07100083184999,0.0,0.0,0.0,0.0,9.448316501849988,0.0,80.62268433,0.0
8678,scenario_1,44.83062507,44.83062507,0.0,0.0,0.0,0.0,0.0,0.0,44.83062507,0.0
8679,scenario_1,18.1495326,46.1495326,0.0,0.0,0.0,0.0,28.0,0.0,18.1495326,0.0
8680,scenario_1,11.20047046,11.20047046,0.0,0.0,0.0,0.0,0.0,0.0,11.20047046,0.0
8681,scenario_1,5.400816033,13.75492113077969,0.0,0.0,0.0,0.0,8.35410509777969,0.0,5.400816033,0.0
8682,scenario_1,7.07781145,0.0,0.0,0.0,7.07781145,0.0,0.0,0.0,7.07781145,0.0
8683,scenario_1,8.962994683,0.0,0.0,0.0,8.050612667958514,0.9123820150414854,0.0,0.0,8.962994683,0.0
8684,scenario_1,8.542446933,0.0,0.0,0.0,8.542446933,0.0,0.0,0.0,8.542446933,0.0
8685,scenario_1,8.603959383,0.0,0.0,0.0,8.603959383,0.0,0.0,0.0,8.603959383,0.0
8686,scenario_1,8.122424133,0.0,0.0,0.0,8.122424133,0.0,0.0,0.0,8.122424133,0.0
8687,scenario_1,6.0053108,0.0,0.0,0.0,6.0053108,0.0,0.0,0.0,6.0053108,0.0
8688,scenario_1,0.451902867,0.0,0.0,0.0,0.451902867,0.0,0.0,0.0,0.451902867,0.0
8689,scenario_1,0.517801217,0.0,0.0,0.0,0.517801217,0.0,0.0,0.0,0.517801217,0.0
8690,scenario_1,0.51793615,0.0,0.0,0.0,0.51793615,0.0,0.0,0.0,0.51793615,0.0
8691,scenario_1,1.0408556,0.0,0.0,0.0,0.0,1.0408556,0.0,0.0,1.0408556,0.0
8692,scenario_1,6.8423389,0.0,0.0,0.0,6.8423389,0.0,0.0,0.0,6.8423389,0.0
8693,scenario_1,7.730340067,0.0,0.0,0.0,7.730340067,0.0,0.0,0.0,7.730340067,0.0
8694,scenario_1,4.639476583,0.0,0.0,0.0,4.639476583,0.0,0.0,0.0,4.639476583,0.0
8695,scenario_1,6.953125767,10.19820008985,0.0,0.0,0.0,0.0,3.245074322849999,0.0,6.953125767,0.0
8696,scenario_1,43.53023448,35.204085429450004,0.0,0.0,8.326149050549994,0.0,0.0,0.0,43.53023448,0.0
8697,scenario_1,93.31863564,58.337565961500005,0.0,0.0,28.0,6.981069678499992,0.0,0.0,93.31863564,0.0
8698,scenario_1,73.12693611,73.12693611,0.0,0.0,0.0,0.0,0.0,0.0,73.12693611,0.0
8699,scenario_1,24.01966423,24.01966423,0.0,0.0,0.0,0.0,0.0,0.0,24.01966423,0.0
8700,scenario_1,32.6177184,55.18796616679445,0.0,0.0,0.0,0.0,22.570247766794445,0.0,32.61771840000001,7.105427357601002e-15
8701,scenario_1,71.12149114,88.99568781765,0.0,0.0,0.0,0.0,17.87419667764999,0.0,71.12149114,0.0
8702,scenario_1,36.98743122,64.98743121999999,0.0,0.0,0.0,0.0,27.999999999999993,0.0,36.98743122,0.0
8703,scenario_1,14.59924253,42.59924253,0.0,0.0,0.0,0.0,28.0,0.0,14.599242529999998,-1.7763568394002505e-15
8704,scenario_1,9.31261844,37.31261844,0.0,0.0,0.0,0.0,28.0,0.0,9.312618440000001,1.7763568394002505e-15
8705,scenario_1,5.443005233,5.443005233,0.0,0.0,0.0,0.0,0.0,0.0,5.443005233,0.0
8706,scenario_1,6.960515317,0.0,0.0,0.0,6.960515317,0.0,0.0,0.0,6.960515317,0.0
8707,scenario_1,8.52739875,0.0,0.0,0.0,8.52739875,0.0,0.0,0.0,8.52739875,0.0
8708,scenario_1,8.045629833,0.0,0.0,0.0,8.045629833,0.0,0.0,0.0,8.045629833,0.0
8709,scenario_1,8.765327433,0.0,0.0,0.0,8.765327433,0.0,0.0,0.0,8.765327433,0.0
8710,scenario_1,8.043844467,0.0,0.0,0.0,8.043844467,0.0,0.0,0.0,8.043844467,0.0
8711,scenario_1,7.0374253,0.0,0.0,0.0,0.0,7.0374253,0.0,0.0,7.0374253,0.0
8712,scenario_1,0.452252917,0.0,0.0,0.0,0.452252917,0.0,0.0,0.0,0.452252917,0.0
8713,scenario_1,0.495001217,0.0,0.0,0.0,0.0,0.495001217,0.0,0.0,0.495001217,0.0
8714,scenario_1,0.517118683,0.0,0.0,0.0,0.517118683,0.0,0.0,0.0,0.517118683,0.0
8715,scenario_1,1.387437067,0.0,0.0,0.0,1.387437067,0.0,0.0,0.0,1.387437067,0.0
8716,scenario_1,7.264840733,0.0,0.0,0.0,7.264840733,0.0,0.0,0.0,7.264840733,0.0
8717,scenario_1,7.094526583,0.0,0.0,0.0,7.094526583,0.0,0.0,0.0,7.094526583,0.0
8718,scenario_1,3.460415683,0.0,0.0,0.0,3.460415683,0.0,0.0,0.0,3.460415683,0.0
8719,scenario_1,11.3480763,10.7746697751,0.0,0.0,0.5734065249000011,0.0,0.0,0.0,11.3480763,0.0
8720,scenario_1,50.65720254,35.46153369,0.0,0.0,10.140486196850004,5.055182653149993,0.0,0.0,50.65720254,0.0
8721,scenario_1,83.36929174,58.81728193155,0.0,0.0,24.552009808449995,0.0,0.0,0.0,83.36929174,0.0
8722,scenario_1,82.07373049,77.05894048619999,0.0,0.0,5.014790003800016,0.0,0.0,0.0,82.07373049,0.0
8723,scenario_1,32.10062887,60.10062887,0.0,0.0,0.0,0.0,28.0,0.0,32.10062887,0.0
8724,scenario_1,32.86375048,32.86375048,0.0,0.0,0.0,0.0,0.0,0.0,32.86375048,0.0
8725,scenario_1,55.08303737,83.08303737,0.0,0.0,0.0,0.0,28.0,0.0,55.08303737,0.0
8726,scenario_1,34.31537785,34.31537785,0.0,0.0,0.0,0.0,0.0,0.0,34.31537785,0.0
8727,scenario_1,15.94111537,43.94111537,0.0,0.0,0.0,0.0,28.0,0.0,15.941115369999999,-1.7763568394002505e-15
8728,scenario_1,8.668924014,35.48365978397904,0.0,0.0,0.0,0.0,26.814735769979038,0.0,8.668924014000005,5.329070518200751e-15
8729,scenario_1,6.078632667,16.9283038077,0.0,0.0,0.0,0.0,10.8496711407,0.0,6.078632667000001,8.881784197001252e-16
8730,scenario_1,7.738413133,0.0,0.0,0.0,7.738413133,0.0,0.0,0.0,7.738413133,0.0
8731,scenario_1,9.891028133,0.0,0.0,0.0,9.891028133,0.0,0.0,0.0,9.891028133,0.0
8732,scenario_1,9.620927067,0.0,0.0,0.0,9.620927067,0.0,0.0,0.0,9.620927067,0.0
8733,scenario_1,9.240259533,0.0,0.0,0.0,9.240259533,0.0,0.0,0.0,9.240259533,0.0
8734,scenario_1,7.798925167,0.0,0.0,0.0,7.798925167,0.0,0.0,0.0,7.798925167,0.0
8735,scenario_1,6.300558933,0.0,0.0,0.0,6.300558933,0.0,0.0,0.0,6.300558933,0.0
8736,scenario_1,0.452902817,0.0,0.0,0.0,0.452902817,0.0,0.0,0.0,0.452902817,0.0
8737,scenario_1,0.488601867,0.0,0.0,0.0,0.488601867,0.0,0.0,0.0,0.488601867,0.0
8738,scenario_1,0.549102417,0.0,0.0,0.0,0.549102417,0.0,0.0,0.0,0.549102417,0.0
8739,scenario_1,0.893972667,0.0,0.0,0.0,0.893972667,0.0,0.0,0.0,0.893972667,0.0
8740,scenario_1,7.263759033,0.0,0.0,0.0,7.263759033,0.0,0.0,0.0,7.263759033,0.0
8741,scenario_1,7.837158167,0.0,0.0,0.0,7.837158167,0.0,0.0,0.0,7.837158167,0.0
8742,scenario_1,3.575359033,0.0,0.0,0.0,3.575359033,0.0,0.0,0.0,3.575359033,0.0
8743,scenario_1,15.12124653,10.9548846972,0.0,0.0,4.1663618328,0.0,0.0,0.0,15.12124653,0.0
8744,scenario_1,47.72737661,36.0929117802,0.0,0.0,11.634464829800002,0.0,0.0,0.0,47.72737661,0.0
8745,scenario_1,70.17419918,59.077824211949995,0.0,0.0,11.096374968050007,0.0,0.0,0.0,70.17419918,0.0
8746,scenario_1,58.56926583,77.22857505405,0.0,0.0,0.0,0.0,18.65930922405,0.0,58.56926583,0.0
8747,scenario_1,24.4536183,34.826915742294446,0.0,0.0,0.0,0.0,10.373297442294449,0.0,24.453618299999995,-3.552713678800501e-15
8748,scenario_1,31.6327774,59.632777399999995,0.0,0.0,0.0,0.0,28.0,0.0,31.632777399999995,-3.552713678800501e-15
8749,scenario_1,66.90453065,88.6610747241,0.0,0.0,0.0,0.0,21.756544074100006,0.0,66.90453065,0.0
8750,scenario_1,62.4806513,80.13594500399999,0.0,0.0,0.0,0.0,17.655293703999995,0.0,62.4806513,0.0
8751,scenario_1,20.61255992,20.61255992,0.0,0.0,0.0,0.0,0.0,0.0,20.61255992,0.0
8752,scenario_1,12.71180823,40.71180823,0.0,0.0,0.0,0.0,28.0,0.0,12.711808230000003,1.7763568394002505e-15
8753,scenario_1,7.674858741,7.674858741,0.0,0.0,0.0,0.0,0.0,0.0,7.674858741,0.0
8754,scenario_1,8.26462695,0.0,0.0,0.0,0.0,8.26462695,0.0,0.0,8.26462695,0.0
8755,scenario_1,9.518511817,0.0,0.0,0.0,0.0,9.518511817,0.0,0.0,9.518511817,0.0
8756,scenario_1,9.95647405,0.0,0.0,0.0,0.0,9.95647405,0.0,0.0,9.95647405,0.0
8757,scenario_1,9.230407533,0.0,0.0,0.0,0.0,9.230407533,0.0,0.0,9.230407533,0.0
8758,scenario_1,8.848425833,0.0,0.0,0.0,0.0,8.848425833,0.0,0.0,8.848425833,0.0
8759,scenario_1,6.413843533,0.0,0.0,0.0,0.0,6.413843533,0.0,0.0,6.413843533,0.0
