period,scenario,load_demand,res_generation_total,generator_generation,battery_charge,battery_discharge,battery_soc,lost_load,fuel_consumption,grid_import,grid_export,grid_import_delivered,grid_export_delivered,res_generation__Solar
0,scenario_1,17.312,0.0,0.0,0.0,17.312,985.2073923914915,0.0,0.0,0.0,0.0,0.0,0.0,0.0
1,scenario_1,25.614,0.0,0.0,0.0,25.614,967.1740590581582,0.0,0.0,0.0,0.0,0.0,0.0,0.0
2,scenario_1,29.901,0.0,0.0,0.0,29.901,940.4928090581582,0.0,0.0,0.0,0.0,0.0,0.0,0.0
3,scenario_1,38.433,0.0,0.0,0.0,38.433,909.3459340581582,0.0,0.0,0.0,0.0,0.0,0.0,0.0
4,scenario_1,53.686,0.0,0.0,0.0,53.686,869.3115590581582,0.0,0.0,0.0,0.0,0.0,0.0,0.0
5,scenario_1,66.868,0.0,0.0,0.0,66.868,813.3886423914915,0.0,0.0,0.0,0.0,0.0,0.0,0.0
6,scenario_1,10.6,0.3566595386791463,0.0,0.0,10.243340461320853,743.7344757248248,0.0,0.0,0.0,0.0,0.0,0.0,0.3566595386791463
7,scenario_1,222.357,164.08948483182283,0.0,0.0,58.26751516817717,733.064329410949,0.0,0.0,0.0,0.0,0.0,0.0,164.08948483182283
8,scenario_1,250.941,250.941,0.0,0.0,0.0,672.3690011107644,0.0,0.0,0.0,0.0,0.0,0.0,250.941
9,scenario_1,229.837,229.837,0.0,0.0,0.0,672.3690011107644,0.0,0.0,0.0,0.0,0.0,0.0,229.837
10,scenario_1,137.978,532.0609569565966,0.0,394.0829569565966,0.0,672.3690011107644,0.0,0.0,0.0,0.0,0.0,0.0,532.0609569565966
11,scenario_1,13.329,407.4119569565966,0.0,394.0829569565966,0.0,1046.7478102195312,0.0,0.0,0.0,0.0,0.0,0.0,407.4119569565966
12,scenario_1,107.116,107.116,0.0,0.0,0.0,1421.126619328298,0.0,0.0,0.0,0.0,0.0,0.0,107.116
13,scenario_1,11.53,405.6129569565966,0.0,394.0829569565966,0.0,1421.126619328298,0.0,0.0,0.0,0.0,0.0,0.0,405.6129569565966
14,scenario_1,114.441,298.55611194307187,0.0,184.11511194307184,0.0,1795.5054284370647,0.0,0.0,0.0,0.0,0.0,0.0,298.55611194307187
15,scenario_1,107.333,107.333,0.0,0.0,0.0,1970.414784782983,0.0,0.0,0.0,0.0,0.0,0.0,107.333
16,scenario_1,131.548,131.548,0.0,0.0,0.0,1970.414784782983,0.0,0.0,0.0,0.0,0.0,0.0,131.548
17,scenario_1,177.208,19.98163317917071,0.0,0.0,157.2263668208293,1970.414784782983,0.0,0.0,0.0,0.0,0.0,0.0,19.98163317917071
18,scenario_1,274.324,0.0,61.3917014289115,0.0,212.9322985710885,1806.637319344619,0.0,20.463900476303834,0.0,0.0,0.0,0.0,0.0
19,scenario_1,294.662,0.0,58.035543616161846,0.0,236.62645638383813,1584.832841666402,0.0,19.34518120538728,0.0,0.0,0.0,0.0,0.0
20,scenario_1,258.803,0.0,0.0,0.0,258.803,1338.3469495999038,0.0,0.0,0.0,0.0,0.0,0.0,0.0
21,scenario_1,158.622,0.0,0.0,0.0,158.622,1068.7604912665706,0.0,0.0,0.0,0.0,0.0,0.0,0.0
22,scenario_1,68.128,0.0,0.0,0.0,68.128,903.5292412665707,0.0,0.0,0.0,0.0,0.0,0.0,0.0
23,scenario_1,25.237,0.0,0.0,0.0,25.237,832.562574599904,0.0,0.0,0.0,0.0,0.0,0.0,0.0
24,scenario_1,21.239,0.0,0.0,0.0,21.239,806.2740329332373,0.0,0.0,0.0,0.0,0.0,0.0,0.0
25,scenario_1,24.749,0.0,0.0,0.0,24.749,784.150074599904,0.0,0.0,0.0,0.0,0.0,0.0,0.0
26,scenario_1,3.829,0.0,0.0,0.0,3.829,758.3698662665706,0.0,0.0,0.0,0.0,0.0,0.0,0.0
27,scenario_1,45.479,0.0,0.0,0.0,45.479,754.3813245999039,0.0,0.0,0.0,0.0,0.0,0.0,0.0
28,scenario_1,69.081,0.0,0.0,0.0,69.081,707.0073662665706,0.0,0.0,0.0,0.0,0.0,0.0,0.0
29,scenario_1,84.809,0.0,0.0,0.0,84.809,635.0479912665705,0.0,0.0,0.0,0.0,0.0,0.0,0.0
30,scenario_1,108.125,0.03479605255406305,0.0,0.0,108.09020394744594,546.7052829332372,0.0,0.0,0.0,0.0,0.0,0.0,0.03479605255406305
31,scenario_1,205.283,166.85577100987086,0.0,0.0,38.42722899012912,434.111320487981,0.0,0.0,0.0,0.0,0.0,0.0,166.85577100987086
32,scenario_1,247.355,247.355,0.0,0.0,0.0,394.0829569565965,0.0,0.0,0.0,0.0,0.0,0.0,247.355
33,scenario_1,202.174,285.1388330434942,0.0,82.96483304349414,0.0,394.0829569565965,0.0,0.0,0.0,0.0,0.0,0.0,285.1388330434942
34,scenario_1,130.858,524.9409569565967,0.0,394.0829569565966,0.0,472.8995483479159,0.0,0.0,0.0,0.0,0.0,0.0,524.9409569565967
35,scenario_1,123.012,517.0949569565967,0.0,394.0829569565966,0.0,847.2783574566827,0.0,0.0,0.0,0.0,0.0,0.0,517.0949569565967
36,scenario_1,93.725,487.8079569565966,0.0,394.0829569565966,0.0,1221.6571665654494,0.0,0.0,0.0,0.0,0.0,0.0,487.8079569565966
37,scenario_1,99.017,99.017,0.0,0.0,0.0,1596.0359756742162,0.0,0.0,0.0,0.0,0.0,0.0,99.017
38,scenario_1,101.375,495.4579569565966,0.0,394.0829569565966,0.0,1596.0359756742162,0.0,0.0,0.0,0.0,0.0,0.0,495.4579569565966
39,scenario_1,114.014,114.014,0.0,0.0,0.0,1970.414784782983,0.0,0.0,0.0,0.0,0.0,0.0,114.014
40,scenario_1,139.898,139.898,0.0,0.0,0.0,1970.414784782983,0.0,0.0,0.0,0.0,0.0,0.0,139.898
41,scenario_1,199.673,21.547455544103546,61.3917014289115,0.0,116.73384302698496,1970.414784782983,0.0,20.463900476303834,0.0,0.0,0.0,0.0,21.547455544103546
42,scenario_1,272.177,0.0,61.3917014289115,0.0,210.7852985710885,1848.8170316298736,0.0,20.463900476303834,0.0,0.0,0.0,0.0,0.0
43,scenario_1,301.939,0.0,7.958565017129047,0.0,293.980434982871,1629.2490122849897,0.0,2.6528550057096822,0.0,0.0,0.0,0.0,0.0
44,scenario_1,224.756,0.0,61.3917014289115,0.0,163.3642985710885,1323.0193925111657,0.0,20.463900476303834,0.0,0.0,0.0,0.0,0.0
45,scenario_1,156.296,0.0,0.0,0.0,156.296,1152.8482481662818,0.0,0.0,0.0,0.0,0.0,0.0,0.0
46,scenario_1,81.852,0.0,0.0,0.0,81.852,990.0399148329484,0.0,0.0,0.0,0.0,0.0,0.0,0.0
47,scenario_1,37.844,0.0,0.0,0.0,37.844,904.7774148329484,0.0,0.0,0.0,0.0,0.0,0.0,0.0
48,scenario_1,3.195,0.0,0.0,0.0,3.195,865.356581499615,0.0,0.0,0.0,0.0,0.0,0.0,0.0
49,scenario_1,42.895,0.0,0.0,0.0,42.895,862.028456499615,0.0,0.0,0.0,0.0,0.0,0.0,0.0
50,scenario_1,43.327,0.0,0.0,0.0,43.327,817.3461648329484,0.0,0.0,0.0,0.0,0.0,0.0,0.0
51,scenario_1,54.088,0.0,0.0,0.0,54.088,772.2138731662817,0.0,0.0,0.0,0.0,0.0,0.0,0.0
52,scenario_1,59.358,0.0,0.0,0.0,59.358,715.872206499615,0.0,0.0,0.0,0.0,0.0,0.0,0.0
53,scenario_1,103.242,0.0,0.0,0.0,103.242,654.040956499615,0.0,0.0,0.0,0.0,0.0,0.0,0.0
54,scenario_1,148.695,0.0,61.3917014289115,0.0,87.30329857108849,546.497206499615,0.0,20.463900476303834,0.0,0.0,0.0,0.0,0.0
55,scenario_1,202.229,81.82291758087928,61.3917014289115,0.0,59.01438099020923,455.55627048806446,0.0,20.463900476303834,0.0,0.0,0.0,0.0,81.82291758087928
56,scenario_1,286.691,286.691,0.0,0.0,0.0,394.0829569565965,0.0,0.0,0.0,0.0,0.0,0.0,286.691
57,scenario_1,232.383,517.3042143081169,0.0,284.9212143081169,0.0,394.0829569565965,0.0,0.0,0.0,0.0,0.0,0.0,517.3042143081169
58,scenario_1,164.312,164.312,0.0,0.0,0.0,664.7581105493075,0.0,0.0,0.0,0.0,0.0,0.0,164.312
59,scenario_1,127.076,521.1589569565966,0.0,394.0829569565966,0.0,664.7581105493075,0.0,0.0,0.0,0.0,0.0,0.0,521.1589569565966
60,scenario_1,95.396,489.4789569565966,0.0,394.0829569565966,0.0,1039.1369196580742,0.0,0.0,0.0,0.0,0.0,0.0,489.4789569565966
61,scenario_1,84.245,478.3279569565966,0.0,394.0829569565966,0.0,1413.515728766841,0.0,0.0,0.0,0.0,0.0,0.0,478.3279569565966
62,scenario_1,97.763,97.763,0.0,0.0,0.0,1787.8945378756077,0.0,0.0,0.0,0.0,0.0,0.0,97.763
63,scenario_1,117.283,309.4095756919739,0.0,192.12657569197387,0.0,1787.8945378756077,0.0,0.0,0.0,0.0,0.0,0.0,309.4095756919739
64,scenario_1,137.068,137.068,0.0,0.0,0.0,1970.414784782983,0.0,0.0,0.0,0.0,0.0,0.0,137.068
65,scenario_1,187.828,20.912427584991892,0.0,0.0,166.9155724150081,1970.414784782983,0.0,0.0,0.0,0.0,0.0,0.0,20.912427584991892
66,scenario_1,255.293,0.0,0.0,0.0,255.293,1796.5443968506827,0.0,0.0,0.0,0.0,0.0,0.0,0.0
67,scenario_1,28.536,0.0,0.0,0.0,28.536,1530.6141885173492,0.0,0.0,0.0,0.0,0.0,0.0,0.0
68,scenario_1,234.155,0.0,0.0,0.0,234.155,1500.8891885173493,0.0,0.0,0.0,0.0,0.0,0.0,0.0
69,scenario_1,164.486,0.0,0.0,0.0,164.486,1256.977730184016,0.0,0.0,0.0,0.0,0.0,0.0,0.0
70,scenario_1,7.845,0.0,0.0,0.0,7.845,1085.6381468506827,0.0,0.0,0.0,0.0,0.0,0.0,0.0
71,scenario_1,48.142,0.0,0.0,0.0,48.142,1077.4662718506827,0.0,0.0,0.0,0.0,0.0,0.0,0.0
72,scenario_1,19.693,0.0,0.0,0.0,19.693,1027.3183551840161,0.0,0.0,0.0,0.0,0.0,0.0,0.0
73,scenario_1,34.229,0.0,0.0,0.0,34.229,1006.8048135173494,0.0,0.0,0.0,0.0,0.0,0.0,0.0
74,scenario_1,35.114,0.0,0.0,0.0,35.114,971.1496051840161,0.0,0.0,0.0,0.0,0.0,0.0,0.0
75,scenario_1,40.075,0.0,0.0,0.0,40.075,934.5725218506827,0.0,0.0,0.0,0.0,0.0,0.0,0.0
76,scenario_1,73.345,0.0,0.0,0.0,73.345,892.8277301840161,0.0,0.0,0.0,0.0,0.0,0.0,0.0
77,scenario_1,78.612,0.0,0.0,0.0,78.612,816.4266885173495,0.0,0.0,0.0,0.0,0.0,0.0,0.0
78,scenario_1,123.043,0.0,0.0,0.0,123.043,734.5391885173494,0.0,0.0,0.0,0.0,0.0,0.0,0.0
79,scenario_1,233.813,93.14033367408828,0.0,0.0,140.6726663259117,606.3693968506827,0.0,0.0,0.0,0.0,0.0,0.0,93.14033367408828
80,scenario_1,25.688,355.2242015112912,0.0,329.5362015112912,0.0,459.83536942785804,0.0,0.0,0.0,0.0,0.0,0.0,355.2242015112912
81,scenario_1,224.759,418.4747260414393,0.0,193.7157260414393,0.0,772.8947608635847,0.0,0.0,0.0,0.0,0.0,0.0,418.4747260414393
82,scenario_1,177.375,214.4915669563832,0.0,37.116566956383195,0.0,956.924700602952,0.0,0.0,0.0,0.0,0.0,0.0,214.4915669563832
83,scenario_1,126.622,333.98991044017424,0.0,207.36791044017423,0.0,992.185439211516,0.0,0.0,0.0,0.0,0.0,0.0,333.98991044017424
84,scenario_1,111.965,477.2969225597034,0.0,365.33192255970334,0.0,1189.1849541296815,0.0,0.0,0.0,0.0,0.0,0.0,477.2969225597034
85,scenario_1,95.283,295.06182664531616,0.0,199.77882664531614,0.0,1536.2502805613997,0.0,0.0,0.0,0.0,0.0,0.0,295.06182664531616
86,scenario_1,108.568,206.4536788163946,0.0,97.88567881639462,0.0,1726.04016587445,0.0,0.0,0.0,0.0,0.0,0.0,206.4536788163946
87,scenario_1,131.224,249.7138711542335,0.0,118.4898711542335,0.0,1819.0315607500247,0.0,0.0,0.0,0.0,0.0,0.0,249.7138711542335
88,scenario_1,166.367,207.2278909857225,0.0,40.860890985722506,0.0,1931.5969383465465,0.0,0.0,0.0,0.0,0.0,0.0,207.2278909857225
89,scenario_1,181.851,21.182096992285885,0.0,0.0,160.6689030077141,1970.414784782983,0.0,0.0,0.0,0.0,0.0,0.0,21.182096992285885
90,scenario_1,244.149,0.0,0.0,0.0,244.149,1803.0513441499475,0.0,0.0,0.0,0.0,0.0,0.0,0.0
91,scenario_1,282.063,0.0,0.0,0.0,282.063,1548.7294691499474,0.0,0.0,0.0,0.0,0.0,0.0,0.0
92,scenario_1,246.001,0.0,0.0,0.0,246.001,1254.9138441499474,0.0,0.0,0.0,0.0,0.0,0.0,0.0
93,scenario_1,14.814,0.0,0.0,0.0,14.814,998.6628024832808,0.0,0.0,0.0,0.0,0.0,0.0,0.0
94,scenario_1,73.883,0.0,0.0,0.0,73.883,983.2315524832808,0.0,0.0,0.0,0.0,0.0,0.0,0.0
95,scenario_1,41.944,0.0,0.0,0.0,41.944,906.2700941499475,0.0,0.0,0.0,0.0,0.0,0.0,0.0
96,scenario_1,20.323,0.0,0.0,0.0,20.323,862.5784274832807,0.0,0.0,0.0,0.0,0.0,0.0,0.0
97,scenario_1,25.879,0.0,0.0,0.0,25.879,841.408635816614,0.0,0.0,0.0,0.0,0.0,0.0,0.0
98,scenario_1,40.476,0.0,0.0,0.0,40.476,814.4513441499473,0.0,0.0,0.0,0.0,0.0,0.0,0.0
99,scenario_1,44.772,0.0,0.0,0.0,44.772,772.2888441499473,0.0,0.0,0.0,0.0,0.0,0.0,0.0
100,scenario_1,56.133,0.0,0.0,0.0,56.133,725.6513441499472,0.0,0.0,0.0,0.0,0.0,0.0,0.0
101,scenario_1,77.449,0.0,0.0,0.0,77.449,667.1794691499473,0.0,0.0,0.0,0.0,0.0,0.0,0.0
102,scenario_1,131.974,0.0,32.047471964302815,0.0,99.92652803569717,586.5034274832806,0.0,10.682490654767605,0.0,0.0,0.0,0.0,0.0
103,scenario_1,226.043,141.24587633008045,0.0,0.0,84.79712366991956,482.4132941127627,0.0,0.0,0.0,0.0,0.0,0.0,141.24587633008045
104,scenario_1,254.839,348.59555349974215,0.0,93.75655349974215,0.0,394.0829569565965,0.0,0.0,0.0,0.0,0.0,0.0,348.59555349974215
105,scenario_1,233.249,233.249,0.0,0.0,0.0,483.15168278135155,0.0,0.0,0.0,0.0,0.0,0.0,233.249
106,scenario_1,152.313,546.3959569565966,0.0,394.0829569565966,0.0,483.15168278135155,0.0,0.0,0.0,0.0,0.0,0.0,546.3959569565966
107,scenario_1,119.638,513.7209569565966,0.0,394.0829569565966,0.0,857.5304918901184,0.0,0.0,0.0,0.0,0.0,0.0,513.7209569565966
108,scenario_1,100.281,494.3639569565966,0.0,394.0829569565966,0.0,1231.909300998885,0.0,0.0,0.0,0.0,0.0,0.0,494.3639569565966
109,scenario_1,128.934,468.5208931579466,0.0,339.5868931579466,0.0,1606.2881101076518,0.0,0.0,0.0,0.0,0.0,0.0,468.5208931579466
110,scenario_1,106.116,106.116,0.0,0.0,0.0,1928.895658607701,0.0,0.0,0.0,0.0,0.0,0.0,106.116
111,scenario_1,139.262,182.96634334240204,0.0,43.70434334240204,0.0,1928.895658607701,0.0,0.0,0.0,0.0,0.0,0.0,182.96634334240204
112,scenario_1,134.217,134.217,0.0,0.0,0.0,1970.414784782983,0.0,0.0,0.0,0.0,0.0,0.0,134.217
113,scenario_1,193.236,15.29286509751071,0.0,0.0,177.94313490248928,1970.414784782983,0.0,0.0,0.0,0.0,0.0,0.0,15.29286509751071
114,scenario_1,247.928,0.0,61.3917014289115,0.0,186.53629857108848,1785.0573525928899,0.0,20.463900476303834,0.0,0.0,0.0,0.0,0.0
115,scenario_1,287.597,0.0,61.3917014289115,0.0,226.20529857108846,1590.748708248006,0.0,20.463900476303834,0.0,0.0,0.0,0.0,0.0
116,scenario_1,250.475,0.0,0.0,0.0,250.475,1355.1181889031222,0.0,0.0,0.0,0.0,0.0,0.0,0.0
117,scenario_1,170.816,0.0,0.0,0.0,170.816,1094.2067305697888,0.0,0.0,0.0,0.0,0.0,0.0,0.0
118,scenario_1,81.266,0.0,0.0,0.0,81.266,916.2733972364554,0.0,0.0,0.0,0.0,0.0,0.0,0.0
119,scenario_1,3.383,0.0,0.0,0.0,3.383,831.621313903122,0.0,0.0,0.0,0.0,0.0,0.0,0.0
120,scenario_1,39.163,0.0,0.0,0.0,39.163,828.0973555697886,0.0,0.0,0.0,0.0,0.0,0.0,0.0
121,scenario_1,44.302,0.0,0.0,0.0,44.302,787.302563903122,0.0,0.0,0.0,0.0,0.0,0.0,0.0
122,scenario_1,4.552,0.0,0.0,0.0,4.552,741.1546472364553,0.0,0.0,0.0,0.0,0.0,0.0,0.0
123,scenario_1,59.436,0.0,0.0,0.0,59.436,736.4129805697886,0.0,0.0,0.0,0.0,0.0,0.0,0.0
124,scenario_1,58.173,0.0,0.0,0.0,58.173,674.5004805697886,0.0,0.0,0.0,0.0,0.0,0.0,0.0
125,scenario_1,81.096,0.0,0.0,0.0,81.096,613.9036055697886,0.0,0.0,0.0,0.0,0.0,0.0,0.0
126,scenario_1,136.519,0.0,24.477404639384588,0.0,112.04159536061542,529.4286055697886,0.0,8.159134879794863,0.0,0.0,0.0,0.0,0.0
127,scenario_1,167.983,150.09277269195098,0.0,0.0,17.89022730804902,412.71861040248086,0.0,0.0,0.0,0.0,0.0,0.0,150.09277269195098
128,scenario_1,176.353,343.24566041955495,0.0,166.89266041955494,0.0,394.0829569565965,0.0,0.0,0.0,0.0,0.0,0.0,343.24566041955495
129,scenario_1,177.051,487.20612958053573,0.0,310.15512958053574,0.0,552.6309843551737,0.0,0.0,0.0,0.0,0.0,0.0,487.20612958053573
130,scenario_1,185.291,579.3739569565967,0.0,394.0829569565966,0.0,847.2783574566827,0.0,0.0,0.0,0.0,0.0,0.0,579.3739569565967
131,scenario_1,163.352,557.4349569565966,0.0,394.0829569565966,0.0,1221.6571665654494,0.0,0.0,0.0,0.0,0.0,0.0,557.4349569565966
132,scenario_1,121.056,121.056,0.0,0.0,0.0,1596.0359756742162,0.0,0.0,0.0,0.0,0.0,0.0,121.056
133,scenario_1,116.304,116.304,0.0,0.0,0.0,1596.0359756742162,0.0,0.0,0.0,0.0,0.0,0.0,116.304
134,scenario_1,12.36,406.4429569565966,0.0,394.0829569565966,0.0,1596.0359756742162,0.0,0.0,0.0,0.0,0.0,0.0,406.4429569565966
135,scenario_1,138.726,138.726,0.0,0.0,0.0,1970.414784782983,0.0,0.0,0.0,0.0,0.0,0.0,138.726
136,scenario_1,172.086,172.086,0.0,0.0,0.0,1970.414784782983,0.0,0.0,0.0,0.0,0.0,0.0,172.086
137,scenario_1,202.875,21.12990291345479,0.0,0.0,181.7450970865452,1970.414784782983,0.0,0.0,0.0,0.0,0.0,0.0,21.12990291345479
138,scenario_1,235.454,0.0,0.0,0.0,235.454,1781.0969753178317,0.0,0.0,0.0,0.0,0.0,0.0,0.0
139,scenario_1,234.853,0.0,0.0,0.0,234.853,1535.8323919844984,0.0,0.0,0.0,0.0,0.0,0.0,0.0
140,scenario_1,204.625,0.0,0.0,0.0,204.625,1291.1938503178317,0.0,0.0,0.0,0.0,0.0,0.0,0.0
141,scenario_1,129.181,0.0,0.0,0.0,129.181,1078.042808651165,0.0,0.0,0.0,0.0,0.0,0.0,0.0
142,scenario_1,71.655,0.0,0.0,0.0,71.655,943.4792669844983,0.0,0.0,0.0,0.0,0.0,0.0,0.0
143,scenario_1,4.68,0.0,0.0,0.0,4.68,868.8386419844983,0.0,0.0,0.0,0.0,0.0,0.0,0.0
144,scenario_1,34.847,0.0,0.0,0.0,34.847,863.9636419844983,0.0,0.0,0.0,0.0,0.0,0.0,0.0
145,scenario_1,39.392,0.0,0.0,0.0,39.392,827.664683651165,0.0,0.0,0.0,0.0,0.0,0.0,0.0
146,scenario_1,42.502,0.0,0.0,0.0,42.502,786.6313503178317,0.0,0.0,0.0,0.0,0.0,0.0,0.0
147,scenario_1,5.03,0.0,0.0,0.0,5.03,742.358433651165,0.0,0.0,0.0,0.0,0.0,0.0,0.0
148,scenario_1,71.297,0.0,0.0,0.0,71.297,737.1188503178316,0.0,0.0,0.0,0.0,0.0,0.0,0.0
149,scenario_1,90.447,0.0,0.0,0.0,90.447,662.8511419844983,0.0,0.0,0.0,0.0,0.0,0.0,0.0
150,scenario_1,117.461,0.0,0.0,0.0,117.461,568.6355169844983,0.0,0.0,0.0,0.0,0.0,0.0,0.0
151,scenario_1,159.593,146.8393417781461,0.0,0.0,12.753658221853897,446.28030865116494,0.0,0.0,0.0,0.0,0.0,0.0,146.8393417781461
152,scenario_1,195.645,195.645,0.0,0.0,0.0,432.9952480034005,0.0,0.0,0.0,0.0,0.0,0.0,195.645
153,scenario_1,16.893,410.97595695659663,0.0,394.0829569565966,0.0,432.9952480034005,0.0,0.0,0.0,0.0,0.0,0.0,410.97595695659663
154,scenario_1,15.289,409.3719569565966,0.0,394.0829569565966,0.0,807.3740571121673,0.0,0.0,0.0,0.0,0.0,0.0,409.3719569565966
155,scenario_1,147.754,403.60038715608556,0.0,255.84638715608557,0.0,1181.752866220934,0.0,0.0,0.0,0.0,0.0,0.0,403.60038715608556
156,scenario_1,153.366,153.366,0.0,0.0,0.0,1424.8069340192153,0.0,0.0,0.0,0.0,0.0,0.0,153.366
157,scenario_1,139.525,533.6079569565966,0.0,394.0829569565966,0.0,1424.8069340192153,0.0,0.0,0.0,0.0,0.0,0.0,533.6079569565966
158,scenario_1,14.199,14.199,0.0,0.0,0.0,1799.185743127982,0.0,0.0,0.0,0.0,0.0,0.0,14.199
159,scenario_1,179.034,179.034,0.0,0.0,0.0,1799.185743127982,0.0,0.0,0.0,0.0,0.0,0.0,179.034
160,scenario_1,192.013,192.013,0.0,0.0,0.0,1799.185743127982,0.0,0.0,0.0,0.0,0.0,0.0,192.013
161,scenario_1,212.714,21.469164425856903,0.0,0.0,191.2448355741431,1799.185743127982,0.0,0.0,0.0,0.0,0.0,0.0,21.469164425856903
162,scenario_1,240.332,0.0,0.0,0.0,240.332,1599.9723727382495,0.0,0.0,0.0,0.0,0.0,0.0,0.0
163,scenario_1,24.314,0.0,0.0,0.0,24.314,1349.6265394049162,0.0,0.0,0.0,0.0,0.0,0.0,0.0
164,scenario_1,183.668,0.0,0.0,0.0,183.668,1324.2994560715829,0.0,0.0,0.0,0.0,0.0,0.0,0.0
165,scenario_1,123.943,0.0,0.0,0.0,123.943,1132.9786227382494,0.0,0.0,0.0,0.0,0.0,0.0,0.0
166,scenario_1,83.577,0.0,0.0,0.0,83.577,1003.8713310715829,0.0,0.0,0.0,0.0,0.0,0.0,0.0
167,scenario_1,29.072,0.0,0.0,0.0,29.072,916.8119560715828,0.0,0.0,0.0,0.0,0.0,0.0,0.0
168,scenario_1,24.505,0.0,0.0,0.0,24.505,886.5286227382495,0.0,0.0,0.0,0.0,0.0,0.0,0.0
169,scenario_1,41.707,0.0,0.0,0.0,41.707,861.0025810715829,0.0,0.0,0.0,0.0,0.0,0.0,0.0
170,scenario_1,47.206,0.0,0.0,0.0,47.206,817.5577894049162,0.0,0.0,0.0,0.0,0.0,0.0,0.0
171,scenario_1,52.219,0.0,0.0,0.0,52.219,768.3848727382496,0.0,0.0,0.0,0.0,0.0,0.0,0.0
172,scenario_1,53.264,0.0,0.0,0.0,53.264,713.9900810715828,0.0,0.0,0.0,0.0,0.0,0.0,0.0
173,scenario_1,80.661,0.0,0.0,0.0,80.661,658.5067477382495,0.0,0.0,0.0,0.0,0.0,0.0,0.0
174,scenario_1,109.809,0.0,0.0,0.0,109.809,574.4848727382495,0.0,0.0,0.0,0.0,0.0,0.0,0.0
175,scenario_1,213.574,150.19716084961317,0.0,0.0,63.37683915038684,460.1004977382495,0.0,0.0,0.0,0.0,0.0,0.0,150.19716084961317
176,scenario_1,261.002,261.002,0.0,0.0,0.0,394.0829569565965,0.0,0.0,0.0,0.0,0.0,0.0,261.002
177,scenario_1,215.615,215.615,0.0,0.0,0.0,394.0829569565965,0.0,0.0,0.0,0.0,0.0,0.0,215.615
178,scenario_1,137.999,532.0819569565966,0.0,394.0829569565966,0.0,394.0829569565965,0.0,0.0,0.0,0.0,0.0,0.0,532.0819569565966
179,scenario_1,109.261,503.34395695659657,0.0,394.0829569565966,0.0,768.4617660653632,0.0,0.0,0.0,0.0,0.0,0.0,503.34395695659657
180,scenario_1,91.739,485.82195695659664,0.0,394.0829569565966,0.0,1142.84057517413,0.0,0.0,0.0,0.0,0.0,0.0,485.82195695659664
181,scenario_1,136.618,136.618,0.0,0.0,0.0,1517.2193842828967,0.0,0.0,0.0,0.0,0.0,0.0,136.618
182,scenario_1,131.241,460.00808459569055,0.0,328.76708459569056,0.0,1517.2193842828967,0.0,0.0,0.0,0.0,0.0,0.0,460.00808459569055
183,scenario_1,129.793,129.793,0.0,0.0,0.0,1829.5481146488028,0.0,0.0,0.0,0.0,0.0,0.0,129.793
184,scenario_1,158.964,158.964,0.0,0.0,0.0,1829.5481146488028,0.0,0.0,0.0,0.0,0.0,0.0,158.964
185,scenario_1,198.091,25.07055586520243,0.0,0.0,173.02044413479757,1829.5481146488028,0.0,0.0,0.0,0.0,0.0,0.0,25.07055586520243
186,scenario_1,260.525,0.0,0.0,0.0,260.525,1649.318485341722,0.0,0.0,0.0,0.0,0.0,0.0,0.0
187,scenario_1,27.428,0.0,0.0,0.0,27.428,1377.9382770083887,0.0,0.0,0.0,0.0,0.0,0.0,0.0
188,scenario_1,244.514,0.0,0.0,0.0,244.514,1349.3674436750553,0.0,0.0,0.0,0.0,0.0,0.0,0.0
189,scenario_1,162.426,0.0,0.0,0.0,162.426,1094.665360341722,0.0,0.0,0.0,0.0,0.0,0.0,0.0
190,scenario_1,64.634,0.0,0.0,0.0,64.634,925.471610341722,0.0,0.0,0.0,0.0,0.0,0.0,0.0
191,scenario_1,22.484,0.0,0.0,0.0,22.484,858.1445270083886,0.0,0.0,0.0,0.0,0.0,0.0,0.0
192,scenario_1,34.051,0.0,0.0,0.0,34.051,834.7236936750553,0.0,0.0,0.0,0.0,0.0,0.0,0.0
193,scenario_1,38.322,0.0,0.0,0.0,38.322,799.2539020083886,0.0,0.0,0.0,0.0,0.0,0.0,0.0
194,scenario_1,43.615,0.0,0.0,0.0,43.615,759.3351520083886,0.0,0.0,0.0,0.0,0.0,0.0,0.0
195,scenario_1,58.588,0.0,0.0,0.0,58.588,713.902860341722,0.0,0.0,0.0,0.0,0.0,0.0,0.0
196,scenario_1,62.924,0.0,0.0,0.0,62.924,652.8736936750553,0.0,0.0,0.0,0.0,0.0,0.0,0.0
197,scenario_1,7.581,0.0,0.0,0.0,7.581,587.3278603417219,0.0,0.0,0.0,0.0,0.0,0.0,0.0
198,scenario_1,117.617,0.0,0.0,0.0,117.617,579.4309853417219,0.0,0.0,0.0,0.0,0.0,0.0,0.0
199,scenario_1,213.759,153.44189275027955,0.0,0.0,60.317107249720436,456.9132770083886,0.0,0.0,0.0,0.0,0.0,0.0,153.44189275027955
200,scenario_1,240.851,240.851,0.0,0.0,0.0,394.0829569565965,0.0,0.0,0.0,0.0,0.0,0.0,240.851
201,scenario_1,199.894,282.85883304349414,0.0,82.96483304349414,0.0,394.0829569565965,0.0,0.0,0.0,0.0,0.0,0.0,282.85883304349414
202,scenario_1,13.515,407.5979569565966,0.0,394.0829569565966,0.0,472.8995483479159,0.0,0.0,0.0,0.0,0.0,0.0,407.5979569565966
203,scenario_1,104.974,499.0569569565966,0.0,394.0829569565966,0.0,847.2783574566827,0.0,0.0,0.0,0.0,0.0,0.0,499.0569569565966
204,scenario_1,101.748,495.8309569565966,0.0,394.0829569565966,0.0,1221.6571665654494,0.0,0.0,0.0,0.0,0.0,0.0,495.8309569565966
205,scenario_1,107.169,107.169,0.0,0.0,0.0,1596.0359756742162,0.0,0.0,0.0,0.0,0.0,0.0,107.169
206,scenario_1,127.397,521.4799569565967,0.0,394.0829569565966,0.0,1596.0359756742162,0.0,0.0,0.0,0.0,0.0,0.0,521.4799569565967
207,scenario_1,173.703,173.703,0.0,0.0,0.0,1970.414784782983,0.0,0.0,0.0,0.0,0.0,0.0,173.703
208,scenario_1,158.833,158.833,0.0,0.0,0.0,1970.414784782983,0.0,0.0,0.0,0.0,0.0,0.0,158.833
209,scenario_1,18.029,18.029,0.0,0.0,0.0,1970.414784782983,0.0,0.0,0.0,0.0,0.0,0.0,18.029
210,scenario_1,275.309,0.0,28.92884858305257,0.0,246.38015141694746,1970.414784782983,0.0,9.64294952768419,0.0,0.0,0.0,0.0,0.0
211,scenario_1,302.939,0.0,0.0,0.0,302.939,1713.7687937236626,0.0,0.0,0.0,0.0,0.0,0.0,0.0
212,scenario_1,232.519,0.0,0.0,0.0,232.519,1398.2073353903293,0.0,0.0,0.0,0.0,0.0,0.0,0.0
213,scenario_1,167.882,0.0,0.0,0.0,167.882,1156.0000437236627,0.0,0.0,0.0,0.0,0.0,0.0,0.0
214,scenario_1,81.605,0.0,0.0,0.0,81.605,981.1229603903292,0.0,0.0,0.0,0.0,0.0,0.0,0.0
215,scenario_1,40.643,0.0,0.0,0.0,40.643,896.1177520569959,0.0,0.0,0.0,0.0,0.0,0.0,0.0
216,scenario_1,40.723,0.0,0.0,0.0,40.723,853.7812937236625,0.0,0.0,0.0,0.0,0.0,0.0,0.0
217,scenario_1,43.155,0.0,0.0,0.0,43.155,811.3615020569958,0.0,0.0,0.0,0.0,0.0,0.0,0.0
218,scenario_1,4.803,0.0,0.0,0.0,4.803,766.4083770569958,0.0,0.0,0.0,0.0,0.0,0.0,0.0
219,scenario_1,44.011,0.0,0.0,0.0,44.011,761.4052520569959,0.0,0.0,0.0,0.0,0.0,0.0,0.0
220,scenario_1,57.522,0.0,0.0,0.0,57.522,715.5604603903292,0.0,0.0,0.0,0.0,0.0,0.0,0.0
221,scenario_1,75.679,0.0,0.0,0.0,75.679,655.6417103903292,0.0,0.0,0.0,0.0,0.0,0.0,0.0
222,scenario_1,119.228,0.0,0.0,0.0,119.228,576.8094187236625,0.0,0.0,0.0,0.0,0.0,0.0,0.0
223,scenario_1,206.952,150.76259670361668,0.0,0.0,56.18940329638332,452.61358539032915,0.0,0.0,0.0,0.0,0.0,0.0,150.76259670361668
224,scenario_1,266.586,266.586,0.0,0.0,0.0,394.0829569565965,0.0,0.0,0.0,0.0,0.0,0.0,266.586
225,scenario_1,221.717,304.6818330434942,0.0,82.96483304349414,0.0,394.0829569565965,0.0,0.0,0.0,0.0,0.0,0.0,304.6818330434942
226,scenario_1,162.313,556.3959569565966,0.0,394.0829569565966,0.0,472.8995483479159,0.0,0.0,0.0,0.0,0.0,0.0,556.3959569565966
227,scenario_1,118.991,513.0739569565966,0.0,394.0829569565966,0.0,847.2783574566827,0.0,0.0,0.0,0.0,0.0,0.0,513.0739569565966
228,scenario_1,109.363,503.4459569565966,0.0,394.0829569565966,0.0,1221.6571665654494,0.0,0.0,0.0,0.0,0.0,0.0,503.4459569565966
229,scenario_1,118.957,118.957,0.0,0.0,0.0,1596.0359756742162,0.0,0.0,0.0,0.0,0.0,0.0,118.957
230,scenario_1,117.438,511.5209569565966,0.0,394.0829569565966,0.0,1596.0359756742162,0.0,0.0,0.0,0.0,0.0,0.0,511.5209569565966
231,scenario_1,118.556,118.556,0.0,0.0,0.0,1970.414784782983,0.0,0.0,0.0,0.0,0.0,0.0,118.556
232,scenario_1,150.415,150.415,0.0,0.0,0.0,1970.414784782983,0.0,0.0,0.0,0.0,0.0,0.0,150.415
233,scenario_1,191.489,22.15638646379965,0.0,0.0,169.33261353620037,1970.414784782983,0.0,0.0,0.0,0.0,0.0,0.0,22.15638646379965
234,scenario_1,250.364,0.0,61.3917014289115,0.0,188.97229857108852,1794.0266456827742,0.0,20.463900476303834,0.0,0.0,0.0,0.0,0.0
235,scenario_1,295.931,0.0,0.0,0.0,295.931,1597.1805013378903,0.0,0.0,0.0,0.0,0.0,0.0,0.0
236,scenario_1,264.222,0.0,0.0,0.0,264.222,1288.919043004557,0.0,0.0,0.0,0.0,0.0,0.0,0.0
237,scenario_1,162.736,0.0,0.0,0.0,162.736,1013.6877930045569,0.0,0.0,0.0,0.0,0.0,0.0,0.0
238,scenario_1,76.321,0.0,0.0,0.0,76.321,844.1711263378902,0.0,0.0,0.0,0.0,0.0,0.0,0.0
239,scenario_1,39.766,0.0,0.0,0.0,39.766,764.6700846712235,0.0,0.0,0.0,0.0,0.0,0.0,0.0
240,scenario_1,32.462,0.0,32.462,0.0,0.0,723.2471680045569,0.0,10.820666666666668,0.0,0.0,0.0,0.0,0.0
241,scenario_1,36.646,0.0,0.0,0.0,36.646,723.2471680045569,0.0,0.0,0.0,0.0,0.0,0.0,0.0
242,scenario_1,43.386,0.0,0.0,0.0,43.386,685.0742513378902,0.0,0.0,0.0,0.0,0.0,0.0,0.0
243,scenario_1,43.525,0.0,0.0,0.0,43.525,639.8805013378902,0.0,0.0,0.0,0.0,0.0,0.0,0.0
244,scenario_1,48.406,0.0,0.0,0.0,48.406,594.5419596712236,0.0,0.0,0.0,0.0,0.0,0.0,0.0
245,scenario_1,6.235,0.0,0.0,0.0,6.235,544.1190430045569,0.0,0.0,0.0,0.0,0.0,0.0,0.0
246,scenario_1,121.702,0.0,36.8980698990847,0.0,84.8039301009153,537.6242513378903,0.0,12.299356633028234,0.0,0.0,0.0,0.0,0.0
247,scenario_1,202.958,149.96228749487324,0.0,0.0,52.99571250512676,449.2868241494369,0.0,0.0,0.0,0.0,0.0,0.0,149.96228749487324
248,scenario_1,274.728,274.728,0.0,0.0,0.0,394.0829569565965,0.0,0.0,0.0,0.0,0.0,0.0,274.728
249,scenario_1,215.765,298.7298330434941,0.0,82.96483304349414,0.0,394.0829569565965,0.0,0.0,0.0,0.0,0.0,0.0,298.7298330434941
250,scenario_1,12.296,406.3789569565966,0.0,394.0829569565966,0.0,472.8995483479159,0.0,0.0,0.0,0.0,0.0,0.0,406.3789569565966
251,scenario_1,90.644,484.7269569565966,0.0,394.0829569565966,0.0,847.2783574566827,0.0,0.0,0.0,0.0,0.0,0.0,484.7269569565966
252,scenario_1,100.865,494.9479569565966,0.0,394.0829569565966,0.0,1221.6571665654494,0.0,0.0,0.0,0.0,0.0,0.0,494.9479569565966
253,scenario_1,109.543,109.543,0.0,0.0,0.0,1596.0359756742162,0.0,0.0,0.0,0.0,0.0,0.0,109.543
254,scenario_1,121.762,515.8449569565967,0.0,394.0829569565966,0.0,1596.0359756742162,0.0,0.0,0.0,0.0,0.0,0.0,515.8449569565967
255,scenario_1,137.641,137.641,0.0,0.0,0.0,1970.414784782983,0.0,0.0,0.0,0.0,0.0,0.0,137.641
256,scenario_1,148.314,148.314,0.0,0.0,0.0,1970.414784782983,0.0,0.0,0.0,0.0,0.0,0.0,148.314
257,scenario_1,186.548,27.21921211041582,0.0,0.0,159.3287878895842,1970.414784782983,0.0,0.0,0.0,0.0,0.0,0.0,27.21921211041582
258,scenario_1,265.903,0.0,61.3917014289115,0.0,204.5112985710885,1804.4472973979994,0.0,20.463900476303834,0.0,0.0,0.0,0.0,0.0
259,scenario_1,311.866,0.0,0.0,0.0,311.866,1591.4146947197821,0.0,0.0,0.0,0.0,0.0,0.0,0.0
260,scenario_1,246.603,0.0,0.0,0.0,246.603,1266.5542780531155,0.0,0.0,0.0,0.0,0.0,0.0,0.0
261,scenario_1,150.698,0.0,0.0,0.0,150.698,1009.6761530531155,0.0,0.0,0.0,0.0,0.0,0.0,0.0
262,scenario_1,70.403,0.0,0.0,0.0,70.403,852.6990697197822,0.0,0.0,0.0,0.0,0.0,0.0,0.0
263,scenario_1,35.467,0.0,0.0,0.0,35.467,779.3626113864489,0.0,0.0,0.0,0.0,0.0,0.0,0.0
264,scenario_1,16.505,0.0,0.0,0.0,16.505,742.4178197197822,0.0,0.0,0.0,0.0,0.0,0.0,0.0
265,scenario_1,25.835,0.0,0.0,0.0,25.835,725.2251113864488,0.0,0.0,0.0,0.0,0.0,0.0,0.0
266,scenario_1,25.991,0.0,0.0,0.0,25.991,698.3136530531154,0.0,0.0,0.0,0.0,0.0,0.0,0.0
267,scenario_1,39.639,0.0,0.0,0.0,39.639,671.2396947197822,0.0,0.0,0.0,0.0,0.0,0.0,0.0
268,scenario_1,58.798,0.0,0.0,0.0,58.798,629.9490697197822,0.0,0.0,0.0,0.0,0.0,0.0,0.0
269,scenario_1,6.723,0.0,0.0,0.0,6.723,568.7011530531155,0.0,0.0,0.0,0.0,0.0,0.0,0.0
270,scenario_1,128.894,0.0,29.4807442819245,0.0,99.4132557180755,561.6980280531155,0.0,9.8269147606415,0.0,0.0,0.0,0.0,0.0
271,scenario_1,224.682,163.1847874654172,0.0,0.0,61.497212534582786,458.1425533467869,0.0,0.0,0.0,0.0,0.0,0.0,163.1847874654172
272,scenario_1,244.211,244.211,0.0,0.0,0.0,394.0829569565965,0.0,0.0,0.0,0.0,0.0,0.0,244.211
273,scenario_1,203.122,203.122,0.0,0.0,0.0,394.0829569565965,0.0,0.0,0.0,0.0,0.0,0.0,203.122
274,scenario_1,134.419,528.5019569565966,0.0,394.0829569565966,0.0,394.0829569565965,0.0,0.0,0.0,0.0,0.0,0.0,528.5019569565966
275,scenario_1,11.089,405.1719569565966,0.0,394.0829569565966,0.0,768.4617660653632,0.0,0.0,0.0,0.0,0.0,0.0,405.1719569565966
276,scenario_1,99.174,493.2569569565966,0.0,394.0829569565966,0.0,1142.84057517413,0.0,0.0,0.0,0.0,0.0,0.0,493.2569569565966
277,scenario_1,122.954,122.954,0.0,0.0,0.0,1517.2193842828967,0.0,0.0,0.0,0.0,0.0,0.0,122.954
278,scenario_1,143.608,524.84625869921,0.0,381.23825869921,0.0,1517.2193842828967,0.0,0.0,0.0,0.0,0.0,0.0,524.84625869921
279,scenario_1,12.38,108.18953130088083,0.0,95.80953130088083,0.0,1879.3957300471461,0.0,0.0,0.0,0.0,0.0,0.0,108.18953130088083
280,scenario_1,136.234,136.234,0.0,0.0,0.0,1970.414784782983,0.0,0.0,0.0,0.0,0.0,0.0,136.234
281,scenario_1,198.589,32.925764729282164,0.0,0.0,165.66323527071785,1970.414784782983,0.0,0.0,0.0,0.0,0.0,0.0,32.925764729282164
282,scenario_1,252.598,0.0,61.3917014289115,0.0,191.2062985710885,1797.8489147093185,0.0,20.463900476303834,0.0,0.0,0.0,0.0,0.0
283,scenario_1,276.946,0.0,61.3917014289115,0.0,215.5542985710885,1598.6756870311012,0.0,20.463900476303834,0.0,0.0,0.0,0.0,0.0
284,scenario_1,240.634,0.0,0.0,0.0,240.634,1374.139959352884,0.0,0.0,0.0,0.0,0.0,0.0,0.0
285,scenario_1,159.965,0.0,0.0,0.0,159.965,1123.4795426862174,0.0,0.0,0.0,0.0,0.0,0.0,0.0
286,scenario_1,77.651,0.0,0.0,0.0,77.651,956.8493343528841,0.0,0.0,0.0,0.0,0.0,0.0,0.0
287,scenario_1,33.494,0.0,0.0,0.0,33.494,875.9628760195508,0.0,0.0,0.0,0.0,0.0,0.0,0.0
288,scenario_1,34.833,0.0,34.833,0.0,0.0,841.0732926862174,0.0,11.610999999999999,0.0,0.0,0.0,0.0,0.0
289,scenario_1,41.576,0.0,0.0,0.0,41.576,841.0732926862174,0.0,0.0,0.0,0.0,0.0,0.0,0.0
290,scenario_1,48.211,0.0,0.0,0.0,48.211,797.764959352884,0.0,0.0,0.0,0.0,0.0,0.0,0.0
291,scenario_1,56.722,0.0,0.0,0.0,56.722,747.5451676862174,0.0,0.0,0.0,0.0,0.0,0.0,0.0
292,scenario_1,62.415,0.0,0.0,0.0,62.415,688.4597510195507,0.0,0.0,0.0,0.0,0.0,0.0,0.0
293,scenario_1,84.527,0.0,0.0,0.0,84.527,623.4441260195507,0.0,0.0,0.0,0.0,0.0,0.0,0.0
294,scenario_1,124.181,0.0,11.001398099582545,0.0,113.17960190041745,535.3951676862174,0.0,3.6671326998608484,0.0,0.0,0.0,0.0,0.0
295,scenario_1,172.512,150.03187959998138,0.0,0.0,22.48012040001862,417.4997490399492,0.0,0.0,0.0,0.0,0.0,0.0,150.03187959998138
296,scenario_1,185.447,338.75696964008085,0.0,153.30996964008085,0.0,394.0829569565965,0.0,0.0,0.0,0.0,0.0,0.0,338.75696964008085
297,scenario_1,172.557,487.2578229276835,0.0,314.7008229276835,0.0,539.7274281146733,0.0,0.0,0.0,0.0,0.0,0.0,487.2578229276835
298,scenario_1,157.123,551.2059569565965,0.0,394.0829569565966,0.0,838.6932098959726,0.0,0.0,0.0,0.0,0.0,0.0,551.2059569565965
299,scenario_1,136.774,530.8569569565966,0.0,394.0829569565966,0.0,1213.0720190047393,0.0,0.0,0.0,0.0,0.0,0.0,530.8569569565966
300,scenario_1,126.677,126.677,0.0,0.0,0.0,1587.450828113506,0.0,0.0,0.0,0.0,0.0,0.0,126.677
301,scenario_1,131.617,131.617,0.0,0.0,0.0,1587.450828113506,0.0,0.0,0.0,0.0,0.0,0.0,131.617
302,scenario_1,170.543,345.17288411089817,0.0,174.6298841108982,0.0,1587.450828113506,0.0,0.0,0.0,0.0,0.0,0.0,345.17288411089817
303,scenario_1,159.121,159.121,0.0,0.0,0.0,1753.3492180188593,0.0,0.0,0.0,0.0,0.0,0.0,159.121
304,scenario_1,200.936,200.936,0.0,0.0,0.0,1753.3492180188593,0.0,0.0,0.0,0.0,0.0,0.0,200.936
305,scenario_1,211.396,33.16063808402209,0.0,0.0,178.2353619159779,1753.3492180188593,0.0,0.0,0.0,0.0,0.0,0.0,33.16063808402209
306,scenario_1,248.949,0.0,0.0,0.0,248.949,1567.6873826897156,0.0,0.0,0.0,0.0,0.0,0.0,0.0
307,scenario_1,238.885,0.0,0.0,0.0,238.885,1308.3655076897155,0.0,0.0,0.0,0.0,0.0,0.0,0.0
308,scenario_1,181.258,0.0,0.0,0.0,181.258,1059.5269660230488,0.0,0.0,0.0,0.0,0.0,0.0,0.0
309,scenario_1,110.771,0.0,0.0,0.0,110.771,870.7165493563821,0.0,0.0,0.0,0.0,0.0,0.0,0.0
310,scenario_1,62.486,0.0,0.0,0.0,62.486,755.3300910230487,0.0,0.0,0.0,0.0,0.0,0.0,0.0
311,scenario_1,41.654,0.0,0.0,0.0,41.654,690.2405076897153,0.0,0.0,0.0,0.0,0.0,0.0,0.0
312,scenario_1,15.209,0.0,0.0,0.0,15.209,646.8509243563819,0.0,0.0,0.0,0.0,0.0,0.0,0.0
313,scenario_1,24.047,0.0,0.0,0.0,24.047,631.0082160230486,0.0,0.0,0.0,0.0,0.0,0.0,0.0
314,scenario_1,34.993,0.0,0.0,0.0,34.993,605.9592576897153,0.0,0.0,0.0,0.0,0.0,0.0,0.0
315,scenario_1,5.647,0.0,0.0,0.0,5.647,569.5082160230486,0.0,0.0,0.0,0.0,0.0,0.0,0.0
316,scenario_1,58.212,0.0,0.0,0.0,58.212,563.6259243563819,0.0,0.0,0.0,0.0,0.0,0.0,0.0
317,scenario_1,82.321,0.0,0.0,0.0,82.321,502.98842435638187,0.0,0.0,0.0,0.0,0.0,0.0,0.0
318,scenario_1,13.423,0.0,0.0,0.0,13.423,417.2373826897152,0.0,0.0,0.0,0.0,0.0,0.0,0.0
319,scenario_1,165.257,156.451751296206,0.0,0.0,8.805248703794007,403.2550910230486,0.0,0.0,0.0,0.0,0.0,0.0,156.451751296206
320,scenario_1,180.093,345.99454857132594,0.0,165.90154857132595,0.0,394.0829569565965,0.0,0.0,0.0,0.0,0.0,0.0,345.99454857132594
321,scenario_1,188.097,188.097,0.0,0.0,0.0,551.6894280993561,0.0,0.0,0.0,0.0,0.0,0.0,188.097
322,scenario_1,158.555,552.6379569565966,0.0,394.0829569565966,0.0,551.6894280993561,0.0,0.0,0.0,0.0,0.0,0.0,552.6379569565966
323,scenario_1,177.908,571.9909569565966,0.0,394.0829569565966,0.0,926.0682372081228,0.0,0.0,0.0,0.0,0.0,0.0,571.9909569565966
324,scenario_1,146.964,146.964,0.0,0.0,0.0,1300.4470463168896,0.0,0.0,0.0,0.0,0.0,0.0,146.964
325,scenario_1,122.757,516.8399569565966,0.0,394.0829569565966,0.0,1300.4470463168896,0.0,0.0,0.0,0.0,0.0,0.0,516.8399569565966
326,scenario_1,141.836,434.4127362715928,0.0,292.5767362715928,0.0,1674.8258554256563,0.0,0.0,0.0,0.0,0.0,0.0,434.4127362715928
327,scenario_1,156.463,156.463,0.0,0.0,0.0,1952.7737548836694,0.0,0.0,0.0,0.0,0.0,0.0,156.463
328,scenario_1,180.571,140.6108483709688,0.0,0.0,39.9601516290312,1952.7737548836694,0.0,0.0,0.0,0.0,0.0,0.0,140.6108483709688
329,scenario_1,190.067,27.393192373186135,0.0,0.0,162.67380762681387,1911.148596936762,0.0,0.0,0.0,0.0,0.0,0.0,27.393192373186135
330,scenario_1,238.411,0.0,0.0,0.0,238.411,1741.6967139921642,0.0,0.0,0.0,0.0,0.0,0.0,0.0
331,scenario_1,233.584,0.0,0.0,0.0,233.584,1493.3519223254975,0.0,0.0,0.0,0.0,0.0,0.0,0.0
332,scenario_1,169.383,0.0,0.0,0.0,169.383,1250.035255658831,0.0,0.0,0.0,0.0,0.0,0.0,0.0
333,scenario_1,98.914,0.0,0.0,0.0,98.914,1073.594630658831,0.0,0.0,0.0,0.0,0.0,0.0,0.0
334,scenario_1,49.226,0.0,0.0,0.0,49.226,970.5592139921644,0.0,0.0,0.0,0.0,0.0,0.0,0.0
335,scenario_1,25.686,0.0,0.0,0.0,25.686,919.282130658831,0.0,0.0,0.0,0.0,0.0,0.0,0.0
336,scenario_1,19.621,0.0,0.0,0.0,19.621,892.5258806588309,0.0,0.0,0.0,0.0,0.0,0.0,0.0
337,scenario_1,43.823,0.0,0.0,0.0,43.823,872.0873389921643,0.0,0.0,0.0,0.0,0.0,0.0,0.0
338,scenario_1,43.411,0.0,0.0,0.0,43.411,826.438380658831,0.0,0.0,0.0,0.0,0.0,0.0,0.0
339,scenario_1,45.156,0.0,0.0,0.0,45.156,781.2185889921643,0.0,0.0,0.0,0.0,0.0,0.0,0.0
340,scenario_1,55.262,0.0,0.0,0.0,55.262,734.1810889921643,0.0,0.0,0.0,0.0,0.0,0.0,0.0
341,scenario_1,82.844,0.0,0.0,0.0,82.844,676.616505658831,0.0,0.0,0.0,0.0,0.0,0.0,0.0
342,scenario_1,14.023,0.0,0.0,0.0,14.023,590.3206723254976,0.0,0.0,0.0,0.0,0.0,0.0,0.0
343,scenario_1,225.289,158.38293221295652,0.0,0.0,66.90606778704347,575.7133806588309,0.0,0.0,0.0,0.0,0.0,0.0,158.38293221295652
344,scenario_1,261.566,261.566,0.0,0.0,0.0,506.01956004732733,0.0,0.0,0.0,0.0,0.0,0.0,261.566
345,scenario_1,197.447,197.447,0.0,0.0,0.0,506.01956004732733,0.0,0.0,0.0,0.0,0.0,0.0,197.447
346,scenario_1,118.795,512.8779569565966,0.0,394.0829569565966,0.0,506.01956004732733,0.0,0.0,0.0,0.0,0.0,0.0,512.8779569565966
347,scenario_1,98.568,492.6509569565966,0.0,394.0829569565966,0.0,880.3983691560941,0.0,0.0,0.0,0.0,0.0,0.0,492.6509569565966
348,scenario_1,107.854,501.9369569565966,0.0,394.0829569565966,0.0,1254.7771782648608,0.0,0.0,0.0,0.0,0.0,0.0,501.9369569565966
349,scenario_1,106.648,106.648,0.0,0.0,0.0,1629.1559873736276,0.0,0.0,0.0,0.0,0.0,0.0,106.648
350,scenario_1,126.594,485.81378674668986,0.0,359.21978674668986,0.0,1629.1559873736276,0.0,0.0,0.0,0.0,0.0,0.0,485.81378674668986
351,scenario_1,126.845,126.845,0.0,0.0,0.0,1970.414784782983,0.0,0.0,0.0,0.0,0.0,0.0,126.845
352,scenario_1,133.727,133.727,0.0,0.0,0.0,1970.414784782983,0.0,0.0,0.0,0.0,0.0,0.0,133.727
353,scenario_1,180.646,19.398799298890154,0.0,0.0,161.24720070110982,1970.414784782983,0.0,0.0,0.0,0.0,0.0,0.0,19.398799298890154
354,scenario_1,285.506,0.0,61.3917014289115,0.0,224.11429857108845,1802.4489507193268,0.0,20.463900476303834,0.0,0.0,0.0,0.0,0.0
355,scenario_1,290.732,0.0,61.3917014289115,0.0,229.3402985710885,1568.9965563744431,0.0,20.463900476303834,0.0,0.0,0.0,0.0,0.0
356,scenario_1,220.638,0.0,0.0,0.0,220.638,1330.1004120295593,0.0,0.0,0.0,0.0,0.0,0.0,0.0
357,scenario_1,169.837,0.0,0.0,0.0,169.837,1100.2691620295593,0.0,0.0,0.0,0.0,0.0,0.0,0.0
358,scenario_1,90.959,0.0,0.0,0.0,90.959,923.3556203628926,0.0,0.0,0.0,0.0,0.0,0.0,0.0
359,scenario_1,3.79,0.0,0.0,0.0,3.79,828.6066620295593,0.0,0.0,0.0,0.0,0.0,0.0,0.0
360,scenario_1,23.294,0.0,0.0,0.0,23.294,824.6587453628927,0.0,0.0,0.0,0.0,0.0,0.0,0.0
361,scenario_1,26.694,0.0,0.0,0.0,26.694,800.3941620295593,0.0,0.0,0.0,0.0,0.0,0.0,0.0
362,scenario_1,53.471,0.0,3.4615404077838434,0.0,50.00945959221615,772.5879120295593,0.0,1.1538468025946145,0.0,0.0,0.0,0.0,0.0
363,scenario_1,52.468,0.0,0.0,0.0,52.468,720.4947249543342,0.0,0.0,0.0,0.0,0.0,0.0,0.0
364,scenario_1,58.679,0.0,0.0,0.0,58.679,665.8405582876675,0.0,0.0,0.0,0.0,0.0,0.0,0.0
365,scenario_1,78.397,0.0,0.0,0.0,78.397,604.7165999543341,0.0,0.0,0.0,0.0,0.0,0.0,0.0
366,scenario_1,130.521,0.0,61.3917014289115,0.0,69.12929857108848,523.0530582876675,0.0,20.463900476303834,0.0,0.0,0.0,0.0,0.0
367,scenario_1,212.456,157.7740012932604,0.0,0.0,54.68199870673959,451.0433722761169,0.0,0.0,0.0,0.0,0.0,0.0,157.7740012932604
368,scenario_1,271.112,271.112,0.0,0.0,0.0,394.0829569565965,0.0,0.0,0.0,0.0,0.0,0.0,271.112
369,scenario_1,226.851,226.851,0.0,0.0,0.0,394.0829569565965,0.0,0.0,0.0,0.0,0.0,0.0,226.851
370,scenario_1,159.386,553.4689569565966,0.0,394.0829569565966,0.0,394.0829569565965,0.0,0.0,0.0,0.0,0.0,0.0,553.4689569565966
371,scenario_1,113.384,507.4669569565966,0.0,394.0829569565966,0.0,768.4617660653632,0.0,0.0,0.0,0.0,0.0,0.0,507.4669569565966
372,scenario_1,90.101,484.1839569565966,0.0,394.0829569565966,0.0,1142.84057517413,0.0,0.0,0.0,0.0,0.0,0.0,484.1839569565966
373,scenario_1,90.537,90.537,0.0,0.0,0.0,1517.2193842828967,0.0,0.0,0.0,0.0,0.0,0.0,90.537
374,scenario_1,13.305,407.3879569565966,0.0,394.0829569565966,0.0,1517.2193842828967,0.0,0.0,0.0,0.0,0.0,0.0,407.3879569565966
375,scenario_1,11.409,94.37383304349414,0.0,82.96483304349414,0.0,1891.5981933916635,0.0,0.0,0.0,0.0,0.0,0.0,94.37383304349414
376,scenario_1,155.323,155.323,0.0,0.0,0.0,1970.414784782983,0.0,0.0,0.0,0.0,0.0,0.0,155.323
377,scenario_1,195.057,20.747146335360096,0.0,0.0,174.3098536646399,1970.414784782983,0.0,0.0,0.0,0.0,0.0,0.0,20.747146335360096
378,scenario_1,253.393,0.0,61.3917014289115,0.0,192.0012985710885,1788.842020548983,0.0,20.463900476303834,0.0,0.0,0.0,0.0,0.0
379,scenario_1,276.208,0.0,0.0,0.0,276.208,1588.8406678707659,0.0,0.0,0.0,0.0,0.0,0.0,0.0
380,scenario_1,230.434,0.0,0.0,0.0,230.434,1301.1240012040992,0.0,0.0,0.0,0.0,0.0,0.0,0.0
381,scenario_1,163.496,0.0,0.0,0.0,163.496,1061.0885845374326,0.0,0.0,0.0,0.0,0.0,0.0,0.0
382,scenario_1,83.081,0.0,0.0,0.0,83.081,890.7802512040992,0.0,0.0,0.0,0.0,0.0,0.0,0.0
383,scenario_1,46.628,0.0,0.0,0.0,46.628,804.2375428707658,0.0,0.0,0.0,0.0,0.0,0.0,0.0
384,scenario_1,20.647,0.0,0.0,0.0,20.647,755.6667095374324,0.0,0.0,0.0,0.0,0.0,0.0,0.0
385,scenario_1,20.212,0.0,20.212,0.0,0.0,734.1594178707658,0.0,6.737333333333333,0.0,0.0,0.0,0.0,0.0
386,scenario_1,29.382,0.0,0.0,0.0,29.382,734.1594178707658,0.0,0.0,0.0,0.0,0.0,0.0,0.0
387,scenario_1,42.278,0.0,0.0,0.0,42.278,703.5531678707657,0.0,0.0,0.0,0.0,0.0,0.0,0.0
388,scenario_1,48.077,0.0,0.0,0.0,48.077,659.5135845374324,0.0,0.0,0.0,0.0,0.0,0.0,0.0
389,scenario_1,66.688,0.0,0.0,0.0,66.688,609.4333762040991,0.0,0.0,0.0,0.0,0.0,0.0,0.0
390,scenario_1,121.343,0.0,51.65106991086719,0.0,69.69193008913281,539.9667095374324,0.0,17.217023303622398,0.0,0.0,0.0,0.0,0.0
391,scenario_1,227.017,156.66052761153037,0.0,0.0,70.35647238846963,467.37094902791904,0.0,0.0,0.0,0.0,0.0,0.0,156.66052761153037
392,scenario_1,282.757,282.757,0.0,0.0,0.0,394.0829569565965,0.0,0.0,0.0,0.0,0.0,0.0,282.757
393,scenario_1,254.107,337.07183304349417,0.0,82.96483304349414,0.0,394.0829569565965,0.0,0.0,0.0,0.0,0.0,0.0,337.07183304349417
394,scenario_1,16.397,410.4799569565966,0.0,394.0829569565966,0.0,472.8995483479159,0.0,0.0,0.0,0.0,0.0,0.0,410.4799569565966
395,scenario_1,117.086,511.1689569565966,0.0,394.0829569565966,0.0,847.2783574566827,0.0,0.0,0.0,0.0,0.0,0.0,511.1689569565966
396,scenario_1,95.925,490.0079569565966,0.0,394.0829569565966,0.0,1221.6571665654494,0.0,0.0,0.0,0.0,0.0,0.0,490.0079569565966
397,scenario_1,134.354,134.354,0.0,0.0,0.0,1596.0359756742162,0.0,0.0,0.0,0.0,0.0,0.0,134.354
398,scenario_1,106.166,500.2489569565966,0.0,394.0829569565966,0.0,1596.0359756742162,0.0,0.0,0.0,0.0,0.0,0.0,500.2489569565966
399,scenario_1,116.839,116.839,0.0,0.0,0.0,1970.414784782983,0.0,0.0,0.0,0.0,0.0,0.0,116.839
400,scenario_1,140.241,140.241,0.0,0.0,0.0,1970.414784782983,0.0,0.0,0.0,0.0,0.0,0.0,140.241
401,scenario_1,204.017,44.67813147941696,0.0,0.0,159.33886852058305,1970.414784782983,0.0,0.0,0.0,0.0,0.0,0.0,44.67813147941696
402,scenario_1,263.083,0.0,61.3917014289115,0.0,201.6912985710885,1804.4367967407088,0.0,20.463900476303834,0.0,0.0,0.0,0.0,0.0
403,scenario_1,286.063,0.0,0.0,0.0,286.063,1594.3416940624916,0.0,0.0,0.0,0.0,0.0,0.0,0.0
404,scenario_1,251.399,0.0,61.3917014289115,0.0,190.00729857108848,1296.3594023958249,0.0,20.463900476303834,0.0,0.0,0.0,0.0,0.0
405,scenario_1,170.988,0.0,0.0,0.0,170.988,1098.435133050941,0.0,0.0,0.0,0.0,0.0,0.0,0.0
406,scenario_1,51.435,0.0,0.0,0.0,51.435,920.322633050941,0.0,0.0,0.0,0.0,0.0,0.0,0.0
407,scenario_1,23.171,0.0,0.0,0.0,23.171,866.744508050941,0.0,0.0,0.0,0.0,0.0,0.0,0.0
408,scenario_1,39.046,0.0,0.0,0.0,39.046,842.6080497176077,0.0,0.0,0.0,0.0,0.0,0.0,0.0
409,scenario_1,44.337,0.0,44.337,0.0,0.0,801.9351330509411,0.0,14.779000000000002,0.0,0.0,0.0,0.0,0.0
410,scenario_1,46.649,0.0,0.0,0.0,46.649,801.9351330509411,0.0,0.0,0.0,0.0,0.0,0.0,0.0
411,scenario_1,58.072,0.0,0.0,0.0,58.072,753.3424247176077,0.0,0.0,0.0,0.0,0.0,0.0,0.0
412,scenario_1,68.315,0.0,0.0,0.0,68.315,692.8507580509411,0.0,0.0,0.0,0.0,0.0,0.0,0.0
413,scenario_1,79.152,0.0,0.0,0.0,79.152,621.6892997176077,0.0,0.0,0.0,0.0,0.0,0.0,0.0
414,scenario_1,124.259,0.0,44.52263661663663,0.0,79.73636338336337,539.2392997176077,0.0,14.84087887221221,0.0,0.0,0.0,0.0,0.0
415,scenario_1,211.455,151.84127433279266,0.0,0.0,59.61372566720735,456.1805878599375,0.0,0.0,0.0,0.0,0.0,0.0,151.84127433279266
416,scenario_1,255.945,255.945,0.0,0.0,0.0,394.0829569565965,0.0,0.0,0.0,0.0,0.0,0.0,255.945
417,scenario_1,215.084,215.084,0.0,0.0,0.0,394.0829569565965,0.0,0.0,0.0,0.0,0.0,0.0,215.084
418,scenario_1,142.177,536.2599569565966,0.0,394.0829569565966,0.0,394.0829569565965,0.0,0.0,0.0,0.0,0.0,0.0,536.2599569565966
419,scenario_1,119.836,513.9189569565966,0.0,394.0829569565966,0.0,768.4617660653632,0.0,0.0,0.0,0.0,0.0,0.0,513.9189569565966
420,scenario_1,94.936,489.01895695659664,0.0,394.0829569565966,0.0,1142.84057517413,0.0,0.0,0.0,0.0,0.0,0.0,489.01895695659664
421,scenario_1,89.125,89.125,0.0,0.0,0.0,1517.2193842828967,0.0,0.0,0.0,0.0,0.0,0.0,89.125
422,scenario_1,102.673,443.25665500201325,0.0,340.58365500201324,0.0,1517.2193842828967,0.0,0.0,0.0,0.0,0.0,0.0,443.25665500201325
423,scenario_1,145.195,145.195,0.0,0.0,0.0,1840.7738565348093,0.0,0.0,0.0,0.0,0.0,0.0,145.195
424,scenario_1,137.826,137.826,0.0,0.0,0.0,1840.7738565348093,0.0,0.0,0.0,0.0,0.0,0.0,137.826
425,scenario_1,163.968,46.59191436989043,0.0,0.0,117.37608563010956,1840.7738565348093,0.0,0.0,0.0,0.0,0.0,0.0,46.59191436989043
426,scenario_1,260.453,0.0,0.0,0.0,260.453,1718.5071006701119,0.0,0.0,0.0,0.0,0.0,0.0,0.0
427,scenario_1,274.202,0.0,0.0,0.0,274.202,1447.2018923367787,0.0,0.0,0.0,0.0,0.0,0.0,0.0
428,scenario_1,22.459,0.0,0.0,0.0,22.459,1161.5748090034454,0.0,0.0,0.0,0.0,0.0,0.0,0.0
429,scenario_1,149.172,0.0,0.0,0.0,149.172,1138.1800173367787,0.0,0.0,0.0,0.0,0.0,0.0,0.0
430,scenario_1,55.766,0.0,0.0,0.0,55.766,982.7925173367787,0.0,0.0,0.0,0.0,0.0,0.0,0.0
431,scenario_1,26.249,0.0,0.0,0.0,26.249,924.7029340034453,0.0,0.0,0.0,0.0,0.0,0.0,0.0
432,scenario_1,38.711,0.0,0.0,0.0,38.711,897.360225670112,0.0,0.0,0.0,0.0,0.0,0.0,0.0
433,scenario_1,46.161,0.0,0.0,0.0,46.161,857.0362673367787,0.0,0.0,0.0,0.0,0.0,0.0,0.0
434,scenario_1,50.609,0.0,0.0,0.0,50.609,808.9518923367787,0.0,0.0,0.0,0.0,0.0,0.0,0.0
435,scenario_1,44.613,0.0,0.0,0.0,44.613,756.2341840034453,0.0,0.0,0.0,0.0,0.0,0.0,0.0
436,scenario_1,55.879,0.0,0.0,0.0,55.879,709.7623090034454,0.0,0.0,0.0,0.0,0.0,0.0,0.0
437,scenario_1,69.631,0.0,0.0,0.0,69.631,651.5550173367786,0.0,0.0,0.0,0.0,0.0,0.0,0.0
438,scenario_1,117.462,0.0,0.0,0.0,117.462,579.022725670112,0.0,0.0,0.0,0.0,0.0,0.0,0.0
439,scenario_1,209.738,149.6578220350252,0.0,0.0,60.08017796497481,456.66647567011194,0.0,0.0,0.0,0.0,0.0,0.0,149.6578220350252
440,scenario_1,257.206,257.206,0.0,0.0,0.0,394.0829569565965,0.0,0.0,0.0,0.0,0.0,0.0,257.206
441,scenario_1,224.059,224.059,0.0,0.0,0.0,394.0829569565965,0.0,0.0,0.0,0.0,0.0,0.0,224.059
442,scenario_1,141.547,535.6299569565966,0.0,394.0829569565966,0.0,394.0829569565965,0.0,0.0,0.0,0.0,0.0,0.0,535.6299569565966
443,scenario_1,15.863,409.9459569565966,0.0,394.0829569565966,0.0,768.4617660653632,0.0,0.0,0.0,0.0,0.0,0.0,409.9459569565966
444,scenario_1,103.156,497.2389569565966,0.0,394.0829569565966,0.0,1142.84057517413,0.0,0.0,0.0,0.0,0.0,0.0,497.2389569565966
445,scenario_1,104.623,104.623,0.0,0.0,0.0,1517.2193842828967,0.0,0.0,0.0,0.0,0.0,0.0,104.623
446,scenario_1,120.282,448.59733206703123,0.0,328.31533206703125,0.0,1517.2193842828967,0.0,0.0,0.0,0.0,0.0,0.0,448.59733206703123
447,scenario_1,13.637,13.637,0.0,0.0,0.0,1829.1189497465764,0.0,0.0,0.0,0.0,0.0,0.0,13.637
448,scenario_1,153.884,153.884,0.0,0.0,0.0,1829.1189497465764,0.0,0.0,0.0,0.0,0.0,0.0,153.884
449,scenario_1,161.773,48.897152851597106,0.0,0.0,112.8758471484029,1829.1189497465764,0.0,0.0,0.0,0.0,0.0,0.0,48.897152851597106
450,scenario_1,22.82,0.0,0.0,0.0,22.82,1711.5399423003234,0.0,0.0,0.0,0.0,0.0,0.0,0.0
451,scenario_1,286.329,0.0,0.0,0.0,286.329,1687.7691089669902,0.0,0.0,0.0,0.0,0.0,0.0,0.0
452,scenario_1,238.017,0.0,0.0,0.0,238.017,1389.50973396699,0.0,0.0,0.0,0.0,0.0,0.0,0.0
453,scenario_1,167.259,0.0,0.0,0.0,167.259,1141.57535896699,0.0,0.0,0.0,0.0,0.0,0.0,0.0
454,scenario_1,68.879,0.0,0.0,0.0,68.879,967.3472339669901,0.0,0.0,0.0,0.0,0.0,0.0,0.0
455,scenario_1,21.859,0.0,0.0,0.0,21.859,895.5982756336567,0.0,0.0,0.0,0.0,0.0,0.0,0.0
456,scenario_1,35.841,0.0,0.0,0.0,35.841,872.82848396699,0.0,0.0,0.0,0.0,0.0,0.0,0.0
457,scenario_1,40.965,0.0,0.0,0.0,40.965,835.49410896699,0.0,0.0,0.0,0.0,0.0,0.0,0.0
458,scenario_1,42.889,0.0,0.0,0.0,42.889,792.82223396699,0.0,0.0,0.0,0.0,0.0,0.0,0.0
459,scenario_1,45.264,0.0,0.0,0.0,45.264,748.1461923003233,0.0,0.0,0.0,0.0,0.0,0.0,0.0
460,scenario_1,60.879,0.0,0.0,0.0,60.879,700.9961923003233,0.0,0.0,0.0,0.0,0.0,0.0,0.0
461,scenario_1,84.764,0.0,0.0,0.0,84.764,637.5805673003233,0.0,0.0,0.0,0.0,0.0,0.0,0.0
462,scenario_1,126.708,0.0,0.0,0.0,126.708,549.28473396699,0.0,0.0,0.0,0.0,0.0,0.0,0.0
463,scenario_1,173.953,151.66729407002234,0.0,0.0,22.285705929977667,417.2972339669899,0.0,0.0,0.0,0.0,0.0,0.0,151.66729407002234
464,scenario_1,194.332,194.332,0.0,0.0,0.0,394.0829569565965,0.0,0.0,0.0,0.0,0.0,0.0,194.332
465,scenario_1,186.564,186.564,0.0,0.0,0.0,394.0829569565965,0.0,0.0,0.0,0.0,0.0,0.0,186.564
466,scenario_1,184.293,578.3759569565966,0.0,394.0829569565966,0.0,394.0829569565965,0.0,0.0,0.0,0.0,0.0,0.0,578.3759569565966
467,scenario_1,15.322,409.4049569565966,0.0,394.0829569565966,0.0,768.4617660653632,0.0,0.0,0.0,0.0,0.0,0.0,409.4049569565966
468,scenario_1,154.854,154.854,0.0,0.0,0.0,1142.84057517413,0.0,0.0,0.0,0.0,0.0,0.0,154.854
469,scenario_1,146.302,540.3849569565966,0.0,394.0829569565966,0.0,1142.84057517413,0.0,0.0,0.0,0.0,0.0,0.0,540.3849569565966
470,scenario_1,140.636,140.636,0.0,0.0,0.0,1517.2193842828967,0.0,0.0,0.0,0.0,0.0,0.0,140.636
471,scenario_1,15.327,15.327,0.0,0.0,0.0,1517.2193842828967,0.0,0.0,0.0,0.0,0.0,0.0,15.327
472,scenario_1,179.358,179.358,0.0,0.0,0.0,1517.2193842828967,0.0,0.0,0.0,0.0,0.0,0.0,179.358
473,scenario_1,220.637,52.33326304131083,0.0,0.0,168.30373695868917,1517.2193842828967,0.0,0.0,0.0,0.0,0.0,0.0,52.33326304131083
474,scenario_1,21.81,0.0,0.0,0.0,21.81,1341.9029916175955,0.0,0.0,0.0,0.0,0.0,0.0,0.0
475,scenario_1,23.344,0.0,0.0,0.0,23.344,1319.1842416175955,0.0,0.0,0.0,0.0,0.0,0.0,0.0
476,scenario_1,175.063,0.0,0.0,0.0,175.063,1294.8675749509289,0.0,0.0,0.0,0.0,0.0,0.0,0.0
477,scenario_1,105.076,0.0,0.0,0.0,105.076,1112.5102832842622,0.0,0.0,0.0,0.0,0.0,0.0,0.0
478,scenario_1,55.803,0.0,0.0,0.0,55.803,1003.0561166175955,0.0,0.0,0.0,0.0,0.0,0.0,0.0
479,scenario_1,39.286,0.0,0.0,0.0,39.286,944.9279916175956,0.0,0.0,0.0,0.0,0.0,0.0,0.0
480,scenario_1,38.669,0.0,0.0,0.0,38.669,904.0050749509289,0.0,0.0,0.0,0.0,0.0,0.0,0.0
481,scenario_1,4.175,0.0,0.0,0.0,4.175,863.7248666175956,0.0,0.0,0.0,0.0,0.0,0.0,0.0
482,scenario_1,43.799,0.0,0.0,0.0,43.799,859.3759082842622,0.0,0.0,0.0,0.0,0.0,0.0,0.0
483,scenario_1,43.834,0.0,0.0,0.0,43.834,813.7519499509289,0.0,0.0,0.0,0.0,0.0,0.0,0.0
484,scenario_1,51.197,0.0,0.0,0.0,51.197,768.0915332842621,0.0,0.0,0.0,0.0,0.0,0.0,0.0
485,scenario_1,70.185,0.0,0.0,0.0,70.185,714.7613249509288,0.0,0.0,0.0,0.0,0.0,0.0,0.0
486,scenario_1,131.734,0.0,0.0,0.0,131.734,641.6519499509288,0.0,0.0,0.0,0.0,0.0,0.0,0.0
487,scenario_1,171.808,148.03980559126126,0.0,0.0,23.768194408738736,504.4290332842621,0.0,0.0,0.0,0.0,0.0,0.0,148.03980559126126
488,scenario_1,167.613,167.613,0.0,0.0,0.0,479.67049744182594,0.0,0.0,0.0,0.0,0.0,0.0,167.613
489,scenario_1,148.555,148.555,0.0,0.0,0.0,479.67049744182594,0.0,0.0,0.0,0.0,0.0,0.0,148.555
490,scenario_1,137.479,531.5619569565966,0.0,394.0829569565966,0.0,479.67049744182594,0.0,0.0,0.0,0.0,0.0,0.0,531.5619569565966
491,scenario_1,116.203,510.2859569565966,0.0,394.0829569565966,0.0,854.0493065505927,0.0,0.0,0.0,0.0,0.0,0.0,510.2859569565966
492,scenario_1,13.001,407.0839569565966,0.0,394.0829569565966,0.0,1228.4281156593595,0.0,0.0,0.0,0.0,0.0,0.0,407.0839569565966
493,scenario_1,113.171,113.171,0.0,0.0,0.0,1602.8069247681262,0.0,0.0,0.0,0.0,0.0,0.0,113.171
494,scenario_1,139.101,510.05135949519837,0.0,370.95035949519837,0.0,1602.8069247681262,0.0,0.0,0.0,0.0,0.0,0.0,510.05135949519837
495,scenario_1,180.093,180.093,0.0,0.0,0.0,1955.2097662885647,0.0,0.0,0.0,0.0,0.0,0.0,180.093
496,scenario_1,192.941,192.941,0.0,0.0,0.0,1955.2097662885647,0.0,0.0,0.0,0.0,0.0,0.0,192.941
497,scenario_1,216.638,52.33326304131083,0.0,0.0,164.30473695868918,1955.2097662885647,0.0,0.0,0.0,0.0,0.0,0.0,52.33326304131083
498,scenario_1,237.437,0.0,0.0,0.0,237.437,1784.0589986232635,0.0,0.0,0.0,0.0,0.0,0.0,0.0
499,scenario_1,221.641,0.0,0.0,0.0,221.641,1536.7287902899302,0.0,0.0,0.0,0.0,0.0,0.0,0.0
500,scenario_1,186.057,0.0,0.0,0.0,186.057,1305.8527486232636,0.0,0.0,0.0,0.0,0.0,0.0,0.0
501,scenario_1,133.829,0.0,0.0,0.0,133.829,1112.0433736232635,0.0,0.0,0.0,0.0,0.0,0.0,0.0
502,scenario_1,95.537,0.0,0.0,0.0,95.537,972.63816528993,0.0,0.0,0.0,0.0,0.0,0.0,0.0
503,scenario_1,49.355,0.0,0.0,0.0,49.355,873.1204569565967,0.0,0.0,0.0,0.0,0.0,0.0,0.0
504,scenario_1,34.302,0.0,0.0,0.0,34.302,821.7089986232634,0.0,0.0,0.0,0.0,0.0,0.0,0.0
505,scenario_1,40.985,0.0,0.0,0.0,40.985,785.9777486232633,0.0,0.0,0.0,0.0,0.0,0.0,0.0
506,scenario_1,44.525,0.0,0.0,0.0,44.525,743.28504028993,0.0,0.0,0.0,0.0,0.0,0.0,0.0
507,scenario_1,46.304,0.0,0.0,0.0,46.304,696.9048319565966,0.0,0.0,0.0,0.0,0.0,0.0,0.0
508,scenario_1,49.932,0.0,0.0,0.0,49.932,648.6714986232632,0.0,0.0,0.0,0.0,0.0,0.0,0.0
509,scenario_1,68.671,0.0,0.0,0.0,68.671,596.6589986232632,0.0,0.0,0.0,0.0,0.0,0.0,0.0
510,scenario_1,125.802,0.0,0.0,0.0,125.802,525.1267069565965,0.0,0.0,0.0,0.0,0.0,0.0,0.0
511,scenario_1,23.967,106.93183304349414,0.0,82.96483304349414,0.0,394.0829569565965,0.0,0.0,0.0,0.0,0.0,0.0,106.93183304349414
512,scenario_1,267.858,267.858,0.0,0.0,0.0,472.8995483479159,0.0,0.0,0.0,0.0,0.0,0.0,267.858
513,scenario_1,218.901,218.901,0.0,0.0,0.0,472.8995483479159,0.0,0.0,0.0,0.0,0.0,0.0,218.901
514,scenario_1,148.588,542.6709569565966,0.0,394.0829569565966,0.0,472.8995483479159,0.0,0.0,0.0,0.0,0.0,0.0,542.6709569565966
515,scenario_1,112.454,506.5369569565966,0.0,394.0829569565966,0.0,847.2783574566827,0.0,0.0,0.0,0.0,0.0,0.0,506.5369569565966
516,scenario_1,126.551,520.6339569565966,0.0,394.0829569565966,0.0,1221.6571665654494,0.0,0.0,0.0,0.0,0.0,0.0,520.6339569565966
517,scenario_1,111.618,111.618,0.0,0.0,0.0,1596.0359756742162,0.0,0.0,0.0,0.0,0.0,0.0,111.618
518,scenario_1,95.487,489.56995695659657,0.0,394.0829569565966,0.0,1596.0359756742162,0.0,0.0,0.0,0.0,0.0,0.0,489.56995695659657
519,scenario_1,122.704,122.704,0.0,0.0,0.0,1970.414784782983,0.0,0.0,0.0,0.0,0.0,0.0,122.704
520,scenario_1,163.489,163.489,0.0,0.0,0.0,1970.414784782983,0.0,0.0,0.0,0.0,0.0,0.0,163.489
521,scenario_1,203.671,52.16798179167903,61.3917014289115,0.0,90.11131677940945,1970.414784782983,0.0,20.463900476303834,0.0,0.0,0.0,0.0,52.16798179167903
522,scenario_1,287.269,0.0,20.12077226460127,0.0,267.14822773539873,1876.5488298044313,0.0,6.706924088200424,0.0,0.0,0.0,0.0,0.0
523,scenario_1,304.034,0.0,0.0,0.0,304.034,1598.269425913391,0.0,0.0,0.0,0.0,0.0,0.0,0.0
524,scenario_1,246.672,0.0,0.0,0.0,246.672,1281.5673425800576,0.0,0.0,0.0,0.0,0.0,0.0,0.0
525,scenario_1,158.169,0.0,0.0,0.0,158.169,1024.6173425800575,0.0,0.0,0.0,0.0,0.0,0.0,0.0
526,scenario_1,77.572,0.0,0.0,0.0,77.572,859.8579675800576,0.0,0.0,0.0,0.0,0.0,0.0,0.0
527,scenario_1,45.351,0.0,0.0,0.0,45.351,779.0538009133909,0.0,0.0,0.0,0.0,0.0,0.0,0.0
528,scenario_1,30.027,0.0,0.0,0.0,30.027,731.8131759133909,0.0,0.0,0.0,0.0,0.0,0.0,0.0
529,scenario_1,38.641,0.0,0.0,0.0,38.641,700.5350509133908,0.0,0.0,0.0,0.0,0.0,0.0,0.0
530,scenario_1,38.104,0.0,0.0,0.0,38.104,660.2840092467242,0.0,0.0,0.0,0.0,0.0,0.0,0.0
531,scenario_1,52.502,0.0,0.0,0.0,52.502,620.5923425800574,0.0,0.0,0.0,0.0,0.0,0.0,0.0
532,scenario_1,5.728,0.0,0.0,0.0,5.728,565.9027592467241,0.0,0.0,0.0,0.0,0.0,0.0,0.0
533,scenario_1,85.222,0.0,0.0,0.0,85.222,559.9360925800574,0.0,0.0,0.0,0.0,0.0,0.0,0.0
534,scenario_1,12.304,0.0,0.0,0.0,12.304,471.1631759133908,0.0,0.0,0.0,0.0,0.0,0.0,0.0
535,scenario_1,209.872,148.1789898014775,0.0,0.0,61.6930101985225,458.3465092467241,0.0,0.0,0.0,0.0,0.0,0.0,148.1789898014775
536,scenario_1,26.583,352.92766204272306,0.0,326.34466204272303,0.0,394.0829569565965,0.0,0.0,0.0,0.0,0.0,0.0,352.92766204272306
537,scenario_1,234.279,234.279,0.0,0.0,0.0,704.1103858971833,0.0,0.0,0.0,0.0,0.0,0.0,234.279
538,scenario_1,172.367,566.4499569565966,0.0,394.0829569565966,0.0,704.1103858971833,0.0,0.0,0.0,0.0,0.0,0.0,566.4499569565966
539,scenario_1,12.561,406.6439569565966,0.0,394.0829569565966,0.0,1078.48919500595,0.0,0.0,0.0,0.0,0.0,0.0,406.6439569565966
540,scenario_1,115.696,115.696,0.0,0.0,0.0,1452.8680041147168,0.0,0.0,0.0,0.0,0.0,0.0,115.696
541,scenario_1,92.488,486.5709569565966,0.0,394.0829569565966,0.0,1452.8680041147168,0.0,0.0,0.0,0.0,0.0,0.0,486.5709569565966
542,scenario_1,113.035,113.035,0.0,0.0,0.0,1827.2468132234835,0.0,0.0,0.0,0.0,0.0,0.0,113.035
543,scenario_1,146.564,297.2671279573678,0.0,150.7031279573678,0.0,1827.2468132234835,0.0,0.0,0.0,0.0,0.0,0.0,297.2671279573678
544,scenario_1,153.695,153.695,0.0,0.0,0.0,1970.414784782983,0.0,0.0,0.0,0.0,0.0,0.0,153.695
545,scenario_1,193.458,56.08253770401112,61.3917014289115,0.0,75.98376086707738,1970.414784782983,0.0,20.463900476303834,0.0,0.0,0.0,0.0,56.08253770401112
546,scenario_1,274.242,0.0,61.3917014289115,0.0,212.8502985710885,1891.2650338797773,0.0,20.463900476303834,0.0,0.0,0.0,0.0,0.0
547,scenario_1,277.194,0.0,0.0,0.0,277.194,1669.5459728682267,0.0,0.0,0.0,0.0,0.0,0.0,0.0
548,scenario_1,226.999,0.0,0.0,0.0,226.999,1380.8022228682266,0.0,0.0,0.0,0.0,0.0,0.0,0.0
549,scenario_1,176.538,0.0,0.0,0.0,176.538,1144.34493120156,0.0,0.0,0.0,0.0,0.0,0.0,0.0
550,scenario_1,86.451,0.0,0.0,0.0,86.451,960.4511812015601,0.0,0.0,0.0,0.0,0.0,0.0,0.0
551,scenario_1,33.958,0.0,0.0,0.0,33.958,870.39805620156,0.0,0.0,0.0,0.0,0.0,0.0,0.0
552,scenario_1,18.765,0.0,0.0,0.0,18.765,835.0251395348934,0.0,0.0,0.0,0.0,0.0,0.0,0.0
553,scenario_1,22.066,0.0,0.0,0.0,22.066,815.4782645348934,0.0,0.0,0.0,0.0,0.0,0.0,0.0
554,scenario_1,32.984,0.0,0.0,0.0,32.984,792.4928478682267,0.0,0.0,0.0,0.0,0.0,0.0,0.0
555,scenario_1,40.553,0.0,0.0,0.0,40.553,758.1345145348934,0.0,0.0,0.0,0.0,0.0,0.0,0.0
556,scenario_1,51.366,0.0,0.0,0.0,51.366,715.89180620156,0.0,0.0,0.0,0.0,0.0,0.0,0.0
557,scenario_1,68.874,0.0,0.0,0.0,68.874,662.38555620156,0.0,0.0,0.0,0.0,0.0,0.0,0.0
558,scenario_1,121.783,0.0,0.9257139423872047,0.0,120.8572860576128,590.64180620156,0.0,0.30857131412906824,0.0,0.0,0.0,0.0,0.0
559,scenario_1,218.654,150.81479078244777,0.0,0.0,67.83920921755222,464.7487998915467,0.0,0.0,0.0,0.0,0.0,0.0,150.81479078244777
560,scenario_1,246.991,246.991,0.0,0.0,0.0,394.0829569565965,0.0,0.0,0.0,0.0,0.0,0.0,246.991
561,scenario_1,22.108,416.1909569565966,0.0,394.0829569565966,0.0,394.0829569565965,0.0,0.0,0.0,0.0,0.0,0.0,416.1909569565966
562,scenario_1,141.216,535.2989569565966,0.0,394.0829569565966,0.0,768.4617660653632,0.0,0.0,0.0,0.0,0.0,0.0,535.2989569565966
563,scenario_1,103.495,497.5779569565966,0.0,394.0829569565966,0.0,1142.84057517413,0.0,0.0,0.0,0.0,0.0,0.0,497.5779569565966
564,scenario_1,112.718,112.718,0.0,0.0,0.0,1517.2193842828967,0.0,0.0,0.0,0.0,0.0,0.0,112.718
565,scenario_1,119.398,513.4809569565966,0.0,394.0829569565966,0.0,1517.2193842828967,0.0,0.0,0.0,0.0,0.0,0.0,513.4809569565966
566,scenario_1,117.278,117.278,0.0,0.0,0.0,1891.5981933916635,0.0,0.0,0.0,0.0,0.0,0.0,117.278
567,scenario_1,127.777,210.74183304349413,0.0,82.96483304349414,0.0,1891.5981933916635,0.0,0.0,0.0,0.0,0.0,0.0,210.74183304349413
568,scenario_1,141.462,141.462,0.0,0.0,0.0,1970.414784782983,0.0,0.0,0.0,0.0,0.0,0.0,141.462
569,scenario_1,188.452,56.35220711130512,0.0,0.0,132.09979288869488,1970.414784782983,0.0,0.0,0.0,0.0,0.0,0.0,56.35220711130512
570,scenario_1,235.678,0.0,61.3917014289115,0.0,174.28629857108848,1832.810833857259,0.0,20.463900476303834,0.0,0.0,0.0,0.0,0.0
571,scenario_1,288.831,0.0,0.0,0.0,288.831,1651.2626061790418,0.0,0.0,0.0,0.0,0.0,0.0,0.0
572,scenario_1,228.322,0.0,0.0,0.0,228.322,1350.3969811790416,0.0,0.0,0.0,0.0,0.0,0.0,0.0
573,scenario_1,148.389,0.0,0.0,0.0,148.389,1112.5615645123748,0.0,0.0,0.0,0.0,0.0,0.0,0.0
574,scenario_1,60.307,0.0,0.0,0.0,60.307,957.9896895123748,0.0,0.0,0.0,0.0,0.0,0.0,0.0
575,scenario_1,3.235,0.0,0.0,0.0,3.235,895.1698978457081,0.0,0.0,0.0,0.0,0.0,0.0,0.0
576,scenario_1,19.987,0.0,0.0,0.0,19.987,891.8001061790414,0.0,0.0,0.0,0.0,0.0,0.0,0.0
577,scenario_1,23.359,0.0,0.0,0.0,23.359,870.9803145123748,0.0,0.0,0.0,0.0,0.0,0.0,0.0
578,scenario_1,33.265,0.0,0.0,0.0,33.265,846.648022845708,0.0,0.0,0.0,0.0,0.0,0.0,0.0
579,scenario_1,48.912,0.0,0.0,0.0,48.912,811.9969811790414,0.0,0.0,0.0,0.0,0.0,0.0,0.0
580,scenario_1,61.423,0.0,0.0,0.0,61.423,761.0469811790414,0.0,0.0,0.0,0.0,0.0,0.0,0.0
581,scenario_1,83.534,0.0,0.0,0.0,83.534,697.0646895123747,0.0,0.0,0.0,0.0,0.0,0.0,0.0
582,scenario_1,144.815,0.0,16.576773934899222,0.0,128.23822606510078,610.0501061790413,0.0,5.525591311633074,0.0,0.0,0.0,0.0,0.0
583,scenario_1,234.559,155.46876281155372,0.0,0.0,79.09023718844628,476.46862069456137,0.0,0.0,0.0,0.0,0.0,0.0,155.46876281155372
584,scenario_1,249.426,249.426,0.0,0.0,0.0,394.0829569565965,0.0,0.0,0.0,0.0,0.0,0.0,249.426
585,scenario_1,226.013,226.013,0.0,0.0,0.0,394.0829569565965,0.0,0.0,0.0,0.0,0.0,0.0,226.013
586,scenario_1,158.194,552.2769569565966,0.0,394.0829569565966,0.0,394.0829569565965,0.0,0.0,0.0,0.0,0.0,0.0,552.2769569565966
587,scenario_1,110.097,504.1799569565966,0.0,394.0829569565966,0.0,768.4617660653632,0.0,0.0,0.0,0.0,0.0,0.0,504.1799569565966
588,scenario_1,106.106,500.1889569565966,0.0,394.0829569565966,0.0,1142.84057517413,0.0,0.0,0.0,0.0,0.0,0.0,500.1889569565966
589,scenario_1,11.225,11.225,0.0,0.0,0.0,1517.2193842828967,0.0,0.0,0.0,0.0,0.0,0.0,11.225
590,scenario_1,11.287,405.3699569565966,0.0,394.0829569565966,0.0,1517.2193842828967,0.0,0.0,0.0,0.0,0.0,0.0,405.3699569565966
591,scenario_1,119.941,202.90583304349414,0.0,82.96483304349414,0.0,1891.5981933916635,0.0,0.0,0.0,0.0,0.0,0.0,202.90583304349414
592,scenario_1,143.325,143.325,0.0,0.0,0.0,1970.414784782983,0.0,0.0,0.0,0.0,0.0,0.0,143.325
593,scenario_1,181.093,57.317797569680366,0.0,0.0,123.77520243031962,1970.414784782983,0.0,0.0,0.0,0.0,0.0,0.0,57.317797569680366
594,scenario_1,245.239,0.0,21.682611877685133,0.0,223.55638812231487,1841.4822822514,0.0,7.227537292561711,0.0,0.0,0.0,0.0,0.0
595,scenario_1,265.928,0.0,0.0,0.0,265.928,1608.6110446239886,0.0,0.0,0.0,0.0,0.0,0.0,0.0
596,scenario_1,250.948,0.0,0.0,0.0,250.948,1331.6027112906554,0.0,0.0,0.0,0.0,0.0,0.0,0.0
597,scenario_1,155.593,0.0,0.0,0.0,155.593,1070.1985446239887,0.0,0.0,0.0,0.0,0.0,0.0,0.0
598,scenario_1,8.338,0.0,0.0,0.0,8.338,908.1225029573221,0.0,0.0,0.0,0.0,0.0,0.0,0.0
599,scenario_1,41.382,0.0,0.0,0.0,41.382,899.4370862906554,0.0,0.0,0.0,0.0,0.0,0.0,0.0
600,scenario_1,19.163,0.0,0.0,0.0,19.163,856.3308362906554,0.0,0.0,0.0,0.0,0.0,0.0,0.0
601,scenario_1,21.538,0.0,0.0,0.0,21.538,836.3693779573221,0.0,0.0,0.0,0.0,0.0,0.0,0.0
602,scenario_1,42.746,0.0,0.0,0.0,42.746,813.9339612906554,0.0,0.0,0.0,0.0,0.0,0.0,0.0
603,scenario_1,52.618,0.0,0.0,0.0,52.618,769.406877957322,0.0,0.0,0.0,0.0,0.0,0.0,0.0
604,scenario_1,55.772,0.0,0.0,0.0,55.772,714.5964612906553,0.0,0.0,0.0,0.0,0.0,0.0,0.0
605,scenario_1,76.863,0.0,0.0,0.0,76.863,656.500627957322,0.0,0.0,0.0,0.0,0.0,0.0,0.0
606,scenario_1,119.515,0.0,0.0,0.0,119.515,576.4350029573219,0.0,0.0,0.0,0.0,0.0,0.0,0.0
607,scenario_1,210.368,154.82503583930355,0.0,0.0,55.54296416069644,451.94021129065527,0.0,0.0,0.0,0.0,0.0,0.0,154.82503583930355
608,scenario_1,262.919,262.919,0.0,0.0,0.0,394.0829569565965,0.0,0.0,0.0,0.0,0.0,0.0,262.919
609,scenario_1,226.245,226.245,0.0,0.0,0.0,394.0829569565965,0.0,0.0,0.0,0.0,0.0,0.0,226.245
610,scenario_1,151.087,545.1699569565966,0.0,394.0829569565966,0.0,394.0829569565965,0.0,0.0,0.0,0.0,0.0,0.0,545.1699569565966
611,scenario_1,106.938,501.0209569565966,0.0,394.0829569565966,0.0,768.4617660653632,0.0,0.0,0.0,0.0,0.0,0.0,501.0209569565966
612,scenario_1,125.408,519.4909569565966,0.0,394.0829569565966,0.0,1142.84057517413,0.0,0.0,0.0,0.0,0.0,0.0,519.4909569565966
613,scenario_1,104.125,104.125,0.0,0.0,0.0,1517.2193842828967,0.0,0.0,0.0,0.0,0.0,0.0,104.125
614,scenario_1,129.953,524.0359569565966,0.0,394.0829569565966,0.0,1517.2193842828967,0.0,0.0,0.0,0.0,0.0,0.0,524.0359569565966
615,scenario_1,132.879,132.879,0.0,0.0,0.0,1891.5981933916635,0.0,0.0,0.0,0.0,0.0,0.0,132.879
616,scenario_1,142.183,225.14783304349413,0.0,82.96483304349414,0.0,1891.5981933916635,0.0,0.0,0.0,0.0,0.0,0.0,225.14783304349413
617,scenario_1,20.473,20.473,0.0,0.0,0.0,1970.414784782983,0.0,0.0,0.0,0.0,0.0,0.0,20.473
618,scenario_1,297.184,0.0,32.968306686928884,0.0,264.21569331307114,1970.414784782983,0.0,10.989435562309628,0.0,0.0,0.0,0.0,0.0
619,scenario_1,310.586,0.0,61.3917014289115,0.0,249.1942985710885,1695.1901042485338,0.0,20.463900476303834,0.0,0.0,0.0,0.0,0.0
620,scenario_1,250.203,0.0,0.0,0.0,250.203,1435.6127099036498,0.0,0.0,0.0,0.0,0.0,0.0,0.0
621,scenario_1,151.257,0.0,0.0,0.0,151.257,1174.9845849036499,0.0,0.0,0.0,0.0,0.0,0.0,0.0
622,scenario_1,91.455,0.0,0.0,0.0,91.455,1017.4252099036498,0.0,0.0,0.0,0.0,0.0,0.0,0.0
623,scenario_1,38.603,0.0,0.0,0.0,38.603,922.1595849036498,0.0,0.0,0.0,0.0,0.0,0.0,0.0
624,scenario_1,33.064,0.0,0.0,0.0,33.064,881.9481265703165,0.0,0.0,0.0,0.0,0.0,0.0,0.0
625,scenario_1,34.781,0.0,0.0,0.0,34.781,847.5064599036498,0.0,0.0,0.0,0.0,0.0,0.0,0.0
626,scenario_1,40.608,0.0,0.0,0.0,40.608,811.2762515703165,0.0,0.0,0.0,0.0,0.0,0.0,0.0
627,scenario_1,46.521,0.0,0.0,0.0,46.521,768.9762515703165,0.0,0.0,0.0,0.0,0.0,0.0,0.0
628,scenario_1,60.236,0.0,0.0,0.0,60.236,720.5168765703165,0.0,0.0,0.0,0.0,0.0,0.0,0.0
629,scenario_1,85.225,0.0,0.0,0.0,85.225,657.7710432369831,0.0,0.0,0.0,0.0,0.0,0.0,0.0
630,scenario_1,136.069,0.0,0.0,0.0,136.069,568.9950015703165,0.0,0.0,0.0,0.0,0.0,0.0,0.0
631,scenario_1,179.608,147.76143717082877,0.0,0.0,31.846562829171233,427.25645990364984,0.0,0.0,0.0,0.0,0.0,0.0,147.76143717082877
632,scenario_1,172.066,348.4215732369719,0.0,176.35557323697188,0.0,394.0829569565965,0.0,0.0,0.0,0.0,0.0,0.0,348.4215732369719
633,scenario_1,158.628,459.3202167631189,0.0,300.6922167631189,0.0,561.6207515317197,0.0,0.0,0.0,0.0,0.0,0.0,459.3202167631189
634,scenario_1,16.045,410.1279569565966,0.0,394.0829569565966,0.0,847.2783574566827,0.0,0.0,0.0,0.0,0.0,0.0,410.1279569565966
635,scenario_1,14.477,408.5599569565966,0.0,394.0829569565966,0.0,1221.6571665654494,0.0,0.0,0.0,0.0,0.0,0.0,408.5599569565966
636,scenario_1,16.718,16.718,0.0,0.0,0.0,1596.0359756742162,0.0,0.0,0.0,0.0,0.0,0.0,16.718
637,scenario_1,141.387,141.387,0.0,0.0,0.0,1596.0359756742162,0.0,0.0,0.0,0.0,0.0,0.0,141.387
638,scenario_1,119.413,513.4959569565966,0.0,394.0829569565966,0.0,1596.0359756742162,0.0,0.0,0.0,0.0,0.0,0.0,513.4959569565966
639,scenario_1,156.144,156.144,0.0,0.0,0.0,1970.414784782983,0.0,0.0,0.0,0.0,0.0,0.0,156.144
640,scenario_1,176.362,176.362,0.0,0.0,0.0,1970.414784782983,0.0,0.0,0.0,0.0,0.0,0.0,176.362
641,scenario_1,200.332,60.23196697108314,0.0,0.0,140.10003302891687,1970.414784782983,0.0,0.0,0.0,0.0,0.0,0.0,60.23196697108314
642,scenario_1,227.737,0.0,9.09215459258968,0.0,218.64484540741032,1824.477250377861,0.0,3.030718197529893,0.0,0.0,0.0,0.0,0.0
643,scenario_1,244.211,0.0,0.0,0.0,244.211,1596.7222030784753,0.0,0.0,0.0,0.0,0.0,0.0,0.0
644,scenario_1,218.055,0.0,0.0,0.0,218.055,1342.335744745142,0.0,0.0,0.0,0.0,0.0,0.0,0.0
645,scenario_1,136.218,0.0,0.0,0.0,136.218,1115.195119745142,0.0,0.0,0.0,0.0,0.0,0.0,0.0
646,scenario_1,71.715,0.0,0.0,0.0,71.715,973.3013697451419,0.0,0.0,0.0,0.0,0.0,0.0,0.0
647,scenario_1,48.533,0.0,0.0,0.0,48.533,898.5982447451419,0.0,0.0,0.0,0.0,0.0,0.0,0.0
648,scenario_1,35.209,0.0,0.0,0.0,35.209,848.0430364118085,0.0,0.0,0.0,0.0,0.0,0.0,0.0
649,scenario_1,40.446,0.0,0.0,0.0,40.446,811.3669947451418,0.0,0.0,0.0,0.0,0.0,0.0,0.0
650,scenario_1,40.013,0.0,0.0,0.0,40.013,769.2357447451418,0.0,0.0,0.0,0.0,0.0,0.0,0.0
651,scenario_1,4.954,0.0,0.0,0.0,4.954,727.5555364118085,0.0,0.0,0.0,0.0,0.0,0.0,0.0
652,scenario_1,67.614,0.0,0.0,0.0,67.614,722.3951197451418,0.0,0.0,0.0,0.0,0.0,0.0,0.0
653,scenario_1,74.371,0.0,0.0,0.0,74.371,651.9638697451418,0.0,0.0,0.0,0.0,0.0,0.0,0.0
654,scenario_1,123.097,0.0,0.0,0.0,123.097,574.4940780784751,0.0,0.0,0.0,0.0,0.0,0.0,0.0
655,scenario_1,180.348,130.2503237229965,0.0,0.0,50.0976762770035,446.26803641180845,0.0,0.0,0.0,0.0,0.0,0.0,130.2503237229965
656,scenario_1,188.531,188.531,0.0,0.0,0.0,394.0829569565965,0.0,0.0,0.0,0.0,0.0,0.0,188.531
657,scenario_1,151.192,462.96752831460907,0.0,311.77552831460906,0.0,394.0829569565965,0.0,0.0,0.0,0.0,0.0,0.0,462.96752831460907
658,scenario_1,144.297,538.3799569565966,0.0,394.0829569565966,0.0,690.2697088554751,0.0,0.0,0.0,0.0,0.0,0.0,538.3799569565966
659,scenario_1,11.934,406.01695695659663,0.0,394.0829569565966,0.0,1064.6485179642418,0.0,0.0,0.0,0.0,0.0,0.0,406.01695695659663
660,scenario_1,152.829,546.9119569565967,0.0,394.0829569565966,0.0,1439.0273270730086,0.0,0.0,0.0,0.0,0.0,0.0,546.9119569565967
661,scenario_1,139.246,139.246,0.0,0.0,0.0,1813.4061361817753,0.0,0.0,0.0,0.0,0.0,0.0,139.246
662,scenario_1,136.017,136.017,0.0,0.0,0.0,1813.4061361817753,0.0,0.0,0.0,0.0,0.0,0.0,136.017
663,scenario_1,144.715,144.715,0.0,0.0,0.0,1813.4061361817753,0.0,0.0,0.0,0.0,0.0,0.0,144.715
664,scenario_1,175.766,175.766,0.0,0.0,0.0,1813.4061361817753,0.0,0.0,0.0,0.0,0.0,0.0,175.766
665,scenario_1,221.809,48.192532787377324,0.0,0.0,173.61646721262267,1813.4061361817753,0.0,0.0,0.0,0.0,0.0,0.0,48.192532787377324
666,scenario_1,234.826,0.0,0.0,0.0,234.826,1632.55564950196,0.0,0.0,0.0,0.0,0.0,0.0,0.0
667,scenario_1,225.057,0.0,0.0,0.0,225.057,1387.9452328352934,0.0,0.0,0.0,0.0,0.0,0.0,0.0
668,scenario_1,183.879,0.0,0.0,0.0,183.879,1153.5108578352933,0.0,0.0,0.0,0.0,0.0,0.0,0.0
669,scenario_1,101.642,0.0,0.0,0.0,101.642,961.9702328352934,0.0,0.0,0.0,0.0,0.0,0.0,0.0
670,scenario_1,61.366,0.0,0.0,0.0,61.366,856.09314950196,0.0,0.0,0.0,0.0,0.0,0.0,0.0
671,scenario_1,26.911,0.0,0.0,0.0,26.911,792.1702328352934,0.0,0.0,0.0,0.0,0.0,0.0,0.0
672,scenario_1,34.442,0.0,0.0,0.0,34.442,764.1379411686268,0.0,0.0,0.0,0.0,0.0,0.0,0.0
673,scenario_1,41.612,0.0,0.0,0.0,41.612,728.2608578352935,0.0,0.0,0.0,0.0,0.0,0.0,0.0
674,scenario_1,45.234,0.0,0.0,0.0,45.234,684.9150245019601,0.0,0.0,0.0,0.0,0.0,0.0,0.0
675,scenario_1,41.694,0.0,0.0,0.0,41.694,637.7962745019602,0.0,0.0,0.0,0.0,0.0,0.0,0.0
676,scenario_1,56.275,0.0,0.0,0.0,56.275,594.3650245019602,0.0,0.0,0.0,0.0,0.0,0.0,0.0
677,scenario_1,66.225,0.0,0.0,0.0,66.225,535.7452328352936,0.0,0.0,0.0,0.0,0.0,0.0,0.0
678,scenario_1,11.473,0.0,0.0,0.0,11.473,466.76085783529356,0.0,0.0,0.0,0.0,0.0,0.0,0.0
679,scenario_1,194.794,136.49621515645083,0.0,0.0,58.29778484354918,454.80981616862687,0.0,0.0,0.0,0.0,0.0,0.0,136.49621515645083
680,scenario_1,240.143,240.143,0.0,0.0,0.0,394.0829569565965,0.0,0.0,0.0,0.0,0.0,0.0,240.143
681,scenario_1,253.367,253.367,0.0,0.0,0.0,394.0829569565965,0.0,0.0,0.0,0.0,0.0,0.0,253.367
682,scenario_1,122.904,516.9869569565966,0.0,394.0829569565966,0.0,394.0829569565965,0.0,0.0,0.0,0.0,0.0,0.0,516.9869569565966
683,scenario_1,102.548,496.6309569565966,0.0,394.0829569565966,0.0,768.4617660653632,0.0,0.0,0.0,0.0,0.0,0.0,496.6309569565966
684,scenario_1,85.715,479.79795695659664,0.0,394.0829569565966,0.0,1142.84057517413,0.0,0.0,0.0,0.0,0.0,0.0,479.79795695659664
685,scenario_1,88.115,88.115,0.0,0.0,0.0,1517.2193842828967,0.0,0.0,0.0,0.0,0.0,0.0,88.115
686,scenario_1,116.501,510.5839569565966,0.0,394.0829569565966,0.0,1517.2193842828967,0.0,0.0,0.0,0.0,0.0,0.0,510.5839569565966
687,scenario_1,120.409,203.37383304349413,0.0,82.96483304349414,0.0,1891.5981933916635,0.0,0.0,0.0,0.0,0.0,0.0,203.37383304349413
688,scenario_1,147.362,147.362,0.0,0.0,0.0,1970.414784782983,0.0,0.0,0.0,0.0,0.0,0.0,147.362
689,scenario_1,178.018,62.18054591411068,0.0,0.0,115.83745408588932,1970.414784782983,0.0,0.0,0.0,0.0,0.0,0.0,62.18054591411068
690,scenario_1,240.979,0.0,27.10266286749234,0.0,213.87633713250767,1849.7507701101815,0.0,9.034220955830781,0.0,0.0,0.0,0.0,0.0
691,scenario_1,254.277,0.0,0.0,0.0,254.277,1626.962918930486,0.0,0.0,0.0,0.0,0.0,0.0,0.0
692,scenario_1,218.747,0.0,0.0,0.0,218.747,1362.091043930486,0.0,0.0,0.0,0.0,0.0,0.0,0.0
693,scenario_1,144.002,0.0,0.0,0.0,144.002,1134.2295855971527,0.0,0.0,0.0,0.0,0.0,0.0,0.0
694,scenario_1,63.017,0.0,0.0,0.0,63.017,984.2275022638192,0.0,0.0,0.0,0.0,0.0,0.0,0.0
695,scenario_1,28.888,0.0,0.0,0.0,28.888,918.584793930486,0.0,0.0,0.0,0.0,0.0,0.0,0.0
696,scenario_1,35.699,0.0,0.0,0.0,35.699,888.4931272638192,0.0,0.0,0.0,0.0,0.0,0.0,0.0
697,scenario_1,39.023,0.0,0.0,0.0,39.023,851.3066689304859,0.0,0.0,0.0,0.0,0.0,0.0,0.0
698,scenario_1,42.619,0.0,0.0,0.0,42.619,810.6577105971526,0.0,0.0,0.0,0.0,0.0,0.0,0.0
699,scenario_1,50.459,0.0,0.0,0.0,50.459,766.2629189304859,0.0,0.0,0.0,0.0,0.0,0.0,0.0
700,scenario_1,58.683,0.0,0.0,0.0,58.683,713.7014605971525,0.0,0.0,0.0,0.0,0.0,0.0,0.0
701,scenario_1,80.626,0.0,0.0,0.0,80.626,652.5733355971525,0.0,0.0,0.0,0.0,0.0,0.0,0.0
702,scenario_1,116.394,0.0,0.0,0.0,116.394,568.5879189304859,0.0,0.0,0.0,0.0,0.0,0.0,0.0
703,scenario_1,202.424,151.29323650506615,0.0,0.0,51.13076349493386,447.3441689304859,0.0,0.0,0.0,0.0,0.0,0.0,151.29323650506615
704,scenario_1,265.586,265.586,0.0,0.0,0.0,394.0829569565965,0.0,0.0,0.0,0.0,0.0,0.0,265.586
705,scenario_1,214.891,214.891,0.0,0.0,0.0,394.0829569565965,0.0,0.0,0.0,0.0,0.0,0.0,214.891
706,scenario_1,122.667,516.7499569565966,0.0,394.0829569565966,0.0,394.0829569565965,0.0,0.0,0.0,0.0,0.0,0.0,516.7499569565966
707,scenario_1,9.943,404.0259569565966,0.0,394.0829569565966,0.0,768.4617660653632,0.0,0.0,0.0,0.0,0.0,0.0,404.0259569565966
708,scenario_1,93.032,477.3584483420135,0.0,384.3264483420135,0.0,1142.84057517413,0.0,0.0,0.0,0.0,0.0,0.0,477.3584483420135
709,scenario_1,129.938,129.938,0.0,0.0,0.0,1507.9507010990428,0.0,0.0,0.0,0.0,0.0,0.0,129.938
710,scenario_1,122.889,516.9719569565966,0.0,394.0829569565966,0.0,1507.9507010990428,0.0,0.0,0.0,0.0,0.0,0.0,516.9719569565966
711,scenario_1,12.184,12.184,0.0,0.0,0.0,1882.3295102078096,0.0,0.0,0.0,0.0,0.0,0.0,12.184
712,scenario_1,156.826,156.826,0.0,0.0,0.0,1882.3295102078096,0.0,0.0,0.0,0.0,0.0,0.0,156.826
713,scenario_1,21.348,21.348,0.0,0.0,0.0,1882.3295102078096,0.0,0.0,0.0,0.0,0.0,0.0,21.348
714,scenario_1,257.961,0.0,0.0,0.0,257.961,1882.3295102078096,0.0,0.0,0.0,0.0,0.0,0.0,0.0
715,scenario_1,269.021,0.0,0.0,0.0,269.021,1613.6201352078094,0.0,0.0,0.0,0.0,0.0,0.0,0.0
716,scenario_1,237.147,0.0,0.0,0.0,237.147,1333.389926874476,0.0,0.0,0.0,0.0,0.0,0.0,0.0
717,scenario_1,147.104,0.0,0.0,0.0,147.104,1086.361801874476,0.0,0.0,0.0,0.0,0.0,0.0,0.0
718,scenario_1,57.607,0.0,0.0,0.0,57.607,933.1284685411425,0.0,0.0,0.0,0.0,0.0,0.0,0.0
719,scenario_1,23.373,0.0,0.0,0.0,23.373,873.1211768744759,0.0,0.0,0.0,0.0,0.0,0.0,0.0
720,scenario_1,35.519,0.0,0.0,0.0,35.519,848.7743018744759,0.0,0.0,0.0,0.0,0.0,0.0,0.0
721,scenario_1,41.426,0.0,0.0,0.0,41.426,811.7753435411425,0.0,0.0,0.0,0.0,0.0,0.0,0.0
722,scenario_1,46.629,0.0,0.0,0.0,46.629,768.6232602078092,0.0,0.0,0.0,0.0,0.0,0.0,0.0
723,scenario_1,68.233,0.0,0.0,0.0,68.233,720.0513852078092,0.0,0.0,0.0,0.0,0.0,0.0,0.0
724,scenario_1,62.467,0.0,0.0,0.0,62.467,648.9753435411425,0.0,0.0,0.0,0.0,0.0,0.0,0.0
725,scenario_1,73.857,0.0,0.0,0.0,73.857,583.9055518744758,0.0,0.0,0.0,0.0,0.0,0.0,0.0
726,scenario_1,15.77,0.0,0.0,0.0,15.77,506.9711768744758,0.0,0.0,0.0,0.0,0.0,0.0,0.0
727,scenario_1,241.495,148.89230887883582,0.0,0.0,92.60269112116418,490.5440935411425,0.0,0.0,0.0,0.0,0.0,0.0,148.89230887883582
728,scenario_1,296.752,296.752,0.0,0.0,0.0,394.0829569565965,0.0,0.0,0.0,0.0,0.0,0.0,296.752
729,scenario_1,247.568,247.568,0.0,0.0,0.0,394.0829569565965,0.0,0.0,0.0,0.0,0.0,0.0,247.568
730,scenario_1,129.398,523.4809569565966,0.0,394.0829569565966,0.0,394.0829569565965,0.0,0.0,0.0,0.0,0.0,0.0,523.4809569565966
731,scenario_1,104.208,498.2909569565966,0.0,394.0829569565966,0.0,768.4617660653632,0.0,0.0,0.0,0.0,0.0,0.0,498.2909569565966
732,scenario_1,99.978,494.0609569565966,0.0,394.0829569565966,0.0,1142.84057517413,0.0,0.0,0.0,0.0,0.0,0.0,494.0609569565966
733,scenario_1,104.626,104.626,0.0,0.0,0.0,1517.2193842828967,0.0,0.0,0.0,0.0,0.0,0.0,104.626
734,scenario_1,12.574,406.6569569565966,0.0,394.0829569565966,0.0,1517.2193842828967,0.0,0.0,0.0,0.0,0.0,0.0,406.6569569565966
735,scenario_1,123.331,123.331,0.0,0.0,0.0,1891.5981933916635,0.0,0.0,0.0,0.0,0.0,0.0,123.331
736,scenario_1,15.099,98.06383304349414,0.0,82.96483304349414,0.0,1891.5981933916635,0.0,0.0,0.0,0.0,0.0,0.0,98.06383304349414
737,scenario_1,199.774,58.17899987039342,0.0,0.0,141.59500012960658,1970.414784782983,0.0,0.0,0.0,0.0,0.0,0.0,58.17899987039342
738,scenario_1,274.014,0.0,46.94120900807968,0.0,227.07279099192033,1822.9199929813094,0.0,15.647069669359894,0.0,0.0,0.0,0.0,0.0
739,scenario_1,294.909,0.0,61.3917014289115,0.0,233.51729857108847,1586.385835698059,0.0,20.463900476303834,0.0,0.0,0.0,0.0,0.0
740,scenario_1,245.175,0.0,0.0,0.0,245.175,1343.1386496865086,0.0,0.0,0.0,0.0,0.0,0.0,0.0
741,scenario_1,162.114,0.0,0.0,0.0,162.114,1087.7480246865086,0.0,0.0,0.0,0.0,0.0,0.0,0.0
742,scenario_1,71.919,0.0,0.0,0.0,71.919,918.8792746865087,0.0,0.0,0.0,0.0,0.0,0.0,0.0
743,scenario_1,41.015,0.0,0.0,0.0,41.015,843.9636496865087,0.0,0.0,0.0,0.0,0.0,0.0,0.0
744,scenario_1,36.862,0.0,0.0,0.0,36.862,801.2396913531753,0.0,0.0,0.0,0.0,0.0,0.0,0.0
745,scenario_1,41.621,0.0,0.0,0.0,41.621,762.8417746865086,0.0,0.0,0.0,0.0,0.0,0.0,0.0
746,scenario_1,39.093,0.0,0.0,0.0,39.093,719.4865663531752,0.0,0.0,0.0,0.0,0.0,0.0,0.0
747,scenario_1,43.294,0.0,0.0,0.0,43.294,678.7646913531753,0.0,0.0,0.0,0.0,0.0,0.0,0.0
748,scenario_1,4.794,0.0,0.0,0.0,4.794,633.6667746865086,0.0,0.0,0.0,0.0,0.0,0.0,0.0
749,scenario_1,68.206,0.0,0.0,0.0,68.206,628.6730246865086,0.0,0.0,0.0,0.0,0.0,0.0,0.0
750,scenario_1,147.281,0.0,61.3917014289115,0.0,85.8892985710885,557.625108019842,0.0,20.463900476303834,0.0,0.0,0.0,0.0,0.0
751,scenario_1,219.786,148.6748335503729,0.0,0.0,71.11116644962709,468.15708867495806,0.0,0.0,0.0,0.0,0.0,0.0,148.6748335503729
752,scenario_1,261.118,261.118,0.0,0.0,0.0,394.0829569565965,0.0,0.0,0.0,0.0,0.0,0.0,261.118
753,scenario_1,208.081,208.081,0.0,0.0,0.0,394.0829569565965,0.0,0.0,0.0,0.0,0.0,0.0,208.081
754,scenario_1,129.655,523.7379569565966,0.0,394.0829569565966,0.0,394.0829569565965,0.0,0.0,0.0,0.0,0.0,0.0,523.7379569565966
755,scenario_1,109.169,503.2519569565966,0.0,394.0829569565966,0.0,768.4617660653632,0.0,0.0,0.0,0.0,0.0,0.0,503.2519569565966
756,scenario_1,103.246,497.3289569565966,0.0,394.0829569565966,0.0,1142.84057517413,0.0,0.0,0.0,0.0,0.0,0.0,497.3289569565966
757,scenario_1,107.501,107.501,0.0,0.0,0.0,1517.2193842828967,0.0,0.0,0.0,0.0,0.0,0.0,107.501
758,scenario_1,10.305,404.3879569565966,0.0,394.0829569565966,0.0,1517.2193842828967,0.0,0.0,0.0,0.0,0.0,0.0,404.3879569565966
759,scenario_1,135.461,218.42583304349415,0.0,82.96483304349414,0.0,1891.5981933916635,0.0,0.0,0.0,0.0,0.0,0.0,218.42583304349415
760,scenario_1,157.056,157.056,0.0,0.0,0.0,1970.414784782983,0.0,0.0,0.0,0.0,0.0,0.0,157.056
761,scenario_1,202.113,63.45930084547249,0.0,0.0,138.65369915452752,1970.414784782983,0.0,0.0,0.0,0.0,0.0,0.0,63.45930084547249
762,scenario_1,250.092,0.0,61.3917014289115,0.0,188.70029857108852,1825.9838481636834,0.0,20.463900476303834,0.0,0.0,0.0,0.0,0.0
763,scenario_1,264.093,0.0,0.0,0.0,264.093,1629.4210371521328,0.0,0.0,0.0,0.0,0.0,0.0,0.0
764,scenario_1,233.282,0.0,0.0,0.0,233.282,1354.3241621521329,0.0,0.0,0.0,0.0,0.0,0.0,0.0
765,scenario_1,148.996,0.0,0.0,0.0,148.996,1111.3220788187996,0.0,0.0,0.0,0.0,0.0,0.0,0.0
766,scenario_1,69.943,0.0,0.0,0.0,69.943,956.1179121521329,0.0,0.0,0.0,0.0,0.0,0.0,0.0
767,scenario_1,43.701,0.0,0.0,0.0,43.701,883.2606204854662,0.0,0.0,0.0,0.0,0.0,0.0,0.0
768,scenario_1,20.966,0.0,0.0,0.0,20.966,837.7387454854662,0.0,0.0,0.0,0.0,0.0,0.0,0.0
769,scenario_1,40.947,0.0,0.0,0.0,40.947,815.8991621521329,0.0,0.0,0.0,0.0,0.0,0.0,0.0
770,scenario_1,48.838,0.0,0.0,0.0,48.838,773.2460371521329,0.0,0.0,0.0,0.0,0.0,0.0,0.0
771,scenario_1,57.035,0.0,0.0,0.0,57.035,722.3731204854662,0.0,0.0,0.0,0.0,0.0,0.0,0.0
772,scenario_1,64.231,0.0,0.0,0.0,64.231,662.9616621521328,0.0,0.0,0.0,0.0,0.0,0.0,0.0
773,scenario_1,8.044,0.0,0.0,0.0,8.044,596.0543704854662,0.0,0.0,0.0,0.0,0.0,0.0,0.0
774,scenario_1,122.721,0.0,9.491435084963598,0.0,113.2295649150364,587.6752038187994,0.0,3.163811694987866,0.0,0.0,0.0,0.0,0.0
775,scenario_1,205.653,133.03400792732157,0.0,0.0,72.61899207267842,469.7277403656365,0.0,0.0,0.0,0.0,0.0,0.0,133.03400792732157
776,scenario_1,242.152,321.4198364550189,0.0,79.26783645501894,0.0,394.0829569565965,0.0,0.0,0.0,0.0,0.0,0.0,321.4198364550189
777,scenario_1,219.084,335.34910663324376,0.0,116.26510663324373,0.0,469.38740158886446,0.0,0.0,0.0,0.0,0.0,0.0,335.34910663324376
778,scenario_1,148.647,542.7299569565967,0.0,394.0829569565966,0.0,579.839252890446,0.0,0.0,0.0,0.0,0.0,0.0,542.7299569565967
779,scenario_1,99.422,0.0,0.0,0.0,99.422,954.2180619992128,0.0,0.0,0.0,0.0,0.0,0.0,0.0
780,scenario_1,13.217,407.2999569565966,0.0,394.0829569565966,0.0,850.6534786658794,0.0,0.0,0.0,0.0,0.0,0.0,407.2999569565966
781,scenario_1,124.965,519.0479569565966,0.0,394.0829569565966,0.0,1225.0322877746462,0.0,0.0,0.0,0.0,0.0,0.0,519.0479569565966
782,scenario_1,98.426,98.426,0.0,0.0,0.0,1599.411096883413,0.0,0.0,0.0,0.0,0.0,0.0,98.426
783,scenario_1,112.783,112.783,0.0,0.0,0.0,1599.411096883413,0.0,0.0,0.0,0.0,0.0,0.0,112.783
784,scenario_1,14.701,246.7388086608611,0.0,232.03780866086112,0.0,1599.411096883413,0.0,0.0,0.0,0.0,0.0,0.0,246.7388086608611
785,scenario_1,170.397,62.12835183527958,0.0,0.0,108.26864816472042,1819.847015111231,0.0,0.0,0.0,0.0,0.0,0.0,62.12835183527958
786,scenario_1,23.836,0.0,0.0,0.0,23.836,1707.0671732729807,0.0,0.0,0.0,0.0,0.0,0.0,0.0
787,scenario_1,259.577,0.0,0.0,0.0,259.577,1682.238006606314,0.0,0.0,0.0,0.0,0.0,0.0,0.0
788,scenario_1,227.044,0.0,0.0,0.0,227.044,1411.8452982729807,0.0,0.0,0.0,0.0,0.0,0.0,0.0
789,scenario_1,155.223,0.0,0.0,0.0,155.223,1175.341131606314,0.0,0.0,0.0,0.0,0.0,0.0,0.0
790,scenario_1,61.898,0.0,0.0,0.0,61.898,1013.6505066063141,0.0,0.0,0.0,0.0,0.0,0.0,0.0
791,scenario_1,41.279,0.0,0.0,0.0,41.279,949.1734232729808,0.0,0.0,0.0,0.0,0.0,0.0,0.0
792,scenario_1,20.457,0.0,0.0,0.0,20.457,906.1744649396475,0.0,0.0,0.0,0.0,0.0,0.0,0.0
793,scenario_1,23.804,0.0,0.0,0.0,23.804,884.8650899396474,0.0,0.0,0.0,0.0,0.0,0.0,0.0
794,scenario_1,40.804,0.0,0.0,0.0,40.804,860.0692566063141,0.0,0.0,0.0,0.0,0.0,0.0,0.0
795,scenario_1,49.082,0.0,0.0,0.0,49.082,817.5650899396474,0.0,0.0,0.0,0.0,0.0,0.0,0.0
796,scenario_1,59.631,0.0,0.0,0.0,59.631,766.438006606314,0.0,0.0,0.0,0.0,0.0,0.0,0.0
797,scenario_1,84.909,0.0,0.0,0.0,84.909,704.322381606314,0.0,0.0,0.0,0.0,0.0,0.0,0.0
798,scenario_1,134.667,0.0,0.0,0.0,134.667,615.875506606314,0.0,0.0,0.0,0.0,0.0,0.0,0.0
799,scenario_1,170.482,130.89405069524668,0.0,0.0,39.58794930475332,475.59738160631406,0.0,0.0,0.0,0.0,0.0,0.0,130.89405069524668
800,scenario_1,184.561,184.561,0.0,0.0,0.0,434.3599344138627,0.0,0.0,0.0,0.0,0.0,0.0,184.561
801,scenario_1,167.984,167.984,0.0,0.0,0.0,434.3599344138627,0.0,0.0,0.0,0.0,0.0,0.0,167.984
802,scenario_1,144.475,538.5579569565966,0.0,394.0829569565966,0.0,434.3599344138627,0.0,0.0,0.0,0.0,0.0,0.0,538.5579569565966
803,scenario_1,114.333,508.4159569565966,0.0,394.0829569565966,0.0,808.7387435226294,0.0,0.0,0.0,0.0,0.0,0.0,508.4159569565966
804,scenario_1,132.247,132.247,0.0,0.0,0.0,1183.1175526313962,0.0,0.0,0.0,0.0,0.0,0.0,132.247
805,scenario_1,13.765,407.8479569565966,0.0,394.0829569565966,0.0,1183.1175526313962,0.0,0.0,0.0,0.0,0.0,0.0,407.8479569565966
806,scenario_1,14.922,409.00495695659663,0.0,394.0829569565966,0.0,1557.496361740163,0.0,0.0,0.0,0.0,0.0,0.0,409.00495695659663
807,scenario_1,161.008,161.008,0.0,0.0,0.0,1931.8751708489297,0.0,0.0,0.0,0.0,0.0,0.0,161.008
808,scenario_1,158.644,158.644,0.0,0.0,0.0,1931.8751708489297,0.0,0.0,0.0,0.0,0.0,0.0,158.644
809,scenario_1,20.125,60.69301466742448,0.0,40.56801466742448,0.0,1931.8751708489297,0.0,0.0,0.0,0.0,0.0,0.0,60.69301466742448
810,scenario_1,263.941,0.0,0.0,0.0,263.941,1970.414784782983,0.0,0.0,0.0,0.0,0.0,0.0,0.0
811,scenario_1,247.537,0.0,0.0,0.0,247.537,1695.4762431163163,0.0,0.0,0.0,0.0,0.0,0.0,0.0
812,scenario_1,191.208,0.0,0.0,0.0,191.208,1437.6252014496495,0.0,0.0,0.0,0.0,0.0,0.0,0.0
813,scenario_1,134.169,0.0,0.0,0.0,134.169,1238.4502014496495,0.0,0.0,0.0,0.0,0.0,0.0,0.0
814,scenario_1,69.889,0.0,0.0,0.0,69.889,1098.6908264496494,0.0,0.0,0.0,0.0,0.0,0.0,0.0
815,scenario_1,46.627,0.0,0.0,0.0,46.627,1025.8897847829828,0.0,0.0,0.0,0.0,0.0,0.0,0.0
816,scenario_1,37.347,0.0,0.0,0.0,37.347,977.3199931163161,0.0,0.0,0.0,0.0,0.0,0.0,0.0
817,scenario_1,48.383,0.0,0.0,0.0,48.383,938.4168681163161,0.0,0.0,0.0,0.0,0.0,0.0,0.0
818,scenario_1,49.727,0.0,0.0,0.0,49.727,888.0179097829828,0.0,0.0,0.0,0.0,0.0,0.0,0.0
819,scenario_1,53.841,0.0,0.0,0.0,53.841,836.2189514496495,0.0,0.0,0.0,0.0,0.0,0.0,0.0
820,scenario_1,61.983,0.0,0.0,0.0,61.983,780.1345764496494,0.0,0.0,0.0,0.0,0.0,0.0,0.0
821,scenario_1,86.547,0.0,0.0,0.0,86.547,715.5689514496495,0.0,0.0,0.0,0.0,0.0,0.0,0.0
822,scenario_1,151.829,0.0,0.0,0.0,151.829,625.4158264496494,0.0,0.0,0.0,0.0,0.0,0.0,0.0
823,scenario_1,187.815,132.85132865141273,0.0,0.0,54.96367134858727,467.2606181163161,0.0,0.0,0.0,0.0,0.0,0.0,132.85132865141273
824,scenario_1,215.027,215.027,0.0,0.0,0.0,410.00679379487104,0.0,0.0,0.0,0.0,0.0,0.0,215.027
825,scenario_1,173.761,173.761,0.0,0.0,0.0,410.00679379487104,0.0,0.0,0.0,0.0,0.0,0.0,173.761
826,scenario_1,168.156,562.2389569565967,0.0,394.0829569565966,0.0,410.00679379487104,0.0,0.0,0.0,0.0,0.0,0.0,562.2389569565967
827,scenario_1,130.113,524.1959569565965,0.0,394.0829569565966,0.0,784.3856029036378,0.0,0.0,0.0,0.0,0.0,0.0,524.1959569565965
828,scenario_1,137.738,531.8209569565965,0.0,394.0829569565966,0.0,1158.7644120124046,0.0,0.0,0.0,0.0,0.0,0.0,531.8209569565965
829,scenario_1,126.955,126.955,0.0,0.0,0.0,1533.1432211211713,0.0,0.0,0.0,0.0,0.0,0.0,126.955
830,scenario_1,124.283,449.8371217314345,0.0,325.55412173143446,0.0,1533.1432211211713,0.0,0.0,0.0,0.0,0.0,0.0,449.8371217314345
831,scenario_1,160.428,160.428,0.0,0.0,0.0,1842.419636766034,0.0,0.0,0.0,0.0,0.0,0.0,160.428
832,scenario_1,169.573,169.573,0.0,0.0,0.0,1842.419636766034,0.0,0.0,0.0,0.0,0.0,0.0,169.573
833,scenario_1,230.962,63.72027123962796,0.0,0.0,167.24172876037204,1842.419636766034,0.0,0.0,0.0,0.0,0.0,0.0,63.72027123962796
834,scenario_1,249.777,0.0,0.0,0.0,249.777,1668.2095026406464,0.0,0.0,0.0,0.0,0.0,0.0,0.0
835,scenario_1,24.499,0.0,0.0,0.0,24.499,1408.0251276406464,0.0,0.0,0.0,0.0,0.0,0.0,0.0
836,scenario_1,200.926,0.0,0.0,0.0,200.926,1382.5053359739798,0.0,0.0,0.0,0.0,0.0,0.0,0.0
837,scenario_1,133.734,0.0,0.0,0.0,133.734,1173.207419307313,0.0,0.0,0.0,0.0,0.0,0.0,0.0
838,scenario_1,80.617,0.0,0.0,0.0,80.617,1033.901169307313,0.0,0.0,0.0,0.0,0.0,0.0,0.0
839,scenario_1,4.378,0.0,0.0,0.0,4.378,949.9251276406462,0.0,0.0,0.0,0.0,0.0,0.0,0.0
840,scenario_1,37.491,0.0,0.0,0.0,37.491,945.3647109739795,0.0,0.0,0.0,0.0,0.0,0.0,0.0
841,scenario_1,51.527,0.0,0.0,0.0,51.527,906.3115859739795,0.0,0.0,0.0,0.0,0.0,0.0,0.0
842,scenario_1,55.326,0.0,0.0,0.0,55.326,852.6376276406462,0.0,0.0,0.0,0.0,0.0,0.0,0.0
843,scenario_1,48.071,0.0,0.0,0.0,48.071,795.0063776406462,0.0,0.0,0.0,0.0,0.0,0.0,0.0
844,scenario_1,49.776,0.0,0.0,0.0,49.776,744.9324193073129,0.0,0.0,0.0,0.0,0.0,0.0,0.0
845,scenario_1,71.977,0.0,0.0,0.0,71.977,693.0824193073129,0.0,0.0,0.0,0.0,0.0,0.0,0.0
846,scenario_1,134.198,0.0,0.0,0.0,134.198,618.1063776406462,0.0,0.0,0.0,0.0,0.0,0.0,0.0
847,scenario_1,217.352,136.48751614331235,0.0,0.0,80.86448385668766,478.3167943073128,0.0,0.0,0.0,0.0,0.0,0.0,136.48751614331235
848,scenario_1,238.656,238.656,0.0,0.0,0.0,394.0829569565965,0.0,0.0,0.0,0.0,0.0,0.0,238.656
849,scenario_1,251.819,499.7583048077306,0.0,247.93930480773062,0.0,394.0829569565965,0.0,0.0,0.0,0.0,0.0,0.0,499.7583048077306
850,scenario_1,150.033,544.1159569565966,0.0,394.0829569565966,0.0,629.6252965239405,0.0,0.0,0.0,0.0,0.0,0.0,544.1159569565966
851,scenario_1,119.267,513.3499569565965,0.0,394.0829569565966,0.0,1004.0041056327073,0.0,0.0,0.0,0.0,0.0,0.0,513.3499569565965
852,scenario_1,106.886,106.886,0.0,0.0,0.0,1378.382914741474,0.0,0.0,0.0,0.0,0.0,0.0,106.886
853,scenario_1,100.121,494.2039569565966,0.0,394.0829569565966,0.0,1378.382914741474,0.0,0.0,0.0,0.0,0.0,0.0,494.2039569565966
854,scenario_1,126.024,126.024,0.0,0.0,0.0,1752.7617238502407,0.0,0.0,0.0,0.0,0.0,0.0,126.024
855,scenario_1,118.419,118.419,0.0,0.0,0.0,1752.7617238502407,0.0,0.0,0.0,0.0,0.0,0.0,118.419
856,scenario_1,150.104,150.104,0.0,0.0,0.0,1752.7617238502407,0.0,0.0,0.0,0.0,0.0,0.0,150.104
857,scenario_1,200.729,65.13821038120604,0.0,0.0,135.59078961879396,1752.7617238502407,0.0,0.0,0.0,0.0,0.0,0.0,65.13821038120604
858,scenario_1,234.113,0.0,0.0,0.0,234.113,1611.5213179973302,0.0,0.0,0.0,0.0,0.0,0.0,0.0
859,scenario_1,27.437,0.0,0.0,0.0,27.437,1367.6536096639968,0.0,0.0,0.0,0.0,0.0,0.0,0.0
860,scenario_1,244.959,0.0,0.0,0.0,244.959,1339.0734013306635,0.0,0.0,0.0,0.0,0.0,0.0,0.0
861,scenario_1,144.754,0.0,0.0,0.0,144.754,1083.9077763306634,0.0,0.0,0.0,0.0,0.0,0.0,0.0
862,scenario_1,71.406,0.0,0.0,0.0,71.406,933.1223596639968,0.0,0.0,0.0,0.0,0.0,0.0,0.0
863,scenario_1,31.532,0.0,0.0,0.0,31.532,858.7411096639968,0.0,0.0,0.0,0.0,0.0,0.0,0.0
864,scenario_1,15.507,0.0,0.0,0.0,15.507,825.8952763306635,0.0,0.0,0.0,0.0,0.0,0.0,0.0
865,scenario_1,25.633,0.0,0.0,0.0,25.633,809.7421513306634,0.0,0.0,0.0,0.0,0.0,0.0,0.0
866,scenario_1,25.881,0.0,0.0,0.0,25.881,783.0411096639967,0.0,0.0,0.0,0.0,0.0,0.0,0.0
867,scenario_1,45.039,0.0,0.0,0.0,45.039,756.0817346639967,0.0,0.0,0.0,0.0,0.0,0.0,0.0
868,scenario_1,60.572,0.0,0.0,0.0,60.572,709.1661096639967,0.0,0.0,0.0,0.0,0.0,0.0,0.0
869,scenario_1,74.701,0.0,0.0,0.0,74.701,646.0702763306634,0.0,0.0,0.0,0.0,0.0,0.0,0.0
870,scenario_1,137.028,0.0,0.0,0.0,137.028,568.2567346639968,0.0,0.0,0.0,0.0,0.0,0.0,0.0
871,scenario_1,21.587,21.587,0.0,0.0,0.0,425.51923466399677,0.0,0.0,0.0,0.0,0.0,0.0,21.587
872,scenario_1,272.522,272.522,0.0,0.0,0.0,425.51923466399677,0.0,0.0,0.0,0.0,0.0,0.0,272.522
873,scenario_1,225.698,474.69994383296455,0.0,249.00194383296457,0.0,425.51923466399677,0.0,0.0,0.0,0.0,0.0,0.0,474.69994383296455
874,scenario_1,12.818,406.9009569565966,0.0,394.0829569565966,0.0,662.0710813053131,0.0,0.0,0.0,0.0,0.0,0.0,406.9009569565966
875,scenario_1,113.012,507.0949569565966,0.0,394.0829569565966,0.0,1036.4498904140798,0.0,0.0,0.0,0.0,0.0,0.0,507.0949569565966
876,scenario_1,92.243,92.243,0.0,0.0,0.0,1410.8286995228466,0.0,0.0,0.0,0.0,0.0,0.0,92.243
877,scenario_1,106.216,500.2989569565966,0.0,394.0829569565966,0.0,1410.8286995228466,0.0,0.0,0.0,0.0,0.0,0.0,500.2989569565966
878,scenario_1,10.772,10.772,0.0,0.0,0.0,1785.2075086316133,0.0,0.0,0.0,0.0,0.0,0.0,10.772
879,scenario_1,128.259,128.259,0.0,0.0,0.0,1785.2075086316133,0.0,0.0,0.0,0.0,0.0,0.0,128.259
880,scenario_1,168.299,168.299,0.0,0.0,0.0,1785.2075086316133,0.0,0.0,0.0,0.0,0.0,0.0,168.299
881,scenario_1,204.149,64.26830906735447,0.0,0.0,139.88069093264554,1785.2075086316133,0.0,0.0,0.0,0.0,0.0,0.0,64.26830906735447
882,scenario_1,265.002,0.0,0.0,0.0,265.002,1639.4984555767742,0.0,0.0,0.0,0.0,0.0,0.0,0.0
883,scenario_1,277.006,0.0,0.0,0.0,277.006,1363.4547055767741,0.0,0.0,0.0,0.0,0.0,0.0,0.0
884,scenario_1,22.775,0.0,0.0,0.0,22.775,1074.9067889101075,0.0,0.0,0.0,0.0,0.0,0.0,0.0
885,scenario_1,12.805,0.0,0.0,0.0,12.805,1051.1828305767742,0.0,0.0,0.0,0.0,0.0,0.0,0.0
886,scenario_1,58.755,0.0,0.0,0.0,58.755,1037.8442889101075,0.0,0.0,0.0,0.0,0.0,0.0,0.0
887,scenario_1,29.687,0.0,0.0,0.0,29.687,976.6411639101074,0.0,0.0,0.0,0.0,0.0,0.0,0.0
888,scenario_1,20.363,0.0,0.0,0.0,20.363,945.7172055767741,0.0,0.0,0.0,0.0,0.0,0.0,0.0
889,scenario_1,24.464,0.0,0.0,0.0,24.464,924.5057472434407,0.0,0.0,0.0,0.0,0.0,0.0,0.0
890,scenario_1,30.377,0.0,0.0,0.0,30.377,899.0224139101074,0.0,0.0,0.0,0.0,0.0,0.0,0.0
891,scenario_1,39.363,0.0,0.0,0.0,39.363,867.3797055767741,0.0,0.0,0.0,0.0,0.0,0.0,0.0
892,scenario_1,53.068,0.0,0.0,0.0,53.068,826.3765805767741,0.0,0.0,0.0,0.0,0.0,0.0,0.0
893,scenario_1,75.938,0.0,0.0,0.0,75.938,771.0974139101074,0.0,0.0,0.0,0.0,0.0,0.0,0.0
894,scenario_1,120.756,0.0,0.0,0.0,120.756,691.9953305767741,0.0,0.0,0.0,0.0,0.0,0.0,0.0
895,scenario_1,216.077,126.50104906029622,0.0,0.0,89.57595093970377,566.2078305767741,0.0,0.0,0.0,0.0,0.0,0.0,126.50104906029622
896,scenario_1,256.948,256.948,0.0,0.0,0.0,472.8995483479159,0.0,0.0,0.0,0.0,0.0,0.0,256.948
897,scenario_1,222.215,222.215,0.0,0.0,0.0,472.8995483479159,0.0,0.0,0.0,0.0,0.0,0.0,222.215
898,scenario_1,143.876,537.9589569565966,0.0,394.0829569565966,0.0,472.8995483479159,0.0,0.0,0.0,0.0,0.0,0.0,537.9589569565966
899,scenario_1,116.801,510.8839569565966,0.0,394.0829569565966,0.0,847.2783574566827,0.0,0.0,0.0,0.0,0.0,0.0,510.8839569565966
900,scenario_1,145.014,539.0969569565966,0.0,394.0829569565966,0.0,1221.6571665654494,0.0,0.0,0.0,0.0,0.0,0.0,539.0969569565966
901,scenario_1,105.778,105.778,0.0,0.0,0.0,1596.0359756742162,0.0,0.0,0.0,0.0,0.0,0.0,105.778
902,scenario_1,102.982,497.0649569565966,0.0,394.0829569565966,0.0,1596.0359756742162,0.0,0.0,0.0,0.0,0.0,0.0,497.0649569565966
903,scenario_1,127.242,127.242,0.0,0.0,0.0,1970.414784782983,0.0,0.0,0.0,0.0,0.0,0.0,127.242
904,scenario_1,146.049,146.049,0.0,0.0,0.0,1970.414784782983,0.0,0.0,0.0,0.0,0.0,0.0,146.049
905,scenario_1,197.096,65.52096695930072,0.0,0.0,131.57503304069928,1970.414784782983,0.0,0.0,0.0,0.0,0.0,0.0,65.52096695930072
906,scenario_1,252.267,0.0,61.3917014289115,0.0,190.87529857108848,1833.3574586989212,0.0,20.463900476303834,0.0,0.0,0.0,0.0,0.0
907,scenario_1,251.202,0.0,0.0,0.0,251.202,1634.5290226873706,0.0,0.0,0.0,0.0,0.0,0.0,0.0
908,scenario_1,256.408,0.0,0.0,0.0,256.408,1372.8602726873705,0.0,0.0,0.0,0.0,0.0,0.0,0.0
909,scenario_1,174.025,0.0,0.0,0.0,174.025,1105.7686060207038,0.0,0.0,0.0,0.0,0.0,0.0,0.0
910,scenario_1,78.505,0.0,0.0,0.0,78.505,924.4925643540371,0.0,0.0,0.0,0.0,0.0,0.0,0.0
911,scenario_1,4.246,0.0,0.0,0.0,4.246,842.7165226873705,0.0,0.0,0.0,0.0,0.0,0.0,0.0
912,scenario_1,36.445,0.0,0.0,0.0,36.445,838.2936060207038,0.0,0.0,0.0,0.0,0.0,0.0,0.0
913,scenario_1,40.016,0.0,0.0,0.0,40.016,800.3300643540372,0.0,0.0,0.0,0.0,0.0,0.0,0.0
914,scenario_1,41.964,0.0,0.0,0.0,41.964,758.6467310207038,0.0,0.0,0.0,0.0,0.0,0.0,0.0
915,scenario_1,47.153,0.0,0.0,0.0,47.153,714.9342310207038,0.0,0.0,0.0,0.0,0.0,0.0,0.0
916,scenario_1,50.577,0.0,0.0,0.0,50.577,665.8165226873705,0.0,0.0,0.0,0.0,0.0,0.0,0.0
917,scenario_1,81.999,0.0,0.0,0.0,81.999,613.1321476873704,0.0,0.0,0.0,0.0,0.0,0.0,0.0
918,scenario_1,114.353,0.0,46.46009133017705,0.0,67.89290866982294,527.7165226873705,0.0,15.486697110059017,0.0,0.0,0.0,0.0,0.0
919,scenario_1,189.219,128.82368556827993,0.0,0.0,60.39531443172007,456.99474282297155,0.0,0.0,0.0,0.0,0.0,0.0,128.82368556827993
920,scenario_1,246.097,246.097,0.0,0.0,0.0,394.0829569565965,0.0,0.0,0.0,0.0,0.0,0.0,246.097
921,scenario_1,206.578,206.578,0.0,0.0,0.0,394.0829569565965,0.0,0.0,0.0,0.0,0.0,0.0,206.578
922,scenario_1,143.679,537.7619569565966,0.0,394.0829569565966,0.0,394.0829569565965,0.0,0.0,0.0,0.0,0.0,0.0,537.7619569565966
923,scenario_1,106.556,500.6389569565966,0.0,394.0829569565966,0.0,768.4617660653632,0.0,0.0,0.0,0.0,0.0,0.0,500.6389569565966
924,scenario_1,104.876,498.9589569565966,0.0,394.0829569565966,0.0,1142.84057517413,0.0,0.0,0.0,0.0,0.0,0.0,498.9589569565966
925,scenario_1,133.933,133.933,0.0,0.0,0.0,1517.2193842828967,0.0,0.0,0.0,0.0,0.0,0.0,133.933
926,scenario_1,10.345,278.68170642992567,0.0,268.33670642992564,0.0,1517.2193842828967,0.0,0.0,0.0,0.0,0.0,0.0,278.68170642992567
927,scenario_1,127.887,127.887,0.0,0.0,0.0,1772.139255391326,0.0,0.0,0.0,0.0,0.0,0.0,127.887
928,scenario_1,183.429,183.429,0.0,0.0,0.0,1772.139255391326,0.0,0.0,0.0,0.0,0.0,0.0,183.429
929,scenario_1,187.233,65.47747189360815,0.0,0.0,121.75552810639185,1772.139255391326,0.0,0.0,0.0,0.0,0.0,0.0,65.47747189360815
930,scenario_1,22.5,0.0,0.0,0.0,22.5,1645.3105802805012,0.0,0.0,0.0,0.0,0.0,0.0,0.0
931,scenario_1,251.944,0.0,0.0,0.0,251.944,1621.8730802805012,0.0,0.0,0.0,0.0,0.0,0.0,0.0
932,scenario_1,232.931,0.0,0.0,0.0,232.931,1359.4314136138346,0.0,0.0,0.0,0.0,0.0,0.0,0.0
933,scenario_1,183.946,0.0,0.0,0.0,183.946,1116.7949552805012,0.0,0.0,0.0,0.0,0.0,0.0,0.0
934,scenario_1,80.938,0.0,0.0,0.0,80.938,925.1845386138345,0.0,0.0,0.0,0.0,0.0,0.0,0.0
935,scenario_1,35.818,0.0,0.0,0.0,35.818,840.8741219471679,0.0,0.0,0.0,0.0,0.0,0.0,0.0
936,scenario_1,21.456,0.0,0.0,0.0,21.456,803.5637052805012,0.0,0.0,0.0,0.0,0.0,0.0,0.0
937,scenario_1,27.726,0.0,0.0,0.0,27.726,781.2137052805011,0.0,0.0,0.0,0.0,0.0,0.0,0.0
938,scenario_1,44.647,0.0,0.0,0.0,44.647,752.3324552805011,0.0,0.0,0.0,0.0,0.0,0.0,0.0
939,scenario_1,49.089,0.0,0.0,0.0,49.089,705.8251636138344,0.0,0.0,0.0,0.0,0.0,0.0,0.0
940,scenario_1,58.467,0.0,0.0,0.0,58.467,654.6907886138345,0.0,0.0,0.0,0.0,0.0,0.0,0.0
941,scenario_1,6.45,0.0,0.0,0.0,6.45,593.7876636138344,0.0,0.0,0.0,0.0,0.0,0.0,0.0
942,scenario_1,121.571,0.0,0.0,0.0,121.571,587.0689136138344,0.0,0.0,0.0,0.0,0.0,0.0,0.0
943,scenario_1,197.843,134.1474816090516,0.0,0.0,63.69551839094839,460.4324552805011,0.0,0.0,0.0,0.0,0.0,0.0,134.1474816090516
944,scenario_1,24.059,332.5284762329036,0.0,308.46947623290356,0.0,394.0829569565965,0.0,0.0,0.0,0.0,0.0,0.0,332.5284762329036
945,scenario_1,216.324,216.324,0.0,0.0,0.0,687.1289593778549,0.0,0.0,0.0,0.0,0.0,0.0,216.324
946,scenario_1,133.496,527.5789569565966,0.0,394.0829569565966,0.0,687.1289593778549,0.0,0.0,0.0,0.0,0.0,0.0,527.5789569565966
947,scenario_1,137.395,531.4779569565966,0.0,394.0829569565966,0.0,1061.5077684866217,0.0,0.0,0.0,0.0,0.0,0.0,531.4779569565966
948,scenario_1,92.667,92.667,0.0,0.0,0.0,1435.8865775953884,0.0,0.0,0.0,0.0,0.0,0.0,92.667
949,scenario_1,88.798,482.8809569565966,0.0,394.0829569565966,0.0,1435.8865775953884,0.0,0.0,0.0,0.0,0.0,0.0,482.8809569565966
950,scenario_1,9.921,9.921,0.0,0.0,0.0,1810.2653867041552,0.0,0.0,0.0,0.0,0.0,0.0,9.921
951,scenario_1,116.319,284.8973137671871,0.0,168.5783137671871,0.0,1810.2653867041552,0.0,0.0,0.0,0.0,0.0,0.0,284.8973137671871
952,scenario_1,138.347,138.347,0.0,0.0,0.0,1970.414784782983,0.0,0.0,0.0,0.0,0.0,0.0,138.347
953,scenario_1,176.551,69.62690116068016,0.0,0.0,106.92409883931983,1970.414784782983,0.0,0.0,0.0,0.0,0.0,0.0,69.62690116068016
954,scenario_1,253.153,0.0,61.3917014289115,0.0,191.7612985710885,1859.0355151586914,0.0,20.463900476303834,0.0,0.0,0.0,0.0,0.0
955,scenario_1,277.787,0.0,0.0,0.0,277.787,1659.2841624804742,0.0,0.0,0.0,0.0,0.0,0.0,0.0
956,scenario_1,230.139,0.0,0.0,0.0,230.139,1369.9227041471408,0.0,0.0,0.0,0.0,0.0,0.0,0.0
957,scenario_1,162.538,0.0,0.0,0.0,162.538,1130.1945791471408,0.0,0.0,0.0,0.0,0.0,0.0,0.0
958,scenario_1,70.503,0.0,0.0,0.0,70.503,960.8841624804741,0.0,0.0,0.0,0.0,0.0,0.0,0.0
959,scenario_1,40.921,0.0,0.0,0.0,40.921,887.4435374804741,0.0,0.0,0.0,0.0,0.0,0.0,0.0
960,scenario_1,22.794,0.0,0.0,0.0,22.794,844.8174958138075,0.0,0.0,0.0,0.0,0.0,0.0,0.0
961,scenario_1,35.623,0.0,0.0,0.0,35.623,821.0737458138075,0.0,0.0,0.0,0.0,0.0,0.0,0.0
962,scenario_1,55.304,0.0,0.0,0.0,55.304,783.9664541471408,0.0,0.0,0.0,0.0,0.0,0.0,0.0
963,scenario_1,65.126,0.0,0.0,0.0,65.126,726.3581208138074,0.0,0.0,0.0,0.0,0.0,0.0,0.0
964,scenario_1,61.778,0.0,0.0,0.0,61.778,658.5185374804742,0.0,0.0,0.0,0.0,0.0,0.0,0.0
965,scenario_1,83.957,0.0,0.0,0.0,83.957,594.1664541471408,0.0,0.0,0.0,0.0,0.0,0.0,0.0
966,scenario_1,114.231,0.0,27.560691704296673,0.0,86.67030829570332,506.7112458138075,0.0,9.186897234765558,0.0,0.0,0.0,0.0,0.0
967,scenario_1,166.448,144.99515099278074,0.0,0.0,21.45284900721927,416.4296746724499,0.0,0.0,0.0,0.0,0.0,0.0,144.99515099278074
968,scenario_1,224.311,348.9435140252828,0.0,124.6325140252828,0.0,394.0829569565965,0.0,0.0,0.0,0.0,0.0,0.0,348.9435140252828
969,scenario_1,234.859,234.859,0.0,0.0,0.0,512.4838452806151,0.0,0.0,0.0,0.0,0.0,0.0,234.859
970,scenario_1,143.495,537.5779569565966,0.0,394.0829569565966,0.0,512.4838452806151,0.0,0.0,0.0,0.0,0.0,0.0,537.5779569565966
971,scenario_1,112.969,507.0519569565966,0.0,394.0829569565966,0.0,886.8626543893819,0.0,0.0,0.0,0.0,0.0,0.0,507.0519569565966
972,scenario_1,128.916,128.916,0.0,0.0,0.0,1261.2414634981487,0.0,0.0,0.0,0.0,0.0,0.0,128.916
973,scenario_1,116.063,510.1459569565966,0.0,394.0829569565966,0.0,1261.2414634981487,0.0,0.0,0.0,0.0,0.0,0.0,510.1459569565966
974,scenario_1,137.147,137.147,0.0,0.0,0.0,1635.6202726069155,0.0,0.0,0.0,0.0,0.0,0.0,137.147
975,scenario_1,156.782,337.13604955899336,0.0,180.35404955899332,0.0,1635.6202726069155,0.0,0.0,0.0,0.0,0.0,0.0,337.13604955899336
976,scenario_1,181.112,181.112,0.0,0.0,0.0,1806.9566196879591,0.0,0.0,0.0,0.0,0.0,0.0,181.112
977,scenario_1,22.363,22.363,0.0,0.0,0.0,1806.9566196879591,0.0,0.0,0.0,0.0,0.0,0.0,22.363
978,scenario_1,256.285,0.0,0.0,0.0,256.285,1806.9566196879591,0.0,0.0,0.0,0.0,0.0,0.0,0.0
979,scenario_1,245.028,0.0,0.0,0.0,245.028,1539.9930780212924,0.0,0.0,0.0,0.0,0.0,0.0,0.0
980,scenario_1,169.198,0.0,0.0,0.0,169.198,1284.7555780212924,0.0,0.0,0.0,0.0,0.0,0.0,0.0
981,scenario_1,11.543,0.0,0.0,0.0,11.543,1108.5076613546257,0.0,0.0,0.0,0.0,0.0,0.0,0.0
982,scenario_1,70.945,0.0,0.0,0.0,70.945,1096.4837030212923,0.0,0.0,0.0,0.0,0.0,0.0,0.0
983,scenario_1,50.086,0.0,0.0,0.0,50.086,1022.5826613546255,0.0,0.0,0.0,0.0,0.0,0.0,0.0
984,scenario_1,35.292,0.0,0.0,0.0,35.292,970.4097446879589,0.0,0.0,0.0,0.0,0.0,0.0,0.0
985,scenario_1,38.992,0.0,0.0,0.0,38.992,933.6472446879588,0.0,0.0,0.0,0.0,0.0,0.0,0.0
986,scenario_1,44.805,0.0,0.0,0.0,44.805,893.0305780212922,0.0,0.0,0.0,0.0,0.0,0.0,0.0
987,scenario_1,47.329,0.0,0.0,0.0,47.329,846.3587030212922,0.0,0.0,0.0,0.0,0.0,0.0,0.0
988,scenario_1,6.014,0.0,0.0,0.0,6.014,797.0576613546255,0.0,0.0,0.0,0.0,0.0,0.0,0.0
989,scenario_1,82.704,0.0,0.0,0.0,82.704,790.7930780212921,0.0,0.0,0.0,0.0,0.0,0.0,0.0
990,scenario_1,129.187,0.0,0.0,0.0,129.187,704.6430780212921,0.0,0.0,0.0,0.0,0.0,0.0,0.0
991,scenario_1,144.473,144.473,0.0,0.0,0.0,570.0732863546255,0.0,0.0,0.0,0.0,0.0,0.0,144.473
992,scenario_1,189.474,189.474,0.0,0.0,0.0,570.0732863546255,0.0,0.0,0.0,0.0,0.0,0.0,189.474
993,scenario_1,178.486,178.486,0.0,0.0,0.0,570.0732863546255,0.0,0.0,0.0,0.0,0.0,0.0,178.486
994,scenario_1,17.36,411.4429569565966,0.0,394.0829569565966,0.0,570.0732863546255,0.0,0.0,0.0,0.0,0.0,0.0,411.4429569565966
995,scenario_1,126.242,520.3249569565966,0.0,394.0829569565966,0.0,944.4520954633922,0.0,0.0,0.0,0.0,0.0,0.0,520.3249569565966
996,scenario_1,128.386,128.386,0.0,0.0,0.0,1318.830904572159,0.0,0.0,0.0,0.0,0.0,0.0,128.386
997,scenario_1,119.301,513.3839569565966,0.0,394.0829569565966,0.0,1318.830904572159,0.0,0.0,0.0,0.0,0.0,0.0,513.3839569565966
998,scenario_1,151.586,151.586,0.0,0.0,0.0,1693.2097136809257,0.0,0.0,0.0,0.0,0.0,0.0,151.586
999,scenario_1,165.896,165.896,0.0,0.0,0.0,1693.2097136809257,0.0,0.0,0.0,0.0,0.0,0.0,165.896
1000,scenario_1,170.767,170.767,0.0,0.0,0.0,1693.2097136809257,0.0,0.0,0.0,0.0,0.0,0.0,170.767
1001,scenario_1,221.164,75.9336856861041,0.0,0.0,145.2303143138959,1693.2097136809257,0.0,0.0,0.0,0.0,0.0,0.0,75.9336856861041
1002,scenario_1,222.221,0.0,0.0,0.0,222.221,1541.9281362706174,0.0,0.0,0.0,0.0,0.0,0.0,0.0
1003,scenario_1,218.102,0.0,0.0,0.0,218.102,1310.447927937284,0.0,0.0,0.0,0.0,0.0,0.0,0.0
1004,scenario_1,16.761,0.0,0.0,0.0,16.761,1083.2583446039507,0.0,0.0,0.0,0.0,0.0,0.0,0.0
1005,scenario_1,129.774,0.0,0.0,0.0,129.774,1065.7989696039508,0.0,0.0,0.0,0.0,0.0,0.0,0.0
1006,scenario_1,8.713,0.0,0.0,0.0,8.713,930.6177196039508,0.0,0.0,0.0,0.0,0.0,0.0,0.0
1007,scenario_1,30.853,0.0,0.0,0.0,30.853,921.5416779372841,0.0,0.0,0.0,0.0,0.0,0.0,0.0
1008,scenario_1,16.499,0.0,0.0,0.0,16.499,889.4031362706174,0.0,0.0,0.0,0.0,0.0,0.0,0.0
1009,scenario_1,28.059,0.0,0.0,0.0,28.059,872.2166779372841,0.0,0.0,0.0,0.0,0.0,0.0,0.0
1010,scenario_1,38.544,0.0,0.0,0.0,38.544,842.9885529372841,0.0,0.0,0.0,0.0,0.0,0.0,0.0
1011,scenario_1,40.632,0.0,0.0,0.0,40.632,802.8385529372841,0.0,0.0,0.0,0.0,0.0,0.0,0.0
1012,scenario_1,47.205,0.0,0.0,0.0,47.205,760.5135529372841,0.0,0.0,0.0,0.0,0.0,0.0,0.0
1013,scenario_1,68.609,0.0,0.0,0.0,68.609,711.3416779372841,0.0,0.0,0.0,0.0,0.0,0.0,0.0
1014,scenario_1,133.852,0.0,0.0,0.0,133.852,639.8739696039507,0.0,0.0,0.0,0.0,0.0,0.0,0.0
1015,scenario_1,223.728,136.16565265718725,0.0,0.0,87.56234734281276,500.44480293728407,0.0,0.0,0.0,0.0,0.0,0.0,136.16565265718725
1016,scenario_1,319.774,319.774,0.0,0.0,0.0,409.2340244551874,0.0,0.0,0.0,0.0,0.0,0.0,319.774
1017,scenario_1,23.466,417.5489569565966,0.0,394.0829569565966,0.0,409.2340244551874,0.0,0.0,0.0,0.0,0.0,0.0,417.5489569565966
1018,scenario_1,179.066,573.1489569565966,0.0,394.0829569565966,0.0,783.6128335639542,0.0,0.0,0.0,0.0,0.0,0.0,573.1489569565966
1019,scenario_1,10.357,10.357,0.0,0.0,0.0,1157.991642672721,0.0,0.0,0.0,0.0,0.0,0.0,10.357
1020,scenario_1,81.944,476.0269569565966,0.0,394.0829569565966,0.0,1157.991642672721,0.0,0.0,0.0,0.0,0.0,0.0,476.0269569565966
1021,scenario_1,92.574,92.574,0.0,0.0,0.0,1532.3704517814876,0.0,0.0,0.0,0.0,0.0,0.0,92.574
1022,scenario_1,104.727,498.8099569565966,0.0,394.0829569565966,0.0,1532.3704517814876,0.0,0.0,0.0,0.0,0.0,0.0,498.8099569565966
1023,scenario_1,113.583,113.583,0.0,0.0,0.0,1906.7492608902544,0.0,0.0,0.0,0.0,0.0,0.0,113.583
1024,scenario_1,152.774,152.774,0.0,0.0,0.0,1906.7492608902544,0.0,0.0,0.0,0.0,0.0,0.0,152.774
1025,scenario_1,208.972,70.83606398693387,0.0,0.0,138.13593601306616,1906.7492608902544,0.0,0.0,0.0,0.0,0.0,0.0,70.83606398693387
1026,scenario_1,263.116,0.0,0.0,0.0,263.116,1762.8576608766439,0.0,0.0,0.0,0.0,0.0,0.0,0.0
1027,scenario_1,272.949,0.0,0.0,0.0,272.949,1488.7784942099772,0.0,0.0,0.0,0.0,0.0,0.0,0.0
1028,scenario_1,257.143,0.0,0.0,0.0,257.143,1204.4566192099771,0.0,0.0,0.0,0.0,0.0,0.0,0.0
1029,scenario_1,15.476,0.0,0.0,0.0,15.476,936.5993275433104,0.0,0.0,0.0,0.0,0.0,0.0,0.0
1030,scenario_1,78.741,0.0,0.0,0.0,78.741,920.4784942099772,0.0,0.0,0.0,0.0,0.0,0.0,0.0
1031,scenario_1,24.252,0.0,0.0,0.0,24.252,838.4566192099771,0.0,0.0,0.0,0.0,0.0,0.0,0.0
1032,scenario_1,16.479,0.0,0.0,0.0,16.479,813.1941192099771,0.0,0.0,0.0,0.0,0.0,0.0,0.0
1033,scenario_1,20.453,0.0,0.0,0.0,20.453,796.0284942099771,0.0,0.0,0.0,0.0,0.0,0.0,0.0
1034,scenario_1,34.774,0.0,0.0,0.0,34.774,774.7232858766438,0.0,0.0,0.0,0.0,0.0,0.0,0.0
1035,scenario_1,52.975,0.0,0.0,0.0,52.975,738.5003692099771,0.0,0.0,0.0,0.0,0.0,0.0,0.0
1036,scenario_1,5.36,0.0,0.0,0.0,5.36,683.3180775433104,0.0,0.0,0.0,0.0,0.0,0.0,0.0
1037,scenario_1,78.733,0.0,0.0,0.0,78.733,677.7347442099771,0.0,0.0,0.0,0.0,0.0,0.0,0.0
1038,scenario_1,120.218,0.0,0.0,0.0,120.218,595.7212025433104,0.0,0.0,0.0,0.0,0.0,0.0,0.0
1039,scenario_1,209.242,135.88728423675474,0.0,0.0,73.35471576324525,470.494119209977,0.0,0.0,0.0,0.0,0.0,0.0,135.88728423675474
1040,scenario_1,254.635,254.635,0.0,0.0,0.0,394.0829569565965,0.0,0.0,0.0,0.0,0.0,0.0,254.635
1041,scenario_1,206.879,206.879,0.0,0.0,0.0,394.0829569565965,0.0,0.0,0.0,0.0,0.0,0.0,206.879
1042,scenario_1,126.267,520.3499569565965,0.0,394.0829569565966,0.0,394.0829569565965,0.0,0.0,0.0,0.0,0.0,0.0,520.3499569565965
1043,scenario_1,98.445,492.5279569565966,0.0,394.0829569565966,0.0,768.4617660653632,0.0,0.0,0.0,0.0,0.0,0.0,492.5279569565966
1044,scenario_1,106.802,500.8849569565966,0.0,394.0829569565966,0.0,1142.84057517413,0.0,0.0,0.0,0.0,0.0,0.0,500.8849569565966
1045,scenario_1,120.241,120.241,0.0,0.0,0.0,1517.2193842828967,0.0,0.0,0.0,0.0,0.0,0.0,120.241
1046,scenario_1,117.711,465.9143979559705,0.0,348.2033979559705,0.0,1517.2193842828967,0.0,0.0,0.0,0.0,0.0,0.0,465.9143979559705
1047,scenario_1,119.721,119.721,0.0,0.0,0.0,1848.0126123410687,0.0,0.0,0.0,0.0,0.0,0.0,119.721
1048,scenario_1,161.477,161.477,0.0,0.0,0.0,1848.0126123410687,0.0,0.0,0.0,0.0,0.0,0.0,161.477
1049,scenario_1,19.016,19.016,0.0,0.0,0.0,1848.0126123410687,0.0,0.0,0.0,0.0,0.0,0.0,19.016
1050,scenario_1,239.546,0.0,0.0,0.0,239.546,1848.0126123410687,0.0,0.0,0.0,0.0,0.0,0.0,0.0
1051,scenario_1,273.129,0.0,0.0,0.0,273.129,1598.4855290077353,0.0,0.0,0.0,0.0,0.0,0.0,0.0
1052,scenario_1,233.479,0.0,0.0,0.0,233.479,1313.9761540077352,0.0,0.0,0.0,0.0,0.0,0.0,0.0
1053,scenario_1,165.802,0.0,0.0,0.0,165.802,1070.7688623410686,0.0,0.0,0.0,0.0,0.0,0.0,0.0
1054,scenario_1,78.386,0.0,0.0,0.0,78.386,898.0584456744018,0.0,0.0,0.0,0.0,0.0,0.0,0.0
1055,scenario_1,40.335,0.0,0.0,0.0,40.335,816.4063623410684,0.0,0.0,0.0,0.0,0.0,0.0,0.0
1056,scenario_1,20.334,0.0,0.0,0.0,20.334,774.3907373410684,0.0,0.0,0.0,0.0,0.0,0.0,0.0
1057,scenario_1,26.104,0.0,0.0,0.0,26.104,753.2094873410684,0.0,0.0,0.0,0.0,0.0,0.0,0.0
1058,scenario_1,3.079,0.0,0.0,0.0,3.079,726.0178206744017,0.0,0.0,0.0,0.0,0.0,0.0,0.0
1059,scenario_1,50.338,0.0,0.0,0.0,50.338,722.810529007735,0.0,0.0,0.0,0.0,0.0,0.0,0.0
1060,scenario_1,5.607,0.0,0.0,0.0,5.607,670.3751123410683,0.0,0.0,0.0,0.0,0.0,0.0,0.0
1061,scenario_1,71.515,0.0,0.0,0.0,71.515,664.5344873410683,0.0,0.0,0.0,0.0,0.0,0.0,0.0
1062,scenario_1,13.82,0.0,0.0,0.0,13.82,590.0396956744016,0.0,0.0,0.0,0.0,0.0,0.0,0.0
1063,scenario_1,240.037,141.40245856657373,0.0,0.0,98.63454143342628,575.6438623410683,0.0,0.0,0.0,0.0,0.0,0.0,141.40245856657373
1064,scenario_1,256.315,256.315,0.0,0.0,0.0,472.8995483479159,0.0,0.0,0.0,0.0,0.0,0.0,256.315
1065,scenario_1,234.544,234.544,0.0,0.0,0.0,472.8995483479159,0.0,0.0,0.0,0.0,0.0,0.0,234.544
1066,scenario_1,143.901,537.9839569565966,0.0,394.0829569565966,0.0,472.8995483479159,0.0,0.0,0.0,0.0,0.0,0.0,537.9839569565966
1067,scenario_1,99.276,493.3589569565966,0.0,394.0829569565966,0.0,847.2783574566827,0.0,0.0,0.0,0.0,0.0,0.0,493.3589569565966
1068,scenario_1,118.726,512.8089569565966,0.0,394.0829569565966,0.0,1221.6571665654494,0.0,0.0,0.0,0.0,0.0,0.0,512.8089569565966
1069,scenario_1,101.891,101.891,0.0,0.0,0.0,1596.0359756742162,0.0,0.0,0.0,0.0,0.0,0.0,101.891
1070,scenario_1,14.977,409.0599569565966,0.0,394.0829569565966,0.0,1596.0359756742162,0.0,0.0,0.0,0.0,0.0,0.0,409.0599569565966
1071,scenario_1,140.481,140.481,0.0,0.0,0.0,1970.414784782983,0.0,0.0,0.0,0.0,0.0,0.0,140.481
1072,scenario_1,133.946,133.946,0.0,0.0,0.0,1970.414784782983,0.0,0.0,0.0,0.0,0.0,0.0,133.946
1073,scenario_1,173.203,73.69803930950555,0.0,0.0,99.50496069049446,1970.414784782983,0.0,0.0,0.0,0.0,0.0,0.0,73.69803930950555
1074,scenario_1,252.638,0.0,61.3917014289115,0.0,191.24629857108852,1866.7637840637178,0.0,20.463900476303834,0.0,0.0,0.0,0.0,0.0
1075,scenario_1,294.598,0.0,0.0,0.0,294.598,1667.5488897188338,0.0,0.0,0.0,0.0,0.0,0.0,0.0
1076,scenario_1,243.464,0.0,0.0,0.0,243.464,1360.6759730521671,0.0,0.0,0.0,0.0,0.0,0.0,0.0
1077,scenario_1,159.961,0.0,0.0,0.0,159.961,1107.0676397188338,0.0,0.0,0.0,0.0,0.0,0.0,0.0
1078,scenario_1,65.473,0.0,0.0,0.0,65.473,940.4415980521671,0.0,0.0,0.0,0.0,0.0,0.0,0.0
1079,scenario_1,21.783,0.0,21.783,0.0,0.0,872.2405563855004,0.0,7.261,0.0,0.0,0.0,0.0,0.0
1080,scenario_1,36.814,0.0,0.0,0.0,36.814,872.2405563855004,0.0,0.0,0.0,0.0,0.0,0.0,0.0
1081,scenario_1,44.555,0.0,0.0,0.0,44.555,833.8926397188337,0.0,0.0,0.0,0.0,0.0,0.0,0.0
1082,scenario_1,45.207,0.0,0.0,0.0,45.207,787.4811813855003,0.0,0.0,0.0,0.0,0.0,0.0,0.0
1083,scenario_1,49.752,0.0,0.0,0.0,49.752,740.3905563855003,0.0,0.0,0.0,0.0,0.0,0.0,0.0
1084,scenario_1,52.595,0.0,0.0,0.0,52.595,688.5655563855003,0.0,0.0,0.0,0.0,0.0,0.0,0.0
1085,scenario_1,67.997,0.0,0.0,0.0,67.997,633.7790980521669,0.0,0.0,0.0,0.0,0.0,0.0,0.0
1086,scenario_1,118.141,0.0,37.04031178029922,0.0,81.10068821970079,562.9488897188336,0.0,12.346770593433073,0.0,0.0,0.0,0.0,0.0
1087,scenario_1,226.519,145.50839276795318,0.0,0.0,81.01060723204682,478.46900615664526,0.0,0.0,0.0,0.0,0.0,0.0,145.50839276795318
1088,scenario_1,263.114,263.114,0.0,0.0,0.0,394.0829569565965,0.0,0.0,0.0,0.0,0.0,0.0,263.114
1089,scenario_1,219.735,219.735,0.0,0.0,0.0,394.0829569565965,0.0,0.0,0.0,0.0,0.0,0.0,219.735
1090,scenario_1,137.321,531.4039569565966,0.0,394.0829569565966,0.0,394.0829569565965,0.0,0.0,0.0,0.0,0.0,0.0,531.4039569565966
1091,scenario_1,90.032,484.1149569565966,0.0,394.0829569565966,0.0,768.4617660653632,0.0,0.0,0.0,0.0,0.0,0.0,484.1149569565966
1092,scenario_1,88.302,88.302,0.0,0.0,0.0,1142.84057517413,0.0,0.0,0.0,0.0,0.0,0.0,88.302
1093,scenario_1,106.905,500.9879569565966,0.0,394.0829569565966,0.0,1142.84057517413,0.0,0.0,0.0,0.0,0.0,0.0,500.9879569565966
1094,scenario_1,127.096,127.096,0.0,0.0,0.0,1517.2193842828967,0.0,0.0,0.0,0.0,0.0,0.0,127.096
1095,scenario_1,140.925,267.44404422704486,0.0,126.51904422704487,0.0,1517.2193842828967,0.0,0.0,0.0,0.0,0.0,0.0,267.44404422704486
1096,scenario_1,154.463,154.463,0.0,0.0,0.0,1637.4124762985894,0.0,0.0,0.0,0.0,0.0,0.0,154.463
1097,scenario_1,16.719,16.719,0.0,0.0,0.0,1637.4124762985894,0.0,0.0,0.0,0.0,0.0,0.0,16.719
1098,scenario_1,27.457,0.0,0.0,0.0,27.457,1637.4124762985894,0.0,0.0,0.0,0.0,0.0,0.0,0.0
1099,scenario_1,29.812,0.0,0.0,0.0,29.812,1608.8114346319228,0.0,0.0,0.0,0.0,0.0,0.0,0.0
1100,scenario_1,245.122,0.0,0.0,0.0,245.122,1577.7572679652562,0.0,0.0,0.0,0.0,0.0,0.0,0.0
1101,scenario_1,161.559,0.0,0.0,0.0,161.559,1322.4218512985894,0.0,0.0,0.0,0.0,0.0,0.0,0.0
1102,scenario_1,65.421,0.0,0.0,0.0,65.421,1154.1312262985894,0.0,0.0,0.0,0.0,0.0,0.0,0.0
1103,scenario_1,3.042,0.0,0.0,0.0,3.042,1085.9843512985894,0.0,0.0,0.0,0.0,0.0,0.0,0.0
1104,scenario_1,32.698,0.0,0.0,0.0,32.698,1082.8156012985894,0.0,0.0,0.0,0.0,0.0,0.0,0.0
1105,scenario_1,36.609,0.0,0.0,0.0,36.609,1048.7551846319227,0.0,0.0,0.0,0.0,0.0,0.0,0.0
1106,scenario_1,4.577,0.0,0.0,0.0,4.577,1010.6208096319226,0.0,0.0,0.0,0.0,0.0,0.0,0.0
1107,scenario_1,63.919,0.0,0.0,0.0,63.919,1005.8531012985893,0.0,0.0,0.0,0.0,0.0,0.0,0.0
1108,scenario_1,67.388,0.0,0.0,0.0,67.388,939.2708096319226,0.0,0.0,0.0,0.0,0.0,0.0,0.0
1109,scenario_1,76.407,0.0,0.0,0.0,76.407,869.0749762985893,0.0,0.0,0.0,0.0,0.0,0.0,0.0
1110,scenario_1,111.815,0.0,0.0,0.0,111.815,789.4843512985892,0.0,0.0,0.0,0.0,0.0,0.0,0.0
1111,scenario_1,211.756,145.3083154657673,0.0,0.0,66.4476845342327,673.0103929652558,0.0,0.0,0.0,0.0,0.0,0.0,145.3083154657673
1112,scenario_1,235.824,235.824,0.0,0.0,0.0,603.7940549087634,0.0,0.0,0.0,0.0,0.0,0.0,235.824
1113,scenario_1,179.753,179.753,0.0,0.0,0.0,603.7940549087634,0.0,0.0,0.0,0.0,0.0,0.0,179.753
1114,scenario_1,104.665,498.7479569565966,0.0,394.0829569565966,0.0,603.7940549087634,0.0,0.0,0.0,0.0,0.0,0.0,498.7479569565966
1115,scenario_1,108.659,502.7419569565966,0.0,394.0829569565966,0.0,978.1728640175302,0.0,0.0,0.0,0.0,0.0,0.0,502.7419569565966
1116,scenario_1,105.339,105.339,0.0,0.0,0.0,1352.551673126297,0.0,0.0,0.0,0.0,0.0,0.0,105.339
1117,scenario_1,102.044,496.1269569565966,0.0,394.0829569565966,0.0,1352.551673126297,0.0,0.0,0.0,0.0,0.0,0.0,496.1269569565966
1118,scenario_1,101.762,101.762,0.0,0.0,0.0,1726.9304822350637,0.0,0.0,0.0,0.0,0.0,0.0,101.762
1119,scenario_1,124.271,124.271,0.0,0.0,0.0,1726.9304822350637,0.0,0.0,0.0,0.0,0.0,0.0,124.271
1120,scenario_1,16.38,272.6792658399151,0.0,256.2992658399151,0.0,1726.9304822350637,0.0,0.0,0.0,0.0,0.0,0.0,272.6792658399151
1121,scenario_1,175.618,74.53314457080306,0.0,0.0,101.08485542919694,1970.414784782983,0.0,0.0,0.0,0.0,0.0,0.0,74.53314457080306
1122,scenario_1,248.534,0.0,3.413322417953964,0.0,245.12067758204603,1865.1180603775695,0.0,1.1377741393179879,0.0,0.0,0.0,0.0,0.0
1123,scenario_1,277.664,0.0,0.0,0.0,277.664,1609.7840212296048,0.0,0.0,0.0,0.0,0.0,0.0,0.0
1124,scenario_1,231.774,0.0,0.0,0.0,231.774,1320.5506878962715,0.0,0.0,0.0,0.0,0.0,0.0,0.0
1125,scenario_1,170.052,0.0,0.0,0.0,170.052,1079.1194378962714,0.0,0.0,0.0,0.0,0.0,0.0,0.0
1126,scenario_1,77.251,0.0,0.0,0.0,77.251,901.9819378962713,0.0,0.0,0.0,0.0,0.0,0.0,0.0
1127,scenario_1,30.559,0.0,0.0,0.0,30.559,821.5121462296047,0.0,0.0,0.0,0.0,0.0,0.0,0.0
1128,scenario_1,41.437,0.0,0.0,0.0,41.437,789.679854562938,0.0,0.0,0.0,0.0,0.0,0.0,0.0
1129,scenario_1,47.392,0.0,0.0,0.0,47.392,746.5163128962713,0.0,0.0,0.0,0.0,0.0,0.0,0.0
1130,scenario_1,42.644,0.0,0.0,0.0,42.644,697.1496462296046,0.0,0.0,0.0,0.0,0.0,0.0,0.0
1131,scenario_1,47.059,0.0,0.0,0.0,47.059,652.7288128962713,0.0,0.0,0.0,0.0,0.0,0.0,0.0
1132,scenario_1,57.267,0.0,0.0,0.0,57.267,603.7090212296046,0.0,0.0,0.0,0.0,0.0,0.0,0.0
1133,scenario_1,7.871,0.0,0.0,0.0,7.871,544.0558962296045,0.0,0.0,0.0,0.0,0.0,0.0,0.0
1134,scenario_1,117.389,0.0,0.0,0.0,117.389,535.8569378962712,0.0,0.0,0.0,0.0,0.0,0.0,0.0
1135,scenario_1,162.587,143.87297829791223,0.0,0.0,18.714021702087763,413.5767295629379,0.0,0.0,0.0,0.0,0.0,0.0,143.87297829791223
1136,scenario_1,17.636,340.8273347670476,0.0,323.1913347670476,0.0,394.0829569565965,0.0,0.0,0.0,0.0,0.0,0.0,340.8273347670476
1137,scenario_1,180.971,341.23060569743745,0.0,160.25960569743742,0.0,701.1147249852917,0.0,0.0,0.0,0.0,0.0,0.0,341.23060569743745
1138,scenario_1,165.706,165.706,0.0,0.0,0.0,853.3613503978572,0.0,0.0,0.0,0.0,0.0,0.0,165.706
1139,scenario_1,131.391,525.4739569565966,0.0,394.0829569565966,0.0,853.3613503978572,0.0,0.0,0.0,0.0,0.0,0.0,525.4739569565966
1140,scenario_1,118.667,118.667,0.0,0.0,0.0,1227.740159506624,0.0,0.0,0.0,0.0,0.0,0.0,118.667
1141,scenario_1,12.719,406.8019569565966,0.0,394.0829569565966,0.0,1227.740159506624,0.0,0.0,0.0,0.0,0.0,0.0,406.8019569565966
1142,scenario_1,14.735,14.735,0.0,0.0,0.0,1602.1189686153907,0.0,0.0,0.0,0.0,0.0,0.0,14.735
1143,scenario_1,176.825,176.825,0.0,0.0,0.0,1602.1189686153907,0.0,0.0,0.0,0.0,0.0,0.0,176.825
1144,scenario_1,188.737,188.737,0.0,0.0,0.0,1602.1189686153907,0.0,0.0,0.0,0.0,0.0,0.0,188.737
1145,scenario_1,201.224,62.441516308266145,0.0,0.0,138.78248369173383,1602.1189686153907,0.0,0.0,0.0,0.0,0.0,0.0,62.441516308266145
1146,scenario_1,211.301,0.0,0.0,0.0,211.301,1457.5538814365013,0.0,0.0,0.0,0.0,0.0,0.0,0.0
1147,scenario_1,234.787,0.0,0.0,0.0,234.787,1237.448673103168,0.0,0.0,0.0,0.0,0.0,0.0,0.0
1148,scenario_1,179.804,0.0,0.0,0.0,179.804,992.8788814365012,0.0,0.0,0.0,0.0,0.0,0.0,0.0
1149,scenario_1,11.79,0.0,0.0,0.0,11.79,805.5830481031678,0.0,0.0,0.0,0.0,0.0,0.0,0.0
1150,scenario_1,6.493,0.0,0.0,0.0,6.493,793.3017981031678,0.0,0.0,0.0,0.0,0.0,0.0,0.0
1151,scenario_1,45.831,0.0,0.0,0.0,45.831,786.5382564365011,0.0,0.0,0.0,0.0,0.0,0.0,0.0
1152,scenario_1,20.653,0.0,0.0,0.0,20.653,738.7976314365011,0.0,0.0,0.0,0.0,0.0,0.0,0.0
1153,scenario_1,26.879,0.0,0.0,0.0,26.879,717.2840897698344,0.0,0.0,0.0,0.0,0.0,0.0,0.0
1154,scenario_1,26.664,0.0,0.0,0.0,26.664,689.285131436501,0.0,0.0,0.0,0.0,0.0,0.0,0.0
1155,scenario_1,47.251,0.0,0.0,0.0,47.251,661.5101314365011,0.0,0.0,0.0,0.0,0.0,0.0,0.0
1156,scenario_1,53.966,0.0,0.0,0.0,53.966,612.2903397698344,0.0,0.0,0.0,0.0,0.0,0.0,0.0
1157,scenario_1,7.73,0.0,0.0,0.0,7.73,556.075756436501,0.0,0.0,0.0,0.0,0.0,0.0,0.0
1158,scenario_1,118.214,0.0,0.0,0.0,118.214,548.0236731031677,0.0,0.0,0.0,0.0,0.0,0.0,0.0
1159,scenario_1,177.548,147.97891249929165,0.0,0.0,29.56908750070835,424.88408976983436,0.0,0.0,0.0,0.0,0.0,0.0,147.97891249929165
1160,scenario_1,188.496,352.34482816244247,0.0,163.84882816244246,0.0,394.0829569565965,0.0,0.0,0.0,0.0,0.0,0.0,352.34482816244247
1161,scenario_1,180.562,493.76096183764827,0.0,313.19896183764826,0.0,549.7393437109168,0.0,0.0,0.0,0.0,0.0,0.0,493.76096183764827
1162,scenario_1,153.135,547.2179569565966,0.0,394.0829569565966,0.0,847.2783574566827,0.0,0.0,0.0,0.0,0.0,0.0,547.2179569565966
1163,scenario_1,129.044,523.1269569565966,0.0,394.0829569565966,0.0,1221.6571665654494,0.0,0.0,0.0,0.0,0.0,0.0,523.1269569565966
1164,scenario_1,125.378,125.378,0.0,0.0,0.0,1596.0359756742162,0.0,0.0,0.0,0.0,0.0,0.0,125.378
1165,scenario_1,125.424,125.424,0.0,0.0,0.0,1596.0359756742162,0.0,0.0,0.0,0.0,0.0,0.0,125.424
1166,scenario_1,116.699,510.7819569565966,0.0,394.0829569565966,0.0,1596.0359756742162,0.0,0.0,0.0,0.0,0.0,0.0,510.7819569565966
1167,scenario_1,139.386,139.386,0.0,0.0,0.0,1970.414784782983,0.0,0.0,0.0,0.0,0.0,0.0,139.386
1168,scenario_1,184.408,184.408,0.0,0.0,0.0,1970.414784782983,0.0,0.0,0.0,0.0,0.0,0.0,184.408
1169,scenario_1,257.779,74.93329917517478,0.0,0.0,182.8457008248252,1970.414784782983,0.0,0.0,0.0,0.0,0.0,0.0,74.93329917517478
1170,scenario_1,246.511,0.0,0.0,0.0,246.511,1779.9505130904568,0.0,0.0,0.0,0.0,0.0,0.0,0.0
1171,scenario_1,258.011,0.0,0.0,0.0,258.011,1523.16822142379,0.0,0.0,0.0,0.0,0.0,0.0,0.0
1172,scenario_1,188.933,0.0,0.0,0.0,188.933,1254.4067630904567,0.0,0.0,0.0,0.0,0.0,0.0,0.0
1173,scenario_1,116.589,0.0,0.0,0.0,116.589,1057.6015547571233,0.0,0.0,0.0,0.0,0.0,0.0,0.0
1174,scenario_1,81.085,0.0,0.0,0.0,81.085,936.1546797571233,0.0,0.0,0.0,0.0,0.0,0.0,0.0
1175,scenario_1,50.216,0.0,0.0,0.0,50.216,851.6911380904567,0.0,0.0,0.0,0.0,0.0,0.0,0.0
1176,scenario_1,39.554,0.0,0.0,0.0,39.554,799.3828047571233,0.0,0.0,0.0,0.0,0.0,0.0,0.0
1177,scenario_1,5.007,0.0,0.0,0.0,5.007,758.1807214237899,0.0,0.0,0.0,0.0,0.0,0.0,0.0
1178,scenario_1,48.363,0.0,0.0,0.0,48.363,752.9650964237899,0.0,0.0,0.0,0.0,0.0,0.0,0.0
1179,scenario_1,42.111,0.0,0.0,0.0,42.111,702.5869714237899,0.0,0.0,0.0,0.0,0.0,0.0,0.0
1180,scenario_1,50.132,0.0,0.0,0.0,50.132,658.7213464237899,0.0,0.0,0.0,0.0,0.0,0.0,0.0
1181,scenario_1,7.041,0.0,0.0,0.0,7.041,606.5005130904566,0.0,0.0,0.0,0.0,0.0,0.0,0.0
1182,scenario_1,115.353,0.0,0.0,0.0,115.353,599.1661380904566,0.0,0.0,0.0,0.0,0.0,0.0,0.0
1183,scenario_1,200.728,143.62070691689524,0.0,0.0,57.107293083104764,479.00676309045656,0.0,0.0,0.0,0.0,0.0,0.0,143.62070691689524
1184,scenario_1,258.403,258.403,0.0,0.0,0.0,419.5199994622224,0.0,0.0,0.0,0.0,0.0,0.0,258.403
1185,scenario_1,208.707,208.707,0.0,0.0,0.0,419.5199994622224,0.0,0.0,0.0,0.0,0.0,0.0,208.707
1186,scenario_1,137.083,531.1659569565966,0.0,394.0829569565966,0.0,419.5199994622224,0.0,0.0,0.0,0.0,0.0,0.0,531.1659569565966
1187,scenario_1,10.301,404.3839569565966,0.0,394.0829569565966,0.0,793.8988085709891,0.0,0.0,0.0,0.0,0.0,0.0,404.3839569565966
1188,scenario_1,85.165,479.2479569565966,0.0,394.0829569565966,0.0,1168.2776176797558,0.0,0.0,0.0,0.0,0.0,0.0,479.2479569565966
1189,scenario_1,89.954,89.954,0.0,0.0,0.0,1542.6564267885226,0.0,0.0,0.0,0.0,0.0,0.0,89.954
1190,scenario_1,120.641,471.7563036776353,0.0,351.11530367763527,0.0,1542.6564267885226,0.0,0.0,0.0,0.0,0.0,0.0,471.7563036776353
1191,scenario_1,173.866,173.866,0.0,0.0,0.0,1876.215965282276,0.0,0.0,0.0,0.0,0.0,0.0,173.866
1192,scenario_1,154.777,154.777,0.0,0.0,0.0,1876.215965282276,0.0,0.0,0.0,0.0,0.0,0.0,154.777
1193,scenario_1,175.421,74.53314457080306,0.0,0.0,100.88785542919693,1876.215965282276,0.0,0.0,0.0,0.0,0.0,0.0,74.53314457080306
1194,scenario_1,264.776,0.0,0.0,0.0,264.776,1771.124449210196,0.0,0.0,0.0,0.0,0.0,0.0,0.0
1195,scenario_1,29.052,0.0,0.0,0.0,29.052,1495.3161158768626,0.0,0.0,0.0,0.0,0.0,0.0,0.0
1196,scenario_1,238.298,0.0,0.0,0.0,238.298,1465.0536158768625,0.0,0.0,0.0,0.0,0.0,0.0,0.0
1197,scenario_1,148.576,0.0,0.0,0.0,148.576,1216.826532543529,0.0,0.0,0.0,0.0,0.0,0.0,0.0
1198,scenario_1,80.285,0.0,0.0,0.0,80.285,1062.0598658768624,0.0,0.0,0.0,0.0,0.0,0.0,0.0
1199,scenario_1,43.319,0.0,0.0,0.0,43.319,978.4296575435292,0.0,0.0,0.0,0.0,0.0,0.0,0.0
1200,scenario_1,34.637,0.0,0.0,0.0,34.637,933.3056992101958,0.0,0.0,0.0,0.0,0.0,0.0,0.0
1201,scenario_1,40.343,0.0,0.0,0.0,40.343,897.2254908768625,0.0,0.0,0.0,0.0,0.0,0.0,0.0
1202,scenario_1,50.987,0.0,0.0,0.0,50.987,855.2015325435292,0.0,0.0,0.0,0.0,0.0,0.0,0.0
1203,scenario_1,50.762,0.0,0.0,0.0,50.762,802.0900742101959,0.0,0.0,0.0,0.0,0.0,0.0,0.0
1204,scenario_1,52.955,0.0,0.0,0.0,52.955,749.2129908768626,0.0,0.0,0.0,0.0,0.0,0.0,0.0
1205,scenario_1,73.946,0.0,0.0,0.0,73.946,694.0515325435292,0.0,0.0,0.0,0.0,0.0,0.0,0.0
1206,scenario_1,130.739,0.0,0.0,0.0,130.739,617.0244492101958,0.0,0.0,0.0,0.0,0.0,0.0,0.0
1207,scenario_1,229.898,146.61316743654467,0.0,0.0,83.28483256345532,480.8379908768625,0.0,0.0,0.0,0.0,0.0,0.0,146.61316743654467
1208,scenario_1,224.307,224.307,0.0,0.0,0.0,394.0829569565965,0.0,0.0,0.0,0.0,0.0,0.0,224.307
1209,scenario_1,179.595,179.595,0.0,0.0,0.0,394.0829569565965,0.0,0.0,0.0,0.0,0.0,0.0,179.595
1210,scenario_1,118.614,512.6969569565966,0.0,394.0829569565966,0.0,394.0829569565965,0.0,0.0,0.0,0.0,0.0,0.0,512.6969569565966
1211,scenario_1,109.121,503.2039569565966,0.0,394.0829569565966,0.0,768.4617660653632,0.0,0.0,0.0,0.0,0.0,0.0,503.2039569565966
1212,scenario_1,123.935,518.0179569565967,0.0,394.0829569565966,0.0,1142.84057517413,0.0,0.0,0.0,0.0,0.0,0.0,518.0179569565967
1213,scenario_1,107.554,107.554,0.0,0.0,0.0,1517.2193842828967,0.0,0.0,0.0,0.0,0.0,0.0,107.554
1214,scenario_1,103.874,497.9569569565966,0.0,394.0829569565966,0.0,1517.2193842828967,0.0,0.0,0.0,0.0,0.0,0.0,497.9569569565966
1215,scenario_1,137.887,137.887,0.0,0.0,0.0,1891.5981933916635,0.0,0.0,0.0,0.0,0.0,0.0,137.887
1216,scenario_1,137.496,137.496,0.0,0.0,0.0,1891.5981933916635,0.0,0.0,0.0,0.0,0.0,0.0,137.496
1217,scenario_1,208.167,72.90642911390061,0.0,0.0,135.2605708860994,1891.5981933916635,0.0,0.0,0.0,0.0,0.0,0.0,72.90642911390061
1218,scenario_1,256.586,0.0,0.0,0.0,256.586,1750.70176538531,0.0,0.0,0.0,0.0,0.0,0.0,0.0
1219,scenario_1,28.233,0.0,0.0,0.0,28.233,1483.4246820519766,0.0,0.0,0.0,0.0,0.0,0.0,0.0
1220,scenario_1,227.037,0.0,0.0,0.0,227.037,1454.0153070519766,0.0,0.0,0.0,0.0,0.0,0.0,0.0
1221,scenario_1,147.287,0.0,0.0,0.0,147.287,1217.5184320519766,0.0,0.0,0.0,0.0,0.0,0.0,0.0
1222,scenario_1,8.556,0.0,0.0,0.0,8.556,1064.0944737186433,0.0,0.0,0.0,0.0,0.0,0.0,0.0
1223,scenario_1,47.343,0.0,0.0,0.0,47.343,1055.1819737186433,0.0,0.0,0.0,0.0,0.0,0.0,0.0
1224,scenario_1,33.561,0.0,0.0,0.0,33.561,1005.8663487186434,0.0,0.0,0.0,0.0,0.0,0.0,0.0
1225,scenario_1,43.973,0.0,0.0,0.0,43.973,970.9069737186434,0.0,0.0,0.0,0.0,0.0,0.0,0.0
1226,scenario_1,48.978,0.0,0.0,0.0,48.978,925.10176538531,0.0,0.0,0.0,0.0,0.0,0.0,0.0
1227,scenario_1,5.142,0.0,0.0,0.0,5.142,874.0830153853101,0.0,0.0,0.0,0.0,0.0,0.0,0.0
1228,scenario_1,60.261,0.0,0.0,0.0,60.261,868.72676538531,0.0,0.0,0.0,0.0,0.0,0.0,0.0
1229,scenario_1,75.823,0.0,0.0,0.0,75.823,805.95489038531,0.0,0.0,0.0,0.0,0.0,0.0,0.0
1230,scenario_1,130.766,0.0,0.0,0.0,130.766,726.9725987186433,0.0,0.0,0.0,0.0,0.0,0.0,0.0
1231,scenario_1,251.139,127.3622513610093,0.0,0.0,123.77674863899071,590.75801538531,0.0,0.0,0.0,0.0,0.0,0.0,127.3622513610093
1232,scenario_1,303.095,303.095,0.0,0.0,0.0,461.8239022196947,0.0,0.0,0.0,0.0,0.0,0.0,303.095
1233,scenario_1,223.728,223.728,0.0,0.0,0.0,461.8239022196947,0.0,0.0,0.0,0.0,0.0,0.0,223.728
1234,scenario_1,17.036,411.1189569565966,0.0,394.0829569565966,0.0,461.8239022196947,0.0,0.0,0.0,0.0,0.0,0.0,411.1189569565966
1235,scenario_1,103.757,497.8399569565966,0.0,394.0829569565966,0.0,836.2027113284614,0.0,0.0,0.0,0.0,0.0,0.0,497.8399569565966
1236,scenario_1,11.557,405.6399569565966,0.0,394.0829569565966,0.0,1210.5815204372282,0.0,0.0,0.0,0.0,0.0,0.0,405.6399569565966
1237,scenario_1,8.717,8.717,0.0,0.0,0.0,1584.960329545995,0.0,0.0,0.0,0.0,0.0,0.0,8.717
1238,scenario_1,102.344,496.4269569565966,0.0,394.0829569565966,0.0,1584.960329545995,0.0,0.0,0.0,0.0,0.0,0.0,496.4269569565966
1239,scenario_1,114.373,114.373,0.0,0.0,0.0,1959.3391386547617,0.0,0.0,0.0,0.0,0.0,0.0,114.373
1240,scenario_1,154.204,165.86257487181186,0.0,11.658574871811844,0.0,1959.3391386547617,0.0,0.0,0.0,0.0,0.0,0.0,165.86257487181186
1241,scenario_1,215.717,59.33596861781603,0.0,0.0,156.38103138218398,1970.414784782983,0.0,0.0,0.0,0.0,0.0,0.0,59.33596861781603
1242,scenario_1,257.614,0.0,34.80412346044713,0.0,222.80987653955285,1807.517877093208,0.0,11.60137448681571,0.0,0.0,0.0,0.0,0.0
1243,scenario_1,288.857,0.0,61.3917014289115,0.0,227.4652985710885,1575.4242556978404,0.0,20.463900476303834,0.0,0.0,0.0,0.0,0.0
1244,scenario_1,249.866,0.0,0.0,0.0,249.866,1338.4812363529566,0.0,0.0,0.0,0.0,0.0,0.0,0.0
1245,scenario_1,141.692,0.0,0.0,0.0,141.692,1078.2041530196232,0.0,0.0,0.0,0.0,0.0,0.0,0.0
1246,scenario_1,77.567,0.0,0.0,0.0,77.567,930.6083196862897,0.0,0.0,0.0,0.0,0.0,0.0,0.0
1247,scenario_1,28.896,0.0,0.0,0.0,28.896,849.8093613529564,0.0,0.0,0.0,0.0,0.0,0.0,0.0
1248,scenario_1,35.477,0.0,0.0,0.0,35.477,819.7093613529564,0.0,0.0,0.0,0.0,0.0,0.0,0.0
1249,scenario_1,43.354,0.0,0.0,0.0,43.354,782.7541530196231,0.0,0.0,0.0,0.0,0.0,0.0,0.0
1250,scenario_1,48.436,0.0,0.0,0.0,48.436,737.5937363529564,0.0,0.0,0.0,0.0,0.0,0.0,0.0
1251,scenario_1,49.215,0.0,0.0,0.0,49.215,687.1395696862897,0.0,0.0,0.0,0.0,0.0,0.0,0.0
1252,scenario_1,5.46,0.0,0.0,0.0,5.46,635.8739446862897,0.0,0.0,0.0,0.0,0.0,0.0,0.0
1253,scenario_1,70.028,0.0,0.0,0.0,70.028,630.1864446862897,0.0,0.0,0.0,0.0,0.0,0.0,0.0
1254,scenario_1,141.588,0.0,61.3917014289115,0.0,80.19629857108849,557.2406113529564,0.0,20.463900476303834,0.0,0.0,0.0,0.0,0.0
1255,scenario_1,214.384,137.94895035058298,0.0,0.0,76.43504964941701,473.70280034140586,0.0,0.0,0.0,0.0,0.0,0.0,137.94895035058298
1256,scenario_1,25.057,332.80684465333604,0.0,307.749844653336,0.0,394.0829569565965,0.0,0.0,0.0,0.0,0.0,0.0,332.80684465333604
1257,scenario_1,207.987,207.987,0.0,0.0,0.0,686.4453093772656,0.0,0.0,0.0,0.0,0.0,0.0,207.987
1258,scenario_1,121.513,515.5959569565966,0.0,394.0829569565966,0.0,686.4453093772656,0.0,0.0,0.0,0.0,0.0,0.0,515.5959569565966
1259,scenario_1,98.889,492.9719569565966,0.0,394.0829569565966,0.0,1060.8241184860324,0.0,0.0,0.0,0.0,0.0,0.0,492.9719569565966
1260,scenario_1,92.145,92.145,0.0,0.0,0.0,1435.2029275947991,0.0,0.0,0.0,0.0,0.0,0.0,92.145
1261,scenario_1,111.142,505.2249569565966,0.0,394.0829569565966,0.0,1435.2029275947991,0.0,0.0,0.0,0.0,0.0,0.0,505.2249569565966
1262,scenario_1,116.525,116.525,0.0,0.0,0.0,1809.5817367035659,0.0,0.0,0.0,0.0,0.0,0.0,116.525
1263,scenario_1,134.192,303.4899453467548,0.0,169.29794534675477,0.0,1809.5817367035659,0.0,0.0,0.0,0.0,0.0,0.0,303.4899453467548
1264,scenario_1,180.053,180.053,0.0,0.0,0.0,1970.414784782983,0.0,0.0,0.0,0.0,0.0,0.0,180.053
1265,scenario_1,180.053,71.09703438108933,0.0,0.0,108.95596561891067,1970.414784782983,0.0,0.0,0.0,0.0,0.0,0.0,71.09703438108933
1266,scenario_1,255.281,0.0,56.48173698486531,0.0,198.7992630151347,1856.9189872632842,0.0,18.82724566162177,0.0,0.0,0.0,0.0,0.0
1267,scenario_1,271.686,0.0,61.3917014289115,0.0,210.29429857108846,1649.8364216225189,0.0,20.463900476303834,0.0,0.0,0.0,0.0,0.0
1268,scenario_1,249.927,0.0,0.0,0.0,249.927,1430.7798606109684,0.0,0.0,0.0,0.0,0.0,0.0,0.0
1269,scenario_1,176.263,0.0,0.0,0.0,176.263,1170.4392356109684,0.0,0.0,0.0,0.0,0.0,0.0,0.0
1270,scenario_1,81.275,0.0,0.0,0.0,81.275,986.8319439443015,0.0,0.0,0.0,0.0,0.0,0.0,0.0
1271,scenario_1,47.784,0.0,0.0,0.0,47.784,902.1704856109682,0.0,0.0,0.0,0.0,0.0,0.0,0.0
1272,scenario_1,18.908,0.0,0.0,0.0,18.908,852.3954856109682,0.0,0.0,0.0,0.0,0.0,0.0,0.0
1273,scenario_1,23.595,0.0,0.0,0.0,23.595,832.6996522776349,0.0,0.0,0.0,0.0,0.0,0.0,0.0
1274,scenario_1,42.771,0.0,0.0,0.0,42.771,808.1215272776349,0.0,0.0,0.0,0.0,0.0,0.0,0.0
1275,scenario_1,47.413,0.0,0.0,0.0,47.413,763.5684022776348,0.0,0.0,0.0,0.0,0.0,0.0,0.0
1276,scenario_1,55.102,0.0,0.0,0.0,55.102,714.1798606109681,0.0,0.0,0.0,0.0,0.0,0.0,0.0
1277,scenario_1,93.159,0.0,0.0,0.0,93.159,656.7819439443015,0.0,0.0,0.0,0.0,0.0,0.0,0.0
1278,scenario_1,133.164,0.0,61.3917014289115,0.0,71.77229857108848,559.7413189443015,0.0,20.463900476303834,0.0,0.0,0.0,0.0,0.0
1279,scenario_1,230.315,143.05527106289173,0.0,0.0,87.25972893710826,484.978507932751,0.0,0.0,0.0,0.0,0.0,0.0,143.05527106289173
1280,scenario_1,257.065,257.065,0.0,0.0,0.0,394.0829569565965,0.0,0.0,0.0,0.0,0.0,0.0,257.065
1281,scenario_1,195.715,195.715,0.0,0.0,0.0,394.0829569565965,0.0,0.0,0.0,0.0,0.0,0.0,195.715
1282,scenario_1,131.788,525.8709569565966,0.0,394.0829569565966,0.0,394.0829569565965,0.0,0.0,0.0,0.0,0.0,0.0,525.8709569565966
1283,scenario_1,108.097,502.1799569565966,0.0,394.0829569565966,0.0,768.4617660653632,0.0,0.0,0.0,0.0,0.0,0.0,502.1799569565966
1284,scenario_1,92.784,486.8669569565966,0.0,394.0829569565966,0.0,1142.84057517413,0.0,0.0,0.0,0.0,0.0,0.0,486.8669569565966
1285,scenario_1,96.359,96.359,0.0,0.0,0.0,1517.2193842828967,0.0,0.0,0.0,0.0,0.0,0.0,96.359
1286,scenario_1,135.066,486.3934470838542,0.0,351.32744708385417,0.0,1517.2193842828967,0.0,0.0,0.0,0.0,0.0,0.0,486.3934470838542
1287,scenario_1,114.467,114.467,0.0,0.0,0.0,1850.9804590125582,0.0,0.0,0.0,0.0,0.0,0.0,114.467
1288,scenario_1,142.675,142.675,0.0,0.0,0.0,1850.9804590125582,0.0,0.0,0.0,0.0,0.0,0.0,142.675
1289,scenario_1,18.362,18.362,0.0,0.0,0.0,1850.9804590125582,0.0,0.0,0.0,0.0,0.0,0.0,18.362
1290,scenario_1,228.437,0.0,0.0,0.0,228.437,1850.9804590125582,0.0,0.0,0.0,0.0,0.0,0.0,0.0
1291,scenario_1,249.081,0.0,0.0,0.0,249.081,1613.0252506792249,0.0,0.0,0.0,0.0,0.0,0.0,0.0
1292,scenario_1,229.989,0.0,0.0,0.0,229.989,1353.5658756792247,0.0,0.0,0.0,0.0,0.0,0.0,0.0
1293,scenario_1,167.422,0.0,0.0,0.0,167.422,1113.9940006792247,0.0,0.0,0.0,0.0,0.0,0.0,0.0
1294,scenario_1,82.765,0.0,0.0,0.0,82.765,939.596084012558,0.0,0.0,0.0,0.0,0.0,0.0,0.0
1295,scenario_1,45.299,0.0,0.0,0.0,45.299,853.3825423458914,0.0,0.0,0.0,0.0,0.0,0.0,0.0
1296,scenario_1,36.513,0.0,0.0,0.0,36.513,806.196084012558,0.0,0.0,0.0,0.0,0.0,0.0,0.0
1297,scenario_1,38.816,0.0,0.0,0.0,38.816,768.161709012558,0.0,0.0,0.0,0.0,0.0,0.0,0.0
1298,scenario_1,4.484,0.0,0.0,0.0,4.484,727.7283756792247,0.0,0.0,0.0,0.0,0.0,0.0,0.0
1299,scenario_1,46.207,0.0,0.0,0.0,46.207,723.0575423458913,0.0,0.0,0.0,0.0,0.0,0.0,0.0
1300,scenario_1,55.078,0.0,0.0,0.0,55.078,674.9252506792246,0.0,0.0,0.0,0.0,0.0,0.0,0.0
1301,scenario_1,77.293,0.0,0.0,0.0,77.293,617.5523340125579,0.0,0.0,0.0,0.0,0.0,0.0,0.0
1302,scenario_1,137.255,0.017398026277031527,0.0,0.0,137.23760197372297,537.0387923458912,0.0,0.0,0.0,0.0,0.0,0.0,0.017398026277031527
1303,scenario_1,17.828,17.828,0.0,0.0,0.0,394.0829569565965,0.0,0.0,0.0,0.0,0.0,0.0,17.828
1304,scenario_1,207.575,207.575,0.0,0.0,0.0,394.0829569565965,0.0,0.0,0.0,0.0,0.0,0.0,207.575
1305,scenario_1,211.141,519.0614149620972,0.0,307.9204149620972,0.0,394.0829569565965,0.0,0.0,0.0,0.0,0.0,0.0,519.0614149620972
1306,scenario_1,180.617,574.6999569565966,0.0,394.0829569565966,0.0,686.6073511705888,0.0,0.0,0.0,0.0,0.0,0.0,574.6999569565966
1307,scenario_1,136.526,530.6089569565966,0.0,394.0829569565966,0.0,1060.9861602793555,0.0,0.0,0.0,0.0,0.0,0.0,530.6089569565966
1308,scenario_1,122.338,122.338,0.0,0.0,0.0,1435.3649693881223,0.0,0.0,0.0,0.0,0.0,0.0,122.338
1309,scenario_1,123.076,517.1589569565966,0.0,394.0829569565966,0.0,1435.3649693881223,0.0,0.0,0.0,0.0,0.0,0.0,517.1589569565966
1310,scenario_1,126.484,126.484,0.0,0.0,0.0,1809.743778496889,0.0,0.0,0.0,0.0,0.0,0.0,126.484
1311,scenario_1,147.512,147.512,0.0,0.0,0.0,1809.743778496889,0.0,0.0,0.0,0.0,0.0,0.0,147.512
1312,scenario_1,164.779,164.779,0.0,0.0,0.0,1809.743778496889,0.0,0.0,0.0,0.0,0.0,0.0,164.779
1313,scenario_1,190.892,79.47418403348001,0.0,0.0,111.41781596651998,1809.743778496889,0.0,0.0,0.0,0.0,0.0,0.0,79.47418403348001
1314,scenario_1,219.002,0.0,0.0,0.0,219.002,1693.6835535317641,0.0,0.0,0.0,0.0,0.0,0.0,0.0
1315,scenario_1,225.268,0.0,0.0,0.0,225.268,1465.5564701984308,0.0,0.0,0.0,0.0,0.0,0.0,0.0
1316,scenario_1,155.548,0.0,0.0,0.0,155.548,1230.9023035317641,0.0,0.0,0.0,0.0,0.0,0.0,0.0
1317,scenario_1,109.949,0.0,0.0,0.0,109.949,1068.8731368650974,0.0,0.0,0.0,0.0,0.0,0.0,0.0
1318,scenario_1,74.479,0.0,0.0,0.0,74.479,954.3429285317641,0.0,0.0,0.0,0.0,0.0,0.0,0.0
1319,scenario_1,3.6,0.0,0.0,0.0,3.6,876.7606368650974,0.0,0.0,0.0,0.0,0.0,0.0,0.0
1320,scenario_1,1.85,0.0,0.0,0.0,1.85,873.0106368650974,0.0,0.0,0.0,0.0,0.0,0.0,0.0
1321,scenario_1,27.258,0.0,0.0,0.0,27.258,871.083553531764,0.0,0.0,0.0,0.0,0.0,0.0,0.0
1322,scenario_1,27.809,0.0,0.0,0.0,27.809,842.689803531764,0.0,0.0,0.0,0.0,0.0,0.0,0.0
1323,scenario_1,45.867,0.0,0.0,0.0,45.867,813.7220951984307,0.0,0.0,0.0,0.0,0.0,0.0,0.0
1324,scenario_1,7.25,0.0,0.0,0.0,7.25,765.9439701984306,0.0,0.0,0.0,0.0,0.0,0.0,0.0
1325,scenario_1,88.882,0.0,0.0,0.0,88.882,758.3918868650973,0.0,0.0,0.0,0.0,0.0,0.0,0.0
1326,scenario_1,123.391,0.008699013138515763,0.0,0.0,123.3823009868615,665.8064701984306,0.0,0.0,0.0,0.0,0.0,0.0,0.008699013138515763
1327,scenario_1,162.891,153.17222334298555,0.0,0.0,9.718776657014445,537.2832400037832,0.0,0.0,0.0,0.0,0.0,0.0,153.17222334298555
1328,scenario_1,183.977,183.977,0.0,0.0,0.0,527.1595143193932,0.0,0.0,0.0,0.0,0.0,0.0,183.977
1329,scenario_1,153.516,490.48320330240995,0.0,336.96720330241,0.0,527.1595143193932,0.0,0.0,0.0,0.0,0.0,0.0,490.48320330240995
1330,scenario_1,135.648,529.7309569565966,0.0,394.0829569565966,0.0,847.2783574566827,0.0,0.0,0.0,0.0,0.0,0.0,529.7309569565966
1331,scenario_1,144.029,538.1119569565966,0.0,394.0829569565966,0.0,1221.6571665654494,0.0,0.0,0.0,0.0,0.0,0.0,538.1119569565966
1332,scenario_1,150.067,150.067,0.0,0.0,0.0,1596.0359756742162,0.0,0.0,0.0,0.0,0.0,0.0,150.067
1333,scenario_1,176.093,570.1759569565966,0.0,394.0829569565966,0.0,1596.0359756742162,0.0,0.0,0.0,0.0,0.0,0.0,570.1759569565966
1334,scenario_1,139.387,139.387,0.0,0.0,0.0,1970.414784782983,0.0,0.0,0.0,0.0,0.0,0.0,139.387
1335,scenario_1,158.359,158.359,0.0,0.0,0.0,1970.414784782983,0.0,0.0,0.0,0.0,0.0,0.0,158.359
1336,scenario_1,191.544,191.544,0.0,0.0,0.0,1970.414784782983,0.0,0.0,0.0,0.0,0.0,0.0,191.544
1337,scenario_1,205.765,76.60350969776981,0.0,0.0,129.16149030223016,1970.414784782983,0.0,0.0,0.0,0.0,0.0,0.0,76.60350969776981
1338,scenario_1,232.292,0.0,0.0,0.0,232.292,1835.87156571816,0.0,0.0,0.0,0.0,0.0,0.0,0.0
1339,scenario_1,215.941,0.0,0.0,0.0,215.941,1593.9007323848266,0.0,0.0,0.0,0.0,0.0,0.0,0.0
1340,scenario_1,184.528,0.0,0.0,0.0,184.528,1368.96219071816,0.0,0.0,0.0,0.0,0.0,0.0,0.0
1341,scenario_1,119.803,0.0,0.0,0.0,119.803,1176.7455240514932,0.0,0.0,0.0,0.0,0.0,0.0,0.0
1342,scenario_1,73.605,0.0,0.0,0.0,73.605,1051.9507323848266,0.0,0.0,0.0,0.0,0.0,0.0,0.0
1343,scenario_1,48.142,0.0,0.0,0.0,48.142,975.2788573848266,0.0,0.0,0.0,0.0,0.0,0.0,0.0
1344,scenario_1,19.913,0.0,0.0,0.0,19.913,925.1309407181599,0.0,0.0,0.0,0.0,0.0,0.0,0.0
1345,scenario_1,24.556,0.0,0.0,0.0,24.556,904.3882323848266,0.0,0.0,0.0,0.0,0.0,0.0,0.0
1346,scenario_1,40.921,0.0,0.0,0.0,40.921,878.8090657181599,0.0,0.0,0.0,0.0,0.0,0.0,0.0
1347,scenario_1,57.625,0.0,0.0,0.0,57.625,836.1830240514932,0.0,0.0,0.0,0.0,0.0,0.0,0.0
1348,scenario_1,64.498,0.0,0.0,0.0,64.498,776.1569823848266,0.0,0.0,0.0,0.0,0.0,0.0,0.0
1349,scenario_1,83.181,0.0,0.0,0.0,83.181,708.9715657181599,0.0,0.0,0.0,0.0,0.0,0.0,0.0
1350,scenario_1,117.539,0.3566595386791463,0.0,0.0,117.18234046132085,622.3246907181599,0.0,0.0,0.0,0.0,0.0,0.0,0.3566595386791463
1351,scenario_1,222.032,147.42217565842665,0.0,0.0,74.60982434157336,500.25975273761736,0.0,0.0,0.0,0.0,0.0,0.0,147.42217565842665
1352,scenario_1,299.409,299.409,0.0,0.0,0.0,422.5411857151451,0.0,0.0,0.0,0.0,0.0,0.0,299.409
1353,scenario_1,232.307,232.307,0.0,0.0,0.0,422.5411857151451,0.0,0.0,0.0,0.0,0.0,0.0,232.307
1354,scenario_1,147.741,541.8239569565966,0.0,394.0829569565966,0.0,422.5411857151451,0.0,0.0,0.0,0.0,0.0,0.0,541.8239569565966
1355,scenario_1,110.813,504.8959569565966,0.0,394.0829569565966,0.0,796.9199948239118,0.0,0.0,0.0,0.0,0.0,0.0,504.8959569565966
1356,scenario_1,98.589,492.6719569565966,0.0,394.0829569565966,0.0,1171.2988039326785,0.0,0.0,0.0,0.0,0.0,0.0,492.6719569565966
1357,scenario_1,101.035,101.035,0.0,0.0,0.0,1545.6776130414453,0.0,0.0,0.0,0.0,0.0,0.0,101.035
1358,scenario_1,107.615,308.3928763614586,0.0,200.7778763614586,0.0,1545.6776130414453,0.0,0.0,0.0,0.0,0.0,0.0,308.3928763614586
1359,scenario_1,124.099,124.099,0.0,0.0,0.0,1736.416595584831,0.0,0.0,0.0,0.0,0.0,0.0,124.099
1360,scenario_1,167.451,167.451,0.0,0.0,0.0,1736.416595584831,0.0,0.0,0.0,0.0,0.0,0.0,167.451
1361,scenario_1,23.368,23.368,0.0,0.0,0.0,1736.416595584831,0.0,0.0,0.0,0.0,0.0,0.0,23.368
1362,scenario_1,296.672,0.0,0.0,0.0,296.672,1736.416595584831,0.0,0.0,0.0,0.0,0.0,0.0,0.0
1363,scenario_1,29.303,0.0,0.0,0.0,29.303,1427.3832622514976,0.0,0.0,0.0,0.0,0.0,0.0,0.0
1364,scenario_1,254.828,0.0,0.0,0.0,254.828,1396.8593039181642,0.0,0.0,0.0,0.0,0.0,0.0,0.0
1365,scenario_1,137.337,0.0,0.0,0.0,137.337,1131.4134705848307,0.0,0.0,0.0,0.0,0.0,0.0,0.0
1366,scenario_1,66.561,0.0,0.0,0.0,66.561,988.3540955848308,0.0,0.0,0.0,0.0,0.0,0.0,0.0
1367,scenario_1,27.989,0.0,0.0,0.0,27.989,919.0197205848308,0.0,0.0,0.0,0.0,0.0,0.0,0.0
1368,scenario_1,19.174,0.0,0.0,0.0,19.174,889.8645122514974,0.0,0.0,0.0,0.0,0.0,0.0,0.0
1369,scenario_1,20.539,0.0,0.0,0.0,20.539,869.8915955848307,0.0,0.0,0.0,0.0,0.0,0.0,0.0
1370,scenario_1,36.385,0.0,0.0,0.0,36.385,848.496803918164,0.0,0.0,0.0,0.0,0.0,0.0,0.0
1371,scenario_1,47.128,0.0,0.0,0.0,47.128,810.5957622514974,0.0,0.0,0.0,0.0,0.0,0.0,0.0
1372,scenario_1,56.038,0.0,0.0,0.0,56.038,761.5040955848307,0.0,0.0,0.0,0.0,0.0,0.0,0.0
1373,scenario_1,62.154,0.0,0.0,0.0,62.154,703.131178918164,0.0,0.0,0.0,0.0,0.0,0.0,0.0
1374,scenario_1,148.192,0.3653585518176621,0.0,0.0,147.82664144818236,638.387428918164,0.0,0.0,0.0,0.0,0.0,0.0,0.3653585518176621
1375,scenario_1,229.961,143.2553483650776,0.0,0.0,86.70565163492242,484.40134407630734,0.0,0.0,0.0,0.0,0.0,0.0,143.2553483650776
1376,scenario_1,289.258,289.258,0.0,0.0,0.0,394.0829569565965,0.0,0.0,0.0,0.0,0.0,0.0,289.258
1377,scenario_1,233.428,462.8199057191239,0.0,229.3919057191239,0.0,394.0829569565965,0.0,0.0,0.0,0.0,0.0,0.0,462.8199057191239
1378,scenario_1,152.655,546.7379569565966,0.0,394.0829569565966,0.0,612.0052673897642,0.0,0.0,0.0,0.0,0.0,0.0,546.7379569565966
1379,scenario_1,100.431,494.5139569565966,0.0,394.0829569565966,0.0,986.3840764985309,0.0,0.0,0.0,0.0,0.0,0.0,494.5139569565966
1380,scenario_1,97.699,97.699,0.0,0.0,0.0,1360.7628856072977,0.0,0.0,0.0,0.0,0.0,0.0,97.699
1381,scenario_1,99.465,99.465,0.0,0.0,0.0,1360.7628856072977,0.0,0.0,0.0,0.0,0.0,0.0,99.465
1382,scenario_1,115.758,509.8409569565966,0.0,394.0829569565966,0.0,1360.7628856072977,0.0,0.0,0.0,0.0,0.0,0.0,509.8409569565966
1383,scenario_1,109.543,109.543,0.0,0.0,0.0,1735.1416947160644,0.0,0.0,0.0,0.0,0.0,0.0,109.543
1384,scenario_1,16.046,263.70188428096685,0.0,247.65588428096686,0.0,1735.1416947160644,0.0,0.0,0.0,0.0,0.0,0.0,263.70188428096685
1385,scenario_1,165.399,75.14207549049917,0.0,0.0,90.25692450950083,1970.414784782983,0.0,0.0,0.0,0.0,0.0,0.0,75.14207549049917
1386,scenario_1,241.186,0.0,0.0,0.0,241.186,1876.3971550855863,0.0,0.0,0.0,0.0,0.0,0.0,0.0
1387,scenario_1,280.933,0.0,0.0,0.0,280.933,1625.1617384189196,0.0,0.0,0.0,0.0,0.0,0.0,0.0
1388,scenario_1,251.221,0.0,0.0,0.0,251.221,1332.523196752253,0.0,0.0,0.0,0.0,0.0,0.0,0.0
1389,scenario_1,158.453,0.0,0.0,0.0,158.453,1070.8346550855863,0.0,0.0,0.0,0.0,0.0,0.0,0.0
1390,scenario_1,69.636,0.0,0.0,0.0,69.636,905.779446752253,0.0,0.0,0.0,0.0,0.0,0.0,0.0
1391,scenario_1,37.801,0.0,0.0,0.0,37.801,833.2419467522529,0.0,0.0,0.0,0.0,0.0,0.0,0.0
1392,scenario_1,22.948,0.0,0.0,0.0,22.948,793.8659050855863,0.0,0.0,0.0,0.0,0.0,0.0,0.0
1393,scenario_1,44.741,0.0,0.0,0.0,44.741,769.9617384189196,0.0,0.0,0.0,0.0,0.0,0.0,0.0
1394,scenario_1,4.495,0.0,0.0,0.0,4.495,723.3565300855862,0.0,0.0,0.0,0.0,0.0,0.0,0.0
1395,scenario_1,50.993,0.0,0.0,0.0,50.993,718.6742384189196,0.0,0.0,0.0,0.0,0.0,0.0,0.0
1396,scenario_1,5.537,0.0,0.0,0.0,5.537,665.5565300855862,0.0,0.0,0.0,0.0,0.0,0.0,0.0
1397,scenario_1,70.675,0.0,0.0,0.0,70.675,659.7888217522529,0.0,0.0,0.0,0.0,0.0,0.0,0.0
1398,scenario_1,107.993,2.461820718199961,0.0,0.0,105.53117928180004,586.1690300855863,0.0,0.0,0.0,0.0,0.0,0.0,2.461820718199961
1399,scenario_1,208.519,147.49176776353477,0.0,0.0,61.02723223646524,476.24071833371124,0.0,0.0,0.0,0.0,0.0,0.0,147.49176776353477
1400,scenario_1,255.368,255.368,0.0,0.0,0.0,412.67068475405995,0.0,0.0,0.0,0.0,0.0,0.0,255.368
1401,scenario_1,209.959,442.136177851869,0.0,232.17717785186898,0.0,412.67068475405995,0.0,0.0,0.0,0.0,0.0,0.0,442.136177851869
1402,scenario_1,167.864,561.9469569565966,0.0,394.0829569565966,0.0,633.2390037133355,0.0,0.0,0.0,0.0,0.0,0.0,561.9469569565966
1403,scenario_1,121.943,516.0259569565966,0.0,394.0829569565966,0.0,1007.6178128221022,0.0,0.0,0.0,0.0,0.0,0.0,516.0259569565966
1404,scenario_1,103.041,103.041,0.0,0.0,0.0,1381.996621930869,0.0,0.0,0.0,0.0,0.0,0.0,103.041
1405,scenario_1,117.073,117.073,0.0,0.0,0.0,1381.996621930869,0.0,0.0,0.0,0.0,0.0,0.0,117.073
1406,scenario_1,116.656,510.7389569565966,0.0,394.0829569565966,0.0,1381.996621930869,0.0,0.0,0.0,0.0,0.0,0.0,510.7389569565966
1407,scenario_1,133.557,133.557,0.0,0.0,0.0,1756.3754310396357,0.0,0.0,0.0,0.0,0.0,0.0,133.557
1408,scenario_1,163.189,163.189,0.0,0.0,0.0,1756.3754310396357,0.0,0.0,0.0,0.0,0.0,0.0,163.189
1409,scenario_1,20.299,20.299,0.0,0.0,0.0,1756.3754310396357,0.0,0.0,0.0,0.0,0.0,0.0,20.299
1410,scenario_1,247.091,0.0,0.0,0.0,247.091,1756.3754310396357,0.0,0.0,0.0,0.0,0.0,0.0,0.0
1411,scenario_1,278.856,0.0,0.0,0.0,278.856,1498.9889727063023,0.0,0.0,0.0,0.0,0.0,0.0,0.0
1412,scenario_1,21.799,0.0,0.0,0.0,21.799,1208.5139727063022,0.0,0.0,0.0,0.0,0.0,0.0,0.0
1413,scenario_1,142.084,0.0,0.0,0.0,142.084,1185.8066810396356,0.0,0.0,0.0,0.0,0.0,0.0,0.0
1414,scenario_1,51.517,0.0,0.0,0.0,51.517,1037.802514372969,0.0,0.0,0.0,0.0,0.0,0.0,0.0
1415,scenario_1,23.473,0.0,0.0,0.0,23.473,984.1389727063023,0.0,0.0,0.0,0.0,0.0,0.0,0.0
1416,scenario_1,38.312,0.0,0.0,0.0,38.312,959.6879310396356,0.0,0.0,0.0,0.0,0.0,0.0,0.0
1417,scenario_1,45.706,0.0,0.0,0.0,45.706,919.7795977063023,0.0,0.0,0.0,0.0,0.0,0.0,0.0
1418,scenario_1,50.513,0.0,0.0,0.0,50.513,872.1691810396356,0.0,0.0,0.0,0.0,0.0,0.0,0.0
1419,scenario_1,49.044,0.0,0.0,0.0,49.044,819.5514727063023,0.0,0.0,0.0,0.0,0.0,0.0,0.0
1420,scenario_1,60.783,0.0,0.0,0.0,60.783,768.4639727063023,0.0,0.0,0.0,0.0,0.0,0.0,0.0
1421,scenario_1,79.694,0.0,0.0,0.0,79.694,705.1483477063024,0.0,0.0,0.0,0.0,0.0,0.0,0.0
1422,scenario_1,130.514,1.5571233517943215,0.0,0.0,128.95687664820568,622.133764372969,0.0,0.0,0.0,0.0,0.0,0.0,1.5571233517943215
1423,scenario_1,208.408,144.85596678256448,0.0,0.0,63.55203321743551,487.80368453108815,0.0,0.0,0.0,0.0,0.0,0.0,144.85596678256448
1424,scenario_1,263.246,263.246,0.0,0.0,0.0,421.60364992959285,0.0,0.0,0.0,0.0,0.0,0.0,263.246
1425,scenario_1,251.478,251.478,0.0,0.0,0.0,421.60364992959285,0.0,0.0,0.0,0.0,0.0,0.0,251.478
1426,scenario_1,161.429,555.5119569565966,0.0,394.0829569565966,0.0,421.60364992959285,0.0,0.0,0.0,0.0,0.0,0.0,555.5119569565966
1427,scenario_1,10.36,404.4429569565966,0.0,394.0829569565966,0.0,795.9824590383596,0.0,0.0,0.0,0.0,0.0,0.0,404.4429569565966
1428,scenario_1,86.018,480.10095695659663,0.0,394.0829569565966,0.0,1170.3612681471263,0.0,0.0,0.0,0.0,0.0,0.0,480.10095695659663
1429,scenario_1,92.351,92.351,0.0,0.0,0.0,1544.740077255893,0.0,0.0,0.0,0.0,0.0,0.0,92.351
1430,scenario_1,9.553,403.6359569565966,0.0,394.0829569565966,0.0,1544.740077255893,0.0,0.0,0.0,0.0,0.0,0.0,403.6359569565966
1431,scenario_1,132.416,132.416,0.0,0.0,0.0,1919.1188863646598,0.0,0.0,0.0,0.0,0.0,0.0,132.416
1432,scenario_1,163.123,163.123,0.0,0.0,0.0,1919.1188863646598,0.0,0.0,0.0,0.0,0.0,0.0,163.123
1433,scenario_1,181.354,65.10341432865198,0.0,0.0,116.25058567134803,1919.1188863646598,0.0,0.0,0.0,0.0,0.0,0.0,65.10341432865198
1434,scenario_1,250.653,0.0,0.0,0.0,250.653,1798.024526290339,0.0,0.0,0.0,0.0,0.0,0.0,0.0
1435,scenario_1,277.474,0.0,0.0,0.0,277.474,1536.927651290339,0.0,0.0,0.0,0.0,0.0,0.0,0.0
1436,scenario_1,210.777,0.0,0.0,0.0,210.777,1247.8922346236725,0.0,0.0,0.0,0.0,0.0,0.0,0.0
1437,scenario_1,155.439,0.0,0.0,0.0,155.439,1028.3328596236724,0.0,0.0,0.0,0.0,0.0,0.0,0.0
1438,scenario_1,90.709,0.0,0.0,0.0,90.709,866.4172346236725,0.0,0.0,0.0,0.0,0.0,0.0,0.0
1439,scenario_1,49.592,0.0,0.0,0.0,49.592,771.9286929570058,0.0,0.0,0.0,0.0,0.0,0.0,0.0
1440,scenario_1,22.758,0.0,0.0,0.0,22.758,720.2703596236724,0.0,0.0,0.0,0.0,0.0,0.0,0.0
1441,scenario_1,45.617,0.0,0.0,0.0,45.617,696.5641096236725,0.0,0.0,0.0,0.0,0.0,0.0,0.0
1442,scenario_1,46.485,0.0,0.0,0.0,46.485,649.0464012903392,0.0,0.0,0.0,0.0,0.0,0.0,0.0
1443,scenario_1,49.805,0.0,0.0,0.0,49.805,600.6245262903392,0.0,0.0,0.0,0.0,0.0,0.0,0.0
1444,scenario_1,4.622,0.0,0.0,0.0,4.622,548.7443179570058,0.0,0.0,0.0,0.0,0.0,0.0,0.0
1445,scenario_1,59.443,0.0,0.0,0.0,59.443,543.9297346236725,0.0,0.0,0.0,0.0,0.0,0.0,0.0
1446,scenario_1,11.465,1.1308717080070492,0.0,0.0,10.33412829199295,482.0099429570059,0.0,0.0,0.0,0.0,0.0,0.0,1.1308717080070492
1447,scenario_1,212.277,138.20122173159993,0.0,0.0,74.07577826840006,471.2452259861799,0.0,0.0,0.0,0.0,0.0,0.0,138.20122173159993
1448,scenario_1,239.014,239.014,0.0,0.0,0.0,394.0829569565965,0.0,0.0,0.0,0.0,0.0,0.0,239.014
1449,scenario_1,21.526,415.6089569565966,0.0,394.0829569565966,0.0,394.0829569565965,0.0,0.0,0.0,0.0,0.0,0.0,415.6089569565966
1450,scenario_1,144.618,538.7009569565967,0.0,394.0829569565966,0.0,768.4617660653632,0.0,0.0,0.0,0.0,0.0,0.0,538.7009569565967
1451,scenario_1,126.024,520.1069569565966,0.0,394.0829569565966,0.0,1142.84057517413,0.0,0.0,0.0,0.0,0.0,0.0,520.1069569565966
1452,scenario_1,102.702,102.702,0.0,0.0,0.0,1517.2193842828967,0.0,0.0,0.0,0.0,0.0,0.0,102.702
1453,scenario_1,105.834,499.9169569565966,0.0,394.0829569565966,0.0,1517.2193842828967,0.0,0.0,0.0,0.0,0.0,0.0,499.9169569565966
1454,scenario_1,136.117,219.08183304349413,0.0,82.96483304349414,0.0,1891.5981933916635,0.0,0.0,0.0,0.0,0.0,0.0,219.08183304349413
1455,scenario_1,140.344,140.344,0.0,0.0,0.0,1970.414784782983,0.0,0.0,0.0,0.0,0.0,0.0,140.344
1456,scenario_1,140.107,140.107,0.0,0.0,0.0,1970.414784782983,0.0,0.0,0.0,0.0,0.0,0.0,140.107
1457,scenario_1,204.816,58.779231776951015,0.0,0.0,146.036768223049,1970.414784782983,0.0,0.0,0.0,0.0,0.0,0.0,58.779231776951015
1458,scenario_1,257.205,0.0,40.57438050713054,0.0,216.63061949286944,1818.2931512173068,0.0,13.524793502376847,0.0,0.0,0.0,0.0,0.0
1459,scenario_1,295.994,0.0,61.3917014289115,0.0,234.6022985710885,1592.6362559122344,0.0,20.463900476303834,0.0,0.0,0.0,0.0,0.0
1460,scenario_1,236.126,0.0,0.0,0.0,236.126,1348.2588615673506,0.0,0.0,0.0,0.0,0.0,0.0,0.0
1461,scenario_1,151.212,0.0,0.0,0.0,151.212,1102.2942782340172,0.0,0.0,0.0,0.0,0.0,0.0,0.0
1462,scenario_1,86.111,0.0,0.0,0.0,86.111,944.7817782340171,0.0,0.0,0.0,0.0,0.0,0.0,0.0
1463,scenario_1,5.232,0.0,0.0,0.0,5.232,855.0828199006838,0.0,0.0,0.0,0.0,0.0,0.0,0.0
1464,scenario_1,39.174,0.0,0.0,0.0,39.174,849.6328199006838,0.0,0.0,0.0,0.0,0.0,0.0,0.0
1465,scenario_1,44.749,0.0,0.0,0.0,44.749,808.8265699006838,0.0,0.0,0.0,0.0,0.0,0.0,0.0
1466,scenario_1,46.257,0.0,0.0,0.0,46.257,762.2130282340171,0.0,0.0,0.0,0.0,0.0,0.0,0.0
1467,scenario_1,47.887,0.0,0.0,0.0,47.887,714.028653234017,0.0,0.0,0.0,0.0,0.0,0.0,0.0
1468,scenario_1,68.843,0.0,0.0,0.0,68.843,664.1463615673504,0.0,0.0,0.0,0.0,0.0,0.0,0.0
1469,scenario_1,81.876,0.0,0.0,0.0,81.876,592.434903234017,0.0,0.0,0.0,0.0,0.0,0.0,0.0
1470,scenario_1,110.908,2.366131573676288,0.0,0.0,108.54186842632372,507.147403234017,0.0,0.0,0.0,0.0,0.0,0.0,2.366131573676288
1471,scenario_1,153.798,109.90333199200816,43.89466800799184,0.0,0.0,394.0829569565965,0.0,14.631556002663947,0.0,0.0,0.0,0.0,109.90333199200816
1472,scenario_1,213.182,338.5829893773105,0.0,125.40098937731054,0.0,394.0829569565965,0.0,0.0,0.0,0.0,0.0,0.0,338.5829893773105
1473,scenario_1,187.491,187.491,0.0,0.0,0.0,513.2138968650415,0.0,0.0,0.0,0.0,0.0,0.0,187.491
1474,scenario_1,161.937,556.0199569565966,0.0,394.0829569565966,0.0,513.2138968650415,0.0,0.0,0.0,0.0,0.0,0.0,556.0199569565966
1475,scenario_1,141.271,535.3539569565966,0.0,394.0829569565966,0.0,887.5927059738083,0.0,0.0,0.0,0.0,0.0,0.0,535.3539569565966
1476,scenario_1,164.183,558.2659569565966,0.0,394.0829569565966,0.0,1261.971515082575,0.0,0.0,0.0,0.0,0.0,0.0,558.2659569565966
1477,scenario_1,172.004,172.004,0.0,0.0,0.0,1636.3503241913418,0.0,0.0,0.0,0.0,0.0,0.0,172.004
1478,scenario_1,137.072,488.7188006227802,0.0,351.6468006227802,0.0,1636.3503241913418,0.0,0.0,0.0,0.0,0.0,0.0,488.7188006227802
1479,scenario_1,145.273,145.273,0.0,0.0,0.0,1970.414784782983,0.0,0.0,0.0,0.0,0.0,0.0,145.273
1480,scenario_1,181.043,181.043,0.0,0.0,0.0,1970.414784782983,0.0,0.0,0.0,0.0,0.0,0.0,181.043
1481,scenario_1,222.106,60.17977289225205,0.0,0.0,161.92622710774793,1970.414784782983,0.0,0.0,0.0,0.0,0.0,0.0,60.17977289225205
1482,scenario_1,242.142,0.0,0.0,0.0,242.142,1801.7416315457453,0.0,0.0,0.0,0.0,0.0,0.0,0.0
1483,scenario_1,234.675,0.0,0.0,0.0,234.675,1549.5103815457453,0.0,0.0,0.0,0.0,0.0,0.0,0.0
1484,scenario_1,180.379,0.0,0.0,0.0,180.379,1305.0572565457453,0.0,0.0,0.0,0.0,0.0,0.0,0.0
1485,scenario_1,110.428,0.0,0.0,0.0,110.428,1117.1624648790787,0.0,0.0,0.0,0.0,0.0,0.0,0.0
1486,scenario_1,71.119,0.0,0.0,0.0,71.119,1002.133298212412,0.0,0.0,0.0,0.0,0.0,0.0,0.0
1487,scenario_1,30.141,0.0,0.0,0.0,30.141,928.0510065457453,0.0,0.0,0.0,0.0,0.0,0.0,0.0
1488,scenario_1,3.77,0.0,0.0,0.0,3.77,896.6541315457453,0.0,0.0,0.0,0.0,0.0,0.0,0.0
1489,scenario_1,44.416,0.0,0.0,0.0,44.416,892.7270482124119,0.0,0.0,0.0,0.0,0.0,0.0,0.0
1490,scenario_1,43.851,0.0,0.0,0.0,43.851,846.4603815457452,0.0,0.0,0.0,0.0,0.0,0.0,0.0
1491,scenario_1,43.729,0.0,0.0,0.0,43.729,800.7822565457452,0.0,0.0,0.0,0.0,0.0,0.0,0.0
1492,scenario_1,53.956,0.0,0.0,0.0,53.956,755.2312148790785,0.0,0.0,0.0,0.0,0.0,0.0,0.0
1493,scenario_1,8.875,0.0,0.0,0.0,8.875,699.0270482124118,0.0,0.0,0.0,0.0,0.0,0.0,0.0
1494,scenario_1,134.012,2.8097812437405913,0.0,0.0,131.2022187562594,689.7822565457452,0.0,0.0,0.0,0.0,0.0,0.0,2.8097812437405913
1495,scenario_1,184.173,136.93986482651516,0.0,0.0,47.23313517348484,553.1132786746416,0.0,0.0,0.0,0.0,0.0,0.0,136.93986482651516
1496,scenario_1,189.405,318.8362295528798,0.0,129.43122955287978,0.0,503.9120962022616,0.0,0.0,0.0,0.0,0.0,0.0,318.8362295528798
1497,scenario_1,198.813,198.813,0.0,0.0,0.0,626.8717642774974,0.0,0.0,0.0,0.0,0.0,0.0,198.813
1498,scenario_1,143.763,537.8459569565966,0.0,394.0829569565966,0.0,626.8717642774974,0.0,0.0,0.0,0.0,0.0,0.0,537.8459569565966
1499,scenario_1,137.662,531.7449569565966,0.0,394.0829569565966,0.0,1001.2505733862641,0.0,0.0,0.0,0.0,0.0,0.0,531.7449569565966
1500,scenario_1,156.573,156.573,0.0,0.0,0.0,1375.6293824950308,0.0,0.0,0.0,0.0,0.0,0.0,156.573
1501,scenario_1,127.398,521.4809569565966,0.0,394.0829569565966,0.0,1375.6293824950308,0.0,0.0,0.0,0.0,0.0,0.0,521.4809569565966
1502,scenario_1,138.834,138.834,0.0,0.0,0.0,1750.0081916037975,0.0,0.0,0.0,0.0,0.0,0.0,138.834
1503,scenario_1,15.489,168.87879415557478,0.0,153.38979415557478,0.0,1750.0081916037975,0.0,0.0,0.0,0.0,0.0,0.0,168.87879415557478
1504,scenario_1,196.921,196.921,0.0,0.0,0.0,1895.7284960515935,0.0,0.0,0.0,0.0,0.0,0.0,196.921
1505,scenario_1,22.699,22.699,0.0,0.0,0.0,1895.7284960515935,0.0,0.0,0.0,0.0,0.0,0.0,22.699
1506,scenario_1,252.246,0.0,0.0,0.0,252.246,1895.7284960515935,0.0,0.0,0.0,0.0,0.0,0.0,0.0
1507,scenario_1,239.054,0.0,0.0,0.0,239.054,1632.9722460515934,0.0,0.0,0.0,0.0,0.0,0.0,0.0
1508,scenario_1,170.359,0.0,0.0,0.0,170.359,1383.95766271826,0.0,0.0,0.0,0.0,0.0,0.0,0.0
1509,scenario_1,119.398,0.0,0.0,0.0,119.398,1206.5003710515934,0.0,0.0,0.0,0.0,0.0,0.0,0.0
1510,scenario_1,71.176,0.0,0.0,0.0,71.176,1082.1274543849268,0.0,0.0,0.0,0.0,0.0,0.0,0.0
1511,scenario_1,29.337,0.0,0.0,0.0,29.337,1007.98578771826,0.0,0.0,0.0,0.0,0.0,0.0,0.0
1512,scenario_1,22.892,0.0,0.0,0.0,22.892,977.4264127182599,0.0,0.0,0.0,0.0,0.0,0.0,0.0
1513,scenario_1,28.524,0.0,0.0,0.0,28.524,953.5805793849266,0.0,0.0,0.0,0.0,0.0,0.0,0.0
1514,scenario_1,37.592,0.0,0.0,0.0,37.592,923.8680793849267,0.0,0.0,0.0,0.0,0.0,0.0,0.0
1515,scenario_1,48.058,0.0,0.0,0.0,48.058,884.7097460515934,0.0,0.0,0.0,0.0,0.0,0.0,0.0
1516,scenario_1,62.434,0.0,0.0,0.0,62.434,834.6493293849267,0.0,0.0,0.0,0.0,0.0,0.0,0.0
1517,scenario_1,82.362,0.0,0.0,0.0,82.362,769.6139127182599,0.0,0.0,0.0,0.0,0.0,0.0,0.0
1518,scenario_1,140.582,1.8876858510579206,0.0,0.0,138.69431414894208,683.8201627182599,0.0,0.0,0.0,0.0,0.0,0.0,1.8876858510579206
1519,scenario_1,206.375,142.58552435341187,0.0,0.0,63.78947564658813,539.3469188131119,0.0,0.0,0.0,0.0,0.0,0.0,142.58552435341187
1520,scenario_1,247.233,247.233,0.0,0.0,0.0,472.8995483479159,0.0,0.0,0.0,0.0,0.0,0.0,247.233
1521,scenario_1,230.719,230.719,0.0,0.0,0.0,472.8995483479159,0.0,0.0,0.0,0.0,0.0,0.0,230.719
1522,scenario_1,146.648,540.7309569565966,0.0,394.0829569565966,0.0,472.8995483479159,0.0,0.0,0.0,0.0,0.0,0.0,540.7309569565966
1523,scenario_1,105.277,499.3599569565966,0.0,394.0829569565966,0.0,847.2783574566827,0.0,0.0,0.0,0.0,0.0,0.0,499.3599569565966
1524,scenario_1,87.416,481.4989569565966,0.0,394.0829569565966,0.0,1221.6571665654494,0.0,0.0,0.0,0.0,0.0,0.0,481.4989569565966
1525,scenario_1,92.004,92.004,0.0,0.0,0.0,1596.0359756742162,0.0,0.0,0.0,0.0,0.0,0.0,92.004
1526,scenario_1,121.928,516.0109569565966,0.0,394.0829569565966,0.0,1596.0359756742162,0.0,0.0,0.0,0.0,0.0,0.0,516.0109569565966
1527,scenario_1,132.291,132.291,0.0,0.0,0.0,1970.414784782983,0.0,0.0,0.0,0.0,0.0,0.0,132.291
1528,scenario_1,13.805,13.805,0.0,0.0,0.0,1970.414784782983,0.0,0.0,0.0,0.0,0.0,0.0,13.805
1529,scenario_1,181.687,56.865448886477544,0.0,0.0,124.82155111352247,1970.414784782983,0.0,0.0,0.0,0.0,0.0,0.0,56.865448886477544
1530,scenario_1,246.659,0.0,0.0,0.0,246.659,1840.392335706397,0.0,0.0,0.0,0.0,0.0,0.0,0.0
1531,scenario_1,301.476,0.0,0.0,0.0,301.476,1583.4558773730637,0.0,0.0,0.0,0.0,0.0,0.0,0.0
1532,scenario_1,260.336,0.0,0.0,0.0,260.336,1269.4183773730638,0.0,0.0,0.0,0.0,0.0,0.0,0.0
1533,scenario_1,16.965,0.0,0.0,0.0,16.965,998.2350440397304,0.0,0.0,0.0,0.0,0.0,0.0,0.0
1534,scenario_1,64.282,0.0,0.0,0.0,64.282,980.5631690397304,0.0,0.0,0.0,0.0,0.0,0.0,0.0
1535,scenario_1,34.395,0.0,0.0,0.0,34.395,913.6027523730637,0.0,0.0,0.0,0.0,0.0,0.0,0.0
1536,scenario_1,37.523,0.0,0.0,0.0,37.523,877.7746273730637,0.0,0.0,0.0,0.0,0.0,0.0,0.0
1537,scenario_1,46.971,0.0,0.0,0.0,46.971,838.6881690397304,0.0,0.0,0.0,0.0,0.0,0.0,0.0
1538,scenario_1,5.271,0.0,0.0,0.0,5.271,789.7600440397304,0.0,0.0,0.0,0.0,0.0,0.0,0.0
1539,scenario_1,57.696,0.0,0.0,0.0,57.696,784.2694190397303,0.0,0.0,0.0,0.0,0.0,0.0,0.0
1540,scenario_1,61.925,0.0,0.0,0.0,61.925,724.1694190397303,0.0,0.0,0.0,0.0,0.0,0.0,0.0
1541,scenario_1,103.777,0.0,0.0,0.0,103.777,659.664210706397,0.0,0.0,0.0,0.0,0.0,0.0,0.0
1542,scenario_1,15.457,3.2099358481123166,0.0,0.0,12.247064151887685,551.5631690397303,0.0,0.0,0.0,0.0,0.0,0.0,3.2099358481123166
1543,scenario_1,231.387,126.3705638632185,0.0,0.0,105.0164361367815,538.8058105481806,0.0,0.0,0.0,0.0,0.0,0.0,126.3705638632185
1544,scenario_1,275.411,275.411,0.0,0.0,0.0,429.41368957236654,0.0,0.0,0.0,0.0,0.0,0.0,275.411
1545,scenario_1,239.804,239.804,0.0,0.0,0.0,429.41368957236654,0.0,0.0,0.0,0.0,0.0,0.0,239.804
1546,scenario_1,135.055,529.1379569565966,0.0,394.0829569565966,0.0,429.41368957236654,0.0,0.0,0.0,0.0,0.0,0.0,529.1379569565966
1547,scenario_1,106.942,501.0249569565966,0.0,394.0829569565966,0.0,803.7924986811333,0.0,0.0,0.0,0.0,0.0,0.0,501.0249569565966
1548,scenario_1,93.594,487.6769569565966,0.0,394.0829569565966,0.0,1178.1713077899,0.0,0.0,0.0,0.0,0.0,0.0,487.6769569565966
1549,scenario_1,100.985,100.985,0.0,0.0,0.0,1552.5501168986668,0.0,0.0,0.0,0.0,0.0,0.0,100.985
1550,scenario_1,108.628,502.7109569565966,0.0,394.0829569565966,0.0,1552.5501168986668,0.0,0.0,0.0,0.0,0.0,0.0,502.7109569565966
1551,scenario_1,131.937,177.71158818478878,0.0,45.774588184788776,0.0,1926.9289260074336,0.0,0.0,0.0,0.0,0.0,0.0,177.71158818478878
1552,scenario_1,151.372,151.372,0.0,0.0,0.0,1970.414784782983,0.0,0.0,0.0,0.0,0.0,0.0,151.372
1553,scenario_1,188.523,48.53179429977944,0.0,0.0,139.99120570022055,1970.414784782983,0.0,0.0,0.0,0.0,0.0,0.0,48.53179429977944
1554,scenario_1,249.329,0.0,60.75958598947335,0.0,188.56941401052666,1824.5906121785865,0.0,20.25319532982445,0.0,0.0,0.0,0.0,0.0
1555,scenario_1,276.383,0.0,0.0,0.0,276.383,1628.1641392509546,0.0,0.0,0.0,0.0,0.0,0.0,0.0
1556,scenario_1,224.574,0.0,0.0,0.0,224.574,1340.2651809176214,0.0,0.0,0.0,0.0,0.0,0.0,0.0
1557,scenario_1,16.599,0.0,0.0,0.0,16.599,1106.3339309176213,0.0,0.0,0.0,0.0,0.0,0.0,0.0
1558,scenario_1,78.281,0.0,0.0,0.0,78.281,1089.0433059176212,0.0,0.0,0.0,0.0,0.0,0.0,0.0
1559,scenario_1,33.126,0.0,33.126,0.0,0.0,1007.5005975842878,0.0,11.042,0.0,0.0,0.0,0.0,0.0
1560,scenario_1,34.315,0.0,0.0,0.0,34.315,1007.5005975842878,0.0,0.0,0.0,0.0,0.0,0.0,0.0
1561,scenario_1,46.698,0.0,0.0,0.0,46.698,971.7558059176212,0.0,0.0,0.0,0.0,0.0,0.0,0.0
1562,scenario_1,47.343,0.0,0.0,0.0,47.343,923.1120559176212,0.0,0.0,0.0,0.0,0.0,0.0,0.0
1563,scenario_1,43.776,0.0,0.0,0.0,43.776,873.7964309176213,0.0,0.0,0.0,0.0,0.0,0.0,0.0
1564,scenario_1,56.807,0.0,0.0,0.0,56.807,828.1964309176212,0.0,0.0,0.0,0.0,0.0,0.0,0.0
1565,scenario_1,72.411,0.0,0.0,0.0,72.411,769.0224725842879,0.0,0.0,0.0,0.0,0.0,0.0,0.0
1566,scenario_1,142.736,4.132031240794987,0.0,0.0,138.603968759205,693.5943475842879,0.0,0.0,0.0,0.0,0.0,0.0,4.132031240794987
1567,scenario_1,221.926,133.79952108351097,0.0,0.0,88.12647891648902,549.215213460116,0.0,0.0,0.0,0.0,0.0,0.0,133.79952108351097
1568,scenario_1,278.415,217.61451267311034,0.0,0.0,60.80048732688968,457.4167979221066,0.0,0.0,0.0,0.0,0.0,0.0,217.61451267311034
1569,scenario_1,242.104,242.104,0.0,0.0,0.0,394.0829569565965,0.0,0.0,0.0,0.0,0.0,0.0,242.104
1570,scenario_1,172.925,567.0079569565967,0.0,394.0829569565966,0.0,394.0829569565965,0.0,0.0,0.0,0.0,0.0,0.0,567.0079569565967
1571,scenario_1,103.888,497.97095695659664,0.0,394.0829569565966,0.0,768.4617660653632,0.0,0.0,0.0,0.0,0.0,0.0,497.97095695659664
1572,scenario_1,9.364,403.4469569565966,0.0,394.0829569565966,0.0,1142.84057517413,0.0,0.0,0.0,0.0,0.0,0.0,403.4469569565966
1573,scenario_1,100.589,100.589,0.0,0.0,0.0,1517.2193842828967,0.0,0.0,0.0,0.0,0.0,0.0,100.589
1574,scenario_1,127.939,386.37138982552756,0.0,258.4323898255276,0.0,1517.2193842828967,0.0,0.0,0.0,0.0,0.0,0.0,386.37138982552756
1575,scenario_1,124.761,124.761,0.0,0.0,0.0,1762.730154617148,0.0,0.0,0.0,0.0,0.0,0.0,124.761
1576,scenario_1,144.586,144.586,0.0,0.0,0.0,1762.730154617148,0.0,0.0,0.0,0.0,0.0,0.0,144.586
1577,scenario_1,181.597,57.517874871866226,0.0,0.0,124.07912512813378,1762.730154617148,0.0,0.0,0.0,0.0,0.0,0.0,57.517874871866226
1578,scenario_1,274.524,0.0,0.0,0.0,274.524,1633.4810659420086,0.0,0.0,0.0,0.0,0.0,0.0,0.0
1579,scenario_1,28.63,0.0,0.0,0.0,28.63,1347.5185659420085,0.0,0.0,0.0,0.0,0.0,0.0,0.0
1580,scenario_1,239.289,0.0,0.0,0.0,239.289,1317.6956492753418,0.0,0.0,0.0,0.0,0.0,0.0,0.0
1581,scenario_1,143.107,0.0,0.0,0.0,143.107,1068.4362742753417,0.0,0.0,0.0,0.0,0.0,0.0,0.0
1582,scenario_1,82.155,0.0,0.0,0.0,82.155,919.366482608675,0.0,0.0,0.0,0.0,0.0,0.0,0.0
1583,scenario_1,33.917,0.0,0.0,0.0,33.917,833.788357608675,0.0,0.0,0.0,0.0,0.0,0.0,0.0
1584,scenario_1,3.689,0.0,0.0,0.0,3.689,798.4581492753417,0.0,0.0,0.0,0.0,0.0,0.0,0.0
1585,scenario_1,4.664,0.0,0.0,0.0,4.664,794.6154409420084,0.0,0.0,0.0,0.0,0.0,0.0,0.0
1586,scenario_1,46.651,0.0,0.0,0.0,46.651,789.757107608675,0.0,0.0,0.0,0.0,0.0,0.0,0.0
1587,scenario_1,49.465,0.0,0.0,0.0,49.465,741.1623159420084,0.0,0.0,0.0,0.0,0.0,0.0,0.0
1588,scenario_1,49.466,0.0,0.0,0.0,49.466,689.6362742753417,0.0,0.0,0.0,0.0,0.0,0.0,0.0
1589,scenario_1,60.964,0.0,0.0,0.0,60.964,638.1091909420085,0.0,0.0,0.0,0.0,0.0,0.0,0.0
1590,scenario_1,12.555,5.097621699170237,0.0,0.0,7.457378300829762,574.6050242753417,0.0,0.0,0.0,0.0,0.0,0.0,5.097621699170237
1591,scenario_1,224.858,134.67812141050106,0.0,0.0,90.17987858949894,566.836921878644,0.0,0.0,0.0,0.0,0.0,0.0,134.67812141050106
1592,scenario_1,264.914,264.914,0.0,0.0,0.0,472.8995483479159,0.0,0.0,0.0,0.0,0.0,0.0,264.914
1593,scenario_1,21.935,416.0179569565966,0.0,394.0829569565966,0.0,472.8995483479159,0.0,0.0,0.0,0.0,0.0,0.0,416.0179569565966
1594,scenario_1,149.787,543.8699569565966,0.0,394.0829569565966,0.0,847.2783574566827,0.0,0.0,0.0,0.0,0.0,0.0,543.8699569565966
1595,scenario_1,123.911,123.911,0.0,0.0,0.0,1221.6571665654494,0.0,0.0,0.0,0.0,0.0,0.0,123.911
1596,scenario_1,106.706,500.7889569565966,0.0,394.0829569565966,0.0,1221.6571665654494,0.0,0.0,0.0,0.0,0.0,0.0,500.7889569565966
1597,scenario_1,106.179,106.179,0.0,0.0,0.0,1596.0359756742162,0.0,0.0,0.0,0.0,0.0,0.0,106.179
1598,scenario_1,104.051,498.1339569565966,0.0,394.0829569565966,0.0,1596.0359756742162,0.0,0.0,0.0,0.0,0.0,0.0,498.1339569565966
1599,scenario_1,11.145,11.145,0.0,0.0,0.0,1970.414784782983,0.0,0.0,0.0,0.0,0.0,0.0,11.145
1600,scenario_1,134.931,134.931,0.0,0.0,0.0,1970.414784782983,0.0,0.0,0.0,0.0,0.0,0.0,134.931
1601,scenario_1,188.617,57.93542750251499,61.3917014289115,0.0,69.2898710685735,1970.414784782983,0.0,20.463900476303834,0.0,0.0,0.0,0.0,57.93542750251499
1602,scenario_1,238.276,0.0,52.81606504136292,0.0,185.4599349586371,1898.2378357532189,0.0,17.60535501378764,0.0,0.0,0.0,0.0,0.0
1603,scenario_1,267.897,0.0,0.0,0.0,267.897,1705.0504035046386,0.0,0.0,0.0,0.0,0.0,0.0,0.0
1604,scenario_1,218.734,0.0,0.0,0.0,218.734,1425.9910285046385,0.0,0.0,0.0,0.0,0.0,0.0,0.0
1605,scenario_1,176.213,0.0,0.0,0.0,176.213,1198.143111837972,0.0,0.0,0.0,0.0,0.0,0.0,0.0
1606,scenario_1,76.531,0.0,0.0,0.0,76.531,1014.5879035046386,0.0,0.0,0.0,0.0,0.0,0.0,0.0
1607,scenario_1,25.425,0.0,0.0,0.0,25.425,934.8681118379719,0.0,0.0,0.0,0.0,0.0,0.0,0.0
1608,scenario_1,3.681,0.0,0.0,0.0,3.681,908.3837368379719,0.0,0.0,0.0,0.0,0.0,0.0,0.0
1609,scenario_1,43.271,0.0,0.0,0.0,43.271,904.5493618379719,0.0,0.0,0.0,0.0,0.0,0.0,0.0
1610,scenario_1,43.225,0.0,0.0,0.0,43.225,859.4754035046386,0.0,0.0,0.0,0.0,0.0,0.0,0.0
1611,scenario_1,44.171,0.0,0.0,0.0,44.171,814.449361837972,0.0,0.0,0.0,0.0,0.0,0.0,0.0
1612,scenario_1,53.356,0.0,0.0,0.0,53.356,768.4379035046386,0.0,0.0,0.0,0.0,0.0,0.0,0.0
1613,scenario_1,86.083,0.0,0.0,0.0,86.083,712.858736837972,0.0,0.0,0.0,0.0,0.0,0.0,0.0
1614,scenario_1,137.635,5.549970382373057,0.0,0.0,132.08502961762693,623.1889451713052,0.0,0.0,0.0,0.0,0.0,0.0,5.549970382373057
1615,scenario_1,230.825,142.96828093150657,0.0,0.0,87.85671906849342,485.6003726529438,0.0,0.0,0.0,0.0,0.0,0.0,142.96828093150657
1616,scenario_1,249.044,249.044,0.0,0.0,0.0,394.0829569565965,0.0,0.0,0.0,0.0,0.0,0.0,249.044
1617,scenario_1,230.941,230.941,0.0,0.0,0.0,394.0829569565965,0.0,0.0,0.0,0.0,0.0,0.0,230.941
1618,scenario_1,136.311,530.3939569565966,0.0,394.0829569565966,0.0,394.0829569565965,0.0,0.0,0.0,0.0,0.0,0.0,530.3939569565966
1619,scenario_1,121.271,515.3539569565966,0.0,394.0829569565966,0.0,768.4617660653632,0.0,0.0,0.0,0.0,0.0,0.0,515.3539569565966
1620,scenario_1,125.906,519.9889569565967,0.0,394.0829569565966,0.0,1142.84057517413,0.0,0.0,0.0,0.0,0.0,0.0,519.9889569565967
1621,scenario_1,106.052,106.052,0.0,0.0,0.0,1517.2193842828967,0.0,0.0,0.0,0.0,0.0,0.0,106.052
1622,scenario_1,114.605,508.6879569565966,0.0,394.0829569565966,0.0,1517.2193842828967,0.0,0.0,0.0,0.0,0.0,0.0,508.6879569565966
1623,scenario_1,115.486,115.486,0.0,0.0,0.0,1891.5981933916635,0.0,0.0,0.0,0.0,0.0,0.0,115.486
1624,scenario_1,14.188,14.188,0.0,0.0,0.0,1891.5981933916635,0.0,0.0,0.0,0.0,0.0,0.0,14.188
1625,scenario_1,187.271,59.12719230249164,0.0,0.0,128.14380769750835,1891.5981933916635,0.0,0.0,0.0,0.0,0.0,0.0,59.12719230249164
1626,scenario_1,232.931,0.0,0.0,0.0,232.931,1758.1150603734256,0.0,0.0,0.0,0.0,0.0,0.0,0.0
1627,scenario_1,264.707,0.0,0.0,0.0,264.707,1515.4786020400923,0.0,0.0,0.0,0.0,0.0,0.0,0.0
1628,scenario_1,216.869,0.0,0.0,0.0,216.869,1239.742143706759,0.0,0.0,0.0,0.0,0.0,0.0,0.0
1629,scenario_1,144.271,0.0,0.0,0.0,144.271,1013.8369353734256,0.0,0.0,0.0,0.0,0.0,0.0,0.0
1630,scenario_1,6.036,0.0,0.0,0.0,6.036,863.554643706759,0.0,0.0,0.0,0.0,0.0,0.0,0.0
1631,scenario_1,43.612,0.0,0.0,0.0,43.612,857.2671437067589,0.0,0.0,0.0,0.0,0.0,0.0,0.0
1632,scenario_1,16.775,0.0,0.0,0.0,16.775,811.8379770400923,0.0,0.0,0.0,0.0,0.0,0.0,0.0
1633,scenario_1,21.276,0.0,0.0,0.0,21.276,794.3640187067589,0.0,0.0,0.0,0.0,0.0,0.0,0.0
1634,scenario_1,24.646,0.0,0.0,0.0,24.646,772.2015187067589,0.0,0.0,0.0,0.0,0.0,0.0,0.0
1635,scenario_1,48.662,0.0,0.0,0.0,48.662,746.5286020400922,0.0,0.0,0.0,0.0,0.0,0.0,0.0
1636,scenario_1,56.013,0.0,0.0,0.0,56.013,695.8390187067589,0.0,0.0,0.0,0.0,0.0,0.0,0.0
1637,scenario_1,70.582,0.0,0.0,0.0,70.582,637.492143706759,0.0,0.0,0.0,0.0,0.0,0.0,0.0
1638,scenario_1,12.473,4.314710516703818,0.0,0.0,8.158289483296183,563.9692270400923,0.0,0.0,0.0,0.0,0.0,0.0,4.314710516703818
1639,scenario_1,185.909,131.37249641786505,0.0,0.0,54.53650358213494,555.4710088283255,0.0,0.0,0.0,0.0,0.0,0.0,131.37249641786505
1640,scenario_1,254.719,254.719,0.0,0.0,0.0,498.66215093026824,0.0,0.0,0.0,0.0,0.0,0.0,254.719
1641,scenario_1,192.382,192.382,0.0,0.0,0.0,498.66215093026824,0.0,0.0,0.0,0.0,0.0,0.0,192.382
1642,scenario_1,149.944,544.0269569565966,0.0,394.0829569565966,0.0,498.66215093026824,0.0,0.0,0.0,0.0,0.0,0.0,544.0269569565966
1643,scenario_1,140.983,535.0659569565967,0.0,394.0829569565966,0.0,873.040960039035,0.0,0.0,0.0,0.0,0.0,0.0,535.0659569565967
1644,scenario_1,146.254,146.254,0.0,0.0,0.0,1247.4197691478016,0.0,0.0,0.0,0.0,0.0,0.0,146.254
1645,scenario_1,17.721,411.8039569565966,0.0,394.0829569565966,0.0,1247.4197691478016,0.0,0.0,0.0,0.0,0.0,0.0,411.8039569565966
1646,scenario_1,14.46,381.4244279225416,0.0,366.96442792254163,0.0,1621.7985782565684,0.0,0.0,0.0,0.0,0.0,0.0,381.4244279225416
1647,scenario_1,147.836,147.836,0.0,0.0,0.0,1970.414784782983,0.0,0.0,0.0,0.0,0.0,0.0,147.836
1648,scenario_1,21.047,21.047,0.0,0.0,0.0,1970.414784782983,0.0,0.0,0.0,0.0,0.0,0.0,21.047
1649,scenario_1,22.07,22.07,0.0,0.0,0.0,1970.414784782983,0.0,0.0,0.0,0.0,0.0,0.0,22.07
1650,scenario_1,248.554,0.0,0.0,0.0,248.554,1970.414784782983,0.0,0.0,0.0,0.0,0.0,0.0,0.0
1651,scenario_1,255.954,0.0,0.0,0.0,255.954,1711.5043681163163,0.0,0.0,0.0,0.0,0.0,0.0,0.0
1652,scenario_1,171.089,0.0,0.0,0.0,171.089,1444.8856181163162,0.0,0.0,0.0,0.0,0.0,0.0,0.0
1653,scenario_1,120.581,0.0,0.0,0.0,120.581,1266.6679097829829,0.0,0.0,0.0,0.0,0.0,0.0,0.0
1654,scenario_1,72.028,0.0,0.0,0.0,72.028,1141.0627014496495,0.0,0.0,0.0,0.0,0.0,0.0,0.0
1655,scenario_1,38.071,0.0,0.0,0.0,38.071,1066.0335347829828,0.0,0.0,0.0,0.0,0.0,0.0,0.0
1656,scenario_1,33.955,0.0,0.0,0.0,33.955,1026.3762431163161,0.0,0.0,0.0,0.0,0.0,0.0,0.0
1657,scenario_1,38.257,0.0,0.0,0.0,38.257,991.0064514496495,0.0,0.0,0.0,0.0,0.0,0.0,0.0
1658,scenario_1,49.213,0.0,0.0,0.0,49.213,951.1554097829828,0.0,0.0,0.0,0.0,0.0,0.0,0.0
1659,scenario_1,51.347,0.0,0.0,0.0,51.347,899.8918681163161,0.0,0.0,0.0,0.0,0.0,0.0,0.0
1660,scenario_1,55.162,0.0,0.0,0.0,55.162,846.4054097829828,0.0,0.0,0.0,0.0,0.0,0.0,0.0
1661,scenario_1,95.339,0.0,0.0,0.0,95.339,788.9449931163161,0.0,0.0,0.0,0.0,0.0,0.0,0.0
1662,scenario_1,125.568,6.663444064103075,0.0,0.0,118.90455593589692,689.6335347829828,0.0,0.0,0.0,0.0,0.0,0.0,6.663444064103075
1663,scenario_1,187.051,152.859058869999,0.0,0.0,34.191941130001,565.7746223497568,0.0,0.0,0.0,0.0,0.0,0.0,152.859058869999
1664,scenario_1,206.562,206.562,0.0,0.0,0.0,530.1580170060057,0.0,0.0,0.0,0.0,0.0,0.0,206.562
1665,scenario_1,184.219,184.219,0.0,0.0,0.0,530.1580170060057,0.0,0.0,0.0,0.0,0.0,0.0,184.219
1666,scenario_1,14.038,408.1209569565966,0.0,394.0829569565966,0.0,530.1580170060057,0.0,0.0,0.0,0.0,0.0,0.0,408.1209569565966
1667,scenario_1,121.241,515.3239569565966,0.0,394.0829569565966,0.0,904.5368261147725,0.0,0.0,0.0,0.0,0.0,0.0,515.3239569565966
1668,scenario_1,117.669,511.7519569565966,0.0,394.0829569565966,0.0,1278.915635223539,0.0,0.0,0.0,0.0,0.0,0.0,511.7519569565966
1669,scenario_1,112.567,112.567,0.0,0.0,0.0,1653.2944443323058,0.0,0.0,0.0,0.0,0.0,0.0,112.567
1670,scenario_1,134.949,180.38973286480447,0.0,45.44073286480446,0.0,1653.2944443323058,0.0,0.0,0.0,0.0,0.0,0.0,180.38973286480447
1671,scenario_1,132.685,132.685,0.0,0.0,0.0,1696.46314055387,0.0,0.0,0.0,0.0,0.0,0.0,132.685
1672,scenario_1,177.439,177.439,0.0,0.0,0.0,1696.46314055387,0.0,0.0,0.0,0.0,0.0,0.0,177.439
1673,scenario_1,193.129,51.12410021505714,0.0,0.0,142.00489978494284,1696.46314055387,0.0,0.0,0.0,0.0,0.0,0.0,51.12410021505714
1674,scenario_1,230.416,0.0,0.0,0.0,230.416,1548.5413699445546,0.0,0.0,0.0,0.0,0.0,0.0,0.0
1675,scenario_1,22.107,0.0,0.0,0.0,22.107,1308.524703277888,0.0,0.0,0.0,0.0,0.0,0.0,0.0
1676,scenario_1,177.286,0.0,0.0,0.0,177.286,1285.496578277888,0.0,0.0,0.0,0.0,0.0,0.0,0.0
1677,scenario_1,135.907,0.0,0.0,0.0,135.907,1100.8236616112213,0.0,0.0,0.0,0.0,0.0,0.0,0.0
1678,scenario_1,76.291,0.0,0.0,0.0,76.291,959.2538699445545,0.0,0.0,0.0,0.0,0.0,0.0,0.0
1679,scenario_1,34.393,0.0,0.0,0.0,34.393,879.7840782778878,0.0,0.0,0.0,0.0,0.0,0.0,0.0
1680,scenario_1,17.722,0.0,0.0,0.0,17.722,843.9580366112211,0.0,0.0,0.0,0.0,0.0,0.0,0.0
1681,scenario_1,23.892,0.0,0.0,0.0,23.892,825.4976199445545,0.0,0.0,0.0,0.0,0.0,0.0,0.0
1682,scenario_1,21.392,0.0,0.0,0.0,21.392,800.6101199445544,0.0,0.0,0.0,0.0,0.0,0.0,0.0
1683,scenario_1,4.081,0.0,0.0,0.0,4.081,778.3267866112211,0.0,0.0,0.0,0.0,0.0,0.0,0.0
1684,scenario_1,47.333,0.0,0.0,0.0,47.333,774.0757449445545,0.0,0.0,0.0,0.0,0.0,0.0,0.0
1685,scenario_1,71.402,0.0,0.0,0.0,71.402,724.7705366112211,0.0,0.0,0.0,0.0,0.0,0.0,0.0
1686,scenario_1,137.319,6.228493407177286,0.0,0.0,131.0905065928227,650.3934532778878,0.0,0.0,0.0,0.0,0.0,0.0,6.228493407177286
1687,scenario_1,204.352,94.45388465800416,0.0,0.0,109.89811534199585,513.8408422436976,0.0,0.0,0.0,0.0,0.0,0.0,94.45388465800416
1688,scenario_1,268.232,263.1625454663789,0.0,0.0,5.069454533621126,399.36363876245184,0.0,0.0,0.0,0.0,0.0,0.0,263.1625454663789
1689,scenario_1,215.931,403.63420962713144,0.0,187.70320962713143,0.0,394.0829569565965,0.0,0.0,0.0,0.0,0.0,0.0,403.63420962713144
1690,scenario_1,139.619,428.9635803729593,0.0,289.34458037295934,0.0,572.4010061023713,0.0,0.0,0.0,0.0,0.0,0.0,428.9635803729593
1691,scenario_1,95.491,489.5739569565966,0.0,394.0829569565966,0.0,847.2783574566827,0.0,0.0,0.0,0.0,0.0,0.0,489.5739569565966
1692,scenario_1,102.691,496.77395695659663,0.0,394.0829569565966,0.0,1221.6571665654494,0.0,0.0,0.0,0.0,0.0,0.0,496.77395695659663
1693,scenario_1,136.476,530.5589569565966,0.0,394.0829569565966,0.0,1596.0359756742162,0.0,0.0,0.0,0.0,0.0,0.0,530.5589569565966
1694,scenario_1,13.402,13.402,0.0,0.0,0.0,1970.414784782983,0.0,0.0,0.0,0.0,0.0,0.0,13.402
1695,scenario_1,136.055,136.055,0.0,0.0,0.0,1970.414784782983,0.0,0.0,0.0,0.0,0.0,0.0,136.055
1696,scenario_1,172.213,172.213,0.0,0.0,0.0,1970.414784782983,0.0,0.0,0.0,0.0,0.0,0.0,172.213
1697,scenario_1,187.053,43.97351141519718,0.0,0.0,143.07948858480282,1970.414784782983,0.0,0.0,0.0,0.0,0.0,0.0,43.97351141519718
1698,scenario_1,262.907,0.0,29.441999834474302,0.0,233.46500016552568,1821.37365084048,0.0,9.813999944824767,0.0,0.0,0.0,0.0,0.0
1699,scenario_1,307.504,0.0,0.0,0.0,307.504,1578.180942334724,0.0,0.0,0.0,0.0,0.0,0.0,0.0
1700,scenario_1,253.309,0.0,61.3917014289115,0.0,191.9172985710885,1257.8642756680572,0.0,20.463900476303834,0.0,0.0,0.0,0.0,0.0
1701,scenario_1,153.377,0.0,61.3917014289115,0.0,91.9852985710885,1057.95042298984,0.0,20.463900476303834,0.0,0.0,0.0,0.0,0.0
1702,scenario_1,66.804,0.0,0.0,0.0,66.804,962.1324036449562,0.0,0.0,0.0,0.0,0.0,0.0,0.0
1703,scenario_1,42.064,0.0,0.0,0.0,42.064,892.5449036449562,0.0,0.0,0.0,0.0,0.0,0.0,0.0
1704,scenario_1,36.107,0.0,0.0,0.0,36.107,848.7282369782895,0.0,0.0,0.0,0.0,0.0,0.0,0.0
1705,scenario_1,49.729,0.0,0.0,0.0,49.729,811.1167786449562,0.0,0.0,0.0,0.0,0.0,0.0,0.0
1706,scenario_1,45.283,0.0,0.0,0.0,45.283,759.3157369782895,0.0,0.0,0.0,0.0,0.0,0.0,0.0
1707,scenario_1,47.102,0.0,0.0,0.0,47.102,712.1459453116228,0.0,0.0,0.0,0.0,0.0,0.0,0.0
1708,scenario_1,5.256,0.0,0.0,0.0,5.256,663.0813619782895,0.0,0.0,0.0,0.0,0.0,0.0,0.0
1709,scenario_1,68.432,0.0,61.3917014289115,0.0,7.040298571088499,657.6063619782894,0.0,20.463900476303834,0.0,0.0,0.0,0.0,0.0
1710,scenario_1,141.122,6.150202288930645,0.0,0.0,134.97179771106937,650.2727176334056,0.0,0.0,0.0,0.0,0.0,0.0,6.150202288930645
1711,scenario_1,218.863,119.57663460203769,0.0,0.0,99.28636539796231,509.6770950177083,0.0,0.0,0.0,0.0,0.0,0.0,119.57663460203769
1712,scenario_1,263.851,252.16699285929496,0.0,0.0,11.684007140705035,406.2537977281642,0.0,0.0,0.0,0.0,0.0,0.0,252.16699285929496
1713,scenario_1,220.949,330.3537229482746,0.0,109.40472294827458,0.0,394.0829569565965,0.0,0.0,0.0,0.0,0.0,0.0,330.3537229482746
1714,scenario_1,134.116,442.5970894745435,0.0,308.4810894745435,0.0,498.01744375745733,0.0,0.0,0.0,0.0,0.0,0.0,442.5970894745435
1715,scenario_1,125.473,496.5918640253109,0.0,371.11886402531087,0.0,791.0744787582737,0.0,0.0,0.0,0.0,0.0,0.0,496.5918640253109
1716,scenario_1,84.725,478.8079569565966,0.0,394.0829569565966,0.0,1143.637399582319,0.0,0.0,0.0,0.0,0.0,0.0,478.8079569565966
1717,scenario_1,88.056,476.4623476227854,0.0,388.4063476227854,0.0,1518.0162086910857,0.0,0.0,0.0,0.0,0.0,0.0,476.4623476227854
1718,scenario_1,101.968,189.77067984236953,0.0,87.80267984236951,0.0,1887.0022389327319,0.0,0.0,0.0,0.0,0.0,0.0,189.77067984236953
1719,scenario_1,119.756,119.756,0.0,0.0,0.0,1970.414784782983,0.0,0.0,0.0,0.0,0.0,0.0,119.756
1720,scenario_1,154.937,154.937,0.0,0.0,0.0,1970.414784782983,0.0,0.0,0.0,0.0,0.0,0.0,154.937
1721,scenario_1,186.106,40.354721949574625,0.0,0.0,145.75127805042536,1970.414784782983,0.0,0.0,0.0,0.0,0.0,0.0,40.354721949574625
1722,scenario_1,240.952,0.0,61.3917014289115,0.0,179.56029857108848,1818.5905368137899,0.0,20.463900476303834,0.0,0.0,0.0,0.0,0.0
1723,scenario_1,252.456,0.0,61.3917014289115,0.0,191.0642985710885,1631.5485591355728,0.0,20.463900476303834,0.0,0.0,0.0,0.0,0.0
1724,scenario_1,224.964,0.0,0.0,0.0,224.964,1432.5232481240223,0.0,0.0,0.0,0.0,0.0,0.0,0.0
1725,scenario_1,143.917,0.0,0.0,0.0,143.917,1198.1857481240222,0.0,0.0,0.0,0.0,0.0,0.0,0.0
1726,scenario_1,73.025,0.0,0.0,0.0,73.025,1048.2722064573554,0.0,0.0,0.0,0.0,0.0,0.0,0.0
1727,scenario_1,33.402,0.0,0.0,0.0,33.402,972.204498124022,0.0,0.0,0.0,0.0,0.0,0.0,0.0
1728,scenario_1,37.145,0.0,37.145,0.0,0.0,937.410748124022,0.0,12.381666666666668,0.0,0.0,0.0,0.0,0.0
1729,scenario_1,42.231,0.0,0.0,0.0,42.231,937.410748124022,0.0,0.0,0.0,0.0,0.0,0.0,0.0
1730,scenario_1,46.666,0.0,0.0,0.0,46.666,893.420123124022,0.0,0.0,0.0,0.0,0.0,0.0,0.0
1731,scenario_1,59.195,0.0,0.0,0.0,59.195,844.8097064573553,0.0,0.0,0.0,0.0,0.0,0.0,0.0
1732,scenario_1,59.443,0.0,0.0,0.0,59.443,783.148248124022,0.0,0.0,0.0,0.0,0.0,0.0,0.0
1733,scenario_1,87.065,0.0,0.0,0.0,87.065,721.2284564573553,0.0,0.0,0.0,0.0,0.0,0.0,0.0
1734,scenario_1,157.783,0.0,12.755881638145155,0.0,145.02711836185483,630.5357481240219,0.0,4.251960546048385,0.0,0.0,0.0,0.0,0.0
1735,scenario_1,218.255,136.28743884112646,0.0,0.0,81.96756115887354,479.46583316375643,0.0,0.0,0.0,0.0,0.0,0.0,136.28743884112646
1736,scenario_1,26.598,284.7447970630365,0.0,258.1467970630365,0.0,394.0829569565965,0.0,0.0,0.0,0.0,0.0,0.0,284.7447970630365
1737,scenario_1,203.963,203.963,0.0,0.0,0.0,639.3224141664812,0.0,0.0,0.0,0.0,0.0,0.0,203.963
1738,scenario_1,148.438,542.5209569565966,0.0,394.0829569565966,0.0,639.3224141664812,0.0,0.0,0.0,0.0,0.0,0.0,542.5209569565966
1739,scenario_1,127.395,521.4779569565966,0.0,394.0829569565966,0.0,1013.7012232752479,0.0,0.0,0.0,0.0,0.0,0.0,521.4779569565966
1740,scenario_1,92.393,92.393,0.0,0.0,0.0,1388.0800323840147,0.0,0.0,0.0,0.0,0.0,0.0,92.393
1741,scenario_1,98.493,492.5759569565966,0.0,394.0829569565966,0.0,1388.0800323840147,0.0,0.0,0.0,0.0,0.0,0.0,492.5759569565966
1742,scenario_1,113.896,332.7969929370542,0.0,218.9009929370542,0.0,1762.4588414927814,0.0,0.0,0.0,0.0,0.0,0.0,332.7969929370542
1743,scenario_1,157.689,157.689,0.0,0.0,0.0,1970.414784782983,0.0,0.0,0.0,0.0,0.0,0.0,157.689
1744,scenario_1,13.687,13.687,0.0,0.0,0.0,1970.414784782983,0.0,0.0,0.0,0.0,0.0,0.0,13.687
1745,scenario_1,163.557,54.55151139163235,0.0,0.0,109.00548860836764,1970.414784782983,0.0,0.0,0.0,0.0,0.0,0.0,54.55151139163235
1746,scenario_1,262.646,0.0,61.3917014289115,0.0,201.2542985710885,1856.8674008159333,0.0,20.463900476303834,0.0,0.0,0.0,0.0,0.0
1747,scenario_1,269.068,0.0,61.3917014289115,0.0,207.67629857108847,1647.2275064710493,0.0,20.463900476303834,0.0,0.0,0.0,0.0,0.0
1748,scenario_1,250.102,0.0,0.0,0.0,250.102,1430.898028792832,0.0,0.0,0.0,0.0,0.0,0.0,0.0
1749,scenario_1,180.679,0.0,0.0,0.0,180.679,1170.3751121261653,0.0,0.0,0.0,0.0,0.0,0.0,0.0
1750,scenario_1,87.086,0.0,0.0,0.0,87.086,982.1678204594986,0.0,0.0,0.0,0.0,0.0,0.0,0.0
1751,scenario_1,42.723,0.0,0.0,0.0,42.723,891.4532371261653,0.0,0.0,0.0,0.0,0.0,0.0,0.0
1752,scenario_1,17.256,0.0,0.0,0.0,17.256,846.9501121261653,0.0,0.0,0.0,0.0,0.0,0.0,0.0
1753,scenario_1,24.835,0.0,0.0,0.0,24.835,828.9751121261653,0.0,0.0,0.0,0.0,0.0,0.0,0.0
1754,scenario_1,49.791,0.0,0.0,0.0,49.791,803.1053204594987,0.0,0.0,0.0,0.0,0.0,0.0,0.0
1755,scenario_1,57.187,0.0,0.0,0.0,57.187,751.2396954594986,0.0,0.0,0.0,0.0,0.0,0.0,0.0
1756,scenario_1,60.498,0.0,0.0,0.0,60.498,691.669903792832,0.0,0.0,0.0,0.0,0.0,0.0,0.0
1757,scenario_1,68.801,0.0,0.0,0.0,68.801,628.651153792832,0.0,0.0,0.0,0.0,0.0,0.0,0.0
1758,scenario_1,101.464,4.219021372180145,0.0,0.0,97.24497862781985,556.9834454594986,0.0,0.0,0.0,0.0,0.0,0.0,4.219021372180145
1759,scenario_1,202.913,133.7212299652643,10.052279699769514,0.0,59.13949033496619,455.6865927221863,0.0,3.350759899923171,0.0,0.0,0.0,0.0,133.7212299652643
1760,scenario_1,244.027,244.027,0.0,0.0,0.0,394.0829569565965,0.0,0.0,0.0,0.0,0.0,0.0,244.027
1761,scenario_1,216.003,298.9678330434941,0.0,82.96483304349414,0.0,394.0829569565965,0.0,0.0,0.0,0.0,0.0,0.0,298.9678330434941
1762,scenario_1,162.795,556.8779569565966,0.0,394.0829569565966,0.0,472.8995483479159,0.0,0.0,0.0,0.0,0.0,0.0,556.8779569565966
1763,scenario_1,106.124,500.2069569565966,0.0,394.0829569565966,0.0,847.2783574566827,0.0,0.0,0.0,0.0,0.0,0.0,500.2069569565966
1764,scenario_1,115.608,509.6909569565966,0.0,394.0829569565966,0.0,1221.6571665654494,0.0,0.0,0.0,0.0,0.0,0.0,509.6909569565966
1765,scenario_1,10.253,10.253,0.0,0.0,0.0,1596.0359756742162,0.0,0.0,0.0,0.0,0.0,0.0,10.253
1766,scenario_1,102.358,496.4409569565966,0.0,394.0829569565966,0.0,1596.0359756742162,0.0,0.0,0.0,0.0,0.0,0.0,496.4409569565966
1767,scenario_1,126.186,126.186,0.0,0.0,0.0,1970.414784782983,0.0,0.0,0.0,0.0,0.0,0.0,126.186
1768,scenario_1,137.256,137.256,0.0,0.0,0.0,1970.414784782983,0.0,0.0,0.0,0.0,0.0,0.0,137.256
1769,scenario_1,177.442,41.04194398751737,0.0,0.0,136.40005601248265,1970.414784782983,0.0,0.0,0.0,0.0,0.0,0.0,41.04194398751737
1770,scenario_1,222.746,0.0,53.4614841041184,0.0,169.2845158958816,1828.3313931033135,0.0,17.820494701372798,0.0,0.0,0.0,0.0,0.0
1771,scenario_1,259.717,0.0,0.0,0.0,259.717,1651.9933557117702,0.0,0.0,0.0,0.0,0.0,0.0,0.0
1772,scenario_1,255.741,0.0,0.0,0.0,255.741,1381.4548140451034,0.0,0.0,0.0,0.0,0.0,0.0,0.0
1773,scenario_1,183.099,0.0,0.0,0.0,183.099,1115.0579390451035,0.0,0.0,0.0,0.0,0.0,0.0,0.0
1774,scenario_1,68.501,0.0,0.0,0.0,68.501,924.3298140451034,0.0,0.0,0.0,0.0,0.0,0.0,0.0
1775,scenario_1,42.857,0.0,0.0,0.0,42.857,852.9746057117701,0.0,0.0,0.0,0.0,0.0,0.0,0.0
1776,scenario_1,17.346,0.0,0.0,0.0,17.346,808.3318973784368,0.0,0.0,0.0,0.0,0.0,0.0,0.0
1777,scenario_1,21.028,0.0,0.0,0.0,21.028,790.2631473784368,0.0,0.0,0.0,0.0,0.0,0.0,0.0
1778,scenario_1,35.538,0.0,0.0,0.0,35.538,768.3589807117701,0.0,0.0,0.0,0.0,0.0,0.0,0.0
1779,scenario_1,47.486,0.0,0.0,0.0,47.486,731.3402307117701,0.0,0.0,0.0,0.0,0.0,0.0,0.0
1780,scenario_1,58.517,0.0,0.0,0.0,58.517,681.8756473784368,0.0,0.0,0.0,0.0,0.0,0.0,0.0
1781,scenario_1,7.74,0.0,0.0,0.0,7.74,620.9204390451035,0.0,0.0,0.0,0.0,0.0,0.0,0.0
1782,scenario_1,126.511,8.794702283039436,0.0,0.0,117.71629771696055,612.8579390451035,0.0,0.0,0.0,0.0,0.0,0.0,8.794702283039436
1783,scenario_1,217.041,124.8308385377012,0.0,0.0,92.2101614622988,490.2367955899363,0.0,0.0,0.0,0.0,0.0,0.0,124.8308385377012
1784,scenario_1,269.158,269.0604763742926,0.0,0.0,0.09752362570742434,394.1845440667084,0.0,0.0,0.0,0.0,0.0,0.0,269.0604763742926
1785,scenario_1,238.667,404.1300533760268,0.0,165.4630533760268,0.0,394.0829569565965,0.0,0.0,0.0,0.0,0.0,0.0,404.1300533760268
1786,scenario_1,149.558,365.4158835367624,0.0,215.85788353676244,0.0,551.2728576638219,0.0,0.0,0.0,0.0,0.0,0.0,365.4158835367624
1787,scenario_1,89.851,483.9339569565966,0.0,394.0829569565966,0.0,756.3378470237462,0.0,0.0,0.0,0.0,0.0,0.0,483.9339569565966
1788,scenario_1,92.069,486.1519569565966,0.0,394.0829569565966,0.0,1130.716656132513,0.0,0.0,0.0,0.0,0.0,0.0,486.1519569565966
1789,scenario_1,124.304,518.3869569565966,0.0,394.0829569565966,0.0,1505.0954652412797,0.0,0.0,0.0,0.0,0.0,0.0,518.3869569565966
1790,scenario_1,119.225,119.225,0.0,0.0,0.0,1879.4742743500465,0.0,0.0,0.0,0.0,0.0,0.0,119.225
1791,scenario_1,123.743,123.743,0.0,0.0,0.0,1879.4742743500465,0.0,0.0,0.0,0.0,0.0,0.0,123.743
1792,scenario_1,142.687,238.4138530873015,0.0,95.72685308730149,0.0,1879.4742743500465,0.0,0.0,0.0,0.0,0.0,0.0,238.4138530873015
1793,scenario_1,204.313,62.40672025571209,0.0,0.0,141.9062797442879,1970.414784782983,0.0,0.0,0.0,0.0,0.0,0.0,62.40672025571209
1794,scenario_1,259.343,0.0,11.595489854498823,0.0,247.7475101455012,1822.595743382683,0.0,3.8651632848329407,0.0,0.0,0.0,0.0,0.0
1795,scenario_1,291.928,0.0,0.0,0.0,291.928,1564.5254203144525,0.0,0.0,0.0,0.0,0.0,0.0,0.0
1796,scenario_1,270.332,0.0,0.0,0.0,270.332,1260.4337536477858,0.0,0.0,0.0,0.0,0.0,0.0,0.0
1797,scenario_1,185.115,0.0,0.0,0.0,185.115,978.8379203144524,0.0,0.0,0.0,0.0,0.0,0.0,0.0
1798,scenario_1,8.574,0.0,0.0,0.0,8.574,786.0097953144524,0.0,0.0,0.0,0.0,0.0,0.0,0.0
1799,scenario_1,43.441,0.0,0.0,0.0,43.441,777.0785453144524,0.0,0.0,0.0,0.0,0.0,0.0,0.0
1800,scenario_1,17.122,0.0,0.0,0.0,17.122,731.8275036477858,0.0,0.0,0.0,0.0,0.0,0.0,0.0
1801,scenario_1,23.476,0.0,0.0,0.0,23.476,713.9920869811191,0.0,0.0,0.0,0.0,0.0,0.0,0.0
1802,scenario_1,2.254,0.0,0.0,0.0,2.254,689.5379203144524,0.0,0.0,0.0,0.0,0.0,0.0,0.0
1803,scenario_1,36.881,0.0,0.0,0.0,36.881,687.1900036477857,0.0,0.0,0.0,0.0,0.0,0.0,0.0
1804,scenario_1,56.854,0.0,0.0,0.0,56.854,648.7722953144523,0.0,0.0,0.0,0.0,0.0,0.0,0.0
1805,scenario_1,73.836,0.0,0.0,0.0,73.836,589.5493786477856,0.0,0.0,0.0,0.0,0.0,0.0,0.0
1806,scenario_1,123.198,9.386235176458507,0.0,0.0,113.81176482354148,512.6368786477856,0.0,0.0,0.0,0.0,0.0,0.0,9.386235176458507
1807,scenario_1,17.443,17.443,0.0,0.0,0.0,394.0829569565965,0.0,0.0,0.0,0.0,0.0,0.0,17.443
1808,scenario_1,214.732,308.6931802333704,0.0,93.96118023337041,0.0,394.0829569565965,0.0,0.0,0.0,0.0,0.0,0.0,308.6931802333704
1809,scenario_1,200.433,424.4248510281841,0.0,223.9918510281841,0.0,483.3460781782984,0.0,0.0,0.0,0.0,0.0,0.0,424.4248510281841
1810,scenario_1,148.563,148.563,0.0,0.0,0.0,696.1383366550733,0.0,0.0,0.0,0.0,0.0,0.0,148.563
1811,scenario_1,129.817,523.8999569565966,0.0,394.0829569565966,0.0,696.1383366550733,0.0,0.0,0.0,0.0,0.0,0.0,523.8999569565966
1812,scenario_1,132.485,526.5679569565966,0.0,394.0829569565966,0.0,1070.51714576384,0.0,0.0,0.0,0.0,0.0,0.0,526.5679569565966
1813,scenario_1,13.551,407.6339569565966,0.0,394.0829569565966,0.0,1444.8959548726068,0.0,0.0,0.0,0.0,0.0,0.0,407.6339569565966
1814,scenario_1,165.035,165.035,0.0,0.0,0.0,1819.2747639813736,0.0,0.0,0.0,0.0,0.0,0.0,165.035
1815,scenario_1,165.074,324.1687587385362,0.0,159.09475873853617,0.0,1819.2747639813736,0.0,0.0,0.0,0.0,0.0,0.0,324.1687587385362
1816,scenario_1,201.327,181.69628742417873,0.0,0.0,19.630712575821263,1970.414784782983,0.0,0.0,0.0,0.0,0.0,0.0,181.69628742417873
1817,scenario_1,197.611,37.17958215401637,0.0,0.0,160.43141784598362,1949.9661258498359,0.0,0.0,0.0,0.0,0.0,0.0,37.17958215401637
1818,scenario_1,227.885,0.0,0.0,0.0,227.885,1782.850065593603,0.0,0.0,0.0,0.0,0.0,0.0,0.0
1819,scenario_1,219.044,0.0,0.0,0.0,219.044,1545.4698572602697,0.0,0.0,0.0,0.0,0.0,0.0,0.0
1820,scenario_1,155.955,0.0,0.0,0.0,155.955,1317.2990239269363,0.0,0.0,0.0,0.0,0.0,0.0,0.0
1821,scenario_1,109.666,0.0,0.0,0.0,109.666,1154.8458989269363,0.0,0.0,0.0,0.0,0.0,0.0,0.0
1822,scenario_1,69.543,0.0,0.0,0.0,69.543,1040.6104822602697,0.0,0.0,0.0,0.0,0.0,0.0,0.0
1823,scenario_1,42.313,0.0,0.0,0.0,42.313,968.1698572602697,0.0,0.0,0.0,0.0,0.0,0.0,0.0
1824,scenario_1,37.615,0.0,0.0,0.0,37.615,924.093815593603,0.0,0.0,0.0,0.0,0.0,0.0,0.0
1825,scenario_1,43.302,0.0,0.0,0.0,43.302,884.9115239269364,0.0,0.0,0.0,0.0,0.0,0.0,0.0
1826,scenario_1,42.835,0.0,0.0,0.0,42.835,839.8052739269364,0.0,0.0,0.0,0.0,0.0,0.0,0.0
1827,scenario_1,55.457,0.0,0.0,0.0,55.457,795.1854822602697,0.0,0.0,0.0,0.0,0.0,0.0,0.0
1828,scenario_1,51.047,0.0,0.0,0.0,51.047,737.4177739269364,0.0,0.0,0.0,0.0,0.0,0.0,0.0
1829,scenario_1,67.478,0.0,0.0,0.0,67.478,684.2438155936031,0.0,0.0,0.0,0.0,0.0,0.0,0.0
1830,scenario_1,113.654,8.977381558948267,0.0,0.0,104.67661844105173,613.9542322602698,0.0,0.0,0.0,0.0,0.0,0.0,8.977381558948267
1831,scenario_1,157.155,128.2495507011379,0.0,0.0,28.905449298862095,504.9160880508409,0.0,0.0,0.0,0.0,0.0,0.0,128.2495507011379
1832,scenario_1,183.979,303.50856840281494,0.0,119.52956840281493,0.0,474.80624503119293,0.0,0.0,0.0,0.0,0.0,0.0,303.50856840281494
1833,scenario_1,167.062,167.062,0.0,0.0,0.0,588.3593350138672,0.0,0.0,0.0,0.0,0.0,0.0,167.062
1834,scenario_1,142.235,536.3179569565966,0.0,394.0829569565966,0.0,588.3593350138672,0.0,0.0,0.0,0.0,0.0,0.0,536.3179569565966
1835,scenario_1,13.719,407.8019569565966,0.0,394.0829569565966,0.0,962.7381441226339,0.0,0.0,0.0,0.0,0.0,0.0,407.8019569565966
1836,scenario_1,143.437,537.5199569565966,0.0,394.0829569565966,0.0,1337.1169532314007,0.0,0.0,0.0,0.0,0.0,0.0,537.5199569565966
1837,scenario_1,140.012,140.012,0.0,0.0,0.0,1711.4957623401674,0.0,0.0,0.0,0.0,0.0,0.0,140.012
1838,scenario_1,144.759,417.30533941348995,0.0,272.54633941349,0.0,1711.4957623401674,0.0,0.0,0.0,0.0,0.0,0.0,417.30533941348995
1839,scenario_1,167.543,167.543,0.0,0.0,0.0,1970.414784782983,0.0,0.0,0.0,0.0,0.0,0.0,167.543
1840,scenario_1,210.024,207.78462782658752,0.0,0.0,2.2393721734124767,1970.414784782983,0.0,0.0,0.0,0.0,0.0,0.0,207.78462782658752
1841,scenario_1,232.317,53.92518244565922,0.0,0.0,178.39181755434078,1968.0821054356782,0.0,0.0,0.0,0.0,0.0,0.0,53.92518244565922
1842,scenario_1,249.344,0.0,61.3917014289115,0.0,187.95229857108848,1782.25729548324,0.0,20.463900476303834,0.0,0.0,0.0,0.0,0.0
1843,scenario_1,211.792,0.0,0.0,0.0,211.792,1586.473651138356,0.0,0.0,0.0,0.0,0.0,0.0,0.0
1844,scenario_1,189.448,0.0,0.0,0.0,189.448,1365.8569844716894,0.0,0.0,0.0,0.0,0.0,0.0,0.0
1845,scenario_1,130.602,0.0,0.0,0.0,130.602,1168.5153178050227,0.0,0.0,0.0,0.0,0.0,0.0,0.0
1846,scenario_1,66.669,0.0,0.0,0.0,66.669,1032.4715678050227,0.0,0.0,0.0,0.0,0.0,0.0,0.0
1847,scenario_1,30.415,0.0,0.0,0.0,30.415,963.0246928050227,0.0,0.0,0.0,0.0,0.0,0.0,0.0
1848,scenario_1,34.508,0.0,34.508,0.0,0.0,931.3424011383561,0.0,11.502666666666668,0.0,0.0,0.0,0.0,0.0
1849,scenario_1,46.057,0.0,35.341873115908705,0.0,10.715126884091296,931.3424011383561,0.0,11.780624371969568,0.0,0.0,0.0,0.0,0.0
1850,scenario_1,50.486,0.0,0.0,0.0,50.486,920.1808106340943,0.0,0.0,0.0,0.0,0.0,0.0,0.0
1851,scenario_1,53.688,0.0,0.0,0.0,53.688,867.5912273007609,0.0,0.0,0.0,0.0,0.0,0.0,0.0
1852,scenario_1,78.836,0.0,0.0,0.0,78.836,811.666227300761,0.0,0.0,0.0,0.0,0.0,0.0,0.0
1853,scenario_1,95.723,0.0,0.0,0.0,95.723,729.5453939674276,0.0,0.0,0.0,0.0,0.0,0.0,0.0
1854,scenario_1,139.189,11.082542738469082,0.0,0.0,128.10645726153092,629.8339356340942,0.0,0.0,0.0,0.0,0.0,0.0,11.082542738469082
1855,scenario_1,260.251,162.0365177311331,0.0,0.0,98.21448226886687,496.3897093199995,0.0,0.0,0.0,0.0,0.0,0.0,162.0365177311331
1856,scenario_1,261.345,261.345,0.0,0.0,0.0,394.0829569565965,0.0,0.0,0.0,0.0,0.0,0.0,261.345
1857,scenario_1,204.994,250.0666084441263,0.0,45.07260844412629,0.0,394.0829569565965,0.0,0.0,0.0,0.0,0.0,0.0,250.0666084441263
1858,scenario_1,132.299,526.3819569565966,0.0,394.0829569565966,0.0,436.90193497851646,0.0,0.0,0.0,0.0,0.0,0.0,526.3819569565966
1859,scenario_1,105.243,499.3259569565966,0.0,394.0829569565966,0.0,811.2807440872832,0.0,0.0,0.0,0.0,0.0,0.0,499.3259569565966
1860,scenario_1,98.029,492.1119569565966,0.0,394.0829569565966,0.0,1185.65955319605,0.0,0.0,0.0,0.0,0.0,0.0,492.1119569565966
1861,scenario_1,9.201,9.201,0.0,0.0,0.0,1560.0383623048167,0.0,0.0,0.0,0.0,0.0,0.0,9.201
1862,scenario_1,93.626,487.7089569565966,0.0,394.0829569565966,0.0,1560.0383623048167,0.0,0.0,0.0,0.0,0.0,0.0,487.7089569565966
1863,scenario_1,129.961,129.961,0.0,0.0,0.0,1934.4171714135834,0.0,0.0,0.0,0.0,0.0,0.0,129.961
1864,scenario_1,150.255,150.255,0.0,0.0,0.0,1934.4171714135834,0.0,0.0,0.0,0.0,0.0,0.0,150.255
1865,scenario_1,180.796,55.29962652154471,0.0,0.0,125.49637347845528,1934.4171714135834,0.0,0.0,0.0,0.0,0.0,0.0,55.29962652154471
1866,scenario_1,240.424,0.0,0.0,0.0,240.424,1803.691782373526,0.0,0.0,0.0,0.0,0.0,0.0,0.0
1867,scenario_1,266.468,0.0,0.0,0.0,266.468,1553.2501157068593,0.0,0.0,0.0,0.0,0.0,0.0,0.0
1868,scenario_1,197.009,0.0,0.0,0.0,197.009,1275.679282373526,0.0,0.0,0.0,0.0,0.0,0.0,0.0
1869,scenario_1,128.698,0.0,0.0,0.0,128.698,1070.4615740401925,0.0,0.0,0.0,0.0,0.0,0.0,0.0
1870,scenario_1,60.319,0.0,0.0,0.0,60.319,936.4011573735258,0.0,0.0,0.0,0.0,0.0,0.0,0.0
1871,scenario_1,23.069,0.0,0.0,0.0,23.069,873.5688657068591,0.0,0.0,0.0,0.0,0.0,0.0,0.0
1872,scenario_1,17.368,0.0,0.0,0.0,17.368,849.5386573735258,0.0,0.0,0.0,0.0,0.0,0.0,0.0
1873,scenario_1,24.219,0.0,0.0,0.0,24.219,831.4469907068591,0.0,0.0,0.0,0.0,0.0,0.0,0.0
1874,scenario_1,39.478,0.0,0.0,0.0,39.478,806.2188657068591,0.0,0.0,0.0,0.0,0.0,0.0,0.0
1875,scenario_1,44.456,0.0,0.0,0.0,44.456,765.0959490401924,0.0,0.0,0.0,0.0,0.0,0.0,0.0
1876,scenario_1,49.424,0.0,0.0,0.0,49.424,718.7876157068591,0.0,0.0,0.0,0.0,0.0,0.0,0.0
1877,scenario_1,70.739,0.0,0.0,0.0,70.739,667.3042823735258,0.0,0.0,0.0,0.0,0.0,0.0,0.0
1878,scenario_1,134.654,12.413491748661993,0.0,0.0,122.240508251338,593.6178240401924,0.0,0.0,0.0,0.0,0.0,0.0,12.413491748661993
1879,scenario_1,218.849,149.53603585108596,0.0,0.0,69.31296414891403,466.283961278382,0.0,0.0,0.0,0.0,0.0,0.0,149.53603585108596
1880,scenario_1,273.983,273.983,0.0,0.0,0.0,394.0829569565965,0.0,0.0,0.0,0.0,0.0,0.0,273.983
1881,scenario_1,204.267,204.267,0.0,0.0,0.0,394.0829569565965,0.0,0.0,0.0,0.0,0.0,0.0,204.267
1882,scenario_1,134.128,528.2109569565966,0.0,394.0829569565966,0.0,394.0829569565965,0.0,0.0,0.0,0.0,0.0,0.0,528.2109569565966
1883,scenario_1,129.588,523.6709569565966,0.0,394.0829569565966,0.0,768.4617660653632,0.0,0.0,0.0,0.0,0.0,0.0,523.6709569565966
1884,scenario_1,108.891,502.9739569565966,0.0,394.0829569565966,0.0,1142.84057517413,0.0,0.0,0.0,0.0,0.0,0.0,502.9739569565966
1885,scenario_1,108.692,108.692,0.0,0.0,0.0,1517.2193842828967,0.0,0.0,0.0,0.0,0.0,0.0,108.692
1886,scenario_1,104.779,463.276330216244,0.0,358.497330216244,0.0,1517.2193842828967,0.0,0.0,0.0,0.0,0.0,0.0,463.276330216244
1887,scenario_1,126.602,126.602,0.0,0.0,0.0,1857.7918479883285,0.0,0.0,0.0,0.0,0.0,0.0,126.602
1888,scenario_1,155.787,155.787,0.0,0.0,0.0,1857.7918479883285,0.0,0.0,0.0,0.0,0.0,0.0,155.787
1889,scenario_1,181.661,51.88961337124653,0.0,0.0,129.77138662875348,1857.7918479883285,0.0,0.0,0.0,0.0,0.0,0.0,51.88961337124653
1890,scenario_1,243.403,0.0,0.0,0.0,243.403,1722.6133202500437,0.0,0.0,0.0,0.0,0.0,0.0,0.0
1891,scenario_1,27.587,0.0,0.0,0.0,27.587,1469.068528583377,0.0,0.0,0.0,0.0,0.0,0.0,0.0
1892,scenario_1,235.828,0.0,0.0,0.0,235.828,1440.3320702500437,0.0,0.0,0.0,0.0,0.0,0.0,0.0
1893,scenario_1,14.863,0.0,0.0,0.0,14.863,1194.677903583377,0.0,0.0,0.0,0.0,0.0,0.0,0.0
1894,scenario_1,74.853,0.0,0.0,0.0,74.853,1179.1956119167103,0.0,0.0,0.0,0.0,0.0,0.0,0.0
1895,scenario_1,41.364,0.0,0.0,0.0,41.364,1101.2237369167103,0.0,0.0,0.0,0.0,0.0,0.0,0.0
1896,scenario_1,36.059,0.0,0.0,0.0,36.059,1058.1362369167102,0.0,0.0,0.0,0.0,0.0,0.0,0.0
1897,scenario_1,39.073,0.0,0.0,0.0,39.073,1020.574778583377,0.0,0.0,0.0,0.0,0.0,0.0,0.0
1898,scenario_1,41.189,0.0,0.0,0.0,41.189,979.8737369167103,0.0,0.0,0.0,0.0,0.0,0.0,0.0
1899,scenario_1,44.313,0.0,0.0,0.0,44.313,936.968528583377,0.0,0.0,0.0,0.0,0.0,0.0,0.0
1900,scenario_1,55.764,0.0,0.0,0.0,55.764,890.809153583377,0.0,0.0,0.0,0.0,0.0,0.0,0.0
1901,scenario_1,61.495,0.0,0.0,0.0,61.495,832.721653583377,0.0,0.0,0.0,0.0,0.0,0.0,0.0
1902,scenario_1,112.198,12.309103590999804,0.0,0.0,99.88889640900018,768.6643619167104,0.0,0.0,0.0,0.0,0.0,0.0,12.309103590999804
1903,scenario_1,212.877,155.99070359986467,0.0,0.0,56.886296400135336,664.6134281573352,0.0,0.0,0.0,0.0,0.0,0.0,155.99070359986467
1904,scenario_1,245.795,245.795,0.0,0.0,0.0,605.3568694071943,0.0,0.0,0.0,0.0,0.0,0.0,245.795
1905,scenario_1,224.009,478.6631979468299,0.0,254.6541979468299,0.0,605.3568694071943,0.0,0.0,0.0,0.0,0.0,0.0,478.6631979468299
1906,scenario_1,179.898,573.9809569565966,0.0,394.0829569565966,0.0,847.2783574566827,0.0,0.0,0.0,0.0,0.0,0.0,573.9809569565966
1907,scenario_1,107.639,501.7219569565966,0.0,394.0829569565966,0.0,1221.6571665654494,0.0,0.0,0.0,0.0,0.0,0.0,501.7219569565966
1908,scenario_1,87.548,481.6309569565966,0.0,394.0829569565966,0.0,1596.0359756742162,0.0,0.0,0.0,0.0,0.0,0.0,481.6309569565966
1909,scenario_1,105.142,105.142,0.0,0.0,0.0,1970.414784782983,0.0,0.0,0.0,0.0,0.0,0.0,105.142
1910,scenario_1,105.883,105.883,0.0,0.0,0.0,1970.414784782983,0.0,0.0,0.0,0.0,0.0,0.0,105.883
1911,scenario_1,125.628,125.628,0.0,0.0,0.0,1970.414784782983,0.0,0.0,0.0,0.0,0.0,0.0,125.628
1912,scenario_1,149.723,148.85751282628175,0.0,0.0,0.8654871737182646,1970.414784782983,0.0,0.0,0.0,0.0,0.0,0.0,148.85751282628175
1913,scenario_1,205.723,37.46664958758739,0.0,0.0,168.25635041241262,1969.513235643693,0.0,0.0,0.0,0.0,0.0,0.0,37.46664958758739
1914,scenario_1,252.963,0.0,10.476622043471195,0.0,242.4863779565288,1794.2462039640964,0.0,3.4922073478237317,0.0,0.0,0.0,0.0,0.0
1915,scenario_1,269.137,0.0,61.3917014289115,0.0,207.74529857108848,1541.6562269260455,0.0,20.463900476303834,0.0,0.0,0.0,0.0,0.0
1916,scenario_1,239.704,0.0,61.3917014289115,0.0,178.3122985710885,1325.2548742478284,0.0,20.463900476303834,0.0,0.0,0.0,0.0,0.0
1917,scenario_1,145.505,0.0,0.0,0.0,145.505,1139.5128965696113,0.0,0.0,0.0,0.0,0.0,0.0,0.0
1918,scenario_1,74.973,0.0,0.0,0.0,74.973,987.945188236278,0.0,0.0,0.0,0.0,0.0,0.0,0.0
1919,scenario_1,37.877,0.0,0.0,0.0,37.877,909.848313236278,0.0,0.0,0.0,0.0,0.0,0.0,0.0
1920,scenario_1,23.205,0.0,0.0,0.0,23.205,870.3931049029447,0.0,0.0,0.0,0.0,0.0,0.0,0.0
1921,scenario_1,42.242,0.0,0.0,0.0,42.242,846.2212299029447,0.0,0.0,0.0,0.0,0.0,0.0,0.0
1922,scenario_1,4.621,0.0,0.0,0.0,4.621,802.2191465696114,0.0,0.0,0.0,0.0,0.0,0.0,0.0
1923,scenario_1,51.161,0.0,0.0,0.0,51.161,797.4056049029448,0.0,0.0,0.0,0.0,0.0,0.0,0.0
1924,scenario_1,54.911,0.0,0.0,0.0,54.911,744.1128965696114,0.0,0.0,0.0,0.0,0.0,0.0,0.0
1925,scenario_1,78.458,0.0,0.0,0.0,78.458,686.9139382362781,0.0,0.0,0.0,0.0,0.0,0.0,0.0
1926,scenario_1,112.497,12.761452274202625,0.0,0.0,99.73554772579737,605.1868549029448,0.0,0.0,0.0,0.0,0.0,0.0,12.761452274202625
1927,scenario_1,203.363,100.438805697303,0.0,0.0,102.924194302697,501.2956593552392,0.0,0.0,0.0,0.0,0.0,0.0,100.438805697303
1928,scenario_1,252.216,322.0287673747151,0.0,69.81276737471507,0.0,394.0829569565965,0.0,0.0,0.0,0.0,0.0,0.0,322.0287673747151
1929,scenario_1,264.892,264.892,0.0,0.0,0.0,460.4050859625758,0.0,0.0,0.0,0.0,0.0,0.0,264.892
1930,scenario_1,136.261,530.3439569565966,0.0,394.0829569565966,0.0,460.4050859625758,0.0,0.0,0.0,0.0,0.0,0.0,530.3439569565966
1931,scenario_1,9.736,403.8189569565966,0.0,394.0829569565966,0.0,834.7838950713426,0.0,0.0,0.0,0.0,0.0,0.0,403.8189569565966
1932,scenario_1,109.135,503.2179569565966,0.0,394.0829569565966,0.0,1209.1627041801094,0.0,0.0,0.0,0.0,0.0,0.0,503.2179569565966
1933,scenario_1,102.742,102.742,0.0,0.0,0.0,1583.541513288876,0.0,0.0,0.0,0.0,0.0,0.0,102.742
1934,scenario_1,107.863,412.8128753978646,0.0,304.9498753978646,0.0,1583.541513288876,0.0,0.0,0.0,0.0,0.0,0.0,412.8128753978646
1935,scenario_1,118.032,118.032,0.0,0.0,0.0,1873.2438949168475,0.0,0.0,0.0,0.0,0.0,0.0,118.032
1936,scenario_1,138.939,138.939,0.0,0.0,0.0,1873.2438949168475,0.0,0.0,0.0,0.0,0.0,0.0,138.939
1937,scenario_1,190.792,37.440552548171844,0.0,0.0,153.35144745182816,1873.2438949168475,0.0,0.0,0.0,0.0,0.0,0.0,37.440552548171844
1938,scenario_1,267.681,0.0,0.0,0.0,267.681,1713.502803821193,0.0,0.0,0.0,0.0,0.0,0.0,0.0
1939,scenario_1,28.545,0.0,0.0,0.0,28.545,1434.6684288211932,0.0,0.0,0.0,0.0,0.0,0.0,0.0
1940,scenario_1,250.719,0.0,0.0,0.0,250.719,1404.9340538211932,0.0,0.0,0.0,0.0,0.0,0.0,0.0
1941,scenario_1,153.031,0.0,0.0,0.0,153.031,1143.768428821193,0.0,0.0,0.0,0.0,0.0,0.0,0.0
1942,scenario_1,75.389,0.0,0.0,0.0,75.389,984.3611371545263,0.0,0.0,0.0,0.0,0.0,0.0,0.0
1943,scenario_1,42.982,0.0,0.0,0.0,42.982,905.830928821193,0.0,0.0,0.0,0.0,0.0,0.0,0.0
1944,scenario_1,20.263,0.0,0.0,0.0,20.263,861.0580121545263,0.0,0.0,0.0,0.0,0.0,0.0,0.0
1945,scenario_1,22.099,0.0,0.0,0.0,22.099,839.9507204878596,0.0,0.0,0.0,0.0,0.0,0.0,0.0
1946,scenario_1,26.947,0.0,0.0,0.0,26.947,816.9309288211929,0.0,0.0,0.0,0.0,0.0,0.0,0.0
1947,scenario_1,49.591,0.0,0.0,0.0,49.591,788.8611371545262,0.0,0.0,0.0,0.0,0.0,0.0,0.0
1948,scenario_1,52.991,0.0,0.0,0.0,52.991,737.2038454878596,0.0,0.0,0.0,0.0,0.0,0.0,0.0
1949,scenario_1,71.502,0.0,0.0,0.0,71.502,682.0048871545262,0.0,0.0,0.0,0.0,0.0,0.0,0.0
1950,scenario_1,145.659,14.344672665412494,0.0,0.0,131.3143273345875,607.5236371545261,0.0,0.0,0.0,0.0,0.0,0.0,14.344672665412494
1951,scenario_1,220.141,146.55227434457507,0.0,0.0,73.58872565542492,470.73787951433076,0.0,0.0,0.0,0.0,0.0,0.0,146.55227434457507
1952,scenario_1,277.642,277.642,0.0,0.0,0.0,394.0829569565965,0.0,0.0,0.0,0.0,0.0,0.0,277.642
1953,scenario_1,264.418,482.3602785306991,0.0,217.94227853069907,0.0,394.0829569565965,0.0,0.0,0.0,0.0,0.0,0.0,482.3602785306991
1954,scenario_1,166.197,560.2799569565966,0.0,394.0829569565966,0.0,601.1281215607606,0.0,0.0,0.0,0.0,0.0,0.0,560.2799569565966
1955,scenario_1,101.528,495.6109569565966,0.0,394.0829569565966,0.0,975.5069306695274,0.0,0.0,0.0,0.0,0.0,0.0,495.6109569565966
1956,scenario_1,105.318,499.4009569565966,0.0,394.0829569565966,0.0,1349.885739778294,0.0,0.0,0.0,0.0,0.0,0.0,499.4009569565966
1957,scenario_1,105.186,105.186,0.0,0.0,0.0,1724.2645488870608,0.0,0.0,0.0,0.0,0.0,0.0,105.186
1958,scenario_1,106.679,316.9135184569255,0.0,210.23451845692549,0.0,1724.2645488870608,0.0,0.0,0.0,0.0,0.0,0.0,316.9135184569255
1959,scenario_1,136.311,136.311,0.0,0.0,0.0,1923.98734142114,0.0,0.0,0.0,0.0,0.0,0.0,136.311
1960,scenario_1,134.539,183.40999301246634,0.0,48.87099301246636,0.0,1923.98734142114,0.0,0.0,0.0,0.0,0.0,0.0,183.40999301246634
1961,scenario_1,171.791,44.81731568963322,0.0,0.0,126.97368431036678,1970.414784782983,0.0,0.0,0.0,0.0,0.0,0.0,44.81731568963322
1962,scenario_1,25.068,0.0,0.0,0.0,25.068,1838.1505302930175,0.0,0.0,0.0,0.0,0.0,0.0,0.0
1963,scenario_1,320.736,0.0,0.0,0.0,320.736,1812.0380302930175,0.0,0.0,0.0,0.0,0.0,0.0,0.0
1964,scenario_1,259.884,0.0,0.0,0.0,259.884,1477.9380302930176,0.0,0.0,0.0,0.0,0.0,0.0,0.0
1965,scenario_1,170.576,0.0,0.0,0.0,170.576,1207.2255302930175,0.0,0.0,0.0,0.0,0.0,0.0,0.0
1966,scenario_1,68.606,0.0,0.0,0.0,68.606,1029.5421969596841,0.0,0.0,0.0,0.0,0.0,0.0,0.0
1967,scenario_1,2.965,0.0,0.0,0.0,2.965,958.0776136263507,0.0,0.0,0.0,0.0,0.0,0.0,0.0
1968,scenario_1,33.284,0.0,0.0,0.0,33.284,954.9890719596841,0.0,0.0,0.0,0.0,0.0,0.0,0.0
1969,scenario_1,4.043,0.0,0.0,0.0,4.043,920.3182386263508,0.0,0.0,0.0,0.0,0.0,0.0,0.0
1970,scenario_1,41.231,0.0,0.0,0.0,41.231,916.1067802930174,0.0,0.0,0.0,0.0,0.0,0.0,0.0
1971,scenario_1,40.894,0.0,0.0,0.0,40.894,873.157821959684,0.0,0.0,0.0,0.0,0.0,0.0,0.0
1972,scenario_1,64.112,0.0,0.0,0.0,64.112,830.5599052930173,0.0,0.0,0.0,0.0,0.0,0.0,0.0
1973,scenario_1,93.858,0.0,0.0,0.0,93.858,763.776571959684,0.0,0.0,0.0,0.0,0.0,0.0,0.0
1974,scenario_1,144.537,13.85752792965561,0.0,0.0,130.6794720703444,666.007821959684,0.0,0.0,0.0,0.0,0.0,0.0,13.85752792965561
1975,scenario_1,155.841,128.53661813470893,0.0,0.0,27.304381865291077,529.8833718864086,0.0,0.0,0.0,0.0,0.0,0.0,128.53661813470893
1976,scenario_1,178.041,178.041,0.0,0.0,0.0,501.441307443397,0.0,0.0,0.0,0.0,0.0,0.0,178.041
1977,scenario_1,160.878,372.2655682496436,0.0,211.3875682496436,0.0,501.441307443397,0.0,0.0,0.0,0.0,0.0,0.0,372.2655682496436
1978,scenario_1,177.672,400.72004022572867,0.0,223.04804022572867,0.0,702.2594972805584,0.0,0.0,0.0,0.0,0.0,0.0,400.72004022572867
1979,scenario_1,135.218,461.4304529194302,0.0,326.21245291943023,0.0,914.1551354950006,0.0,0.0,0.0,0.0,0.0,0.0,461.4304529194302
1980,scenario_1,140.582,510.44069294182793,0.0,369.85869294182794,0.0,1224.0569657684593,0.0,0.0,0.0,0.0,0.0,0.0,510.44069294182793
1981,scenario_1,165.876,369.40657549199574,0.0,203.53057549199573,0.0,1575.4227240631958,0.0,0.0,0.0,0.0,0.0,0.0,369.40657549199574
1982,scenario_1,155.436,155.436,0.0,0.0,0.0,1768.7767707805917,0.0,0.0,0.0,0.0,0.0,0.0,155.436
1983,scenario_1,178.455,273.79273952164516,0.0,95.33773952164515,0.0,1768.7767707805917,0.0,0.0,0.0,0.0,0.0,0.0,273.79273952164516
1984,scenario_1,172.772,154.49447334003997,0.0,0.0,18.277526659960017,1859.3476233261547,0.0,0.0,0.0,0.0,0.0,0.0,154.49447334003997
1985,scenario_1,181.878,34.61337327815422,0.0,0.0,147.26462672184576,1840.3085330553631,0.0,0.0,0.0,0.0,0.0,0.0,34.61337327815422
1986,scenario_1,219.299,0.0,0.0,0.0,219.299,1686.907880220107,0.0,0.0,0.0,0.0,0.0,0.0,0.0
1987,scenario_1,228.853,0.0,0.0,0.0,228.853,1458.4714218867737,0.0,0.0,0.0,0.0,0.0,0.0,0.0
1988,scenario_1,173.062,0.0,0.0,0.0,173.062,1220.082880220107,0.0,0.0,0.0,0.0,0.0,0.0,0.0
1989,scenario_1,114.249,0.0,0.0,0.0,114.249,1039.8099635534402,0.0,0.0,0.0,0.0,0.0,0.0,0.0
1990,scenario_1,72.704,0.0,0.0,0.0,72.704,920.8005885534401,0.0,0.0,0.0,0.0,0.0,0.0,0.0
1991,scenario_1,47.567,0.0,0.0,0.0,47.567,845.0672552201067,0.0,0.0,0.0,0.0,0.0,0.0,0.0
1992,scenario_1,36.424,0.0,0.0,0.0,36.424,795.5182968867734,0.0,0.0,0.0,0.0,0.0,0.0,0.0
1993,scenario_1,43.863,0.0,0.0,0.0,43.863,757.5766302201067,0.0,0.0,0.0,0.0,0.0,0.0,0.0
1994,scenario_1,48.659,0.0,0.0,0.0,48.659,711.8860052201068,0.0,0.0,0.0,0.0,0.0,0.0,0.0
1995,scenario_1,5.192,0.0,0.0,0.0,5.192,661.1995468867734,0.0,0.0,0.0,0.0,0.0,0.0,0.0
1996,scenario_1,60.211,0.0,0.0,0.0,60.211,655.7912135534401,0.0,0.0,0.0,0.0,0.0,0.0,0.0
1997,scenario_1,77.372,0.0,0.0,0.0,77.372,593.0714218867735,0.0,0.0,0.0,0.0,0.0,0.0,0.0
1998,scenario_1,102.636,16.519425950041434,0.0,0.0,86.11657404995856,512.4755885534402,0.0,0.0,0.0,0.0,0.0,0.0,16.519425950041434
1999,scenario_1,166.394,138.85364771698863,0.0,0.0,27.540352283011373,422.7708239180667,0.0,0.0,0.0,0.0,0.0,0.0,138.85364771698863
2000,scenario_1,191.267,191.267,0.0,0.0,0.0,394.0829569565965,0.0,0.0,0.0,0.0,0.0,0.0,191.267
2001,scenario_1,16.895,410.9779569565966,0.0,394.0829569565966,0.0,394.0829569565965,0.0,0.0,0.0,0.0,0.0,0.0,410.9779569565966
2002,scenario_1,146.649,540.7319569565966,0.0,394.0829569565966,0.0,768.4617660653632,0.0,0.0,0.0,0.0,0.0,0.0,540.7319569565966
2003,scenario_1,126.506,520.5889569565966,0.0,394.0829569565966,0.0,1142.84057517413,0.0,0.0,0.0,0.0,0.0,0.0,520.5889569565966
2004,scenario_1,141.789,141.789,0.0,0.0,0.0,1517.2193842828967,0.0,0.0,0.0,0.0,0.0,0.0,141.789
2005,scenario_1,129.156,523.2389569565967,0.0,394.0829569565966,0.0,1517.2193842828967,0.0,0.0,0.0,0.0,0.0,0.0,523.2389569565967
2006,scenario_1,136.912,185.14800913483725,0.0,48.23600913483724,0.0,1891.5981933916635,0.0,0.0,0.0,0.0,0.0,0.0,185.14800913483725
2007,scenario_1,146.786,146.786,0.0,0.0,0.0,1937.4224020697588,0.0,0.0,0.0,0.0,0.0,0.0,146.786
2008,scenario_1,211.973,209.61142058567583,0.0,0.0,2.361579414324183,1937.4224020697588,0.0,0.0,0.0,0.0,0.0,0.0,209.61142058567583
2009,scenario_1,197.044,53.072679158084675,0.0,0.0,143.97132084191534,1934.9624235131712,0.0,0.0,0.0,0.0,0.0,0.0,53.072679158084675
2010,scenario_1,228.788,0.0,0.0,0.0,228.788,1784.992297636176,0.0,0.0,0.0,0.0,0.0,0.0,0.0
2011,scenario_1,210.166,0.0,0.0,0.0,210.166,1546.6714643028427,0.0,0.0,0.0,0.0,0.0,0.0,0.0
2012,scenario_1,171.153,0.0,0.0,0.0,171.153,1327.748547636176,0.0,0.0,0.0,0.0,0.0,0.0,0.0
2013,scenario_1,136.399,0.0,0.0,0.0,136.399,1149.464172636176,0.0,0.0,0.0,0.0,0.0,0.0,0.0
2014,scenario_1,85.356,0.0,0.0,0.0,85.356,1007.3818809695093,0.0,0.0,0.0,0.0,0.0,0.0,0.0
2015,scenario_1,52.182,0.0,0.0,0.0,52.182,918.4693809695093,0.0,0.0,0.0,0.0,0.0,0.0,0.0
2016,scenario_1,33.696,0.0,0.0,0.0,33.696,864.1131309695093,0.0,0.0,0.0,0.0,0.0,0.0,0.0
2017,scenario_1,44.305,0.0,0.0,0.0,44.305,829.0131309695092,0.0,0.0,0.0,0.0,0.0,0.0,0.0
2018,scenario_1,47.522,0.0,0.0,0.0,47.522,782.8620893028426,0.0,0.0,0.0,0.0,0.0,0.0,0.0
2019,scenario_1,46.475,0.0,0.0,0.0,46.475,733.3600059695093,0.0,0.0,0.0,0.0,0.0,0.0,0.0
2020,scenario_1,60.794,0.0,0.0,0.0,60.794,684.9485476361759,0.0,0.0,0.0,0.0,0.0,0.0,0.0
2021,scenario_1,66.849,0.0,0.0,0.0,66.849,621.6214643028426,0.0,0.0,0.0,0.0,0.0,0.0,0.0
2022,scenario_1,136.004,17.08486180404496,0.0,0.0,118.91913819595503,551.9870893028426,0.0,0.0,0.0,0.0,0.0,0.0,17.08486180404496
2023,scenario_1,22.757,22.757,0.0,0.0,0.0,428.1129870153895,0.0,0.0,0.0,0.0,0.0,0.0,22.757
2024,scenario_1,255.167,255.167,0.0,0.0,0.0,428.1129870153895,0.0,0.0,0.0,0.0,0.0,0.0,255.167
2025,scenario_1,218.727,485.3179429977944,0.0,266.5909429977944,0.0,428.1129870153895,0.0,0.0,0.0,0.0,0.0,0.0,485.3179429977944
2026,scenario_1,133.908,527.9909569565966,0.0,394.0829569565966,0.0,681.3743828632942,0.0,0.0,0.0,0.0,0.0,0.0,527.9909569565966
2027,scenario_1,124.371,518.4539569565966,0.0,394.0829569565966,0.0,1055.753191972061,0.0,0.0,0.0,0.0,0.0,0.0,518.4539569565966
2028,scenario_1,124.906,124.906,0.0,0.0,0.0,1430.1320010808276,0.0,0.0,0.0,0.0,0.0,0.0,124.906
2029,scenario_1,100.496,494.5789569565966,0.0,394.0829569565966,0.0,1430.1320010808276,0.0,0.0,0.0,0.0,0.0,0.0,494.5789569565966
2030,scenario_1,102.802,102.802,0.0,0.0,0.0,1804.5108101895944,0.0,0.0,0.0,0.0,0.0,0.0,102.802
2031,scenario_1,151.472,151.472,0.0,0.0,0.0,1804.5108101895944,0.0,0.0,0.0,0.0,0.0,0.0,151.472
2032,scenario_1,145.216,145.216,0.0,0.0,0.0,1804.5108101895944,0.0,0.0,0.0,0.0,0.0,0.0,145.216
2033,scenario_1,174.726,48.51439627350241,0.0,0.0,126.21160372649759,1804.5108101895944,0.0,0.0,0.0,0.0,0.0,0.0,48.51439627350241
2034,scenario_1,261.952,0.0,0.0,0.0,261.952,1673.0403896411594,0.0,0.0,0.0,0.0,0.0,0.0,0.0
2035,scenario_1,27.497,0.0,0.0,0.0,27.497,1400.1737229744929,0.0,0.0,0.0,0.0,0.0,0.0,0.0
2036,scenario_1,244.287,0.0,0.0,0.0,244.287,1371.5310146411596,0.0,0.0,0.0,0.0,0.0,0.0,0.0
2037,scenario_1,142.096,0.0,0.0,0.0,142.096,1117.0653896411595,0.0,0.0,0.0,0.0,0.0,0.0,0.0
2038,scenario_1,48.761,0.0,0.0,0.0,48.761,969.0487229744929,0.0,0.0,0.0,0.0,0.0,0.0,0.0
2039,scenario_1,16.986,0.0,0.0,0.0,16.986,918.2560146411596,0.0,0.0,0.0,0.0,0.0,0.0,0.0
2040,scenario_1,16.653,0.0,0.0,0.0,16.653,900.5622646411596,0.0,0.0,0.0,0.0,0.0,0.0,0.0
2041,scenario_1,23.833,0.0,0.0,0.0,23.833,883.2153896411596,0.0,0.0,0.0,0.0,0.0,0.0,0.0
2042,scenario_1,40.335,0.0,0.0,0.0,40.335,858.3893479744929,0.0,0.0,0.0,0.0,0.0,0.0,0.0
2043,scenario_1,42.093,0.0,0.0,0.0,42.093,816.3737229744929,0.0,0.0,0.0,0.0,0.0,0.0,0.0
2044,scenario_1,48.806,0.0,0.0,0.0,48.806,772.526847974493,0.0,0.0,0.0,0.0,0.0,0.0,0.0
2045,scenario_1,66.515,0.0,0.0,0.0,66.515,721.6872646411596,0.0,0.0,0.0,0.0,0.0,0.0,0.0
2046,scenario_1,132.517,17.815578907680283,0.0,0.0,114.70142109231972,652.4008063078262,0.0,0.0,0.0,0.0,0.0,0.0,17.815578907680283
2047,scenario_1,221.457,163.8372134508059,0.0,0.0,57.61978654919409,532.9201593366598,0.0,0.0,0.0,0.0,0.0,0.0,163.8372134508059
2048,scenario_1,260.174,260.174,0.0,0.0,0.0,472.8995483479159,0.0,0.0,0.0,0.0,0.0,0.0,260.174
2049,scenario_1,228.401,228.401,0.0,0.0,0.0,472.8995483479159,0.0,0.0,0.0,0.0,0.0,0.0,228.401
2050,scenario_1,169.781,563.8639569565967,0.0,394.0829569565966,0.0,472.8995483479159,0.0,0.0,0.0,0.0,0.0,0.0,563.8639569565967
2051,scenario_1,128.255,522.3379569565966,0.0,394.0829569565966,0.0,847.2783574566827,0.0,0.0,0.0,0.0,0.0,0.0,522.3379569565966
2052,scenario_1,101.483,495.5659569565966,0.0,394.0829569565966,0.0,1221.6571665654494,0.0,0.0,0.0,0.0,0.0,0.0,495.5659569565966
2053,scenario_1,108.194,108.194,0.0,0.0,0.0,1596.0359756742162,0.0,0.0,0.0,0.0,0.0,0.0,108.194
2054,scenario_1,117.233,511.3159569565966,0.0,394.0829569565966,0.0,1596.0359756742162,0.0,0.0,0.0,0.0,0.0,0.0,511.3159569565966
2055,scenario_1,126.603,126.603,0.0,0.0,0.0,1970.414784782983,0.0,0.0,0.0,0.0,0.0,0.0,126.603
2056,scenario_1,14.719,14.719,0.0,0.0,0.0,1970.414784782983,0.0,0.0,0.0,0.0,0.0,0.0,14.719
2057,scenario_1,188.262,49.775753178587195,0.0,0.0,138.4862468214128,1970.414784782983,0.0,0.0,0.0,0.0,0.0,0.0,49.775753178587195
2058,scenario_1,255.671,0.0,61.3917014289115,0.0,194.27929857108848,1826.1582776773446,0.0,20.463900476303834,0.0,0.0,0.0,0.0,0.0
2059,scenario_1,266.586,0.0,0.0,0.0,266.586,1623.7840083324606,0.0,0.0,0.0,0.0,0.0,0.0,0.0
2060,scenario_1,241.134,0.0,0.0,0.0,241.134,1346.0902583324605,0.0,0.0,0.0,0.0,0.0,0.0,0.0
2061,scenario_1,163.705,0.0,0.0,0.0,163.705,1094.9090083324604,0.0,0.0,0.0,0.0,0.0,0.0,0.0
2062,scenario_1,8.733,0.0,0.0,0.0,8.733,924.3829666657937,0.0,0.0,0.0,0.0,0.0,0.0,0.0
2063,scenario_1,30.086,0.0,0.0,0.0,30.086,915.2860916657937,0.0,0.0,0.0,0.0,0.0,0.0,0.0
2064,scenario_1,41.314,0.0,11.686477935365936,0.0,29.627522064634064,883.9465083324604,0.0,3.8954926451219785,0.0,0.0,0.0,0.0,0.0
2065,scenario_1,39.319,0.0,0.0,0.0,39.319,853.0845061818,0.0,0.0,0.0,0.0,0.0,0.0,0.0
2066,scenario_1,47.422,0.0,0.0,0.0,47.422,812.1272145151332,0.0,0.0,0.0,0.0,0.0,0.0,0.0
2067,scenario_1,51.861,0.0,0.0,0.0,51.861,762.7292978484666,0.0,0.0,0.0,0.0,0.0,0.0,0.0
2068,scenario_1,51.628,0.0,0.0,0.0,51.628,708.7074228484665,0.0,0.0,0.0,0.0,0.0,0.0,0.0
2069,scenario_1,77.178,0.0,0.0,0.0,77.178,654.9282561817998,0.0,0.0,0.0,0.0,0.0,0.0,0.0
2070,scenario_1,130.538,18.47670390620748,0.0,0.0,112.06129609379254,574.5345061817999,0.0,0.0,0.0,0.0,0.0,0.0,18.47670390620748
2071,scenario_1,228.576,167.40380883759735,0.0,0.0,61.17219116240264,457.8039894174326,0.0,0.0,0.0,0.0,0.0,0.0,167.40380883759735
2072,scenario_1,273.995,273.995,0.0,0.0,0.0,394.0829569565965,0.0,0.0,0.0,0.0,0.0,0.0,273.995
2073,scenario_1,229.543,255.6267031678442,0.0,26.083703167844188,0.0,394.0829569565965,0.0,0.0,0.0,0.0,0.0,0.0,255.6267031678442
2074,scenario_1,141.501,535.5839569565966,0.0,394.0829569565966,0.0,418.86247496604847,0.0,0.0,0.0,0.0,0.0,0.0,535.5839569565966
2075,scenario_1,118.655,512.7379569565966,0.0,394.0829569565966,0.0,793.2412840748152,0.0,0.0,0.0,0.0,0.0,0.0,512.7379569565966
2076,scenario_1,121.829,515.9119569565966,0.0,394.0829569565966,0.0,1167.620093183582,0.0,0.0,0.0,0.0,0.0,0.0,515.9119569565966
2077,scenario_1,124.109,124.109,0.0,0.0,0.0,1541.9989022923487,0.0,0.0,0.0,0.0,0.0,0.0,124.109
2078,scenario_1,111.427,505.5099569565966,0.0,394.0829569565966,0.0,1541.9989022923487,0.0,0.0,0.0,0.0,0.0,0.0,505.5099569565966
2079,scenario_1,119.028,119.028,0.0,0.0,0.0,1916.3777114011154,0.0,0.0,0.0,0.0,0.0,0.0,119.028
2080,scenario_1,137.663,137.663,0.0,0.0,0.0,1916.3777114011154,0.0,0.0,0.0,0.0,0.0,0.0,137.663
2081,scenario_1,188.309,49.4451906793236,0.0,0.0,138.8638093206764,1916.3777114011154,0.0,0.0,0.0,0.0,0.0,0.0,49.4451906793236
2082,scenario_1,273.851,0.0,0.0,0.0,273.851,1771.727910025411,0.0,0.0,0.0,0.0,0.0,0.0,0.0
2083,scenario_1,291.085,0.0,0.0,0.0,291.085,1486.4664516920775,0.0,0.0,0.0,0.0,0.0,0.0,0.0
2084,scenario_1,227.301,0.0,0.0,0.0,227.301,1183.2529100254108,0.0,0.0,0.0,0.0,0.0,0.0,0.0
2085,scenario_1,148.567,0.0,0.0,0.0,148.567,946.4810350254108,0.0,0.0,0.0,0.0,0.0,0.0,0.0
2086,scenario_1,7.646,0.0,0.0,0.0,7.646,791.7237433587442,0.0,0.0,0.0,0.0,0.0,0.0,0.0
2087,scenario_1,41.646,0.0,0.0,0.0,41.646,783.7591600254109,0.0,0.0,0.0,0.0,0.0,0.0,0.0
2088,scenario_1,1.672,0.0,0.0,0.0,1.672,740.3779100254109,0.0,0.0,0.0,0.0,0.0,0.0,0.0
2089,scenario_1,28.844,0.0,0.0,0.0,28.844,738.6362433587442,0.0,0.0,0.0,0.0,0.0,0.0,0.0
2090,scenario_1,32.477,0.0,0.0,0.0,32.477,708.5904100254108,0.0,0.0,0.0,0.0,0.0,0.0,0.0
2091,scenario_1,50.537,0.0,0.0,0.0,50.537,674.7602016920775,0.0,0.0,0.0,0.0,0.0,0.0,0.0
2092,scenario_1,71.496,0.0,0.0,0.0,71.496,622.1174933587442,0.0,0.0,0.0,0.0,0.0,0.0,0.0
2093,scenario_1,65.196,0.0,0.0,0.0,65.196,547.6424933587442,0.0,0.0,0.0,0.0,0.0,0.0,0.0
2094,scenario_1,11.17,11.17,0.0,0.0,0.0,479.7299933587442,0.0,0.0,0.0,0.0,0.0,0.0,11.17
2095,scenario_1,235.202,152.9808450539382,0.0,0.0,82.2211549460618,479.7299933587442,0.0,0.0,0.0,0.0,0.0,0.0,152.9808450539382
2096,scenario_1,242.156,242.156,0.0,0.0,0.0,394.0829569565965,0.0,0.0,0.0,0.0,0.0,0.0,242.156
2097,scenario_1,200.287,283.2518330434941,0.0,82.96483304349414,0.0,394.0829569565965,0.0,0.0,0.0,0.0,0.0,0.0,283.2518330434941
2098,scenario_1,13.544,407.6269569565966,0.0,394.0829569565966,0.0,472.8995483479159,0.0,0.0,0.0,0.0,0.0,0.0,407.6269569565966
2099,scenario_1,109.567,503.6499569565966,0.0,394.0829569565966,0.0,847.2783574566827,0.0,0.0,0.0,0.0,0.0,0.0,503.6499569565966
2100,scenario_1,10.177,404.2599569565966,0.0,394.0829569565966,0.0,1221.6571665654494,0.0,0.0,0.0,0.0,0.0,0.0,404.2599569565966
2101,scenario_1,9.388,9.388,0.0,0.0,0.0,1596.0359756742162,0.0,0.0,0.0,0.0,0.0,0.0,9.388
2102,scenario_1,89.355,483.4379569565966,0.0,394.0829569565966,0.0,1596.0359756742162,0.0,0.0,0.0,0.0,0.0,0.0,483.4379569565966
2103,scenario_1,114.319,114.319,0.0,0.0,0.0,1970.414784782983,0.0,0.0,0.0,0.0,0.0,0.0,114.319
2104,scenario_1,133.922,133.922,0.0,0.0,0.0,1970.414784782983,0.0,0.0,0.0,0.0,0.0,0.0,133.922
2105,scenario_1,189.387,46.81808871149184,0.0,0.0,142.56891128850816,1970.414784782983,0.0,0.0,0.0,0.0,0.0,0.0,46.81808871149184
2106,scenario_1,250.076,0.0,27.602338982153185,0.0,222.4736610178468,1821.9055021907868,0.0,9.200779660717728,0.0,0.0,0.0,0.0,0.0
2107,scenario_1,288.473,0.0,0.0,0.0,288.473,1590.1621052971964,0.0,0.0,0.0,0.0,0.0,0.0,0.0
2108,scenario_1,239.364,0.0,61.3917014289115,0.0,177.97229857108852,1289.669396963863,0.0,20.463900476303834,0.0,0.0,0.0,0.0,0.0
2109,scenario_1,139.961,0.0,61.3917014289115,0.0,78.56929857108851,1104.2815859523123,0.0,20.463900476303834,0.0,0.0,0.0,0.0,0.0
2110,scenario_1,74.838,0.0,0.0,0.0,74.838,1022.4385666074284,0.0,0.0,0.0,0.0,0.0,0.0,0.0
2111,scenario_1,41.996,0.0,0.0,0.0,41.996,944.4823166074284,0.0,0.0,0.0,0.0,0.0,0.0,0.0
2112,scenario_1,36.603,0.0,0.0,0.0,36.603,900.736483274095,0.0,0.0,0.0,0.0,0.0,0.0,0.0
2113,scenario_1,43.291,0.0,0.0,0.0,43.291,862.608358274095,0.0,0.0,0.0,0.0,0.0,0.0,0.0
2114,scenario_1,50.615,0.0,50.615,0.0,0.0,817.5135666074284,0.0,16.871666666666666,0.0,0.0,0.0,0.0,0.0
2115,scenario_1,54.912,0.0,0.0,0.0,54.912,817.5135666074284,0.0,0.0,0.0,0.0,0.0,0.0,0.0
2116,scenario_1,58.597,0.0,0.0,0.0,58.597,760.3135666074284,0.0,0.0,0.0,0.0,0.0,0.0,0.0
2117,scenario_1,72.868,0.0,0.0,0.0,72.868,699.2750249407617,0.0,0.0,0.0,0.0,0.0,0.0,0.0
2118,scenario_1,142.697,20.077322323694382,0.0,0.0,122.61967767630563,623.370858274095,0.0,0.0,0.0,0.0,0.0,0.0,20.077322323694382
2119,scenario_1,255.349,157.85229241150705,0.0,0.0,97.49670758849294,495.64202736127663,0.0,0.0,0.0,0.0,0.0,0.0,157.85229241150705
2120,scenario_1,282.294,282.294,0.0,0.0,0.0,394.0829569565965,0.0,0.0,0.0,0.0,0.0,0.0,282.294
2121,scenario_1,205.673,288.63783304349414,0.0,82.96483304349414,0.0,394.0829569565965,0.0,0.0,0.0,0.0,0.0,0.0,288.63783304349414
2122,scenario_1,148.918,543.0009569565966,0.0,394.0829569565966,0.0,472.8995483479159,0.0,0.0,0.0,0.0,0.0,0.0,543.0009569565966
2123,scenario_1,120.178,514.2609569565966,0.0,394.0829569565966,0.0,847.2783574566827,0.0,0.0,0.0,0.0,0.0,0.0,514.2609569565966
2124,scenario_1,114.167,508.24995695659663,0.0,394.0829569565966,0.0,1221.6571665654494,0.0,0.0,0.0,0.0,0.0,0.0,508.24995695659663
2125,scenario_1,93.366,93.366,0.0,0.0,0.0,1596.0359756742162,0.0,0.0,0.0,0.0,0.0,0.0,93.366
2126,scenario_1,104.243,498.3259569565966,0.0,394.0829569565966,0.0,1596.0359756742162,0.0,0.0,0.0,0.0,0.0,0.0,498.3259569565966
2127,scenario_1,122.985,122.985,0.0,0.0,0.0,1970.414784782983,0.0,0.0,0.0,0.0,0.0,0.0,122.985
2128,scenario_1,171.242,171.242,0.0,0.0,0.0,1970.414784782983,0.0,0.0,0.0,0.0,0.0,0.0,171.242
2129,scenario_1,200.645,47.59230088081974,0.0,0.0,153.05269911918026,1970.414784782983,0.0,0.0,0.0,0.0,0.0,0.0,47.59230088081974
2130,scenario_1,236.035,0.0,14.985445791687965,0.0,221.04955420831203,1810.98488986717,0.0,4.9951485972293215,0.0,0.0,0.0,0.0,0.0
2131,scenario_1,281.264,0.0,0.0,0.0,281.264,1580.724937566845,0.0,0.0,0.0,0.0,0.0,0.0,0.0
2132,scenario_1,230.824,0.0,0.0,0.0,230.824,1287.7416042335117,0.0,0.0,0.0,0.0,0.0,0.0,0.0
2133,scenario_1,150.087,0.0,0.0,0.0,150.087,1047.299937566845,0.0,0.0,0.0,0.0,0.0,0.0,0.0
2134,scenario_1,81.425,0.0,0.0,0.0,81.425,890.9593125668451,0.0,0.0,0.0,0.0,0.0,0.0,0.0
2135,scenario_1,47.942,0.0,0.0,0.0,47.942,806.1416042335118,0.0,0.0,0.0,0.0,0.0,0.0,0.0
2136,scenario_1,42.272,0.0,0.0,0.0,42.272,756.2020209001785,0.0,0.0,0.0,0.0,0.0,0.0,0.0
2137,scenario_1,46.308,0.0,0.0,0.0,46.308,712.1686875668452,0.0,0.0,0.0,0.0,0.0,0.0,0.0
2138,scenario_1,50.432,0.0,0.0,0.0,50.432,663.9311875668452,0.0,0.0,0.0,0.0,0.0,0.0,0.0
2139,scenario_1,48.749,0.0,0.0,0.0,48.749,611.3978542335119,0.0,0.0,0.0,0.0,0.0,0.0,0.0
2140,scenario_1,60.149,0.0,0.0,0.0,60.149,560.6176459001786,0.0,0.0,0.0,0.0,0.0,0.0,0.0
2141,scenario_1,79.306,0.0,0.0,0.0,79.306,497.9624375668452,0.0,0.0,0.0,0.0,0.0,0.0,0.0
2142,scenario_1,13.657,20.642758177697907,0.0,6.985758177697907,0.0,415.35202090017856,0.0,0.0,0.0,0.0,0.0,0.0,20.642758177697907
2143,scenario_1,181.162,154.37268715610074,0.0,0.0,26.789312843899268,421.9884911689916,0.0,0.0,0.0,0.0,0.0,0.0,154.37268715610074
2144,scenario_1,195.099,336.9475749072696,0.0,141.8485749072696,0.0,394.0829569565965,0.0,0.0,0.0,0.0,0.0,0.0,336.9475749072696
2145,scenario_1,183.354,183.354,0.0,0.0,0.0,528.8391031185026,0.0,0.0,0.0,0.0,0.0,0.0,183.354
2146,scenario_1,15.332,409.4149569565966,0.0,394.0829569565966,0.0,528.8391031185026,0.0,0.0,0.0,0.0,0.0,0.0,409.4149569565966
2147,scenario_1,136.063,530.1459569565966,0.0,394.0829569565966,0.0,903.2179122272694,0.0,0.0,0.0,0.0,0.0,0.0,530.1459569565966
2148,scenario_1,119.839,119.839,0.0,0.0,0.0,1277.5967213360361,0.0,0.0,0.0,0.0,0.0,0.0,119.839
2149,scenario_1,120.793,514.8759569565966,0.0,394.0829569565966,0.0,1277.5967213360361,0.0,0.0,0.0,0.0,0.0,0.0,514.8759569565966
2150,scenario_1,145.829,145.829,0.0,0.0,0.0,1651.9755304448029,0.0,0.0,0.0,0.0,0.0,0.0,145.829
2151,scenario_1,194.846,194.846,0.0,0.0,0.0,1651.9755304448029,0.0,0.0,0.0,0.0,0.0,0.0,194.846
2152,scenario_1,17.099,221.1637100336248,0.0,204.0647100336248,0.0,1651.9755304448029,0.0,0.0,0.0,0.0,0.0,0.0,221.1637100336248
2153,scenario_1,193.884,52.13318573912497,0.0,0.0,141.75081426087502,1845.8370049767464,0.0,0.0,0.0,0.0,0.0,0.0,52.13318573912497
2154,scenario_1,218.383,0.0,0.0,0.0,218.383,1698.1799067883348,0.0,0.0,0.0,0.0,0.0,0.0,0.0
2155,scenario_1,217.739,0.0,0.0,0.0,217.739,1470.6976151216682,0.0,0.0,0.0,0.0,0.0,0.0,0.0
2156,scenario_1,157.255,0.0,0.0,0.0,157.255,1243.8861567883348,0.0,0.0,0.0,0.0,0.0,0.0,0.0
2157,scenario_1,88.295,0.0,0.0,0.0,88.295,1080.078865121668,0.0,0.0,0.0,0.0,0.0,0.0,0.0
2158,scenario_1,5.178,0.0,0.0,0.0,5.178,988.1049067883347,0.0,0.0,0.0,0.0,0.0,0.0,0.0
2159,scenario_1,29.425,0.0,0.0,0.0,29.425,982.7111567883347,0.0,0.0,0.0,0.0,0.0,0.0,0.0
2160,scenario_1,22.823,0.0,0.0,0.0,22.823,952.0601151216681,0.0,0.0,0.0,0.0,0.0,0.0,0.0
2161,scenario_1,25.565,0.0,0.0,0.0,25.565,928.2861567883348,0.0,0.0,0.0,0.0,0.0,0.0,0.0
2162,scenario_1,42.556,0.0,0.0,0.0,42.556,901.6559484550014,0.0,0.0,0.0,0.0,0.0,0.0,0.0
2163,scenario_1,48.681,0.0,0.0,0.0,48.681,857.3267817883348,0.0,0.0,0.0,0.0,0.0,0.0,0.0
2164,scenario_1,65.198,0.0,0.0,0.0,65.198,806.6174067883347,0.0,0.0,0.0,0.0,0.0,0.0,0.0
2165,scenario_1,77.135,0.0,0.0,0.0,77.135,738.7028234550014,0.0,0.0,0.0,0.0,0.0,0.0,0.0
2166,scenario_1,12.525,12.525,0.0,0.0,0.0,658.353865121668,0.0,0.0,0.0,0.0,0.0,0.0,12.525
2167,scenario_1,170.648,149.97098650801175,0.0,0.0,20.677013491988248,658.353865121668,0.0,0.0,0.0,0.0,0.0,0.0,149.97098650801175
2168,scenario_1,193.978,193.978,0.0,0.0,0.0,636.8153094008469,0.0,0.0,0.0,0.0,0.0,0.0,193.978
2169,scenario_1,18.791,412.8739569565966,0.0,394.0829569565966,0.0,636.8153094008469,0.0,0.0,0.0,0.0,0.0,0.0,412.8739569565966
2170,scenario_1,184.204,578.2869569565967,0.0,394.0829569565966,0.0,1011.1941185096136,0.0,0.0,0.0,0.0,0.0,0.0,578.2869569565967
2171,scenario_1,13.538,13.538,0.0,0.0,0.0,1385.5729276183804,0.0,0.0,0.0,0.0,0.0,0.0,13.538
2172,scenario_1,117.404,511.4869569565966,0.0,394.0829569565966,0.0,1385.5729276183804,0.0,0.0,0.0,0.0,0.0,0.0,511.4869569565966
2173,scenario_1,146.083,146.083,0.0,0.0,0.0,1759.9517367271471,0.0,0.0,0.0,0.0,0.0,0.0,146.083
2174,scenario_1,177.905,399.44505058509026,0.0,221.54005058509028,0.0,1759.9517367271471,0.0,0.0,0.0,0.0,0.0,0.0,399.44505058509026
2175,scenario_1,156.922,156.922,0.0,0.0,0.0,1970.414784782983,0.0,0.0,0.0,0.0,0.0,0.0,156.922
2176,scenario_1,19.959,19.959,0.0,0.0,0.0,1970.414784782983,0.0,0.0,0.0,0.0,0.0,0.0,19.959
2177,scenario_1,217.726,50.98491600484089,0.0,0.0,166.7410839951591,1970.414784782983,0.0,0.0,0.0,0.0,0.0,0.0,50.98491600484089
2178,scenario_1,227.024,0.0,5.1336300270938295,0.0,221.89036997290617,1796.7261556213589,0.0,1.7112100090312765,0.0,0.0,0.0,0.0,0.0
2179,scenario_1,219.536,0.0,0.0,0.0,219.536,1565.5903535662483,0.0,0.0,0.0,0.0,0.0,0.0,0.0
2180,scenario_1,188.826,0.0,0.0,0.0,188.826,1336.9070202329149,0.0,0.0,0.0,0.0,0.0,0.0,0.0
2181,scenario_1,147.659,0.0,0.0,0.0,147.659,1140.213270232915,0.0,0.0,0.0,0.0,0.0,0.0,0.0
2182,scenario_1,72.917,0.0,0.0,0.0,72.917,986.4018118995816,0.0,0.0,0.0,0.0,0.0,0.0,0.0
2183,scenario_1,42.099,0.0,0.0,0.0,42.099,910.4466035662483,0.0,0.0,0.0,0.0,0.0,0.0,0.0
2184,scenario_1,27.624,0.0,0.0,0.0,27.624,866.5934785662483,0.0,0.0,0.0,0.0,0.0,0.0,0.0
2185,scenario_1,40.727,0.0,0.0,0.0,40.727,837.8184785662484,0.0,0.0,0.0,0.0,0.0,0.0,0.0
2186,scenario_1,46.661,0.0,0.0,0.0,46.661,795.394520232915,0.0,0.0,0.0,0.0,0.0,0.0,0.0
2187,scenario_1,46.212,0.0,0.0,0.0,46.212,746.7893118995818,0.0,0.0,0.0,0.0,0.0,0.0,0.0
2188,scenario_1,64.517,0.0,0.0,0.0,64.517,698.6518118995817,0.0,0.0,0.0,0.0,0.0,0.0,0.0
2189,scenario_1,82.164,0.0,0.0,0.0,82.164,631.4466035662484,0.0,0.0,0.0,0.0,0.0,0.0,0.0
2190,scenario_1,124.224,22.6261331732795,0.0,0.0,101.5978668267205,545.8591035662485,0.0,0.0,0.0,0.0,0.0,0.0,22.6261331732795
2191,scenario_1,208.362,164.25476608145462,0.0,0.0,44.107233918545376,440.02799228841457,0.0,0.0,0.0,0.0,0.0,0.0,164.25476608145462
2192,scenario_1,269.864,269.864,0.0,0.0,0.0,394.0829569565965,0.0,0.0,0.0,0.0,0.0,0.0,269.864
2193,scenario_1,233.012,233.012,0.0,0.0,0.0,394.0829569565965,0.0,0.0,0.0,0.0,0.0,0.0,233.012
2194,scenario_1,145.315,539.3979569565965,0.0,394.0829569565966,0.0,394.0829569565965,0.0,0.0,0.0,0.0,0.0,0.0,539.3979569565965
2195,scenario_1,108.905,502.9879569565966,0.0,394.0829569565966,0.0,768.4617660653632,0.0,0.0,0.0,0.0,0.0,0.0,502.9879569565966
2196,scenario_1,9.27,403.3529569565966,0.0,394.0829569565966,0.0,1142.84057517413,0.0,0.0,0.0,0.0,0.0,0.0,403.3529569565966
2197,scenario_1,89.194,89.194,0.0,0.0,0.0,1517.2193842828967,0.0,0.0,0.0,0.0,0.0,0.0,89.194
2198,scenario_1,107.856,457.92475062460835,0.0,350.06875062460836,0.0,1517.2193842828967,0.0,0.0,0.0,0.0,0.0,0.0,457.92475062460835
2199,scenario_1,136.579,263.55803937548245,0.0,126.97903937548243,0.0,1849.7846973762746,0.0,0.0,0.0,0.0,0.0,0.0,263.55803937548245
2200,scenario_1,170.751,170.751,0.0,0.0,0.0,1970.414784782983,0.0,0.0,0.0,0.0,0.0,0.0,170.751
2201,scenario_1,229.112,52.59423343546631,0.0,0.0,176.5177665645337,1970.414784782983,0.0,0.0,0.0,0.0,0.0,0.0,52.59423343546631
2202,scenario_1,270.533,0.0,37.334662145581746,0.0,233.19833785441827,1786.5421112782603,0.0,12.444887381860582,0.0,0.0,0.0,0.0,0.0
2203,scenario_1,275.122,0.0,61.3917014289115,0.0,213.7302985710885,1543.6271760132413,0.0,20.463900476303834,0.0,0.0,0.0,0.0,0.0
2204,scenario_1,223.503,0.0,0.0,0.0,223.503,1320.9914483350242,0.0,0.0,0.0,0.0,0.0,0.0,0.0
2205,scenario_1,135.214,0.0,0.0,0.0,135.214,1088.1758233350242,0.0,0.0,0.0,0.0,0.0,0.0,0.0
2206,scenario_1,67.341,0.0,0.0,0.0,67.341,947.3279066683576,0.0,0.0,0.0,0.0,0.0,0.0,0.0
2207,scenario_1,44.165,0.0,0.0,0.0,44.165,877.1810316683576,0.0,0.0,0.0,0.0,0.0,0.0,0.0
2208,scenario_1,38.081,0.0,0.0,0.0,38.081,831.1758233350242,0.0,0.0,0.0,0.0,0.0,0.0,0.0
2209,scenario_1,46.499,0.0,0.0,0.0,46.499,791.5081150016908,0.0,0.0,0.0,0.0,0.0,0.0,0.0
2210,scenario_1,42.696,0.0,42.696,0.0,0.0,743.0716566683575,0.0,14.232,0.0,0.0,0.0,0.0,0.0
2211,scenario_1,47.975,0.0,0.0,0.0,47.975,743.0716566683575,0.0,0.0,0.0,0.0,0.0,0.0,0.0
2212,scenario_1,60.343,0.0,0.0,0.0,60.343,693.0976983350241,0.0,0.0,0.0,0.0,0.0,0.0,0.0
2213,scenario_1,79.222,0.0,0.0,0.0,79.222,630.2404066683574,0.0,0.0,0.0,0.0,0.0,0.0,0.0
2214,scenario_1,130.206,22.573939094448406,0.0,0.0,107.63206090555158,547.7174900016907,0.0,0.0,0.0,0.0,0.0,0.0,22.573939094448406
2215,scenario_1,200.206,160.34890918226105,0.0,0.0,39.857090817738936,435.60075989174123,0.0,0.0,0.0,0.0,0.0,0.0,160.34890918226105
2216,scenario_1,256.018,256.018,0.0,0.0,0.0,394.0829569565965,0.0,0.0,0.0,0.0,0.0,0.0,256.018
2217,scenario_1,213.926,213.926,0.0,0.0,0.0,394.0829569565965,0.0,0.0,0.0,0.0,0.0,0.0,213.926
2218,scenario_1,166.349,560.4319569565967,0.0,394.0829569565966,0.0,394.0829569565965,0.0,0.0,0.0,0.0,0.0,0.0,560.4319569565967
2219,scenario_1,11.65,405.7329569565966,0.0,394.0829569565966,0.0,768.4617660653632,0.0,0.0,0.0,0.0,0.0,0.0,405.7329569565966
2220,scenario_1,8.894,402.9769569565966,0.0,394.0829569565966,0.0,1142.84057517413,0.0,0.0,0.0,0.0,0.0,0.0,402.9769569565966
2221,scenario_1,111.898,111.898,0.0,0.0,0.0,1517.2193842828967,0.0,0.0,0.0,0.0,0.0,0.0,111.898
2222,scenario_1,102.008,441.27483947748914,0.0,339.26683947748916,0.0,1517.2193842828967,0.0,0.0,0.0,0.0,0.0,0.0,441.27483947748914
2223,scenario_1,143.425,281.2059505226017,0.0,137.78095052260167,0.0,1839.5228817865113,0.0,0.0,0.0,0.0,0.0,0.0,281.2059505226017
2224,scenario_1,139.291,139.291,0.0,0.0,0.0,1970.414784782983,0.0,0.0,0.0,0.0,0.0,0.0,139.291
2225,scenario_1,177.878,43.990909441474216,0.0,0.0,133.88709055852576,1970.414784782983,0.0,0.0,0.0,0.0,0.0,0.0,43.990909441474216
2226,scenario_1,248.773,0.0,34.38110125770413,0.0,214.39189874229587,1830.949065451185,0.0,11.460367085901376,0.0,0.0,0.0,0.0,0.0
2227,scenario_1,292.137,0.0,61.3917014289115,0.0,230.74529857108848,1607.6241709279602,0.0,20.463900476303834,0.0,0.0,0.0,0.0,0.0
2228,scenario_1,228.812,0.0,0.0,0.0,228.812,1367.2644849164096,0.0,0.0,0.0,0.0,0.0,0.0,0.0
2229,scenario_1,160.975,0.0,0.0,0.0,160.975,1128.9186515830763,0.0,0.0,0.0,0.0,0.0,0.0,0.0
2230,scenario_1,67.567,0.0,0.0,0.0,67.567,961.2363599164096,0.0,0.0,0.0,0.0,0.0,0.0,0.0
2231,scenario_1,37.567,0.0,0.0,0.0,37.567,890.8540682497429,0.0,0.0,0.0,0.0,0.0,0.0,0.0
2232,scenario_1,40.066,0.0,0.0,0.0,40.066,851.7217765830762,0.0,0.0,0.0,0.0,0.0,0.0,0.0
2233,scenario_1,36.567,0.0,0.0,0.0,36.567,809.9863599164096,0.0,0.0,0.0,0.0,0.0,0.0,0.0
2234,scenario_1,42.009,0.0,42.009,0.0,0.0,771.8957349164095,0.0,14.003,0.0,0.0,0.0,0.0,0.0
2235,scenario_1,43.147,0.0,0.0,0.0,43.147,771.8957349164095,0.0,0.0,0.0,0.0,0.0,0.0,0.0
2236,scenario_1,52.408,0.0,0.0,0.0,52.408,726.9509432497429,0.0,0.0,0.0,0.0,0.0,0.0,0.0
2237,scenario_1,73.686,0.0,0.0,0.0,73.686,672.3592765830762,0.0,0.0,0.0,0.0,0.0,0.0,0.0
2238,scenario_1,135.658,23.156772974728963,0.0,0.0,112.50122702527102,595.6030265830761,0.0,0.0,0.0,0.0,0.0,0.0,23.156772974728963
2239,scenario_1,234.687,153.72896018385055,0.0,0.0,80.95803981614947,478.4142484317522,0.0,0.0,0.0,0.0,0.0,0.0,153.72896018385055
2240,scenario_1,275.441,275.441,0.0,0.0,0.0,394.0829569565965,0.0,0.0,0.0,0.0,0.0,0.0,275.441
2241,scenario_1,244.569,244.569,0.0,0.0,0.0,394.0829569565965,0.0,0.0,0.0,0.0,0.0,0.0,244.569
2242,scenario_1,139.965,534.0479569565966,0.0,394.0829569565966,0.0,394.0829569565965,0.0,0.0,0.0,0.0,0.0,0.0,534.0479569565966
2243,scenario_1,118.089,512.1719569565967,0.0,394.0829569565966,0.0,768.4617660653632,0.0,0.0,0.0,0.0,0.0,0.0,512.1719569565967
2244,scenario_1,94.988,489.0709569565966,0.0,394.0829569565966,0.0,1142.84057517413,0.0,0.0,0.0,0.0,0.0,0.0,489.0709569565966
2245,scenario_1,90.953,90.953,0.0,0.0,0.0,1517.2193842828967,0.0,0.0,0.0,0.0,0.0,0.0,90.953
2246,scenario_1,103.695,362.74884787610733,0.0,259.05384787610734,0.0,1517.2193842828967,0.0,0.0,0.0,0.0,0.0,0.0,362.74884787610733
2247,scenario_1,121.796,339.78994212398345,0.0,217.99394212398343,0.0,1763.3205397651986,0.0,0.0,0.0,0.0,0.0,0.0,339.78994212398345
2248,scenario_1,165.531,165.531,0.0,0.0,0.0,1970.414784782983,0.0,0.0,0.0,0.0,0.0,0.0,165.531
2249,scenario_1,202.141,29.91590618335571,0.0,0.0,172.2250938166443,1970.414784782983,0.0,0.0,0.0,0.0,0.0,0.0,29.91590618335571
2250,scenario_1,274.779,0.0,46.81408027752673,0.0,227.96491972247327,1791.013645390645,0.0,15.604693425842243,0.0,0.0,0.0,0.0,0.0
2251,scenario_1,280.358,0.0,0.0,0.0,280.358,1553.550187346402,0.0,0.0,0.0,0.0,0.0,0.0,0.0
2252,scenario_1,237.777,0.0,0.0,0.0,237.777,1261.5106040130686,0.0,0.0,0.0,0.0,0.0,0.0,0.0
2253,scenario_1,164.535,0.0,0.0,0.0,164.535,1013.8262290130685,0.0,0.0,0.0,0.0,0.0,0.0,0.0
2254,scenario_1,63.044,0.0,0.0,0.0,63.044,842.4356040130685,0.0,0.0,0.0,0.0,0.0,0.0,0.0
2255,scenario_1,23.874,0.0,0.0,0.0,23.874,776.7647706797352,0.0,0.0,0.0,0.0,0.0,0.0,0.0
2256,scenario_1,37.026,0.0,0.0,0.0,37.026,751.8960206797352,0.0,0.0,0.0,0.0,0.0,0.0,0.0
2257,scenario_1,50.204,0.0,0.0,0.0,50.204,713.3272706797352,0.0,0.0,0.0,0.0,0.0,0.0,0.0
2258,scenario_1,48.836,0.0,0.0,0.0,48.836,661.0314373464018,0.0,0.0,0.0,0.0,0.0,0.0,0.0
2259,scenario_1,55.392,0.0,0.0,0.0,55.392,610.1606040130686,0.0,0.0,0.0,0.0,0.0,0.0,0.0
2260,scenario_1,65.102,0.0,0.0,0.0,65.102,552.4606040130685,0.0,0.0,0.0,0.0,0.0,0.0,0.0
2261,scenario_1,6.452,0.0,0.0,0.0,6.452,484.64602067973516,0.0,0.0,0.0,0.0,0.0,0.0,0.0
2262,scenario_1,105.533,25.044458825786883,0.0,0.0,80.48854117421311,477.9251873464018,0.0,0.0,0.0,0.0,0.0,0.0,25.044458825786883
2263,scenario_1,193.977,166.35122824783696,27.625771752163047,0.0,0.0,394.0829569565965,0.0,9.208590584054349,0.0,0.0,0.0,0.0,166.35122824783696
2264,scenario_1,267.386,267.386,0.0,0.0,0.0,394.0829569565965,0.0,0.0,0.0,0.0,0.0,0.0,267.386
2265,scenario_1,225.538,225.538,0.0,0.0,0.0,394.0829569565965,0.0,0.0,0.0,0.0,0.0,0.0,225.538
2266,scenario_1,166.283,560.3659569565966,0.0,394.0829569565966,0.0,394.0829569565965,0.0,0.0,0.0,0.0,0.0,0.0,560.3659569565966
2267,scenario_1,97.934,492.0169569565966,0.0,394.0829569565966,0.0,768.4617660653632,0.0,0.0,0.0,0.0,0.0,0.0,492.0169569565966
2268,scenario_1,95.048,489.1309569565966,0.0,394.0829569565966,0.0,1142.84057517413,0.0,0.0,0.0,0.0,0.0,0.0,489.1309569565966
2269,scenario_1,103.524,103.524,0.0,0.0,0.0,1517.2193842828967,0.0,0.0,0.0,0.0,0.0,0.0,103.524
2270,scenario_1,139.241,488.5887719378764,0.0,349.34777193787636,0.0,1517.2193842828967,0.0,0.0,0.0,0.0,0.0,0.0,488.5887719378764
2271,scenario_1,122.697,250.39701806221444,0.0,127.70001806221444,0.0,1849.0997676238792,0.0,0.0,0.0,0.0,0.0,0.0,250.39701806221444
2272,scenario_1,147.363,147.363,0.0,0.0,0.0,1970.414784782983,0.0,0.0,0.0,0.0,0.0,0.0,147.363
2273,scenario_1,19.741,19.741,0.0,0.0,0.0,1970.414784782983,0.0,0.0,0.0,0.0,0.0,0.0,19.741
2274,scenario_1,267.289,0.0,61.3917014289115,0.0,205.89729857108847,1970.414784782983,0.0,20.463900476303834,0.0,0.0,0.0,0.0,0.0
2275,scenario_1,312.706,0.0,0.0,0.0,312.706,1755.9384321047658,0.0,0.0,0.0,0.0,0.0,0.0,0.0
2276,scenario_1,233.462,0.0,0.0,0.0,233.462,1430.203015438099,0.0,0.0,0.0,0.0,0.0,0.0,0.0
2277,scenario_1,157.204,0.0,0.0,0.0,157.204,1187.0134321047658,0.0,0.0,0.0,0.0,0.0,0.0,0.0
2278,scenario_1,86.408,0.0,0.0,0.0,86.408,1023.2592654380991,0.0,0.0,0.0,0.0,0.0,0.0,0.0
2279,scenario_1,44.498,0.0,0.0,0.0,44.498,933.2509321047658,0.0,0.0,0.0,0.0,0.0,0.0,0.0
2280,scenario_1,15.283,0.0,0.0,0.0,15.283,886.8988487714324,0.0,0.0,0.0,0.0,0.0,0.0,0.0
2281,scenario_1,31.166,0.0,0.0,0.0,31.166,870.9790571047657,0.0,0.0,0.0,0.0,0.0,0.0,0.0
2282,scenario_1,54.316,0.0,16.738672426581125,0.0,37.57732757341888,838.5144737714324,0.0,5.579557475527042,0.0,0.0,0.0,0.0,0.0
2283,scenario_1,48.115,0.0,0.0,0.0,48.115,799.3714242157878,0.0,0.0,0.0,0.0,0.0,0.0,0.0
2284,scenario_1,51.352,0.0,0.0,0.0,51.352,749.2516325491212,0.0,0.0,0.0,0.0,0.0,0.0,0.0
2285,scenario_1,81.447,0.0,0.0,0.0,81.447,695.7599658824545,0.0,0.0,0.0,0.0,0.0,0.0,0.0
2286,scenario_1,135.803,22.44345389737067,0.0,0.0,113.35954610262932,610.9193408824544,0.0,0.0,0.0,0.0,0.0,0.0,22.44345389737067
2287,scenario_1,209.874,131.15502108940214,0.0,0.0,78.71897891059785,492.8364803588822,0.0,0.0,0.0,0.0,0.0,0.0,131.15502108940214
2288,scenario_1,283.205,267.12059644440353,0.0,0.0,16.084403555596452,410.83754399367615,0.0,0.0,0.0,0.0,0.0,0.0,267.12059644440353
2289,scenario_1,229.325,229.325,0.0,0.0,0.0,394.0829569565965,0.0,0.0,0.0,0.0,0.0,0.0,229.325
2290,scenario_1,128.865,522.9479569565966,0.0,394.0829569565966,0.0,394.0829569565965,0.0,0.0,0.0,0.0,0.0,0.0,522.9479569565966
2291,scenario_1,107.658,501.7409569565966,0.0,394.0829569565966,0.0,768.4617660653632,0.0,0.0,0.0,0.0,0.0,0.0,501.7409569565966
2292,scenario_1,94.867,488.9499569565966,0.0,394.0829569565966,0.0,1142.84057517413,0.0,0.0,0.0,0.0,0.0,0.0,488.9499569565966
2293,scenario_1,87.836,437.32568201088355,0.0,349.48968201088354,0.0,1517.2193842828967,0.0,0.0,0.0,0.0,0.0,0.0,437.32568201088355
2294,scenario_1,122.876,122.876,0.0,0.0,0.0,1849.234582193236,0.0,0.0,0.0,0.0,0.0,0.0,122.876
2295,scenario_1,125.357,252.9151079892073,0.0,127.55810798920731,0.0,1849.234582193236,0.0,0.0,0.0,0.0,0.0,0.0,252.9151079892073
2296,scenario_1,152.775,152.775,0.0,0.0,0.0,1970.414784782983,0.0,0.0,0.0,0.0,0.0,0.0,152.775
2297,scenario_1,182.233,42.84263970719014,0.0,0.0,139.39036029280987,1970.414784782983,0.0,0.0,0.0,0.0,0.0,0.0,42.84263970719014
2298,scenario_1,254.863,0.0,61.3917014289115,0.0,193.47129857108848,1825.216492811306,0.0,20.463900476303834,0.0,0.0,0.0,0.0,0.0
2299,scenario_1,281.552,0.0,0.0,0.0,281.552,1623.6838901330887,0.0,0.0,0.0,0.0,0.0,0.0,0.0
2300,scenario_1,250.249,0.0,0.0,0.0,250.249,1330.4005567997553,0.0,0.0,0.0,0.0,0.0,0.0,0.0
2301,scenario_1,150.647,0.0,0.0,0.0,150.647,1069.7245151330887,0.0,0.0,0.0,0.0,0.0,0.0,0.0
2302,scenario_1,74.208,0.0,0.0,0.0,74.208,912.8005567997554,0.0,0.0,0.0,0.0,0.0,0.0,0.0
2303,scenario_1,24.823,0.0,0.0,0.0,24.823,835.5005567997555,0.0,0.0,0.0,0.0,0.0,0.0,0.0
2304,scenario_1,39.207,0.0,0.0,0.0,39.207,809.6432651330888,0.0,0.0,0.0,0.0,0.0,0.0,0.0
2305,scenario_1,44.004,0.0,26.154783485388347,0.0,17.84921651461165,768.8026401330887,0.0,8.718261161796116,0.0,0.0,0.0,0.0,0.0
2306,scenario_1,48.456,0.0,0.0,0.0,48.456,750.2097062637016,0.0,0.0,0.0,0.0,0.0,0.0,0.0
2307,scenario_1,51.558,0.0,0.0,0.0,51.558,699.7347062637016,0.0,0.0,0.0,0.0,0.0,0.0,0.0
2308,scenario_1,66.958,0.0,0.0,0.0,66.958,646.0284562637016,0.0,0.0,0.0,0.0,0.0,0.0,0.0
2309,scenario_1,79.337,0.0,0.0,0.0,79.337,576.2805395970349,0.0,0.0,0.0,0.0,0.0,0.0,0.0
2310,scenario_1,121.835,26.26232066517909,0.0,0.0,95.5726793348209,493.6378312637016,0.0,0.0,0.0,0.0,0.0,0.0,26.26232066517909
2311,scenario_1,152.653,152.653,0.0,0.0,0.0,394.0829569565965,0.0,0.0,0.0,0.0,0.0,0.0,152.653
2312,scenario_1,175.346,352.9624580952771,0.0,177.6164580952771,0.0,394.0829569565965,0.0,0.0,0.0,0.0,0.0,0.0,352.9624580952771
2313,scenario_1,177.351,177.351,0.0,0.0,0.0,562.8185921471097,0.0,0.0,0.0,0.0,0.0,0.0,177.351
2314,scenario_1,147.569,541.6519569565966,0.0,394.0829569565966,0.0,562.8185921471097,0.0,0.0,0.0,0.0,0.0,0.0,541.6519569565966
2315,scenario_1,114.371,508.4539569565966,0.0,394.0829569565966,0.0,937.1974012558765,0.0,0.0,0.0,0.0,0.0,0.0,508.4539569565966
2316,scenario_1,112.821,506.90395695659663,0.0,394.0829569565966,0.0,1311.5762103646432,0.0,0.0,0.0,0.0,0.0,0.0,506.90395695659663
2317,scenario_1,13.054,13.054,0.0,0.0,0.0,1685.95501947341,0.0,0.0,0.0,0.0,0.0,0.0,13.054
2318,scenario_1,160.453,399.5926291385033,0.0,239.13962913850332,0.0,1685.95501947341,0.0,0.0,0.0,0.0,0.0,0.0,399.5926291385033
2319,scenario_1,167.443,167.443,0.0,0.0,0.0,1913.137667154988,0.0,0.0,0.0,0.0,0.0,0.0,167.443
2320,scenario_1,164.113,164.113,0.0,0.0,0.0,1913.137667154988,0.0,0.0,0.0,0.0,0.0,0.0,164.113
2321,scenario_1,209.789,39.19775320215203,0.0,0.0,170.59124679784796,1913.137667154988,0.0,0.0,0.0,0.0,0.0,0.0,39.19775320215203
2322,scenario_1,250.306,0.0,0.0,0.0,250.306,1735.438451740563,0.0,0.0,0.0,0.0,0.0,0.0,0.0
2323,scenario_1,234.147,0.0,0.0,0.0,234.147,1474.7030350738964,0.0,0.0,0.0,0.0,0.0,0.0,0.0
2324,scenario_1,187.674,0.0,0.0,0.0,187.674,1230.7999100738964,0.0,0.0,0.0,0.0,0.0,0.0,0.0
2325,scenario_1,145.594,0.0,0.0,0.0,145.594,1035.3061600738963,0.0,0.0,0.0,0.0,0.0,0.0,0.0
2326,scenario_1,74.006,0.0,0.0,0.0,74.006,883.6457434072297,0.0,0.0,0.0,0.0,0.0,0.0,0.0
2327,scenario_1,32.761,0.0,0.0,0.0,32.761,806.5561600738963,0.0,0.0,0.0,0.0,0.0,0.0,0.0
2328,scenario_1,19.571,0.0,0.0,0.0,19.571,772.4301184072297,0.0,0.0,0.0,0.0,0.0,0.0,0.0
2329,scenario_1,24.368,0.0,0.0,0.0,24.368,752.0436600738964,0.0,0.0,0.0,0.0,0.0,0.0,0.0
2330,scenario_1,25.322,0.0,0.0,0.0,25.322,726.660326740563,0.0,0.0,0.0,0.0,0.0,0.0,0.0
2331,scenario_1,38.618,0.0,0.0,0.0,38.618,700.2832434072297,0.0,0.0,0.0,0.0,0.0,0.0,0.0
2332,scenario_1,57.154,0.0,0.0,0.0,57.154,660.0561600738964,0.0,0.0,0.0,0.0,0.0,0.0,0.0
2333,scenario_1,69.871,0.0,0.0,0.0,69.871,600.5207434072297,0.0,0.0,0.0,0.0,0.0,0.0,0.0
2334,scenario_1,111.509,24.400731853536715,0.0,0.0,87.10826814646329,527.738451740563,0.0,0.0,0.0,0.0,0.0,0.0,24.400731853536715
2335,scenario_1,161.143,119.94199315385535,0.0,0.0,41.20100684614465,437.0006724213305,0.0,0.0,0.0,0.0,0.0,0.0,119.94199315385535
2336,scenario_1,175.601,324.3166078301447,0.0,148.71560783014468,0.0,394.0829569565965,0.0,0.0,0.0,0.0,0.0,0.0,324.3166078301447
2337,scenario_1,136.663,136.663,0.0,0.0,0.0,535.3627843952339,0.0,0.0,0.0,0.0,0.0,0.0,136.663
2338,scenario_1,130.907,524.9899569565966,0.0,394.0829569565966,0.0,535.3627843952339,0.0,0.0,0.0,0.0,0.0,0.0,524.9899569565966
2339,scenario_1,112.365,506.4479569565966,0.0,394.0829569565966,0.0,909.7415935040007,0.0,0.0,0.0,0.0,0.0,0.0,506.4479569565966
2340,scenario_1,119.422,513.5049569565966,0.0,394.0829569565966,0.0,1284.1204026127675,0.0,0.0,0.0,0.0,0.0,0.0,513.5049569565966
2341,scenario_1,138.547,138.547,0.0,0.0,0.0,1658.4992117215343,0.0,0.0,0.0,0.0,0.0,0.0,138.547
2342,scenario_1,173.972,412.2897276999546,0.0,238.3177276999546,0.0,1658.4992117215343,0.0,0.0,0.0,0.0,0.0,0.0,412.2897276999546
2343,scenario_1,164.684,164.684,0.0,0.0,0.0,1884.901053036491,0.0,0.0,0.0,0.0,0.0,0.0,164.684
2344,scenario_1,200.593,173.92806869148419,0.0,0.0,26.664931308515804,1884.901053036491,0.0,0.0,0.0,0.0,0.0,0.0,173.92806869148419
2345,scenario_1,237.278,40.90275977730112,0.0,0.0,196.37524022269886,1857.1250829234536,0.0,0.0,0.0,0.0,0.0,0.0,40.90275977730112
2346,scenario_1,233.801,0.0,0.0,0.0,233.801,1652.567541024809,0.0,0.0,0.0,0.0,0.0,0.0,0.0
2347,scenario_1,211.821,0.0,0.0,0.0,211.821,1409.0248326914757,0.0,0.0,0.0,0.0,0.0,0.0,0.0
2348,scenario_1,174.762,0.0,0.0,0.0,174.762,1188.3779576914758,0.0,0.0,0.0,0.0,0.0,0.0,0.0
2349,scenario_1,11.873,0.0,0.0,0.0,11.873,1006.3342076914757,0.0,0.0,0.0,0.0,0.0,0.0,0.0
2350,scenario_1,72.712,0.0,0.0,0.0,72.712,993.9664993581424,0.0,0.0,0.0,0.0,0.0,0.0,0.0
2351,scenario_1,54.695,0.0,0.0,0.0,54.695,918.2248326914757,0.0,0.0,0.0,0.0,0.0,0.0,0.0
2352,scenario_1,20.938,0.0,0.0,0.0,20.938,861.2508743581424,0.0,0.0,0.0,0.0,0.0,0.0,0.0
2353,scenario_1,35.922,0.0,0.0,0.0,35.922,839.4404576914757,0.0,0.0,0.0,0.0,0.0,0.0,0.0
2354,scenario_1,40.163,0.0,0.0,0.0,40.163,802.0217076914756,0.0,0.0,0.0,0.0,0.0,0.0,0.0
2355,scenario_1,41.279,0.0,0.0,0.0,41.279,760.1852493581423,0.0,0.0,0.0,0.0,0.0,0.0,0.0
2356,scenario_1,50.031,0.0,0.0,0.0,50.031,717.186291024809,0.0,0.0,0.0,0.0,0.0,0.0,0.0
2357,scenario_1,72.979,0.0,0.0,0.0,72.979,665.0706660248089,0.0,0.0,0.0,0.0,0.0,0.0,0.0
2358,scenario_1,112.808,24.400731853536715,0.0,0.0,88.4072681464633,589.0508743581422,0.0,0.0,0.0,0.0,0.0,0.0,24.400731853536715
2359,scenario_1,222.725,154.12041577508379,0.0,0.0,68.60458422491621,496.9599700389096,0.0,0.0,0.0,0.0,0.0,0.0,154.12041577508379
2360,scenario_1,30.472,317.8532410682275,0.0,287.3812410682275,0.0,425.4968614712885,0.0,0.0,0.0,0.0,0.0,0.0,317.8532410682275
2361,scenario_1,221.931,221.931,0.0,0.0,0.0,698.5090404861046,0.0,0.0,0.0,0.0,0.0,0.0,221.931
2362,scenario_1,154.182,548.2649569565966,0.0,394.0829569565966,0.0,698.5090404861046,0.0,0.0,0.0,0.0,0.0,0.0,548.2649569565966
2363,scenario_1,113.833,507.9159569565966,0.0,394.0829569565966,0.0,1072.8878495948713,0.0,0.0,0.0,0.0,0.0,0.0,507.9159569565966
2364,scenario_1,87.373,87.373,0.0,0.0,0.0,1447.266658703638,0.0,0.0,0.0,0.0,0.0,0.0,87.373
2365,scenario_1,96.276,490.3589569565966,0.0,394.0829569565966,0.0,1447.266658703638,0.0,0.0,0.0,0.0,0.0,0.0,490.3589569565966
2366,scenario_1,115.896,246.0699456726797,0.0,130.17394567267968,0.0,1821.6454678124048,0.0,0.0,0.0,0.0,0.0,0.0,246.0699456726797
2367,scenario_1,139.383,139.383,0.0,0.0,0.0,1945.3107162014505,0.0,0.0,0.0,0.0,0.0,0.0,139.383
2368,scenario_1,140.734,134.5911312791159,0.0,0.0,6.14286872088411,1945.3107162014505,0.0,0.0,0.0,0.0,0.0,0.0,134.5911312791159
2369,scenario_1,19.675,19.675,0.0,0.0,0.0,1938.9118946171961,0.0,0.0,0.0,0.0,0.0,0.0,19.675
2370,scenario_1,260.014,0.0,0.0,0.0,260.014,1938.9118946171961,0.0,0.0,0.0,0.0,0.0,0.0,0.0
2371,scenario_1,282.731,0.0,0.0,0.0,282.731,1668.0639779505295,0.0,0.0,0.0,0.0,0.0,0.0,0.0
2372,scenario_1,245.195,0.0,0.0,0.0,245.195,1373.5525196171961,0.0,0.0,0.0,0.0,0.0,0.0,0.0
2373,scenario_1,145.317,0.0,0.0,0.0,145.317,1118.1410612838629,0.0,0.0,0.0,0.0,0.0,0.0,0.0
2374,scenario_1,68.661,0.0,0.0,0.0,68.661,966.769186283863,0.0,0.0,0.0,0.0,0.0,0.0,0.0
2375,scenario_1,42.173,0.0,0.0,0.0,42.173,895.2473112838629,0.0,0.0,0.0,0.0,0.0,0.0,0.0
2376,scenario_1,34.603,0.0,0.0,0.0,34.603,851.3171029505296,0.0,0.0,0.0,0.0,0.0,0.0,0.0
2377,scenario_1,4.541,0.0,0.0,0.0,4.541,815.2723112838629,0.0,0.0,0.0,0.0,0.0,0.0,0.0
2378,scenario_1,52.743,0.0,0.0,0.0,52.743,810.5421029505296,0.0,0.0,0.0,0.0,0.0,0.0,0.0
2379,scenario_1,6.067,0.0,0.0,0.0,6.067,755.6014779505297,0.0,0.0,0.0,0.0,0.0,0.0,0.0
2380,scenario_1,53.993,0.0,0.0,0.0,53.993,749.281686283863,0.0,0.0,0.0,0.0,0.0,0.0,0.0
2381,scenario_1,68.029,0.0,0.0,0.0,68.029,693.0389779505297,0.0,0.0,0.0,0.0,0.0,0.0,0.0
2382,scenario_1,118.598,28.323986779007324,0.0,0.0,90.27401322099267,622.175436283863,0.0,0.0,0.0,0.0,0.0,0.0,28.323986779007324
2383,scenario_1,224.384,171.3531608024835,0.0,0.0,53.030839197516485,528.1400058453289,0.0,0.0,0.0,0.0,0.0,0.0,171.3531608024835
2384,scenario_1,256.656,256.656,0.0,0.0,0.0,472.8995483479159,0.0,0.0,0.0,0.0,0.0,0.0,256.656
2385,scenario_1,189.709,189.709,0.0,0.0,0.0,472.8995483479159,0.0,0.0,0.0,0.0,0.0,0.0,189.709
2386,scenario_1,122.655,516.7379569565966,0.0,394.0829569565966,0.0,472.8995483479159,0.0,0.0,0.0,0.0,0.0,0.0,516.7379569565966
2387,scenario_1,97.432,491.5149569565966,0.0,394.0829569565966,0.0,847.2783574566827,0.0,0.0,0.0,0.0,0.0,0.0,491.5149569565966
2388,scenario_1,110.093,504.1759569565966,0.0,394.0829569565966,0.0,1221.6571665654494,0.0,0.0,0.0,0.0,0.0,0.0,504.1759569565966
2389,scenario_1,87.273,87.273,0.0,0.0,0.0,1596.0359756742162,0.0,0.0,0.0,0.0,0.0,0.0,87.273
2390,scenario_1,94.188,488.2709569565966,0.0,394.0829569565966,0.0,1596.0359756742162,0.0,0.0,0.0,0.0,0.0,0.0,488.2709569565966
2391,scenario_1,150.617,150.617,0.0,0.0,0.0,1970.414784782983,0.0,0.0,0.0,0.0,0.0,0.0,150.617
2392,scenario_1,136.142,136.142,0.0,0.0,0.0,1970.414784782983,0.0,0.0,0.0,0.0,0.0,0.0,136.142
2393,scenario_1,166.583,47.566203841404196,0.0,0.0,119.01679615859581,1970.414784782983,0.0,0.0,0.0,0.0,0.0,0.0,47.566203841404196
2394,scenario_1,243.535,0.0,0.0,0.0,243.535,1846.4389554511122,0.0,0.0,0.0,0.0,0.0,0.0,0.0
2395,scenario_1,294.033,0.0,0.0,0.0,294.033,1592.7566637844454,0.0,0.0,0.0,0.0,0.0,0.0,0.0
2396,scenario_1,234.832,0.0,0.0,0.0,234.832,1286.4722887844455,0.0,0.0,0.0,0.0,0.0,0.0,0.0
2397,scenario_1,16.401,0.0,0.0,0.0,16.401,1041.8556221177787,0.0,0.0,0.0,0.0,0.0,0.0,0.0
2398,scenario_1,87.441,0.0,0.0,0.0,87.441,1024.7712471177788,0.0,0.0,0.0,0.0,0.0,0.0,0.0
2399,scenario_1,38.014,0.0,0.0,0.0,38.014,933.6868721177788,0.0,0.0,0.0,0.0,0.0,0.0,0.0
2400,scenario_1,34.946,0.0,0.0,0.0,34.946,894.088955451112,0.0,0.0,0.0,0.0,0.0,0.0,0.0
2401,scenario_1,39.104,0.0,0.0,0.0,39.104,857.6868721177786,0.0,0.0,0.0,0.0,0.0,0.0,0.0
2402,scenario_1,43.191,0.0,0.0,0.0,43.191,816.9535387844453,0.0,0.0,0.0,0.0,0.0,0.0,0.0
2403,scenario_1,56.003,0.0,0.0,0.0,56.003,771.9629137844453,0.0,0.0,0.0,0.0,0.0,0.0,0.0
2404,scenario_1,58.936,0.0,0.0,0.0,58.936,713.626455451112,0.0,0.0,0.0,0.0,0.0,0.0,0.0
2405,scenario_1,79.268,0.0,0.0,0.0,79.268,652.2347887844453,0.0,0.0,0.0,0.0,0.0,0.0,0.0
2406,scenario_1,129.735,28.27179270017623,0.0,0.0,101.46320729982378,569.663955451112,0.0,0.0,0.0,0.0,0.0,0.0,28.27179270017623
2407,scenario_1,223.968,172.5536246155987,0.0,0.0,51.414375384401296,463.9731145137955,0.0,0.0,0.0,0.0,0.0,0.0,172.5536246155987
2408,scenario_1,29.357,356.3202771667442,0.0,326.9632771667442,0.0,410.4164734883775,0.0,0.0,0.0,0.0,0.0,0.0,356.3202771667442
2409,scenario_1,228.589,228.589,0.0,0.0,0.0,721.0315867967845,0.0,0.0,0.0,0.0,0.0,0.0,228.589
2410,scenario_1,126.519,520.6019569565966,0.0,394.0829569565966,0.0,721.0315867967845,0.0,0.0,0.0,0.0,0.0,0.0,520.6019569565966
2411,scenario_1,111.541,505.6239569565966,0.0,394.0829569565966,0.0,1095.4103959055512,0.0,0.0,0.0,0.0,0.0,0.0,505.6239569565966
2412,scenario_1,123.007,123.007,0.0,0.0,0.0,1469.789205014318,0.0,0.0,0.0,0.0,0.0,0.0,123.007
2413,scenario_1,95.958,490.0409569565966,0.0,394.0829569565966,0.0,1469.789205014318,0.0,0.0,0.0,0.0,0.0,0.0,490.0409569565966
2414,scenario_1,121.636,254.52733753673493,0.0,132.89133753673494,0.0,1844.1680141230847,0.0,0.0,0.0,0.0,0.0,0.0,254.52733753673493
2415,scenario_1,126.275,126.275,0.0,0.0,0.0,1970.414784782983,0.0,0.0,0.0,0.0,0.0,0.0,126.275
2416,scenario_1,149.785,149.785,0.0,0.0,0.0,1970.414784782983,0.0,0.0,0.0,0.0,0.0,0.0,149.785
2417,scenario_1,191.815,40.1198485948347,0.0,0.0,151.6951514051653,1970.414784782983,0.0,0.0,0.0,0.0,0.0,0.0,40.1198485948347
2418,scenario_1,273.269,0.0,12.13319402195799,0.0,261.135805978042,1812.399002069269,0.0,4.04439800731933,0.0,0.0,0.0,0.0,0.0
2419,scenario_1,315.279,0.0,61.3917014289115,0.0,253.88729857108848,1540.3825375088086,0.0,20.463900476303834,0.0,0.0,0.0,0.0,0.0
2420,scenario_1,233.637,0.0,61.3917014289115,0.0,172.24529857108848,1275.9166014972582,0.0,20.463900476303834,0.0,0.0,0.0,0.0,0.0
2421,scenario_1,174.577,0.0,61.3917014289115,0.0,113.1852985710885,1096.4944154857076,0.0,20.463900476303834,0.0,0.0,0.0,0.0,0.0
2422,scenario_1,82.371,0.0,0.0,0.0,82.371,978.5930628074904,0.0,0.0,0.0,0.0,0.0,0.0,0.0
2423,scenario_1,46.369,0.0,0.0,0.0,46.369,892.7899378074903,0.0,0.0,0.0,0.0,0.0,0.0,0.0
2424,scenario_1,17.646,0.0,0.0,0.0,17.646,844.4888961408236,0.0,0.0,0.0,0.0,0.0,0.0,0.0
2425,scenario_1,31.503,0.0,0.0,0.0,31.503,826.1076461408236,0.0,0.0,0.0,0.0,0.0,0.0,0.0
2426,scenario_1,56.216,0.0,0.0,0.0,56.216,793.2920211408236,0.0,0.0,0.0,0.0,0.0,0.0,0.0
2427,scenario_1,43.838,0.0,0.0,0.0,43.838,734.7336878074902,0.0,0.0,0.0,0.0,0.0,0.0,0.0
2428,scenario_1,55.698,0.0,0.0,0.0,55.698,689.0691044741569,0.0,0.0,0.0,0.0,0.0,0.0,0.0
2429,scenario_1,79.477,0.0,61.3917014289115,0.0,18.0852985710885,631.050354474157,0.0,20.463900476303834,0.0,0.0,0.0,0.0,0.0
2430,scenario_1,139.575,26.949542703121836,0.0,0.0,112.62545729687815,612.2115017959397,0.0,0.0,0.0,0.0,0.0,0.0,26.949542703121836
2431,scenario_1,234.713,94.71485505215963,61.3917014289115,0.0,78.60644351892886,494.8933171116916,0.0,20.463900476303834,0.0,0.0,0.0,0.0,94.71485505215963
2432,scenario_1,280.873,262.7014977700375,0.0,0.0,18.17150222996247,413.0116051128074,0.0,0.0,0.0,0.0,0.0,0.0,262.7014977700375
2433,scenario_1,233.979,468.9550992842463,0.0,234.97609928424626,0.0,394.0829569565965,0.0,0.0,0.0,0.0,0.0,0.0,468.9550992842463
2434,scenario_1,148.003,533.0494280888305,0.0,385.0464280888305,0.0,617.3102512766304,0.0,0.0,0.0,0.0,0.0,0.0,533.0494280888305
2435,scenario_1,103.808,497.8909569565966,0.0,394.0829569565966,0.0,983.1043579610193,0.0,0.0,0.0,0.0,0.0,0.0,497.8909569565966
2436,scenario_1,89.409,483.4919569565966,0.0,394.0829569565966,0.0,1357.483167069786,0.0,0.0,0.0,0.0,0.0,0.0,483.4919569565966
2437,scenario_1,119.404,119.404,0.0,0.0,0.0,1731.8619761785528,0.0,0.0,0.0,0.0,0.0,0.0,119.404
2438,scenario_1,102.436,102.436,0.0,0.0,0.0,1731.8619761785528,0.0,0.0,0.0,0.0,0.0,0.0,102.436
2439,scenario_1,13.421,264.52921958361065,0.0,251.10821958361063,0.0,1731.8619761785528,0.0,0.0,0.0,0.0,0.0,0.0,264.52921958361065
2440,scenario_1,142.577,142.577,0.0,0.0,0.0,1970.414784782983,0.0,0.0,0.0,0.0,0.0,0.0,142.577
2441,scenario_1,183.903,33.5520936752553,0.0,0.0,150.3509063247447,1970.414784782983,0.0,0.0,0.0,0.0,0.0,0.0,33.5520936752553
2442,scenario_1,24.985,0.0,0.0,0.0,24.985,1813.7992573613737,0.0,0.0,0.0,0.0,0.0,0.0,0.0
2443,scenario_1,273.415,0.0,0.0,0.0,273.415,1787.773215694707,0.0,0.0,0.0,0.0,0.0,0.0,0.0
2444,scenario_1,238.845,0.0,0.0,0.0,238.845,1502.9659240280403,0.0,0.0,0.0,0.0,0.0,0.0,0.0
2445,scenario_1,167.184,0.0,0.0,0.0,167.184,1254.1690490280403,0.0,0.0,0.0,0.0,0.0,0.0,0.0
2446,scenario_1,62.167,0.0,0.0,0.0,62.167,1080.0190490280402,0.0,0.0,0.0,0.0,0.0,0.0,0.0
2447,scenario_1,27.662,0.0,0.0,0.0,27.662,1015.2617573613735,0.0,0.0,0.0,0.0,0.0,0.0,0.0
2448,scenario_1,38.476,0.0,0.0,0.0,38.476,986.4471740280402,0.0,0.0,0.0,0.0,0.0,0.0,0.0
2449,scenario_1,49.814,0.0,0.0,0.0,49.814,946.3680073613735,0.0,0.0,0.0,0.0,0.0,0.0,0.0
2450,scenario_1,46.187,0.0,0.0,0.0,46.187,894.4784240280402,0.0,0.0,0.0,0.0,0.0,0.0,0.0
2451,scenario_1,50.697,0.0,0.0,0.0,50.697,846.3669656947069,0.0,0.0,0.0,0.0,0.0,0.0,0.0
2452,scenario_1,51.777,0.0,0.0,0.0,51.777,793.5575906947068,0.0,0.0,0.0,0.0,0.0,0.0,0.0
2453,scenario_1,71.175,0.0,0.0,0.0,71.175,739.6232156947068,0.0,0.0,0.0,0.0,0.0,0.0,0.0
2454,scenario_1,140.035,23.191569027283023,0.0,0.0,116.84343097271697,665.4825906947068,0.0,0.0,0.0,0.0,0.0,0.0,23.191569027283023
2455,scenario_1,238.999,167.63868219233726,0.0,0.0,71.36031780766274,543.7706834314599,0.0,0.0,0.0,0.0,0.0,0.0,167.63868219233726
2456,scenario_1,268.437,268.437,0.0,0.0,0.0,469.4370190484779,0.0,0.0,0.0,0.0,0.0,0.0,268.437
2457,scenario_1,214.576,359.1387574236233,0.0,144.5627574236233,0.0,469.4370190484779,0.0,0.0,0.0,0.0,0.0,0.0,359.1387574236233
2458,scenario_1,141.347,437.7430401432518,0.0,296.39604014325175,0.0,606.77163860092,0.0,0.0,0.0,0.0,0.0,0.0,437.7430401432518
2459,scenario_1,112.931,348.01165760556927,0.0,235.0806576055693,0.0,888.3478767370092,0.0,0.0,0.0,0.0,0.0,0.0,348.01165760556927
2460,scenario_1,108.548,502.6309569565966,0.0,394.0829569565966,0.0,1111.6745014623,0.0,0.0,0.0,0.0,0.0,0.0,502.6309569565966
2461,scenario_1,134.723,134.723,0.0,0.0,0.0,1486.0533105710667,0.0,0.0,0.0,0.0,0.0,0.0,134.723
2462,scenario_1,12.07,406.1529569565966,0.0,394.0829569565966,0.0,1486.0533105710667,0.0,0.0,0.0,0.0,0.0,0.0,406.1529569565966
2463,scenario_1,130.811,246.58222642436783,0.0,115.77122642436782,0.0,1860.4321196798335,0.0,0.0,0.0,0.0,0.0,0.0,246.58222642436783
2464,scenario_1,11.767,11.767,0.0,0.0,0.0,1970.414784782983,0.0,0.0,0.0,0.0,0.0,0.0,11.767
2465,scenario_1,186.453,38.14517261239162,0.0,0.0,148.30782738760837,1970.414784782983,0.0,0.0,0.0,0.0,0.0,0.0,38.14517261239162
2466,scenario_1,262.131,0.0,44.4295211895529,0.0,217.70147881044707,1815.9274645875576,0.0,14.809840396517634,0.0,0.0,0.0,0.0,0.0
2467,scenario_1,310.659,0.0,0.0,0.0,310.659,1589.1550908266752,0.0,0.0,0.0,0.0,0.0,0.0,0.0
2468,scenario_1,259.637,0.0,0.0,0.0,259.637,1265.551965826675,0.0,0.0,0.0,0.0,0.0,0.0,0.0
2469,scenario_1,15.097,0.0,0.0,0.0,15.097,995.0967574933417,0.0,0.0,0.0,0.0,0.0,0.0,0.0
2470,scenario_1,69.716,0.0,0.0,0.0,69.716,979.370715826675,0.0,0.0,0.0,0.0,0.0,0.0,0.0
2471,scenario_1,26.303,0.0,0.0,0.0,26.303,906.7498824933417,0.0,0.0,0.0,0.0,0.0,0.0,0.0
2472,scenario_1,17.599,0.0,0.0,0.0,17.599,879.3509241600084,0.0,0.0,0.0,0.0,0.0,0.0,0.0
2473,scenario_1,23.841,0.0,0.0,0.0,23.841,861.0186324933417,0.0,0.0,0.0,0.0,0.0,0.0,0.0
2474,scenario_1,32.028,0.0,0.0,0.0,32.028,836.1842574933416,0.0,0.0,0.0,0.0,0.0,0.0,0.0
2475,scenario_1,47.002,0.0,0.0,0.0,47.002,802.8217574933417,0.0,0.0,0.0,0.0,0.0,0.0,0.0
2476,scenario_1,64.648,0.0,0.0,0.0,64.648,753.861340826675,0.0,0.0,0.0,0.0,0.0,0.0,0.0
2477,scenario_1,76.906,0.0,0.0,0.0,76.906,686.5196741600083,0.0,0.0,0.0,0.0,0.0,0.0,0.0
2478,scenario_1,116.149,8.43804274436029,0.0,0.0,107.71095725563971,606.4092574933417,0.0,0.0,0.0,0.0,0.0,0.0,8.43804274436029
2479,scenario_1,159.512,63.38970874036437,0.0,0.0,96.12229125963563,494.21034368538363,0.0,0.0,0.0,0.0,0.0,0.0,63.38970874036437
2480,scenario_1,231.506,178.66903085197526,52.836969148024735,0.0,0.0,394.0829569565965,0.0,17.61232304934158,0.0,0.0,0.0,0.0,178.66903085197526
2481,scenario_1,18.091,412.1739569565966,0.0,394.0829569565966,0.0,394.0829569565965,0.0,0.0,0.0,0.0,0.0,0.0,412.1739569565966
2482,scenario_1,157.608,157.608,0.0,0.0,0.0,768.4617660653632,0.0,0.0,0.0,0.0,0.0,0.0,157.608
2483,scenario_1,141.487,535.5699569565966,0.0,394.0829569565966,0.0,768.4617660653632,0.0,0.0,0.0,0.0,0.0,0.0,535.5699569565966
2484,scenario_1,129.841,505.4909544660125,0.0,375.6499544660125,0.0,1142.84057517413,0.0,0.0,0.0,0.0,0.0,0.0,505.4909544660125
2485,scenario_1,122.535,122.535,0.0,0.0,0.0,1499.7080319168417,0.0,0.0,0.0,0.0,0.0,0.0,122.535
2486,scenario_1,14.963,281.3452752109328,0.0,266.3822752109328,0.0,1499.7080319168417,0.0,0.0,0.0,0.0,0.0,0.0,281.3452752109328
2487,scenario_1,165.222,165.222,0.0,0.0,0.0,1752.7711933672279,0.0,0.0,0.0,0.0,0.0,0.0,165.222
2488,scenario_1,173.057,173.057,0.0,0.0,0.0,1752.7711933672279,0.0,0.0,0.0,0.0,0.0,0.0,173.057
2489,scenario_1,195.212,39.354335438645315,0.0,0.0,155.85766456135468,1752.7711933672279,0.0,0.0,0.0,0.0,0.0,0.0,39.354335438645315
2490,scenario_1,226.167,0.0,0.0,0.0,226.167,1590.41945944915,0.0,0.0,0.0,0.0,0.0,0.0,0.0
2491,scenario_1,23.253,0.0,0.0,0.0,23.253,1354.82883444915,0.0,0.0,0.0,0.0,0.0,0.0,0.0
2492,scenario_1,168.856,0.0,0.0,0.0,168.856,1330.60695944915,0.0,0.0,0.0,0.0,0.0,0.0,0.0
2493,scenario_1,118.425,0.0,0.0,0.0,118.425,1154.7152927824834,0.0,0.0,0.0,0.0,0.0,0.0,0.0
2494,scenario_1,7.999,0.0,0.0,0.0,7.999,1031.3559177824834,0.0,0.0,0.0,0.0,0.0,0.0,0.0
2495,scenario_1,47.122,0.0,0.0,0.0,47.122,1023.0236261158167,0.0,0.0,0.0,0.0,0.0,0.0,0.0
2496,scenario_1,1.937,0.0,0.0,0.0,1.937,973.93820944915,0.0,0.0,0.0,0.0,0.0,0.0,0.0
2497,scenario_1,37.064,0.0,0.0,0.0,37.064,971.9205011158167,0.0,0.0,0.0,0.0,0.0,0.0,0.0
2498,scenario_1,42.057,0.0,0.0,0.0,42.057,933.3121677824834,0.0,0.0,0.0,0.0,0.0,0.0,0.0
2499,scenario_1,49.458,0.0,0.0,0.0,49.458,889.5027927824833,0.0,0.0,0.0,0.0,0.0,0.0,0.0
2500,scenario_1,60.322,0.0,0.0,0.0,60.322,837.9840427824834,0.0,0.0,0.0,0.0,0.0,0.0,0.0
2501,scenario_1,80.248,0.0,0.0,0.0,80.248,775.1486261158167,0.0,0.0,0.0,0.0,0.0,0.0,0.0
2502,scenario_1,138.001,30.916292694285026,0.0,0.0,107.08470730571497,691.55695944915,0.0,0.0,0.0,0.0,0.0,0.0,30.916292694285026
2503,scenario_1,170.424,170.424,0.0,0.0,0.0,580.0103893390302,0.0,0.0,0.0,0.0,0.0,0.0,170.424
2504,scenario_1,20.581,20.581,0.0,0.0,0.0,580.0103893390302,0.0,0.0,0.0,0.0,0.0,0.0,20.581
2505,scenario_1,17.459,298.79370328173945,0.0,281.33470328173945,0.0,580.0103893390302,0.0,0.0,0.0,0.0,0.0,0.0,298.79370328173945
2506,scenario_1,150.355,544.4379569565966,0.0,394.0829569565966,0.0,847.2783574566827,0.0,0.0,0.0,0.0,0.0,0.0,544.4379569565966
2507,scenario_1,140.854,534.9369569565966,0.0,394.0829569565966,0.0,1221.6571665654494,0.0,0.0,0.0,0.0,0.0,0.0,534.9369569565966
2508,scenario_1,133.944,133.944,0.0,0.0,0.0,1596.0359756742162,0.0,0.0,0.0,0.0,0.0,0.0,133.944
2509,scenario_1,113.244,507.32695695659663,0.0,394.0829569565966,0.0,1596.0359756742162,0.0,0.0,0.0,0.0,0.0,0.0,507.32695695659663
2510,scenario_1,133.958,35.8138370912694,0.0,0.0,98.1441629087306,1970.414784782983,0.0,0.0,0.0,0.0,0.0,0.0,35.8138370912694
2511,scenario_1,159.904,62.78077782066826,0.0,0.0,97.12322217933173,1868.1812817530551,0.0,0.0,0.0,0.0,0.0,0.0,62.78077782066826
2512,scenario_1,19.493,62.09575278538301,0.0,42.60275278538302,0.0,1767.0112586495845,0.0,0.0,0.0,0.0,0.0,0.0,62.09575278538301
2513,scenario_1,219.566,26.766863427213003,0.0,0.0,192.799136572787,1807.4838737956984,0.0,0.0,0.0,0.0,0.0,0.0,26.766863427213003
2514,scenario_1,26.235,0.0,0.0,0.0,26.235,1606.6514398657118,0.0,0.0,0.0,0.0,0.0,0.0,0.0
2515,scenario_1,225.425,0.0,0.0,0.0,225.425,1579.3233148657118,0.0,0.0,0.0,0.0,0.0,0.0,0.0
2516,scenario_1,174.151,0.0,0.0,0.0,174.151,1344.5056065323784,0.0,0.0,0.0,0.0,0.0,0.0,0.0
2517,scenario_1,106.493,0.0,0.0,0.0,106.493,1163.0983148657117,0.0,0.0,0.0,0.0,0.0,0.0,0.0
2518,scenario_1,74.041,0.0,0.0,0.0,74.041,1052.1681065323783,0.0,0.0,0.0,0.0,0.0,0.0,0.0
2519,scenario_1,51.453,0.0,0.0,0.0,51.453,975.0420648657116,0.0,0.0,0.0,0.0,0.0,0.0,0.0
2520,scenario_1,20.578,0.0,0.0,0.0,20.578,921.4451898657117,0.0,0.0,0.0,0.0,0.0,0.0,0.0
2521,scenario_1,24.786,0.0,0.0,0.0,24.786,900.009773199045,0.0,0.0,0.0,0.0,0.0,0.0,0.0
2522,scenario_1,3.476,0.0,0.0,0.0,3.476,874.1910231990449,0.0,0.0,0.0,0.0,0.0,0.0,0.0
2523,scenario_1,60.372,0.0,0.0,0.0,60.372,870.5701898657117,0.0,0.0,0.0,0.0,0.0,0.0,0.0
2524,scenario_1,61.226,0.0,0.0,0.0,61.226,807.6826898657116,0.0,0.0,0.0,0.0,0.0,0.0,0.0
2525,scenario_1,65.022,0.0,0.0,0.0,65.022,743.9056065323782,0.0,0.0,0.0,0.0,0.0,0.0,0.0
2526,scenario_1,120.923,31.586116705950737,0.0,0.0,89.33688329404927,676.1743565323782,0.0,0.0,0.0,0.0,0.0,0.0,31.586116705950737
2527,scenario_1,226.958,45.48713970129893,0.0,0.0,181.47086029870107,583.1151031010768,0.0,0.0,0.0,0.0,0.0,0.0,45.48713970129893
2528,scenario_1,266.363,293.04365559718053,0.0,26.680655597180532,0.0,394.0829569565965,0.0,0.0,0.0,0.0,0.0,0.0,293.04365559718053
2529,scenario_1,222.394,222.394,0.0,0.0,0.0,419.429579773918,0.0,0.0,0.0,0.0,0.0,0.0,222.394
2530,scenario_1,142.943,239.69260801866335,0.0,96.74960801866334,0.0,419.429579773918,0.0,0.0,0.0,0.0,0.0,0.0,239.69260801866335
2531,scenario_1,111.465,505.54795695659664,0.0,394.0829569565966,0.0,511.3417073916482,0.0,0.0,0.0,0.0,0.0,0.0,505.54795695659664
2532,scenario_1,109.268,503.35095695659663,0.0,394.0829569565966,0.0,885.720516500415,0.0,0.0,0.0,0.0,0.0,0.0,503.35095695659663
2533,scenario_1,93.881,487.9639569565966,0.0,394.0829569565966,0.0,1260.0993256091817,0.0,0.0,0.0,0.0,0.0,0.0,487.9639569565966
2534,scenario_1,107.255,318.44766843922343,0.0,211.19266843922347,0.0,1634.4781347179485,0.0,0.0,0.0,0.0,0.0,0.0,318.44766843922343
2535,scenario_1,130.324,272.74885794502325,0.0,142.42485794502323,0.0,1835.1111697352108,0.0,0.0,0.0,0.0,0.0,0.0,272.74885794502325
2536,scenario_1,157.172,157.172,0.0,0.0,0.0,1970.414784782983,0.0,0.0,0.0,0.0,0.0,0.0,157.172
2537,scenario_1,182.592,30.56833216874439,0.0,0.0,152.02366783125564,1970.414784782983,0.0,0.0,0.0,0.0,0.0,0.0,30.56833216874439
2538,scenario_1,249.885,0.0,39.67621472910113,0.0,210.20878527089886,1812.0567974587582,0.0,13.225404909700378,0.0,0.0,0.0,0.0,0.0
2539,scenario_1,292.765,0.0,61.3917014289115,0.0,231.37329857108847,1593.0893128015719,0.0,20.463900476303834,0.0,0.0,0.0,0.0,0.0
2540,scenario_1,237.405,0.0,0.0,0.0,237.405,1352.0754601233546,0.0,0.0,0.0,0.0,0.0,0.0,0.0
2541,scenario_1,156.765,0.0,0.0,0.0,156.765,1104.7785851233546,0.0,0.0,0.0,0.0,0.0,0.0,0.0
2542,scenario_1,70.385,0.0,0.0,0.0,70.385,941.4817101233546,0.0,0.0,0.0,0.0,0.0,0.0,0.0
2543,scenario_1,46.393,0.0,0.0,0.0,46.393,868.1640017900212,0.0,0.0,0.0,0.0,0.0,0.0,0.0
2544,scenario_1,35.829,0.0,0.0,0.0,35.829,819.8379601233545,0.0,0.0,0.0,0.0,0.0,0.0,0.0
2545,scenario_1,47.064,0.0,0.0,0.0,47.064,782.5160851233545,0.0,0.0,0.0,0.0,0.0,0.0,0.0
2546,scenario_1,49.797,0.0,0.0,0.0,49.797,733.4910851233545,0.0,0.0,0.0,0.0,0.0,0.0,0.0
2547,scenario_1,50.618,0.0,0.0,0.0,50.618,681.6192101233545,0.0,0.0,0.0,0.0,0.0,0.0,0.0
2548,scenario_1,52.322,0.0,0.0,0.0,52.322,628.8921267900212,0.0,0.0,0.0,0.0,0.0,0.0,0.0
2549,scenario_1,6.475,0.0,0.0,0.0,6.475,574.3900434566879,0.0,0.0,0.0,0.0,0.0,0.0,0.0
2550,scenario_1,128.894,29.942003222771255,0.0,0.0,98.95199677722874,567.6452517900212,0.0,0.0,0.0,0.0,0.0,0.0,29.942003222771255
2551,scenario_1,221.101,153.43319373714104,0.0,0.0,67.66780626285896,464.5702551470746,0.0,0.0,0.0,0.0,0.0,0.0,153.43319373714104
2552,scenario_1,29.524,355.88532650981836,0.0,326.36132650981835,0.0,394.0829569565965,0.0,0.0,0.0,0.0,0.0,0.0,355.88532650981836
2553,scenario_1,233.836,233.836,0.0,0.0,0.0,704.1262171409239,0.0,0.0,0.0,0.0,0.0,0.0,233.836
2554,scenario_1,144.535,538.6179569565966,0.0,394.0829569565966,0.0,704.1262171409239,0.0,0.0,0.0,0.0,0.0,0.0,538.6179569565966
2555,scenario_1,116.543,510.6259569565966,0.0,394.0829569565966,0.0,1078.5050262496907,0.0,0.0,0.0,0.0,0.0,0.0,510.6259569565966
2556,scenario_1,9.856,9.856,0.0,0.0,0.0,1452.8838353584574,0.0,0.0,0.0,0.0,0.0,0.0,9.856
2557,scenario_1,118.964,513.0469569565967,0.0,394.0829569565966,0.0,1452.8838353584574,0.0,0.0,0.0,0.0,0.0,0.0,513.0469569565967
2558,scenario_1,112.596,254.67967430810205,0.0,142.08367430810205,0.0,1827.2626444672242,0.0,0.0,0.0,0.0,0.0,0.0,254.67967430810205
2559,scenario_1,144.153,144.153,0.0,0.0,0.0,1962.242135059921,0.0,0.0,0.0,0.0,0.0,0.0,144.153
2560,scenario_1,146.569,146.569,0.0,0.0,0.0,1962.242135059921,0.0,0.0,0.0,0.0,0.0,0.0,146.569
2561,scenario_1,171.439,35.570264723390956,0.0,0.0,135.86873527660904,1962.242135059921,0.0,0.0,0.0,0.0,0.0,0.0,35.570264723390956
2562,scenario_1,240.513,0.0,0.0,0.0,240.513,1820.71220248012,0.0,0.0,0.0,0.0,0.0,0.0,0.0
2563,scenario_1,275.505,0.0,0.0,0.0,275.505,1570.17782748012,0.0,0.0,0.0,0.0,0.0,0.0,0.0
2564,scenario_1,235.232,0.0,0.0,0.0,235.232,1283.19345248012,0.0,0.0,0.0,0.0,0.0,0.0,0.0
2565,scenario_1,143.036,0.0,0.0,0.0,143.036,1038.1601191467867,0.0,0.0,0.0,0.0,0.0,0.0,0.0
2566,scenario_1,59.815,0.0,0.0,0.0,59.815,889.1642858134534,0.0,0.0,0.0,0.0,0.0,0.0,0.0
2567,scenario_1,31.757,0.0,0.0,0.0,31.757,826.8569941467867,0.0,0.0,0.0,0.0,0.0,0.0,0.0
2568,scenario_1,16.404,0.0,0.0,0.0,16.404,793.7767858134534,0.0,0.0,0.0,0.0,0.0,0.0,0.0
2569,scenario_1,31.684,0.0,0.0,0.0,31.684,776.6892858134535,0.0,0.0,0.0,0.0,0.0,0.0,0.0
2570,scenario_1,34.463,0.0,0.0,0.0,34.463,743.6851191467867,0.0,0.0,0.0,0.0,0.0,0.0,0.0
2571,scenario_1,50.888,0.0,0.0,0.0,50.888,707.7861608134534,0.0,0.0,0.0,0.0,0.0,0.0,0.0
2572,scenario_1,61.782,0.0,0.0,0.0,61.782,654.7778274801201,0.0,0.0,0.0,0.0,0.0,0.0,0.0
2573,scenario_1,98.418,0.0,0.0,0.0,98.418,590.42157748012,0.0,0.0,0.0,0.0,0.0,0.0,0.0
2574,scenario_1,110.127,20.05992429741735,0.0,0.0,90.06707570258264,487.9028274801201,0.0,0.0,0.0,0.0,0.0,0.0,20.05992429741735
2575,scenario_1,19.741,97.32455899371435,0.0,77.58355899371435,0.0,394.0829569565965,0.0,0.0,0.0,0.0,0.0,0.0,97.32455899371435
2576,scenario_1,27.613,32.994274049779776,0.0,5.381274049779773,0.0,467.78733800062514,0.0,0.0,0.0,0.0,0.0,0.0,32.994274049779776
2577,scenario_1,24.656,24.656,0.0,0.0,0.0,472.8995483479159,0.0,0.0,0.0,0.0,0.0,0.0,24.656
2578,scenario_1,135.164,529.2469569565966,0.0,394.0829569565966,0.0,472.8995483479159,0.0,0.0,0.0,0.0,0.0,0.0,529.2469569565966
2579,scenario_1,107.677,501.7599569565966,0.0,394.0829569565966,0.0,847.2783574566827,0.0,0.0,0.0,0.0,0.0,0.0,501.7599569565966
2580,scenario_1,9.102,9.102,0.0,0.0,0.0,1221.6571665654494,0.0,0.0,0.0,0.0,0.0,0.0,9.102
2581,scenario_1,9.761,403.8439569565966,0.0,394.0829569565966,0.0,1221.6571665654494,0.0,0.0,0.0,0.0,0.0,0.0,403.8439569565966
2582,scenario_1,114.439,508.52195695659657,0.0,394.0829569565966,0.0,1596.0359756742162,0.0,0.0,0.0,0.0,0.0,0.0,508.52195695659657
2583,scenario_1,130.604,130.604,0.0,0.0,0.0,1970.414784782983,0.0,0.0,0.0,0.0,0.0,0.0,130.604
2584,scenario_1,147.625,147.625,0.0,0.0,0.0,1970.414784782983,0.0,0.0,0.0,0.0,0.0,0.0,147.625
2585,scenario_1,187.339,43.09491108820709,0.0,0.0,144.24408891179291,1970.414784782983,0.0,0.0,0.0,0.0,0.0,0.0,43.09491108820709
2586,scenario_1,270.177,0.0,61.3917014289115,0.0,208.7852985710885,1820.1605254998653,0.0,20.463900476303834,0.0,0.0,0.0,0.0,0.0
2587,scenario_1,280.104,0.0,61.3917014289115,0.0,218.71229857108847,1602.6758394883148,0.0,20.463900476303834,0.0,0.0,0.0,0.0,0.0
2588,scenario_1,223.878,0.0,0.0,0.0,223.878,1374.8505284767643,0.0,0.0,0.0,0.0,0.0,0.0,0.0
2589,scenario_1,178.058,0.0,0.0,0.0,178.058,1141.6442784767644,0.0,0.0,0.0,0.0,0.0,0.0,0.0
2590,scenario_1,77.238,0.0,0.0,0.0,77.238,956.1671951434311,0.0,0.0,0.0,0.0,0.0,0.0,0.0
2591,scenario_1,42.681,0.0,42.681,0.0,0.0,875.710945143431,0.0,14.226999999999999,0.0,0.0,0.0,0.0,0.0
2592,scenario_1,41.157,0.0,0.0,0.0,41.157,875.710945143431,0.0,0.0,0.0,0.0,0.0,0.0,0.0
2593,scenario_1,49.689,0.0,0.0,0.0,49.689,832.839070143431,0.0,0.0,0.0,0.0,0.0,0.0,0.0
2594,scenario_1,46.771,0.0,0.0,0.0,46.771,781.079695143431,0.0,0.0,0.0,0.0,0.0,0.0,0.0
2595,scenario_1,53.512,0.0,0.0,0.0,53.512,732.3599034767643,0.0,0.0,0.0,0.0,0.0,0.0,0.0
2596,scenario_1,64.625,0.0,0.0,0.0,64.625,676.6182368100976,0.0,0.0,0.0,0.0,0.0,0.0,0.0
2597,scenario_1,86.094,0.0,15.009615315150782,0.0,71.08438468484921,609.3005284767643,0.0,5.00320510505026,0.0,0.0,0.0,0.0,0.0
2598,scenario_1,115.865,29.246082171689995,0.0,0.0,86.61891782831,535.2542944300463,0.0,0.0,0.0,0.0,0.0,0.0,29.246082171689995
2599,scenario_1,209.037,160.13143385379817,0.0,0.0,48.905566146201835,445.02625502555674,0.0,0.0,0.0,0.0,0.0,0.0,160.13143385379817
2600,scenario_1,250.343,250.343,0.0,0.0,0.0,394.0829569565965,0.0,0.0,0.0,0.0,0.0,0.0,250.343
2601,scenario_1,226.207,474.3571864432646,0.0,248.1501864432646,0.0,394.0829569565965,0.0,0.0,0.0,0.0,0.0,0.0,474.3571864432646
2602,scenario_1,14.82,408.9029569565966,0.0,394.0829569565966,0.0,629.8256340776978,0.0,0.0,0.0,0.0,0.0,0.0,408.9029569565966
2603,scenario_1,105.088,499.17095695659657,0.0,394.0829569565966,0.0,1004.2044431864646,0.0,0.0,0.0,0.0,0.0,0.0,499.17095695659657
2604,scenario_1,98.091,492.1739569565966,0.0,394.0829569565966,0.0,1378.5832522952314,0.0,0.0,0.0,0.0,0.0,0.0,492.1739569565966
2605,scenario_1,12.506,12.506,0.0,0.0,0.0,1752.9620614039982,0.0,0.0,0.0,0.0,0.0,0.0,12.506
2606,scenario_1,122.294,306.8181500836224,0.0,184.5241500836224,0.0,1752.9620614039982,0.0,0.0,0.0,0.0,0.0,0.0,306.8181500836224
2607,scenario_1,164.324,164.324,0.0,0.0,0.0,1928.2600039834394,0.0,0.0,0.0,0.0,0.0,0.0,164.324
2608,scenario_1,168.474,212.8474534732037,0.0,44.37345347320371,0.0,1928.2600039834394,0.0,0.0,0.0,0.0,0.0,0.0,212.8474534732037
2609,scenario_1,195.913,43.36458049550108,0.0,0.0,152.54841950449892,1970.414784782983,0.0,0.0,0.0,0.0,0.0,0.0,43.36458049550108
2610,scenario_1,253.462,0.0,0.0,0.0,253.462,1811.5101811324632,0.0,0.0,0.0,0.0,0.0,0.0,0.0
2611,scenario_1,282.088,0.0,0.0,0.0,282.088,1547.4872644657967,0.0,0.0,0.0,0.0,0.0,0.0,0.0
2612,scenario_1,229.644,0.0,0.0,0.0,229.644,1253.64559779913,0.0,0.0,0.0,0.0,0.0,0.0,0.0
2613,scenario_1,150.487,0.0,0.0,0.0,150.487,1014.4330977991299,0.0,0.0,0.0,0.0,0.0,0.0,0.0
2614,scenario_1,58.083,0.0,0.0,0.0,58.083,857.6758061324632,0.0,0.0,0.0,0.0,0.0,0.0,0.0
2615,scenario_1,25.764,0.0,0.0,0.0,25.764,797.1726811324633,0.0,0.0,0.0,0.0,0.0,0.0,0.0
2616,scenario_1,31.444,0.0,0.0,0.0,31.444,770.3351811324633,0.0,0.0,0.0,0.0,0.0,0.0,0.0
2617,scenario_1,38.116,0.0,0.0,0.0,38.116,737.5810144657966,0.0,0.0,0.0,0.0,0.0,0.0,0.0
2618,scenario_1,45.763,0.0,0.0,0.0,45.763,697.8768477991299,0.0,0.0,0.0,0.0,0.0,0.0,0.0
2619,scenario_1,47.873,0.0,0.0,0.0,47.873,650.2070561324632,0.0,0.0,0.0,0.0,0.0,0.0,0.0
2620,scenario_1,54.446,0.0,0.0,0.0,54.446,600.3393477991299,0.0,0.0,0.0,0.0,0.0,0.0,0.0
2621,scenario_1,6.791,0.0,0.0,0.0,6.791,543.6247644657965,0.0,0.0,0.0,0.0,0.0,0.0,0.0
2622,scenario_1,110.238,33.786967029995225,0.0,0.0,76.45103297000477,536.5508061324632,0.0,0.0,0.0,0.0,0.0,0.0,33.786967029995225
2623,scenario_1,212.308,172.69280882581492,0.0,0.0,39.61519117418507,456.9143134553749,0.0,0.0,0.0,0.0,0.0,0.0,172.69280882581492
2624,scenario_1,266.478,266.478,0.0,0.0,0.0,415.6484893155988,0.0,0.0,0.0,0.0,0.0,0.0,266.478
2625,scenario_1,210.769,210.769,0.0,0.0,0.0,415.6484893155988,0.0,0.0,0.0,0.0,0.0,0.0,210.769
2626,scenario_1,142.454,142.454,0.0,0.0,0.0,415.6484893155988,0.0,0.0,0.0,0.0,0.0,0.0,142.454
2627,scenario_1,115.668,509.7509569565966,0.0,394.0829569565966,0.0,415.6484893155988,0.0,0.0,0.0,0.0,0.0,0.0,509.7509569565966
2628,scenario_1,95.898,489.98095695659663,0.0,394.0829569565966,0.0,790.0272984243655,0.0,0.0,0.0,0.0,0.0,0.0,489.98095695659663
2629,scenario_1,89.418,483.5009569565966,0.0,394.0829569565966,0.0,1164.4061075331324,0.0,0.0,0.0,0.0,0.0,0.0,483.5009569565966
2630,scenario_1,108.421,476.6624249249713,0.0,368.2414249249713,0.0,1538.7849166418991,0.0,0.0,0.0,0.0,0.0,0.0,476.6624249249713
2631,scenario_1,155.215,241.3208046972221,0.0,86.10580469722208,0.0,1888.614270320622,0.0,0.0,0.0,0.0,0.0,0.0,241.3208046972221
2632,scenario_1,187.993,187.993,0.0,0.0,0.0,1970.414784782983,0.0,0.0,0.0,0.0,0.0,0.0,187.993
2633,scenario_1,200.378,37.05779597007715,0.0,0.0,163.32020402992282,1970.414784782983,0.0,0.0,0.0,0.0,0.0,0.0,37.05779597007715
2634,scenario_1,270.071,0.0,61.3917014289115,0.0,208.6792985710885,1800.2895722518133,0.0,20.463900476303834,0.0,0.0,0.0,0.0,0.0
2635,scenario_1,297.638,0.0,0.0,0.0,297.638,1582.9153029069294,0.0,0.0,0.0,0.0,0.0,0.0,0.0
2636,scenario_1,215.066,0.0,0.0,0.0,215.066,1272.8757195735961,0.0,0.0,0.0,0.0,0.0,0.0,0.0
2637,scenario_1,143.869,0.0,0.0,0.0,143.869,1048.8486362402627,0.0,0.0,0.0,0.0,0.0,0.0,0.0
2638,scenario_1,72.282,0.0,0.0,0.0,72.282,898.9850945735961,0.0,0.0,0.0,0.0,0.0,0.0,0.0
2639,scenario_1,20.766,0.0,0.0,0.0,20.766,823.6913445735961,0.0,0.0,0.0,0.0,0.0,0.0,0.0
2640,scenario_1,3.597,0.0,0.0,0.0,3.597,802.0600945735961,0.0,0.0,0.0,0.0,0.0,0.0,0.0
2641,scenario_1,37.503,0.0,4.808683435285104,0.0,32.694316564714896,798.313219573596,0.0,1.602894478428368,0.0,0.0,0.0,0.0,0.0
2642,scenario_1,40.895,0.0,0.0,0.0,40.895,764.2566398186847,0.0,0.0,0.0,0.0,0.0,0.0,0.0
2643,scenario_1,41.801,0.0,0.0,0.0,41.801,721.6576814853513,0.0,0.0,0.0,0.0,0.0,0.0,0.0
2644,scenario_1,59.351,0.0,0.0,0.0,59.351,678.1149731520179,0.0,0.0,0.0,0.0,0.0,0.0,0.0
2645,scenario_1,81.247,0.0,0.0,0.0,81.247,616.2910148186846,0.0,0.0,0.0,0.0,0.0,0.0,0.0
2646,scenario_1,120.129,19.929439100339614,0.0,0.0,100.19956089966038,531.658723152018,0.0,0.0,0.0,0.0,0.0,0.0,19.929439100339614
2647,scenario_1,169.161,137.28782535205576,0.0,0.0,31.87317464794424,427.2841805482051,0.0,0.0,0.0,0.0,0.0,0.0,137.28782535205576
2648,scenario_1,184.228,184.228,0.0,0.0,0.0,394.0829569565965,0.0,0.0,0.0,0.0,0.0,0.0,184.228
2649,scenario_1,17.115,411.1979569565966,0.0,394.0829569565966,0.0,394.0829569565965,0.0,0.0,0.0,0.0,0.0,0.0,411.1979569565966
2650,scenario_1,154.017,332.07696669536995,0.0,178.05996669536998,0.0,768.4617660653632,0.0,0.0,0.0,0.0,0.0,0.0,332.07696669536995
2651,scenario_1,135.032,529.1149569565966,0.0,394.0829569565966,0.0,937.6187344259647,0.0,0.0,0.0,0.0,0.0,0.0,529.1149569565966
2652,scenario_1,13.398,407.48095695659663,0.0,394.0829569565966,0.0,1311.9975435347314,0.0,0.0,0.0,0.0,0.0,0.0,407.48095695659663
2653,scenario_1,143.969,143.969,0.0,0.0,0.0,1686.3763526434982,0.0,0.0,0.0,0.0,0.0,0.0,143.969
2654,scenario_1,172.421,172.421,0.0,0.0,0.0,1686.3763526434982,0.0,0.0,0.0,0.0,0.0,0.0,172.421
2655,scenario_1,19.022,318.0098233047208,0.0,298.9878233047208,0.0,1686.3763526434982,0.0,0.0,0.0,0.0,0.0,0.0,318.0098233047208
2656,scenario_1,190.499,184.5930587993045,0.0,0.0,5.9059412006955085,1970.414784782983,0.0,0.0,0.0,0.0,0.0,0.0,184.5930587993045
2657,scenario_1,211.701,34.248014726336564,0.0,0.0,177.45298527366344,1964.2627626989251,0.0,0.0,0.0,0.0,0.0,0.0,34.248014726336564
2658,scenario_1,235.557,0.0,0.0,0.0,235.557,1779.4159030388591,0.0,0.0,0.0,0.0,0.0,0.0,0.0
2659,scenario_1,249.322,0.0,0.0,0.0,249.322,1534.044028038859,0.0,0.0,0.0,0.0,0.0,0.0,0.0
2660,scenario_1,200.326,0.0,0.0,0.0,200.326,1274.3336113721925,0.0,0.0,0.0,0.0,0.0,0.0,0.0
2661,scenario_1,133.096,0.0,0.0,0.0,133.096,1065.6606947055259,0.0,0.0,0.0,0.0,0.0,0.0,0.0
2662,scenario_1,60.127,0.0,0.0,0.0,60.127,927.0190280388592,0.0,0.0,0.0,0.0,0.0,0.0,0.0
2663,scenario_1,30.436,0.0,0.0,0.0,30.436,864.3867363721926,0.0,0.0,0.0,0.0,0.0,0.0,0.0
2664,scenario_1,28.605,0.0,0.0,0.0,28.605,832.6825697055259,0.0,0.0,0.0,0.0,0.0,0.0,0.0
2665,scenario_1,46.841,0.0,0.0,0.0,46.841,802.8856947055259,0.0,0.0,0.0,0.0,0.0,0.0,0.0
2666,scenario_1,49.824,0.0,0.0,0.0,49.824,754.0929863721926,0.0,0.0,0.0,0.0,0.0,0.0,0.0
2667,scenario_1,59.668,0.0,0.0,0.0,59.668,702.1929863721926,0.0,0.0,0.0,0.0,0.0,0.0,0.0
2668,scenario_1,69.642,0.0,0.0,0.0,69.642,640.038819705526,0.0,0.0,0.0,0.0,0.0,0.0,0.0
2669,scenario_1,9.924,0.0,0.0,0.0,9.924,567.4950697055259,0.0,0.0,0.0,0.0,0.0,0.0,0.0
2670,scenario_1,140.874,34.1610245949514,0.0,0.0,106.7129754050486,557.1575697055259,0.0,0.0,0.0,0.0,0.0,0.0,34.1610245949514
2671,scenario_1,169.859,169.859,0.0,0.0,0.0,445.99822032526697,0.0,0.0,0.0,0.0,0.0,0.0,169.859
2672,scenario_1,185.981,344.75928870565673,0.0,158.77828870565673,0.0,445.99822032526697,0.0,0.0,0.0,0.0,0.0,0.0,344.75928870565673
2673,scenario_1,180.274,180.274,0.0,0.0,0.0,596.8375945956409,0.0,0.0,0.0,0.0,0.0,0.0,180.274
2674,scenario_1,167.012,561.0949569565967,0.0,394.0829569565966,0.0,596.8375945956409,0.0,0.0,0.0,0.0,0.0,0.0,561.0949569565967
2675,scenario_1,128.174,522.2569569565966,0.0,394.0829569565966,0.0,971.2164037044076,0.0,0.0,0.0,0.0,0.0,0.0,522.2569569565966
2676,scenario_1,125.941,520.0239569565966,0.0,394.0829569565966,0.0,1345.5952128131744,0.0,0.0,0.0,0.0,0.0,0.0,520.0239569565966
2677,scenario_1,136.258,136.258,0.0,0.0,0.0,1719.9740219219411,0.0,0.0,0.0,0.0,0.0,0.0,136.258
2678,scenario_1,126.658,390.27985564320187,0.0,263.62185564320185,0.0,1719.9740219219411,0.0,0.0,0.0,0.0,0.0,0.0,390.27985564320187
2679,scenario_1,147.564,147.564,0.0,0.0,0.0,1970.414784782983,0.0,0.0,0.0,0.0,0.0,0.0,147.564
2680,scenario_1,202.058,191.4304831261779,0.0,0.0,10.627516873822088,1970.414784782983,0.0,0.0,0.0,0.0,0.0,0.0,191.4304831261779
2681,scenario_1,234.935,36.762029523367616,0.0,0.0,198.17297047663237,1959.344454706085,0.0,0.0,0.0,0.0,0.0,0.0,36.762029523367616
2682,scenario_1,245.309,0.0,0.0,0.0,245.309,1752.9142771262595,0.0,0.0,0.0,0.0,0.0,0.0,0.0
2683,scenario_1,210.619,0.0,0.0,0.0,210.619,1497.3840687929262,0.0,0.0,0.0,0.0,0.0,0.0,0.0
2684,scenario_1,179.339,0.0,0.0,0.0,179.339,1277.9892771262596,0.0,0.0,0.0,0.0,0.0,0.0,0.0
2685,scenario_1,109.769,0.0,0.0,0.0,109.769,1091.1778187929262,0.0,0.0,0.0,0.0,0.0,0.0,0.0
2686,scenario_1,72.876,0.0,0.0,0.0,72.876,976.8351104595929,0.0,0.0,0.0,0.0,0.0,0.0,0.0
2687,scenario_1,46.552,0.0,0.0,0.0,46.552,900.9226104595929,0.0,0.0,0.0,0.0,0.0,0.0,0.0
2688,scenario_1,22.449,0.0,0.0,0.0,22.449,852.4309437929262,0.0,0.0,0.0,0.0,0.0,0.0,0.0
2689,scenario_1,41.967,0.0,0.0,0.0,41.967,829.0465687929262,0.0,0.0,0.0,0.0,0.0,0.0,0.0
2690,scenario_1,48.492,0.0,0.0,0.0,48.492,785.3309437929262,0.0,0.0,0.0,0.0,0.0,0.0,0.0
2691,scenario_1,5.122,0.0,0.0,0.0,5.122,734.8184437929261,0.0,0.0,0.0,0.0,0.0,0.0,0.0
2692,scenario_1,53.409,0.0,0.0,0.0,53.409,729.4830271262595,0.0,0.0,0.0,0.0,0.0,0.0,0.0
2693,scenario_1,71.342,0.0,0.0,0.0,71.342,673.8486521262595,0.0,0.0,0.0,0.0,0.0,0.0,0.0
2694,scenario_1,11.915,11.915,0.0,0.0,0.0,599.5340687929262,0.0,0.0,0.0,0.0,0.0,0.0,11.915
2695,scenario_1,203.246,157.00848813707103,0.0,0.0,46.23751186292898,599.5340687929262,0.0,0.0,0.0,0.0,0.0,0.0,157.00848813707103
2696,scenario_1,248.553,248.553,0.0,0.0,0.0,551.3699939357085,0.0,0.0,0.0,0.0,0.0,0.0,248.553
2697,scenario_1,20.62,414.7029569565966,0.0,394.0829569565966,0.0,551.3699939357085,0.0,0.0,0.0,0.0,0.0,0.0,414.7029569565966
2698,scenario_1,125.209,519.2919569565966,0.0,394.0829569565966,0.0,925.7488030444753,0.0,0.0,0.0,0.0,0.0,0.0,519.2919569565966
2699,scenario_1,90.093,401.57548791681506,0.0,311.48248791681505,0.0,1300.127612153242,0.0,0.0,0.0,0.0,0.0,0.0,401.57548791681506
2700,scenario_1,104.301,104.301,0.0,0.0,0.0,1596.0359756742162,0.0,0.0,0.0,0.0,0.0,0.0,104.301
2701,scenario_1,98.838,492.92095695659657,0.0,394.0829569565966,0.0,1596.0359756742162,0.0,0.0,0.0,0.0,0.0,0.0,492.92095695659657
2702,scenario_1,104.666,104.666,0.0,0.0,0.0,1970.414784782983,0.0,0.0,0.0,0.0,0.0,0.0,104.666
2703,scenario_1,173.245,173.245,0.0,0.0,0.0,1970.414784782983,0.0,0.0,0.0,0.0,0.0,0.0,173.245
2704,scenario_1,157.872,157.872,0.0,0.0,0.0,1970.414784782983,0.0,0.0,0.0,0.0,0.0,0.0,157.872
2705,scenario_1,192.868,40.606993330591585,0.0,0.0,152.2610066694084,1970.414784782983,0.0,0.0,0.0,0.0,0.0,0.0,40.606993330591585
2706,scenario_1,251.866,0.0,61.3917014289115,0.0,190.47429857108853,1811.8095695023492,0.0,20.463900476303834,0.0,0.0,0.0,0.0,0.0
2707,scenario_1,26.702,0.0,0.0,0.0,26.702,1613.398841824132,0.0,0.0,0.0,0.0,0.0,0.0,0.0
2708,scenario_1,237.759,0.0,61.3917014289115,0.0,176.3672985710885,1585.5842584907987,0.0,20.463900476303834,0.0,0.0,0.0,0.0,0.0
2709,scenario_1,149.268,0.0,61.3917014289115,0.0,87.8762985710885,1401.868322479248,0.0,20.463900476303834,0.0,0.0,0.0,0.0,0.0
2710,scenario_1,63.673,0.0,0.0,0.0,63.673,1310.3305114676975,0.0,0.0,0.0,0.0,0.0,0.0,0.0
2711,scenario_1,22.738,0.0,22.738,0.0,0.0,1244.0044698010308,0.0,7.5793333333333335,0.0,0.0,0.0,0.0,0.0
2712,scenario_1,37.948,0.0,37.948,0.0,0.0,1244.0044698010308,0.0,12.649333333333333,0.0,0.0,0.0,0.0,0.0
2713,scenario_1,45.988,0.0,0.0,0.0,45.988,1244.0044698010308,0.0,0.0,0.0,0.0,0.0,0.0,0.0
2714,scenario_1,5.58,0.0,0.0,0.0,5.58,1196.1003031343641,0.0,0.0,0.0,0.0,0.0,0.0,0.0
2715,scenario_1,58.378,0.0,0.0,0.0,58.378,1190.2878031343641,0.0,0.0,0.0,0.0,0.0,0.0,0.0
2716,scenario_1,60.016,0.0,0.0,0.0,60.016,1129.4773864676974,0.0,0.0,0.0,0.0,0.0,0.0,0.0
2717,scenario_1,73.256,0.0,61.3917014289115,0.0,11.864298571088497,1066.9607198010308,0.0,20.463900476303834,0.0,0.0,0.0,0.0,0.0
2718,scenario_1,117.614,32.28203775703199,0.0,0.0,85.33196224296802,1054.6020754561468,0.0,0.0,0.0,0.0,0.0,0.0,32.28203775703199
2719,scenario_1,221.103,86.58997678078592,61.3917014289115,0.0,73.12132179030259,965.7146147863884,0.0,20.463900476303834,0.0,0.0,0.0,0.0,86.58997678078592
2720,scenario_1,273.057,154.17260985391488,0.0,0.0,118.88439014608514,889.5465712548232,0.0,0.0,0.0,0.0,0.0,0.0,154.17260985391488
2721,scenario_1,224.379,301.74266873569627,0.0,77.36366873569628,0.0,765.7086648526512,0.0,0.0,0.0,0.0,0.0,0.0,301.74266873569627
2722,scenario_1,14.128,351.78809132157744,0.0,337.66009132157745,0.0,839.2041501515627,0.0,0.0,0.0,0.0,0.0,0.0,351.78809132157744
2723,scenario_1,117.635,276.5329286602776,0.0,158.8979286602776,0.0,1159.9812369070612,0.0,0.0,0.0,0.0,0.0,0.0,276.5329286602776
2724,scenario_1,89.787,277.8986737230246,0.0,188.1116737230246,0.0,1310.934269134325,0.0,0.0,0.0,0.0,0.0,0.0,277.8986737230246
2725,scenario_1,109.789,119.65492572028433,0.0,9.865925720284324,0.0,1489.6403591711983,0.0,0.0,0.0,0.0,0.0,0.0,119.65492572028433
2726,scenario_1,109.185,148.0485046043998,0.0,38.86350460439979,0.0,1499.0129886054683,0.0,0.0,0.0,0.0,0.0,0.0,148.0485046043998
2727,scenario_1,120.311,290.23387435343994,0.0,169.92287435343994,0.0,1535.933317979648,0.0,0.0,0.0,0.0,0.0,0.0,290.23387435343994
2728,scenario_1,168.535,187.71600451603166,0.0,19.181004516031663,0.0,1697.360048615416,0.0,0.0,0.0,0.0,0.0,0.0,187.71600451603166
2729,scenario_1,192.158,26.06224336299323,61.3917014289115,0.0,104.70405520809526,1715.582002905646,0.0,20.463900476303834,0.0,0.0,0.0,0.0,26.06224336299323
2730,scenario_1,281.856,0.0,61.3917014289115,0.0,220.46429857108848,1606.515278730547,0.0,20.463900476303834,0.0,0.0,0.0,0.0,0.0
2731,scenario_1,298.942,0.0,61.3917014289115,0.0,237.5502985710885,1376.8649677189965,0.0,20.463900476303834,0.0,0.0,0.0,0.0,0.0
2732,scenario_1,258.539,0.0,0.0,0.0,258.539,1129.4167400407794,0.0,0.0,0.0,0.0,0.0,0.0,0.0
2733,scenario_1,15.401,0.0,0.0,0.0,15.401,860.105281707446,0.0,0.0,0.0,0.0,0.0,0.0,0.0
2734,scenario_1,76.921,0.0,61.3917014289115,0.0,15.529298571088503,844.0625733741127,0.0,20.463900476303834,0.0,0.0,0.0,0.0,0.0
2735,scenario_1,41.755,0.0,0.0,0.0,41.755,827.8862206958955,0.0,0.0,0.0,0.0,0.0,0.0,0.0
2736,scenario_1,36.117,0.0,0.0,0.0,36.117,784.3914290292289,0.0,0.0,0.0,0.0,0.0,0.0,0.0
2737,scenario_1,48.294,0.0,48.294,0.0,0.0,746.7695540292289,0.0,16.098,0.0,0.0,0.0,0.0,0.0
2738,scenario_1,44.815,0.0,0.0,0.0,44.815,746.7695540292289,0.0,0.0,0.0,0.0,0.0,0.0,0.0
2739,scenario_1,50.678,0.0,0.0,0.0,50.678,700.0872623625622,0.0,0.0,0.0,0.0,0.0,0.0,0.0
2740,scenario_1,65.394,0.0,61.3917014289115,0.0,4.002298571088502,647.2976790292289,0.0,20.463900476303834,0.0,0.0,0.0,0.0,0.0
2741,scenario_1,85.276,0.0,4.826100054037511,0.0,80.44989994596249,643.1286180176784,0.0,1.6087000180125035,0.0,0.0,0.0,0.0,0.0
2742,scenario_1,128.429,35.74424498616127,0.0,0.0,92.68475501383872,559.3266389073008,0.0,0.0,0.0,0.0,0.0,0.0,35.74424498616127
2743,scenario_1,237.659,171.70982034116267,0.0,0.0,65.94917965883732,462.7800191012187,0.0,0.0,0.0,0.0,0.0,0.0,171.70982034116267
2744,scenario_1,273.011,273.011,0.0,0.0,0.0,394.0829569565965,0.0,0.0,0.0,0.0,0.0,0.0,273.011
2745,scenario_1,225.036,495.0782357392091,0.0,270.0422357392091,0.0,394.0829569565965,0.0,0.0,0.0,0.0,0.0,0.0,495.0782357392091
2746,scenario_1,122.701,516.7839569565966,0.0,394.0829569565966,0.0,650.6230809088452,0.0,0.0,0.0,0.0,0.0,0.0,516.7839569565966
2747,scenario_1,95.411,489.4939569565966,0.0,394.0829569565966,0.0,1025.001890017612,0.0,0.0,0.0,0.0,0.0,0.0,489.4939569565966
2748,scenario_1,75.701,75.701,0.0,0.0,0.0,1399.3806991263787,0.0,0.0,0.0,0.0,0.0,0.0,75.701
2749,scenario_1,95.994,490.07695695659663,0.0,394.0829569565966,0.0,1399.3806991263787,0.0,0.0,0.0,0.0,0.0,0.0,490.07695695659663
2750,scenario_1,121.966,121.966,0.0,0.0,0.0,1773.7595082351454,0.0,0.0,0.0,0.0,0.0,0.0,121.966
2751,scenario_1,143.154,143.154,0.0,0.0,0.0,1773.7595082351454,0.0,0.0,0.0,0.0,0.0,0.0,143.154
2752,scenario_1,166.988,166.988,0.0,0.0,0.0,1773.7595082351454,0.0,0.0,0.0,0.0,0.0,0.0,166.988
2753,scenario_1,18.942,18.942,0.0,0.0,0.0,1773.7595082351454,0.0,0.0,0.0,0.0,0.0,0.0,18.942
2754,scenario_1,25.78,0.0,0.0,0.0,25.78,1773.7595082351454,0.0,0.0,0.0,0.0,0.0,0.0,0.0
2755,scenario_1,284.312,0.0,0.0,0.0,284.312,1746.9053415684787,0.0,0.0,0.0,0.0,0.0,0.0,0.0
2756,scenario_1,25.672,0.0,0.0,0.0,25.672,1450.7470082351454,0.0,0.0,0.0,0.0,0.0,0.0,0.0
2757,scenario_1,163.599,0.0,0.0,0.0,163.599,1424.0053415684788,0.0,0.0,0.0,0.0,0.0,0.0,0.0
2758,scenario_1,59.276,0.0,0.0,0.0,59.276,1253.5897165684787,0.0,0.0,0.0,0.0,0.0,0.0,0.0
2759,scenario_1,22.795,0.0,0.0,0.0,22.795,1191.8438832351453,0.0,0.0,0.0,0.0,0.0,0.0,0.0
2760,scenario_1,16.477,0.0,0.0,0.0,16.477,1168.0990915684786,0.0,0.0,0.0,0.0,0.0,0.0,0.0
2761,scenario_1,22.066,0.0,0.0,0.0,22.066,1150.935549901812,0.0,0.0,0.0,0.0,0.0,0.0,0.0
2762,scenario_1,34.017,0.0,0.0,0.0,34.017,1127.9501332351454,0.0,0.0,0.0,0.0,0.0,0.0,0.0
2763,scenario_1,53.298,0.0,0.0,0.0,53.298,1092.5157582351453,0.0,0.0,0.0,0.0,0.0,0.0,0.0
2764,scenario_1,58.819,0.0,0.0,0.0,58.819,1036.9970082351454,0.0,0.0,0.0,0.0,0.0,0.0,0.0
2765,scenario_1,71.633,0.0,0.0,0.0,71.633,975.7272165684786,0.0,0.0,0.0,0.0,0.0,0.0,0.0
2766,scenario_1,133.023,30.50743907677478,0.0,0.0,102.51556092322522,901.1095082351453,0.0,0.0,0.0,0.0,0.0,0.0,30.50743907677478
2767,scenario_1,234.572,183.58397327523667,0.0,0.0,50.98802672476333,794.3224656067857,0.0,0.0,0.0,0.0,0.0,0.0,183.58397327523667
2768,scenario_1,288.699,288.699,0.0,0.0,0.0,741.2099377684906,0.0,0.0,0.0,0.0,0.0,0.0,288.699
2769,scenario_1,236.891,468.9637982973848,0.0,232.07279829738482,0.0,741.2099377684906,0.0,0.0,0.0,0.0,0.0,0.0,468.9637982973848
2770,scenario_1,123.222,317.1600834475457,0.0,193.9380834475457,0.0,961.6790961510062,0.0,0.0,0.0,0.0,0.0,0.0,317.1600834475457
2771,scenario_1,9.544,9.544,0.0,0.0,0.0,1145.9202754261746,0.0,0.0,0.0,0.0,0.0,0.0,9.544
2772,scenario_1,99.386,493.46895695659657,0.0,394.0829569565966,0.0,1145.9202754261746,0.0,0.0,0.0,0.0,0.0,0.0,493.46895695659657
2773,scenario_1,10.665,404.7479569565966,0.0,394.0829569565966,0.0,1520.2990845349414,0.0,0.0,0.0,0.0,0.0,0.0,404.7479569565966
2774,scenario_1,112.689,112.689,0.0,0.0,0.0,1894.677893643708,0.0,0.0,0.0,0.0,0.0,0.0,112.689
2775,scenario_1,110.852,110.852,0.0,0.0,0.0,1894.677893643708,0.0,0.0,0.0,0.0,0.0,0.0,110.852
2776,scenario_1,134.087,134.087,0.0,0.0,0.0,1894.677893643708,0.0,0.0,0.0,0.0,0.0,0.0,134.087
2777,scenario_1,18.369,18.369,0.0,0.0,0.0,1894.677893643708,0.0,0.0,0.0,0.0,0.0,0.0,18.369
2778,scenario_1,257.456,0.0,0.0,0.0,257.456,1894.677893643708,0.0,0.0,0.0,0.0,0.0,0.0,0.0
2779,scenario_1,303.594,0.0,0.0,0.0,303.594,1626.4945603103747,0.0,0.0,0.0,0.0,0.0,0.0,0.0
2780,scenario_1,23.841,0.0,0.0,0.0,23.841,1310.2508103103746,0.0,0.0,0.0,0.0,0.0,0.0,0.0
2781,scenario_1,153.787,0.0,0.0,0.0,153.787,1285.4164353103747,0.0,0.0,0.0,0.0,0.0,0.0,0.0
2782,scenario_1,72.674,0.0,0.0,0.0,72.674,1125.2216436437081,0.0,0.0,0.0,0.0,0.0,0.0,0.0
2783,scenario_1,45.983,0.0,0.0,0.0,45.983,1049.5195603103748,0.0,0.0,0.0,0.0,0.0,0.0,0.0
2784,scenario_1,36.066,0.0,0.0,0.0,36.066,1001.6206019770415,0.0,0.0,0.0,0.0,0.0,0.0,0.0
2785,scenario_1,47.144,0.0,0.0,0.0,47.144,964.0518519770415,0.0,0.0,0.0,0.0,0.0,0.0,0.0
2786,scenario_1,4.002,0.0,0.0,0.0,4.002,914.9435186437081,0.0,0.0,0.0,0.0,0.0,0.0,0.0
2787,scenario_1,47.372,0.0,0.0,0.0,47.372,910.7747686437081,0.0,0.0,0.0,0.0,0.0,0.0,0.0
2788,scenario_1,58.918,0.0,0.0,0.0,58.918,861.4289353103748,0.0,0.0,0.0,0.0,0.0,0.0,0.0
2789,scenario_1,79.587,0.0,0.0,0.0,79.587,800.0560186437081,0.0,0.0,0.0,0.0,0.0,0.0,0.0
2790,scenario_1,143.641,35.779041038715334,0.0,0.0,107.86195896128466,717.152893643708,0.0,0.0,0.0,0.0,0.0,0.0,35.779041038715334
2791,scenario_1,230.251,174.17164105936263,0.0,0.0,56.07935894063738,604.7966863923698,0.0,0.0,0.0,0.0,0.0,0.0,174.17164105936263
2792,scenario_1,263.362,345.49870482243057,0.0,82.13670482243054,0.0,546.3806874958725,0.0,0.0,0.0,0.0,0.0,0.0,345.49870482243057
2793,scenario_1,228.472,228.472,0.0,0.0,0.0,624.4105570771815,0.0,0.0,0.0,0.0,0.0,0.0,228.472
2794,scenario_1,140.028,0.0,0.0,0.0,140.028,624.4105570771815,0.0,0.0,0.0,0.0,0.0,0.0,0.0
2795,scenario_1,114.759,508.8419569565966,0.0,394.0829569565966,0.0,478.5480570771815,0.0,0.0,0.0,0.0,0.0,0.0,508.8419569565966
2796,scenario_1,10.01,404.0929569565966,0.0,394.0829569565966,0.0,852.9268661859483,0.0,0.0,0.0,0.0,0.0,0.0,404.0929569565966
2797,scenario_1,11.643,405.72595695659663,0.0,394.0829569565966,0.0,1227.305675294715,0.0,0.0,0.0,0.0,0.0,0.0,405.72595695659663
2798,scenario_1,119.459,119.459,0.0,0.0,0.0,1601.6844844034817,0.0,0.0,0.0,0.0,0.0,0.0,119.459
2799,scenario_1,120.774,319.08850093389674,0.0,198.31450093389674,0.0,1601.6844844034817,0.0,0.0,0.0,0.0,0.0,0.0,319.08850093389674
2800,scenario_1,140.565,140.565,0.0,0.0,0.0,1790.0832602906837,0.0,0.0,0.0,0.0,0.0,0.0,140.565
2801,scenario_1,19.985,19.985,0.0,0.0,0.0,1790.0832602906837,0.0,0.0,0.0,0.0,0.0,0.0,19.985
2802,scenario_1,243.257,0.0,0.0,0.0,243.257,1790.0832602906837,0.0,0.0,0.0,0.0,0.0,0.0,0.0
2803,scenario_1,284.844,0.0,0.0,0.0,284.844,1536.6905519573504,0.0,0.0,0.0,0.0,0.0,0.0,0.0
2804,scenario_1,241.008,0.0,0.0,0.0,241.008,1239.9780519573503,0.0,0.0,0.0,0.0,0.0,0.0,0.0
2805,scenario_1,171.674,0.0,0.0,0.0,171.674,988.9280519573504,0.0,0.0,0.0,0.0,0.0,0.0,0.0
2806,scenario_1,68.835,0.0,0.0,0.0,68.835,810.100968624017,0.0,0.0,0.0,0.0,0.0,0.0,0.0
2807,scenario_1,24.949,0.0,0.0,0.0,24.949,738.397843624017,0.0,0.0,0.0,0.0,0.0,0.0,0.0
2808,scenario_1,16.322,0.0,0.0,0.0,16.322,712.4093019573503,0.0,0.0,0.0,0.0,0.0,0.0,0.0
2809,scenario_1,23.689,0.0,0.0,0.0,23.689,695.407218624017,0.0,0.0,0.0,0.0,0.0,0.0,0.0
2810,scenario_1,4.029,0.0,0.0,0.0,4.029,670.7311769573503,0.0,0.0,0.0,0.0,0.0,0.0,0.0
2811,scenario_1,40.797,0.0,0.0,0.0,40.797,666.5343019573503,0.0,0.0,0.0,0.0,0.0,0.0,0.0
2812,scenario_1,54.298,0.0,0.0,0.0,54.298,624.0374269573502,0.0,0.0,0.0,0.0,0.0,0.0,0.0
2813,scenario_1,85.087,0.0,0.0,0.0,85.087,567.4770102906836,0.0,0.0,0.0,0.0,0.0,0.0,0.0
2814,scenario_1,118.316,36.94470879927645,0.0,0.0,81.37129120072356,478.8447186240169,0.0,0.0,0.0,0.0,0.0,0.0,36.94470879927645
2815,scenario_1,15.514,159.71388122314943,0.0,144.19988122314942,0.0,394.0829569565965,0.0,0.0,0.0,0.0,0.0,0.0,159.71388122314943
2816,scenario_1,171.732,171.732,0.0,0.0,0.0,531.0728441185884,0.0,0.0,0.0,0.0,0.0,0.0,171.732
2817,scenario_1,15.212,409.2949569565966,0.0,394.0829569565966,0.0,531.0728441185884,0.0,0.0,0.0,0.0,0.0,0.0,409.2949569565966
2818,scenario_1,155.008,549.0909569565966,0.0,394.0829569565966,0.0,905.4516532273551,0.0,0.0,0.0,0.0,0.0,0.0,549.0909569565966
2819,scenario_1,145.917,145.917,0.0,0.0,0.0,1279.8304623361219,0.0,0.0,0.0,0.0,0.0,0.0,145.917
2820,scenario_1,183.602,577.6849569565966,0.0,394.0829569565966,0.0,1279.8304623361219,0.0,0.0,0.0,0.0,0.0,0.0,577.6849569565966
2821,scenario_1,176.455,176.455,0.0,0.0,0.0,1654.2092714448886,0.0,0.0,0.0,0.0,0.0,0.0,176.455
2822,scenario_1,152.726,408.0707063277745,0.0,255.34470632777447,0.0,1654.2092714448886,0.0,0.0,0.0,0.0,0.0,0.0,408.0707063277745
2823,scenario_1,145.648,145.648,0.0,0.0,0.0,1896.7867424562744,0.0,0.0,0.0,0.0,0.0,0.0,145.648
2824,scenario_1,179.073,162.49756542747446,0.0,0.0,16.575434572525552,1896.7867424562744,0.0,0.0,0.0,0.0,0.0,0.0,162.49756542747446
2825,scenario_1,227.143,34.07403446356625,0.0,0.0,193.06896553643375,1879.5206647765604,0.0,0.0,0.0,0.0,0.0,0.0,34.07403446356625
2826,scenario_1,233.423,0.0,0.0,0.0,233.423,1678.4071590094418,0.0,0.0,0.0,0.0,0.0,0.0,0.0
2827,scenario_1,223.183,0.0,0.0,0.0,223.183,1435.2582006761083,0.0,0.0,0.0,0.0,0.0,0.0,0.0
2828,scenario_1,18.164,0.0,0.0,0.0,18.164,1202.7759090094416,0.0,0.0,0.0,0.0,0.0,0.0,0.0
2829,scenario_1,127.046,0.0,0.0,0.0,127.046,1183.8550756761083,0.0,0.0,0.0,0.0,0.0,0.0,0.0
2830,scenario_1,78.762,0.0,0.0,0.0,78.762,1051.515492342775,0.0,0.0,0.0,0.0,0.0,0.0,0.0
2831,scenario_1,28.691,0.0,0.0,0.0,28.691,969.4717423427749,0.0,0.0,0.0,0.0,0.0,0.0,0.0
2832,scenario_1,21.042,0.0,0.0,0.0,21.042,939.5852840094416,0.0,0.0,0.0,0.0,0.0,0.0,0.0
2833,scenario_1,20.605,0.0,0.0,0.0,20.605,917.6665340094415,0.0,0.0,0.0,0.0,0.0,0.0,0.0
2834,scenario_1,2.416,0.0,0.0,0.0,2.416,896.2029923427749,0.0,0.0,0.0,0.0,0.0,0.0,0.0
2835,scenario_1,29.062,0.0,0.0,0.0,29.062,893.6863256761083,0.0,0.0,0.0,0.0,0.0,0.0,0.0
2836,scenario_1,50.852,0.0,0.0,0.0,50.852,863.4134090094416,0.0,0.0,0.0,0.0,0.0,0.0,0.0
2837,scenario_1,69.184,0.0,0.0,0.0,69.184,810.4425756761083,0.0,0.0,0.0,0.0,0.0,0.0,0.0
2838,scenario_1,12.005,12.005,0.0,0.0,0.0,738.3759090094416,0.0,0.0,0.0,0.0,0.0,0.0,12.005
2839,scenario_1,157.736,114.33112967951267,0.0,0.0,43.40487032048732,738.3759090094416,0.0,0.0,0.0,0.0,0.0,0.0,114.33112967951267
2840,scenario_1,214.502,68.06977780888585,0.0,0.0,146.43222219111416,693.1625024256006,0.0,0.0,0.0,0.0,0.0,0.0,68.06977780888585
2841,scenario_1,18.673,396.64890207690325,0.0,377.97590207690325,0.0,540.6289376431899,0.0,0.0,0.0,0.0,0.0,0.0,396.64890207690325
2842,scenario_1,157.555,496.45091784126475,0.0,338.89591784126475,0.0,899.7060446162479,0.0,0.0,0.0,0.0,0.0,0.0,496.45091784126475
2843,scenario_1,143.581,143.581,0.0,0.0,0.0,1221.6571665654494,0.0,0.0,0.0,0.0,0.0,0.0,143.581
2844,scenario_1,123.862,517.9449569565966,0.0,394.0829569565966,0.0,1221.6571665654494,0.0,0.0,0.0,0.0,0.0,0.0,517.9449569565966
2845,scenario_1,115.029,509.1119569565966,0.0,394.0829569565966,0.0,1596.0359756742162,0.0,0.0,0.0,0.0,0.0,0.0,509.1119569565966
2846,scenario_1,146.007,146.007,0.0,0.0,0.0,1970.414784782983,0.0,0.0,0.0,0.0,0.0,0.0,146.007
2847,scenario_1,148.459,148.459,0.0,0.0,0.0,1970.414784782983,0.0,0.0,0.0,0.0,0.0,0.0,148.459
2848,scenario_1,163.027,163.027,0.0,0.0,0.0,1970.414784782983,0.0,0.0,0.0,0.0,0.0,0.0,163.027
2849,scenario_1,210.129,29.76802296000094,0.0,0.0,180.36097703999906,1970.414784782983,0.0,0.0,0.0,0.0,0.0,0.0,29.76802296000094
2850,scenario_1,227.346,0.0,0.0,0.0,227.346,1782.538767032984,0.0,0.0,0.0,0.0,0.0,0.0,0.0
2851,scenario_1,236.366,0.0,0.0,0.0,236.366,1545.7200170329838,0.0,0.0,0.0,0.0,0.0,0.0,0.0
2852,scenario_1,190.055,0.0,0.0,0.0,190.055,1299.5054336996504,0.0,0.0,0.0,0.0,0.0,0.0,0.0
2853,scenario_1,134.922,0.0,0.0,0.0,134.922,1101.5314753663172,0.0,0.0,0.0,0.0,0.0,0.0,0.0
2854,scenario_1,7.503,0.0,0.0,0.0,7.503,960.9877253663171,0.0,0.0,0.0,0.0,0.0,0.0,0.0
2855,scenario_1,49.659,0.0,0.0,0.0,49.659,953.1721003663172,0.0,0.0,0.0,0.0,0.0,0.0,0.0
2856,scenario_1,38.303,0.0,0.0,0.0,38.303,901.4439753663172,0.0,0.0,0.0,0.0,0.0,0.0,0.0
2857,scenario_1,42.069,0.0,0.0,0.0,42.069,861.5450170329839,0.0,0.0,0.0,0.0,0.0,0.0,0.0
2858,scenario_1,49.311,0.0,0.0,0.0,49.311,817.7231420329839,0.0,0.0,0.0,0.0,0.0,0.0,0.0
2859,scenario_1,44.599,0.0,0.0,0.0,44.599,766.3575170329839,0.0,0.0,0.0,0.0,0.0,0.0,0.0
2860,scenario_1,51.334,0.0,0.0,0.0,51.334,719.9002253663172,0.0,0.0,0.0,0.0,0.0,0.0,0.0
2861,scenario_1,72.753,0.0,0.0,0.0,72.753,666.4273086996504,0.0,0.0,0.0,0.0,0.0,0.0,0.0
2862,scenario_1,114.836,36.84901965475277,0.0,0.0,77.98698034524722,590.6429336996505,0.0,0.0,0.0,0.0,0.0,0.0,36.84901965475277
2863,scenario_1,23.446,23.446,0.0,0.0,0.0,509.40649584001795,0.0,0.0,0.0,0.0,0.0,0.0,23.446
2864,scenario_1,28.957,345.58569495381573,0.0,316.62869495381574,0.0,509.40649584001795,0.0,0.0,0.0,0.0,0.0,0.0,345.58569495381573
2865,scenario_1,225.787,225.787,0.0,0.0,0.0,810.2037560461429,0.0,0.0,0.0,0.0,0.0,0.0,225.787
2866,scenario_1,148.951,543.0339569565966,0.0,394.0829569565966,0.0,810.2037560461429,0.0,0.0,0.0,0.0,0.0,0.0,543.0339569565966
2867,scenario_1,108.281,502.3639569565966,0.0,394.0829569565966,0.0,1184.5825651549096,0.0,0.0,0.0,0.0,0.0,0.0,502.3639569565966
2868,scenario_1,94.641,94.641,0.0,0.0,0.0,1558.9613742636764,0.0,0.0,0.0,0.0,0.0,0.0,94.641
2869,scenario_1,117.899,511.9819569565966,0.0,394.0829569565966,0.0,1558.9613742636764,0.0,0.0,0.0,0.0,0.0,0.0,511.9819569565966
2870,scenario_1,113.544,113.544,0.0,0.0,0.0,1933.340183372443,0.0,0.0,0.0,0.0,0.0,0.0,113.544
2871,scenario_1,122.064,161.08989622162085,0.0,39.02589622162084,0.0,1933.340183372443,0.0,0.0,0.0,0.0,0.0,0.0,161.08989622162085
2872,scenario_1,154.761,154.761,0.0,0.0,0.0,1970.414784782983,0.0,0.0,0.0,0.0,0.0,0.0,154.761
2873,scenario_1,193.734,36.11830255111745,0.0,0.0,157.61569744888254,1970.414784782983,0.0,0.0,0.0,0.0,0.0,0.0,36.11830255111745
2874,scenario_1,258.661,0.0,61.3917014289115,0.0,197.26929857108848,1806.2317666070635,0.0,20.463900476303834,0.0,0.0,0.0,0.0,0.0
2875,scenario_1,285.195,0.0,0.0,0.0,285.195,1600.7429139288463,0.0,0.0,0.0,0.0,0.0,0.0,0.0
2876,scenario_1,238.287,0.0,0.0,0.0,238.287,1303.6647889288463,0.0,0.0,0.0,0.0,0.0,0.0,0.0
2877,scenario_1,162.872,0.0,0.0,0.0,162.872,1055.4491639288462,0.0,0.0,0.0,0.0,0.0,0.0,0.0
2878,scenario_1,73.581,0.0,0.0,0.0,73.581,885.790830595513,0.0,0.0,0.0,0.0,0.0,0.0,0.0
2879,scenario_1,42.916,0.0,0.0,0.0,42.916,809.1439555955129,0.0,0.0,0.0,0.0,0.0,0.0,0.0
2880,scenario_1,17.845,0.0,0.0,0.0,17.845,764.4397889288463,0.0,0.0,0.0,0.0,0.0,0.0,0.0
2881,scenario_1,38.409,0.0,0.0,0.0,38.409,745.8512472621796,0.0,0.0,0.0,0.0,0.0,0.0,0.0
2882,scenario_1,51.944,0.0,0.0,0.0,51.944,705.8418722621797,0.0,0.0,0.0,0.0,0.0,0.0,0.0
2883,scenario_1,43.549,0.0,0.0,0.0,43.549,651.7335389288463,0.0,0.0,0.0,0.0,0.0,0.0,0.0
2884,scenario_1,46.558,0.0,0.0,0.0,46.558,606.3699972621796,0.0,0.0,0.0,0.0,0.0,0.0,0.0
2885,scenario_1,65.005,0.0,33.68937106268247,0.0,31.315628937317523,557.8720805955129,0.0,11.22979035422749,0.0,0.0,0.0,0.0,0.0
2886,scenario_1,129.408,36.86641768102981,0.0,0.0,92.54158231897017,525.2516337858071,0.0,0.0,0.0,0.0,0.0,0.0,36.86641768102981
2887,scenario_1,211.858,178.47765256292791,0.0,0.0,33.38034743707209,428.85415220354656,0.0,0.0,0.0,0.0,0.0,0.0,178.47765256292791
2888,scenario_1,25.537,346.4816933070828,0.0,320.94469330708284,0.0,394.0829569565965,0.0,0.0,0.0,0.0,0.0,0.0,346.4816933070828
2889,scenario_1,20.817,414.8999569565966,0.0,394.0829569565966,0.0,698.9804155983252,0.0,0.0,0.0,0.0,0.0,0.0,414.8999569565966
2890,scenario_1,132.922,132.922,0.0,0.0,0.0,1073.359224707092,0.0,0.0,0.0,0.0,0.0,0.0,132.922
2891,scenario_1,111.349,505.4319569565966,0.0,394.0829569565966,0.0,1073.359224707092,0.0,0.0,0.0,0.0,0.0,0.0,505.4319569565966
2892,scenario_1,9.915,403.9979569565966,0.0,394.0829569565966,0.0,1447.7380338158587,0.0,0.0,0.0,0.0,0.0,0.0,403.9979569565966
2893,scenario_1,100.155,100.155,0.0,0.0,0.0,1822.1168429246254,0.0,0.0,0.0,0.0,0.0,0.0,100.155
2894,scenario_1,107.473,107.473,0.0,0.0,0.0,1822.1168429246254,0.0,0.0,0.0,0.0,0.0,0.0,107.473
2895,scenario_1,138.865,294.9680966930079,0.0,156.1030966930079,0.0,1822.1168429246254,0.0,0.0,0.0,0.0,0.0,0.0,294.9680966930079
2896,scenario_1,144.926,144.926,0.0,0.0,0.0,1970.414784782983,0.0,0.0,0.0,0.0,0.0,0.0,144.926
2897,scenario_1,179.473,36.8055245890602,0.0,0.0,142.6674754109398,1970.414784782983,0.0,0.0,0.0,0.0,0.0,0.0,36.8055245890602
2898,scenario_1,254.904,0.0,61.3917014289115,0.0,193.51229857108848,1821.8028312299207,0.0,20.463900476303834,0.0,0.0,0.0,0.0,0.0
2899,scenario_1,282.186,0.0,0.0,0.0,282.186,1620.22752021837,0.0,0.0,0.0,0.0,0.0,0.0,0.0
2900,scenario_1,242.214,0.0,0.0,0.0,242.214,1326.2837702183701,0.0,0.0,0.0,0.0,0.0,0.0,0.0
2901,scenario_1,168.425,0.0,0.0,0.0,168.425,1073.97752021837,0.0,0.0,0.0,0.0,0.0,0.0,0.0
2902,scenario_1,81.718,0.0,0.0,0.0,81.718,898.5348118850367,0.0,0.0,0.0,0.0,0.0,0.0,0.0
2903,scenario_1,45.199,0.0,0.0,0.0,45.199,813.41189521837,0.0,0.0,0.0,0.0,0.0,0.0,0.0
2904,scenario_1,3.548,0.0,0.0,0.0,3.548,766.3296035517033,0.0,0.0,0.0,0.0,0.0,0.0,0.0
2905,scenario_1,47.165,0.0,0.0,0.0,47.165,762.6337702183699,0.0,0.0,0.0,0.0,0.0,0.0,0.0
2906,scenario_1,42.647,0.0,0.0,0.0,42.647,713.5035618850366,0.0,0.0,0.0,0.0,0.0,0.0,0.0
2907,scenario_1,49.084,0.0,0.0,0.0,49.084,669.0796035517033,0.0,0.0,0.0,0.0,0.0,0.0,0.0
2908,scenario_1,54.467,0.0,0.0,0.0,54.467,617.9504368850365,0.0,0.0,0.0,0.0,0.0,0.0,0.0
2909,scenario_1,71.083,0.0,55.978497707942594,0.0,15.104502292057404,561.2139785517032,0.0,18.659499235980864,0.0,0.0,0.0,0.0,0.0
2910,scenario_1,134.342,36.52715616862769,0.0,0.0,97.81484383137231,545.4801219974768,0.0,0.0,0.0,0.0,0.0,0.0,36.52715616862769
2911,scenario_1,225.891,178.36456539212722,0.0,0.0,47.52643460787277,443.58965967313065,0.0,0.0,0.0,0.0,0.0,0.0,178.36456539212722
2912,scenario_1,274.684,346.6991686355458,0.0,72.01516863554576,0.0,394.0829569565965,0.0,0.0,0.0,0.0,0.0,0.0,346.6991686355458
2913,scenario_1,238.435,467.6763443528845,0.0,229.24134435288448,0.0,462.49736716036494,0.0,0.0,0.0,0.0,0.0,0.0,467.6763443528845
2914,scenario_1,135.076,487.19692983571383,0.0,352.1209298357138,0.0,680.2766442956051,0.0,0.0,0.0,0.0,0.0,0.0,487.19692983571383
2915,scenario_1,106.664,455.271551617361,0.0,348.607551617361,0.0,1014.7915276395332,0.0,0.0,0.0,0.0,0.0,0.0,455.271551617361
2916,scenario_1,9.039,9.039,0.0,0.0,0.0,1345.9687016760263,0.0,0.0,0.0,0.0,0.0,0.0,9.039
2917,scenario_1,101.901,495.9839569565966,0.0,394.0829569565966,0.0,1345.9687016760263,0.0,0.0,0.0,0.0,0.0,0.0,495.9839569565966
2918,scenario_1,112.036,375.2647094717788,0.0,263.2287094717788,0.0,1720.347510784793,0.0,0.0,0.0,0.0,0.0,0.0,375.2647094717788
2919,scenario_1,126.266,126.266,0.0,0.0,0.0,1970.414784782983,0.0,0.0,0.0,0.0,0.0,0.0,126.266
2920,scenario_1,148.531,148.531,0.0,0.0,0.0,1970.414784782983,0.0,0.0,0.0,0.0,0.0,0.0,148.531
2921,scenario_1,189.087,39.18035517587499,0.0,0.0,149.906644824125,1970.414784782983,0.0,0.0,0.0,0.0,0.0,0.0,39.18035517587499
2922,scenario_1,28.991,0.0,0.0,0.0,28.991,1814.2620297578526,0.0,0.0,0.0,0.0,0.0,0.0,0.0
2923,scenario_1,313.412,0.0,0.0,0.0,313.412,1784.0630714245192,0.0,0.0,0.0,0.0,0.0,0.0,0.0
2924,scenario_1,267.674,0.0,0.0,0.0,267.674,1457.592238091186,0.0,0.0,0.0,0.0,0.0,0.0,0.0
2925,scenario_1,163.015,0.0,0.0,0.0,163.015,1178.7651547578525,0.0,0.0,0.0,0.0,0.0,0.0,0.0
2926,scenario_1,79.057,0.0,0.0,0.0,79.057,1008.9578630911859,0.0,0.0,0.0,0.0,0.0,0.0,0.0
2927,scenario_1,26.056,0.0,0.0,0.0,26.056,926.6068214245192,0.0,0.0,0.0,0.0,0.0,0.0,0.0
2928,scenario_1,35.729,0.0,0.0,0.0,35.729,899.4651547578526,0.0,0.0,0.0,0.0,0.0,0.0,0.0
2929,scenario_1,46.093,0.0,0.0,0.0,46.093,862.2474464245192,0.0,0.0,0.0,0.0,0.0,0.0,0.0
2930,scenario_1,47.911,0.0,0.0,0.0,47.911,814.2339047578525,0.0,0.0,0.0,0.0,0.0,0.0,0.0
2931,scenario_1,48.021,0.0,0.0,0.0,48.021,764.3266130911859,0.0,0.0,0.0,0.0,0.0,0.0,0.0
2932,scenario_1,54.074,0.0,0.0,0.0,54.074,714.3047380911859,0.0,0.0,0.0,0.0,0.0,0.0,0.0
2933,scenario_1,74.597,0.0,0.0,0.0,74.597,657.9776547578525,0.0,0.0,0.0,0.0,0.0,0.0,0.0
2934,scenario_1,120.599,38.66711340070257,0.0,0.0,81.93188659929743,580.2724464245192,0.0,0.0,0.0,0.0,0.0,0.0,38.66711340070257
2935,scenario_1,25.104,144.65588948037862,0.0,119.55188948037862,0.0,494.9267312169177,0.0,0.0,0.0,0.0,0.0,0.0,144.65588948037862
2936,scenario_1,246.819,246.819,0.0,0.0,0.0,608.5010262232773,0.0,0.0,0.0,0.0,0.0,0.0,246.819
2937,scenario_1,184.747,184.747,0.0,0.0,0.0,608.5010262232773,0.0,0.0,0.0,0.0,0.0,0.0,184.747
2938,scenario_1,120.679,514.7619569565966,0.0,394.0829569565966,0.0,608.5010262232773,0.0,0.0,0.0,0.0,0.0,0.0,514.7619569565966
2939,scenario_1,11.213,405.2959569565966,0.0,394.0829569565966,0.0,982.8798353320441,0.0,0.0,0.0,0.0,0.0,0.0,405.2959569565966
2940,scenario_1,126.362,424.40836094718554,0.0,298.0463609471855,0.0,1357.2586444408107,0.0,0.0,0.0,0.0,0.0,0.0,424.40836094718554
2941,scenario_1,110.282,110.282,0.0,0.0,0.0,1640.402687340637,0.0,0.0,0.0,0.0,0.0,0.0,110.282
2942,scenario_1,122.844,470.2251552024696,0.0,347.3811552024696,0.0,1640.402687340637,0.0,0.0,0.0,0.0,0.0,0.0,470.2251552024696
2943,scenario_1,12.65,12.65,0.0,0.0,0.0,1970.414784782983,0.0,0.0,0.0,0.0,0.0,0.0,12.65
2944,scenario_1,127.037,127.037,0.0,0.0,0.0,1970.414784782983,0.0,0.0,0.0,0.0,0.0,0.0,127.037
2945,scenario_1,181.083,37.344863403648176,0.0,0.0,143.7381365963518,1970.414784782983,0.0,0.0,0.0,0.0,0.0,0.0,37.344863403648176
2946,scenario_1,247.964,0.0,61.3917014289115,0.0,186.57229857108848,1820.6875591617832,0.0,20.463900476303834,0.0,0.0,0.0,0.0,0.0
2947,scenario_1,279.237,0.0,61.3917014289115,0.0,217.8452985710885,1626.3414148168993,0.0,20.463900476303834,0.0,0.0,0.0,0.0,0.0
2948,scenario_1,225.654,0.0,0.0,0.0,225.654,1399.4192288053487,0.0,0.0,0.0,0.0,0.0,0.0,0.0
2949,scenario_1,15.501,0.0,0.0,0.0,15.501,1164.3629788053486,0.0,0.0,0.0,0.0,0.0,0.0,0.0
2950,scenario_1,68.617,0.0,0.0,0.0,68.617,1148.2161038053487,0.0,0.0,0.0,0.0,0.0,0.0,0.0
2951,scenario_1,23.139,0.0,0.0,0.0,23.139,1076.7400621386819,0.0,0.0,0.0,0.0,0.0,0.0,0.0
2952,scenario_1,17.948,0.0,0.0,0.0,17.948,1052.6369371386818,0.0,0.0,0.0,0.0,0.0,0.0,0.0
2953,scenario_1,24.015,0.0,24.015,0.0,0.0,1033.9411038053483,0.0,8.005,0.0,0.0,0.0,0.0,0.0
2954,scenario_1,30.345,0.0,0.0,0.0,30.345,1033.9411038053483,0.0,0.0,0.0,0.0,0.0,0.0,0.0
2955,scenario_1,49.205,0.0,0.0,0.0,49.205,1002.3317288053483,0.0,0.0,0.0,0.0,0.0,0.0,0.0
2956,scenario_1,64.797,0.0,61.3917014289115,0.0,3.405298571088494,951.076520472015,0.0,20.463900476303834,0.0,0.0,0.0,0.0,0.0
2957,scenario_1,88.266,0.0,22.745820989984807,0.0,65.5201790100152,947.5293344604645,0.0,7.581940329994936,0.0,0.0,0.0,0.0,0.0
2958,scenario_1,127.175,34.761256501508996,0.0,0.0,92.413743498491,879.2791479916987,0.0,0.0,0.0,0.0,0.0,0.0,34.761256501508996
2959,scenario_1,218.374,136.55710824842046,0.0,0.0,81.81689175157953,783.0148318474372,0.0,0.0,0.0,0.0,0.0,0.0,136.55710824842046
2960,scenario_1,265.785,216.2835636629174,0.0,0.0,49.50143633708262,697.7889029395419,0.0,0.0,0.0,0.0,0.0,0.0,216.2835636629174
2961,scenario_1,209.206,222.19889259710814,0.0,12.992892597108153,0.0,646.2249067550808,0.0,0.0,0.0,0.0,0.0,0.0,222.19889259710814
2962,scenario_1,126.958,122.81266748956554,0.0,0.0,4.145332510434457,658.5681547223336,0.0,0.0,0.0,0.0,0.0,0.0,122.81266748956554
2963,scenario_1,115.916,228.48827909625504,0.0,112.57227909625504,0.0,654.2501000239644,0.0,0.0,0.0,0.0,0.0,0.0,228.48827909625504
2964,scenario_1,111.229,446.8770039386933,0.0,335.6480039386933,0.0,761.1937651654066,0.0,0.0,0.0,0.0,0.0,0.0,446.8770039386933
2965,scenario_1,105.076,499.1589569565966,0.0,394.0829569565966,0.0,1080.0593689071652,0.0,0.0,0.0,0.0,0.0,0.0,499.1589569565966
2966,scenario_1,91.861,313.11227890773637,0.0,221.25127890773638,0.0,1454.438178015932,0.0,0.0,0.0,0.0,0.0,0.0,313.11227890773637
2967,scenario_1,118.454,169.56116409594927,0.0,51.10716409594927,0.0,1664.6268929782816,0.0,0.0,0.0,0.0,0.0,0.0,169.56116409594927
2968,scenario_1,170.658,129.34562635659088,0.0,0.0,41.3123736434091,1713.1786988694334,0.0,0.0,0.0,0.0,0.0,0.0,129.34562635659088
2969,scenario_1,162.345,37.32746537737114,0.0,0.0,125.01753462262886,1670.1449763242156,0.0,0.0,0.0,0.0,0.0,0.0,37.32746537737114
2970,scenario_1,239.336,0.0,61.3917014289115,0.0,177.9442985710885,1539.9183777589772,0.0,20.463900476303834,0.0,0.0,0.0,0.0,0.0
2971,scenario_1,265.827,0.0,61.3917014289115,0.0,204.43529857108848,1354.5597334140932,0.0,20.463900476303834,0.0,0.0,0.0,0.0,0.0
2972,scenario_1,227.118,0.0,61.3917014289115,0.0,165.72629857108848,1141.6062974025426,0.0,20.463900476303834,0.0,0.0,0.0,0.0,0.0
2973,scenario_1,156.983,0.0,0.0,0.0,156.983,968.9747363909921,0.0,0.0,0.0,0.0,0.0,0.0,0.0
2974,scenario_1,73.236,0.0,0.0,0.0,73.236,805.4507780576588,0.0,0.0,0.0,0.0,0.0,0.0,0.0
2975,scenario_1,44.964,0.0,0.0,0.0,44.964,729.1632780576588,0.0,0.0,0.0,0.0,0.0,0.0,0.0
2976,scenario_1,35.563,0.0,35.563,0.0,0.0,682.3257780576588,0.0,11.854333333333335,0.0,0.0,0.0,0.0,0.0
2977,scenario_1,43.686,0.0,0.0,0.0,43.686,682.3257780576588,0.0,0.0,0.0,0.0,0.0,0.0,0.0
2978,scenario_1,43.346,0.0,0.0,0.0,43.346,636.8195280576588,0.0,0.0,0.0,0.0,0.0,0.0,0.0
2979,scenario_1,39.906,0.0,0.0,0.0,39.906,591.6674447243255,0.0,0.0,0.0,0.0,0.0,0.0,0.0
2980,scenario_1,45.901,0.0,0.0,0.0,45.901,550.0986947243255,0.0,0.0,0.0,0.0,0.0,0.0,0.0
2981,scenario_1,80.125,0.0,61.3917014289115,0.0,18.733298571088497,502.28515305765876,0.0,20.463900476303834,0.0,0.0,0.0,0.0,0.0
2982,scenario_1,122.724,38.66711340070257,0.0,0.0,84.05688659929743,482.7713003794416,0.0,0.0,0.0,0.0,0.0,0.0,38.66711340070257
2983,scenario_1,175.821,174.73707691336614,0.0,0.0,1.0839230866338596,395.2120435051734,0.0,0.0,0.0,0.0,0.0,0.0,174.73707691336614
2984,scenario_1,204.532,204.532,0.0,0.0,0.0,394.0829569565965,0.0,0.0,0.0,0.0,0.0,0.0,204.532
2985,scenario_1,19.292,413.37495695659663,0.0,394.0829569565966,0.0,394.0829569565965,0.0,0.0,0.0,0.0,0.0,0.0,413.37495695659663
2986,scenario_1,136.247,530.3299569565966,0.0,394.0829569565966,0.0,768.4617660653632,0.0,0.0,0.0,0.0,0.0,0.0,530.3299569565966
2987,scenario_1,135.249,529.3319569565966,0.0,394.0829569565966,0.0,1142.84057517413,0.0,0.0,0.0,0.0,0.0,0.0,529.3319569565966
2988,scenario_1,119.638,119.638,0.0,0.0,0.0,1517.2193842828967,0.0,0.0,0.0,0.0,0.0,0.0,119.638
2989,scenario_1,127.601,521.6839569565966,0.0,394.0829569565966,0.0,1517.2193842828967,0.0,0.0,0.0,0.0,0.0,0.0,521.6839569565966
2990,scenario_1,127.861,210.82583304349413,0.0,82.96483304349414,0.0,1891.5981933916635,0.0,0.0,0.0,0.0,0.0,0.0,210.82583304349413
2991,scenario_1,189.961,189.961,0.0,0.0,0.0,1970.414784782983,0.0,0.0,0.0,0.0,0.0,0.0,189.961
2992,scenario_1,201.463,187.1331706357511,0.0,0.0,14.329829364248894,1970.414784782983,0.0,0.0,0.0,0.0,0.0,0.0,187.1331706357511
2993,scenario_1,221.713,38.08427952042201,0.0,0.0,183.628720479578,1955.4878791952237,0.0,0.0,0.0,0.0,0.0,0.0,38.08427952042201
2994,scenario_1,254.252,0.0,50.768689898322464,0.0,203.48331010167755,1764.2079620289967,0.0,16.922896632774155,0.0,0.0,0.0,0.0,0.0
2995,scenario_1,229.851,0.0,61.3917014289115,0.0,168.45929857108848,1552.2461806730826,0.0,20.463900476303834,0.0,0.0,0.0,0.0,0.0
2996,scenario_1,184.674,0.0,61.3917014289115,0.0,123.2822985710885,1376.767744661532,0.0,20.463900476303834,0.0,0.0,0.0,0.0,0.0
2997,scenario_1,132.515,0.0,0.0,0.0,132.515,1248.3486836499817,0.0,0.0,0.0,0.0,0.0,0.0,0.0
2998,scenario_1,7.24,0.0,0.0,0.0,7.24,1110.3122253166484,0.0,0.0,0.0,0.0,0.0,0.0,0.0
2999,scenario_1,36.783,0.0,36.783,0.0,0.0,1102.7705586499817,0.0,12.261000000000001,0.0,0.0,0.0,0.0,0.0
3000,scenario_1,19.067,0.0,0.0,0.0,19.067,1102.7705586499817,0.0,0.0,0.0,0.0,0.0,0.0,0.0
3001,scenario_1,29.041,0.0,29.041,0.0,0.0,1082.9091003166484,0.0,9.680333333333333,0.0,0.0,0.0,0.0,0.0
3002,scenario_1,44.793,0.0,0.0,0.0,44.793,1082.9091003166484,0.0,0.0,0.0,0.0,0.0,0.0,0.0
3003,scenario_1,45.458,0.0,0.0,0.0,45.458,1036.2497253166484,0.0,0.0,0.0,0.0,0.0,0.0,0.0
3004,scenario_1,6.678,0.0,0.0,0.0,6.678,988.8976419833151,0.0,0.0,0.0,0.0,0.0,0.0,0.0
3005,scenario_1,74.184,0.0,61.3917014289115,0.0,12.792298571088494,981.9413919833152,0.0,20.463900476303834,0.0,0.0,0.0,0.0,0.0
3006,scenario_1,152.752,10.256136490310086,61.3917014289115,0.0,81.10416208077841,968.6160809717646,0.0,20.463900476303834,0.0,0.0,0.0,0.0,10.256136490310086
3007,scenario_1,165.685,39.754490043017036,0.0,0.0,125.93050995698297,884.1325788042872,0.0,0.0,0.0,0.0,0.0,0.0,39.754490043017036
3008,scenario_1,195.252,101.53488135275599,0.0,0.0,93.71711864724402,752.9549642657632,0.0,0.0,0.0,0.0,0.0,0.0,101.53488135275599
3009,scenario_1,163.437,263.7279813203824,0.0,100.2909813203824,0.0,655.332965674884,0.0,0.0,0.0,0.0,0.0,0.0,263.7279813203824
3010,scenario_1,149.002,281.4217740441235,0.0,132.41977404412347,0.0,750.6093979292473,0.0,0.0,0.0,0.0,0.0,0.0,281.4217740441235
3011,scenario_1,132.128,227.21822317803174,0.0,95.09022317803175,0.0,876.4081832711646,0.0,0.0,0.0,0.0,0.0,0.0,227.21822317803174
3012,scenario_1,140.371,246.02548958350283,0.0,105.65448958350282,0.0,966.7438952902947,0.0,0.0,0.0,0.0,0.0,0.0,246.02548958350283
3013,scenario_1,120.386,174.47610651921067,0.0,54.09010651921068,0.0,1067.1156603946224,0.0,0.0,0.0,0.0,0.0,0.0,174.47610651921067
3014,scenario_1,129.319,212.20372650095354,0.0,82.88472650095355,0.0,1118.5012615878725,0.0,0.0,0.0,0.0,0.0,0.0,212.20372650095354
3015,scenario_1,17.068,201.4082511960555,0.0,184.34025119605548,0.0,1197.2417517637784,0.0,0.0,0.0,0.0,0.0,0.0,201.4082511960555
3016,scenario_1,172.651,129.87626615804032,0.0,0.0,42.77473384195969,1372.364990400031,0.0,0.0,0.0,0.0,0.0,0.0,129.87626615804032
3017,scenario_1,21.373,27.28880421552395,0.0,5.9158042155239485,0.0,1327.8079759813231,0.0,0.0,0.0,0.0,0.0,0.0,27.28880421552395
3018,scenario_1,230.977,0.0,61.3917014289115,0.0,169.58529857108852,1333.4279899860708,0.0,20.463900476303834,0.0,0.0,0.0,0.0,0.0
3019,scenario_1,233.377,0.0,61.3917014289115,0.0,171.9852985710885,1156.7766373078534,0.0,20.463900476303834,0.0,0.0,0.0,0.0,0.0
3020,scenario_1,167.657,0.0,61.3917014289115,0.0,106.26529857108851,977.6252846296363,0.0,20.463900476303834,0.0,0.0,0.0,0.0,0.0
3021,scenario_1,125.948,0.0,61.3917014289115,0.0,64.55629857108849,866.9322652847525,0.0,20.463900476303834,0.0,0.0,0.0,0.0,0.0
3022,scenario_1,80.442,0.0,0.0,0.0,80.442,799.6861209398686,0.0,0.0,0.0,0.0,0.0,0.0,0.0
3023,scenario_1,5.12,0.0,5.12,0.0,0.0,715.8923709398686,0.0,1.7066666666666668,0.0,0.0,0.0,0.0,0.0
3024,scenario_1,16.989,0.0,16.989,0.0,0.0,715.8923709398686,0.0,5.663,0.0,0.0,0.0,0.0,0.0
3025,scenario_1,21.192,0.0,0.0,0.0,21.192,715.8923709398686,0.0,0.0,0.0,0.0,0.0,0.0,0.0
3026,scenario_1,33.299,0.0,33.299,0.0,0.0,693.8173709398685,0.0,11.099666666666666,0.0,0.0,0.0,0.0,0.0
3027,scenario_1,55.216,0.0,0.0,0.0,55.216,693.8173709398685,0.0,0.0,0.0,0.0,0.0,0.0,0.0
3028,scenario_1,60.218,0.0,0.0,0.0,60.218,636.3007042732019,0.0,0.0,0.0,0.0,0.0,0.0,0.0
3029,scenario_1,85.678,0.0,61.3917014289115,0.0,24.286298571088494,573.5736209398685,0.0,20.463900476303834,0.0,0.0,0.0,0.0,0.0
3030,scenario_1,111.711,38.7367055058107,0.0,0.0,72.97429449418931,548.2753932616514,0.0,0.0,0.0,0.0,0.0,0.0,38.7367055058107
3031,scenario_1,200.612,125.56155564133653,0.0,0.0,75.05044435866347,472.2605031635376,0.0,0.0,0.0,0.0,0.0,0.0,125.56155564133653
3032,scenario_1,221.434,221.434,0.0,0.0,0.0,394.0829569565965,0.0,0.0,0.0,0.0,0.0,0.0,221.434
3033,scenario_1,208.645,208.645,0.0,0.0,0.0,394.0829569565965,0.0,0.0,0.0,0.0,0.0,0.0,208.645
3034,scenario_1,131.668,525.7509569565966,0.0,394.0829569565966,0.0,394.0829569565965,0.0,0.0,0.0,0.0,0.0,0.0,525.7509569565966
3035,scenario_1,108.498,502.5809569565966,0.0,394.0829569565966,0.0,768.4617660653632,0.0,0.0,0.0,0.0,0.0,0.0,502.5809569565966
3036,scenario_1,115.899,509.9819569565966,0.0,394.0829569565966,0.0,1142.84057517413,0.0,0.0,0.0,0.0,0.0,0.0,509.9819569565966
3037,scenario_1,106.738,106.738,0.0,0.0,0.0,1517.2193842828967,0.0,0.0,0.0,0.0,0.0,0.0,106.738
3038,scenario_1,105.916,468.0417029047021,0.0,362.1257029047021,0.0,1517.2193842828967,0.0,0.0,0.0,0.0,0.0,0.0,468.0417029047021
3039,scenario_1,112.513,227.4350870953887,0.0,114.92208709538869,0.0,1861.2388020423637,0.0,0.0,0.0,0.0,0.0,0.0,227.4350870953887
3040,scenario_1,141.899,141.899,0.0,0.0,0.0,1970.414784782983,0.0,0.0,0.0,0.0,0.0,0.0,141.899
3041,scenario_1,220.513,36.37927294527292,0.0,0.0,184.13372705472707,1970.414784782983,0.0,0.0,0.0,0.0,0.0,0.0,36.37927294527292
3042,scenario_1,264.674,0.0,61.3917014289115,0.0,203.28229857108846,1778.6088191009756,0.0,20.463900476303834,0.0,0.0,0.0,0.0,0.0
3043,scenario_1,289.257,0.0,0.0,0.0,289.257,1566.8564247560917,0.0,0.0,0.0,0.0,0.0,0.0,0.0
3044,scenario_1,225.675,0.0,0.0,0.0,225.675,1265.5470497560916,0.0,0.0,0.0,0.0,0.0,0.0,0.0
3045,scenario_1,158.132,0.0,0.0,0.0,158.132,1030.4689247560916,0.0,0.0,0.0,0.0,0.0,0.0,0.0
3046,scenario_1,5.069,0.0,0.0,0.0,5.069,865.7480914227583,0.0,0.0,0.0,0.0,0.0,0.0,0.0
3047,scenario_1,27.093,0.0,0.0,0.0,27.093,860.467883089425,0.0,0.0,0.0,0.0,0.0,0.0,0.0
3048,scenario_1,35.308,0.0,0.0,0.0,35.308,832.246008089425,0.0,0.0,0.0,0.0,0.0,0.0,0.0
3049,scenario_1,44.664,0.0,0.0,0.0,44.664,795.4668414227583,0.0,0.0,0.0,0.0,0.0,0.0,0.0
3050,scenario_1,4.653,0.0,0.0,0.0,4.653,748.9418414227583,0.0,0.0,0.0,0.0,0.0,0.0,0.0
3051,scenario_1,48.337,0.0,0.0,0.0,48.337,744.0949664227584,0.0,0.0,0.0,0.0,0.0,0.0,0.0
3052,scenario_1,65.868,0.0,0.0,0.0,65.868,693.7439247560917,0.0,0.0,0.0,0.0,0.0,0.0,0.0
3053,scenario_1,82.475,0.0,4.446667121127533,0.0,78.02833287887246,625.1314247560917,0.0,1.4822223737091775,0.0,0.0,0.0,0.0,0.0
3054,scenario_1,137.188,37.57103774524958,0.0,0.0,99.6169622547504,543.8519113405996,0.0,0.0,0.0,0.0,0.0,0.0,37.57103774524958
3055,scenario_1,224.283,180.12176604610738,0.0,0.0,44.161233953892605,440.08424232523464,0.0,0.0,0.0,0.0,0.0,0.0,180.12176604610738
3056,scenario_1,302.077,302.077,0.0,0.0,0.0,394.0829569565965,0.0,0.0,0.0,0.0,0.0,0.0,302.077
3057,scenario_1,232.228,232.228,0.0,0.0,0.0,394.0829569565965,0.0,0.0,0.0,0.0,0.0,0.0,232.228
3058,scenario_1,141.749,535.8319569565966,0.0,394.0829569565966,0.0,394.0829569565965,0.0,0.0,0.0,0.0,0.0,0.0,535.8319569565966
3059,scenario_1,103.479,497.5619569565966,0.0,394.0829569565966,0.0,768.4617660653632,0.0,0.0,0.0,0.0,0.0,0.0,497.5619569565966
3060,scenario_1,103.114,497.19695695659664,0.0,394.0829569565966,0.0,1142.84057517413,0.0,0.0,0.0,0.0,0.0,0.0,497.19695695659664
3061,scenario_1,107.826,107.826,0.0,0.0,0.0,1517.2193842828967,0.0,0.0,0.0,0.0,0.0,0.0,107.826
3062,scenario_1,107.379,468.2591782331651,0.0,360.88017823316505,0.0,1517.2193842828967,0.0,0.0,0.0,0.0,0.0,0.0,468.2591782331651
3063,scenario_1,107.235,223.4026117669257,0.0,116.16761176692572,0.0,1860.0555536044035,0.0,0.0,0.0,0.0,0.0,0.0,223.4026117669257
3064,scenario_1,173.785,173.785,0.0,0.0,0.0,1970.414784782983,0.0,0.0,0.0,0.0,0.0,0.0,173.785
3065,scenario_1,187.583,36.50975814235066,0.0,0.0,151.07324185764935,1970.414784782983,0.0,0.0,0.0,0.0,0.0,0.0,36.50975814235066
3066,scenario_1,242.136,0.0,61.3917014289115,0.0,180.7442985710885,1813.046824514598,0.0,20.463900476303834,0.0,0.0,0.0,0.0,0.0
3067,scenario_1,266.662,0.0,0.0,0.0,266.662,1624.7715135030476,0.0,0.0,0.0,0.0,0.0,0.0,0.0
3068,scenario_1,24.979,0.0,0.0,0.0,24.979,1346.9985968363808,0.0,0.0,0.0,0.0,0.0,0.0,0.0
3069,scenario_1,172.913,0.0,0.0,0.0,172.913,1320.9788051697142,0.0,0.0,0.0,0.0,0.0,0.0,0.0
3070,scenario_1,84.129,0.0,0.0,0.0,84.129,1140.8610968363807,0.0,0.0,0.0,0.0,0.0,0.0,0.0
3071,scenario_1,40.585,0.0,0.0,0.0,40.585,1053.2267218363806,0.0,0.0,0.0,0.0,0.0,0.0,0.0
3072,scenario_1,22.822,0.0,0.0,0.0,22.822,1010.950680169714,0.0,0.0,0.0,0.0,0.0,0.0,0.0
3073,scenario_1,41.208,0.0,0.0,0.0,41.208,987.1777635030473,0.0,0.0,0.0,0.0,0.0,0.0,0.0
3074,scenario_1,45.709,0.0,0.0,0.0,45.709,944.2527635030474,0.0,0.0,0.0,0.0,0.0,0.0,0.0
3075,scenario_1,50.291,0.0,0.0,0.0,50.291,896.6392218363807,0.0,0.0,0.0,0.0,0.0,0.0,0.0
3076,scenario_1,54.743,0.0,0.0,0.0,54.743,844.2527635030474,0.0,0.0,0.0,0.0,0.0,0.0,0.0
3077,scenario_1,70.637,0.0,0.0,0.0,70.637,787.2288051697141,0.0,0.0,0.0,0.0,0.0,0.0,0.0
3078,scenario_1,123.531,1.435337167855101,0.0,0.0,122.09566283214491,713.6485968363808,0.0,0.0,0.0,0.0,0.0,0.0,1.435337167855101
3079,scenario_1,197.734,30.10728447240306,0.0,0.0,167.62671552759696,586.4656147195632,0.0,0.0,0.0,0.0,0.0,0.0,30.10728447240306
3080,scenario_1,26.029,58.41387322513335,0.0,32.38487322513335,0.0,411.8544527116496,0.0,0.0,0.0,0.0,0.0,0.0,58.41387322513335
3081,scenario_1,234.512,132.79043555944313,55.125924134384235,0.0,46.59564030617264,442.62008227552633,0.0,18.375308044794746,0.0,0.0,0.0,0.0,132.79043555944313
3082,scenario_1,172.533,230.10629554001895,0.0,57.57329554001896,0.0,394.0829569565965,0.0,0.0,0.0,0.0,0.0,0.0,230.10629554001895
3083,scenario_1,114.621,370.27349424092347,0.0,255.6524942409235,0.0,448.77758771961453,0.0,0.0,0.0,0.0,0.0,0.0,370.27349424092347
3084,scenario_1,105.762,499.8449569565966,0.0,394.0829569565966,0.0,691.6474572484918,0.0,0.0,0.0,0.0,0.0,0.0,499.8449569565966
3085,scenario_1,101.576,495.6589569565966,0.0,394.0829569565966,0.0,1066.0262663572585,0.0,0.0,0.0,0.0,0.0,0.0,495.6589569565966
3086,scenario_1,98.913,467.415373958729,0.0,368.502373958729,0.0,1440.4050754660252,0.0,0.0,0.0,0.0,0.0,0.0,467.415373958729
3087,scenario_1,117.993,307.395583217016,0.0,189.40258321701597,0.0,1790.4823307268177,0.0,0.0,0.0,0.0,0.0,0.0,307.395583217016
3088,scenario_1,157.529,157.529,0.0,0.0,0.0,1970.414784782983,0.0,0.0,0.0,0.0,0.0,0.0,157.529
3089,scenario_1,200.932,34.726460448954924,0.0,0.0,166.20553955104506,1970.414784782983,0.0,0.0,0.0,0.0,0.0,0.0,34.726460448954924
3090,scenario_1,303.812,0.0,10.764005085225733,0.0,293.0479949147743,1797.284014417311,0.0,3.5880016950752442,0.0,0.0,0.0,0.0,0.0
3091,scenario_1,291.887,0.0,61.3917014289115,0.0,230.49529857108848,1492.0256863810878,0.0,20.463900476303834,0.0,0.0,0.0,0.0,0.0
3092,scenario_1,235.792,0.0,61.3917014289115,0.0,174.4002985710885,1251.926417036204,0.0,20.463900476303834,0.0,0.0,0.0,0.0,0.0
3093,scenario_1,148.584,0.0,0.0,0.0,148.584,1070.2594393579868,0.0,0.0,0.0,0.0,0.0,0.0,0.0
3094,scenario_1,76.667,0.0,0.0,0.0,76.667,915.4844393579868,0.0,0.0,0.0,0.0,0.0,0.0,0.0
3095,scenario_1,42.457,0.0,0.0,0.0,42.457,835.6229810246535,0.0,0.0,0.0,0.0,0.0,0.0,0.0
3096,scenario_1,36.378,0.0,36.378,0.0,0.0,791.3969393579869,0.0,12.126,0.0,0.0,0.0,0.0,0.0
3097,scenario_1,42.784,0.0,0.0,0.0,42.784,791.3969393579869,0.0,0.0,0.0,0.0,0.0,0.0,0.0
3098,scenario_1,56.663,0.0,0.0,0.0,56.663,746.8302726913201,0.0,0.0,0.0,0.0,0.0,0.0,0.0
3099,scenario_1,48.841,0.0,0.0,0.0,48.841,687.8063143579868,0.0,0.0,0.0,0.0,0.0,0.0,0.0
3100,scenario_1,52.692,0.0,0.0,0.0,52.692,636.9302726913202,0.0,0.0,0.0,0.0,0.0,0.0,0.0
3101,scenario_1,71.346,0.0,61.3917014289115,0.0,9.9542985710885,582.0427726913201,0.0,20.463900476303834,0.0,0.0,0.0,0.0,0.0
3102,scenario_1,11.875,36.46626307665808,0.0,24.59126307665808,0.0,571.6737116797696,0.0,0.0,0.0,0.0,0.0,0.0,36.46626307665808
3103,scenario_1,213.997,155.74713123198623,0.0,0.0,58.24986876801378,595.0354116025948,0.0,0.0,0.0,0.0,0.0,0.0,155.74713123198623
3104,scenario_1,301.759,169.89172659521287,0.0,0.0,131.86727340478714,534.358464969247,0.0,0.0,0.0,0.0,0.0,0.0,169.89172659521287
3105,scenario_1,214.479,211.68178571264258,0.0,0.0,2.797214287357434,396.9967218392605,0.0,0.0,0.0,0.0,0.0,0.0,211.68178571264258
3106,scenario_1,136.784,530.8669569565966,0.0,394.0829569565966,0.0,394.0829569565965,0.0,0.0,0.0,0.0,0.0,0.0,530.8669569565966
3107,scenario_1,124.911,518.9939569565965,0.0,394.0829569565966,0.0,768.4617660653632,0.0,0.0,0.0,0.0,0.0,0.0,518.9939569565965
3108,scenario_1,100.155,494.2379569565966,0.0,394.0829569565966,0.0,1142.84057517413,0.0,0.0,0.0,0.0,0.0,0.0,494.2379569565966
3109,scenario_1,105.697,105.697,0.0,0.0,0.0,1517.2193842828967,0.0,0.0,0.0,0.0,0.0,0.0,105.697
3110,scenario_1,115.498,382.8870632917713,0.0,267.3890632917713,0.0,1517.2193842828967,0.0,0.0,0.0,0.0,0.0,0.0,382.8870632917713
3111,scenario_1,120.854,330.5127267083195,0.0,209.6587267083195,0.0,1771.2389944100794,0.0,0.0,0.0,0.0,0.0,0.0,330.5127267083195
3112,scenario_1,174.611,174.611,0.0,0.0,0.0,1970.414784782983,0.0,0.0,0.0,0.0,0.0,0.0,174.611
3113,scenario_1,196.739,37.344863403648176,0.0,0.0,159.3941365963518,1970.414784782983,0.0,0.0,0.0,0.0,0.0,0.0,37.344863403648176
3114,scenario_1,254.272,0.0,8.164608678478885,0.0,246.1073913215211,1804.3792258284498,0.0,2.7215362261596283,0.0,0.0,0.0,0.0,0.0
3115,scenario_1,262.862,0.0,0.0,0.0,262.862,1548.017359868532,0.0,0.0,0.0,0.0,0.0,0.0,0.0
3116,scenario_1,218.899,0.0,0.0,0.0,218.899,1274.2027765351986,0.0,0.0,0.0,0.0,0.0,0.0,0.0
3117,scenario_1,164.378,0.0,0.0,0.0,164.378,1046.182984868532,0.0,0.0,0.0,0.0,0.0,0.0,0.0
3118,scenario_1,7.744,0.0,0.0,0.0,7.744,874.9559015351987,0.0,0.0,0.0,0.0,0.0,0.0,0.0
3119,scenario_1,44.974,0.0,0.0,0.0,44.974,866.889234868532,0.0,0.0,0.0,0.0,0.0,0.0,0.0
3120,scenario_1,35.437,0.0,0.0,0.0,35.437,820.0413182018652,0.0,0.0,0.0,0.0,0.0,0.0,0.0
3121,scenario_1,3.818,0.0,0.0,0.0,3.818,783.1277765351986,0.0,0.0,0.0,0.0,0.0,0.0,0.0
3122,scenario_1,44.601,0.0,0.0,0.0,44.601,779.1506932018652,0.0,0.0,0.0,0.0,0.0,0.0,0.0
3123,scenario_1,47.346,0.0,0.0,0.0,47.346,732.6913182018652,0.0,0.0,0.0,0.0,0.0,0.0,0.0
3124,scenario_1,52.969,0.0,0.0,0.0,52.969,683.3725682018652,0.0,0.0,0.0,0.0,0.0,0.0,0.0
3125,scenario_1,80.945,0.0,0.0,0.0,80.945,628.1965265351985,0.0,0.0,0.0,0.0,0.0,0.0,0.0
3126,scenario_1,134.296,37.97989136275982,0.0,0.0,96.31610863724018,543.8788182018651,0.0,0.0,0.0,0.0,0.0,0.0,37.97989136275982
3127,scenario_1,224.826,177.33808184178235,0.0,0.0,47.48791815821764,443.5495383714065,0.0,0.0,0.0,0.0,0.0,0.0,177.33808184178235
3128,scenario_1,267.416,342.3148660137338,0.0,74.89886601373382,0.0,394.0829569565965,0.0,0.0,0.0,0.0,0.0,0.0,342.3148660137338
3129,scenario_1,215.043,434.99415199148075,0.0,219.95115199148074,0.0,465.2368796696436,0.0,0.0,0.0,0.0,0.0,0.0,434.99415199148075
3130,scenario_1,135.187,135.187,0.0,0.0,0.0,674.1904740615503,0.0,0.0,0.0,0.0,0.0,0.0,135.187
3131,scenario_1,97.598,491.6809569565966,0.0,394.0829569565966,0.0,674.1904740615503,0.0,0.0,0.0,0.0,0.0,0.0,491.6809569565966
3132,scenario_1,104.517,498.5999569565966,0.0,394.0829569565966,0.0,1048.569283170317,0.0,0.0,0.0,0.0,0.0,0.0,498.5999569565966
3133,scenario_1,101.938,496.0209569565966,0.0,394.0829569565966,0.0,1422.9480922790838,0.0,0.0,0.0,0.0,0.0,0.0,496.0209569565966
3134,scenario_1,125.795,125.795,0.0,0.0,0.0,1797.3269013878505,0.0,0.0,0.0,0.0,0.0,0.0,125.795
3135,scenario_1,138.646,320.8437719948762,0.0,182.1977719948762,0.0,1797.3269013878505,0.0,0.0,0.0,0.0,0.0,0.0,320.8437719948762
3136,scenario_1,130.835,130.835,0.0,0.0,0.0,1970.414784782983,0.0,0.0,0.0,0.0,0.0,0.0,130.835
3137,scenario_1,176.627,40.40691602840572,0.0,0.0,136.2200839715943,1970.414784782983,0.0,0.0,0.0,0.0,0.0,0.0,40.40691602840572
3138,scenario_1,299.583,0.0,45.15983002985837,0.0,254.42316997014166,1828.5188639792389,0.0,15.053276676619456,0.0,0.0,0.0,0.0,0.0
3139,scenario_1,307.611,0.0,0.0,0.0,307.611,1563.4947285936746,0.0,0.0,0.0,0.0,0.0,0.0,0.0
3140,scenario_1,24.488,0.0,0.0,0.0,24.488,1243.0666035936745,0.0,0.0,0.0,0.0,0.0,0.0,0.0
3141,scenario_1,170.469,0.0,61.3917014289115,0.0,109.07729857108849,1217.558270260341,0.0,20.463900476303834,0.0,0.0,0.0,0.0,0.0
3142,scenario_1,58.787,0.0,0.0,0.0,58.787,1103.9360842487906,0.0,0.0,0.0,0.0,0.0,0.0,0.0
3143,scenario_1,31.648,0.0,0.0,0.0,31.648,1042.6996259154573,0.0,0.0,0.0,0.0,0.0,0.0,0.0
3144,scenario_1,37.615,0.0,37.615,0.0,0.0,1009.7329592487907,0.0,12.538333333333334,0.0,0.0,0.0,0.0,0.0
3145,scenario_1,42.227,0.0,0.0,0.0,42.227,1009.7329592487907,0.0,0.0,0.0,0.0,0.0,0.0,0.0
3146,scenario_1,48.005,0.0,0.0,0.0,48.005,965.7465009154574,0.0,0.0,0.0,0.0,0.0,0.0,0.0
3147,scenario_1,48.302,0.0,48.302,0.0,0.0,915.7412925821241,0.0,16.100666666666665,0.0,0.0,0.0,0.0,0.0
3148,scenario_1,53.907,0.0,0.0,0.0,53.907,915.7412925821241,0.0,0.0,0.0,0.0,0.0,0.0,0.0
3149,scenario_1,75.543,0.0,0.0,0.0,75.543,859.588167582124,0.0,0.0,0.0,0.0,0.0,0.0,0.0
3150,scenario_1,127.955,6.7852302480422955,0.0,0.0,121.1697697519577,780.8975425821241,0.0,0.0,0.0,0.0,0.0,0.0,6.7852302480422955
3151,scenario_1,161.649,35.5963617628065,0.0,0.0,126.05263823719349,654.6790324238348,0.0,0.0,0.0,0.0,0.0,0.0,35.5963617628065
3152,scenario_1,182.071,149.6056279561941,0.0,0.0,32.4653720438059,523.3742009267582,0.0,0.0,0.0,0.0,0.0,0.0,149.6056279561941
3153,scenario_1,149.146,57.49177783245068,0.0,0.0,91.6542221675493,489.5561050477937,0.0,0.0,0.0,0.0,0.0,0.0,57.49177783245068
3154,scenario_1,171.314,255.04636620814367,0.0,83.73236620814367,0.0,394.0829569565965,0.0,0.0,0.0,0.0,0.0,0.0,255.04636620814367
3155,scenario_1,160.178,475.82731966367373,0.0,315.64931966367374,0.0,473.62870485433297,0.0,0.0,0.0,0.0,0.0,0.0,475.82731966367373
3156,scenario_1,147.435,532.8580497997831,0.0,385.4230497997831,0.0,773.495558534823,0.0,0.0,0.0,0.0,0.0,0.0,532.8580497997831
3157,scenario_1,152.598,483.9869939876016,0.0,331.38899398760157,0.0,1139.6474558446168,0.0,0.0,0.0,0.0,0.0,0.0,483.9869939876016
3158,scenario_1,128.984,477.78459761983976,0.0,348.8005976198398,0.0,1454.4670001328384,0.0,0.0,0.0,0.0,0.0,0.0,477.78459761983976
3159,scenario_1,149.562,343.8643335908387,0.0,194.3023335908387,0.0,1785.8275678716861,0.0,0.0,0.0,0.0,0.0,0.0,343.8643335908387
3160,scenario_1,159.023,159.023,0.0,0.0,0.0,1970.414784782983,0.0,0.0,0.0,0.0,0.0,0.0,159.023
3161,scenario_1,192.291,39.17165616273648,0.0,0.0,153.1193438372635,1970.414784782983,0.0,0.0,0.0,0.0,0.0,0.0,39.17165616273648
3162,scenario_1,215.527,0.0,60.691421949058736,0.0,154.83557805094125,1810.9154682858334,0.0,20.23047398301958,0.0,0.0,0.0,0.0,0.0
3163,scenario_1,238.297,0.0,61.3917014289115,0.0,176.9052985710885,1649.628407816103,0.0,20.463900476303834,0.0,0.0,0.0,0.0,0.0
3164,scenario_1,205.647,0.0,0.0,0.0,205.647,1465.3520551378858,0.0,0.0,0.0,0.0,0.0,0.0,0.0
3165,scenario_1,131.542,0.0,0.0,0.0,131.542,1251.1364301378858,0.0,0.0,0.0,0.0,0.0,0.0,0.0
3166,scenario_1,84.103,0.0,0.0,0.0,84.103,1114.113513471219,0.0,0.0,0.0,0.0,0.0,0.0,0.0
3167,scenario_1,47.999,0.0,0.0,0.0,47.999,1026.5062218045523,0.0,0.0,0.0,0.0,0.0,0.0,0.0
3168,scenario_1,3.733,0.0,0.0,0.0,3.733,976.5072634712191,0.0,0.0,0.0,0.0,0.0,0.0,0.0
3169,scenario_1,50.493,0.0,0.0,0.0,50.493,972.6187218045524,0.0,0.0,0.0,0.0,0.0,0.0,0.0
3170,scenario_1,55.595,0.0,0.0,0.0,55.595,920.0218468045524,0.0,0.0,0.0,0.0,0.0,0.0,0.0
3171,scenario_1,51.898,0.0,0.0,0.0,51.898,862.110388471219,0.0,0.0,0.0,0.0,0.0,0.0,0.0
3172,scenario_1,49.235,0.0,0.0,0.0,49.235,808.0499718045523,0.0,0.0,0.0,0.0,0.0,0.0,0.0
3173,scenario_1,76.407,0.0,61.3917014289115,0.0,15.015298571088493,756.763513471219,0.0,20.463900476303834,0.0,0.0,0.0,0.0,0.0
3174,scenario_1,148.146,10.134350306370864,0.0,0.0,138.01164969362912,741.1225774596685,0.0,0.0,0.0,0.0,0.0,0.0,10.134350306370864
3175,scenario_1,174.037,23.617820671070298,0.0,0.0,150.41917932892972,597.3604423621381,0.0,0.0,0.0,0.0,0.0,0.0,23.617820671070298
3176,scenario_1,193.457,87.33809191069827,61.3917014289115,0.0,44.72720666039022,440.6737972278363,0.0,20.463900476303834,0.0,0.0,0.0,0.0,87.33809191069827
3177,scenario_1,198.437,331.93694333948446,0.0,133.49994333948445,0.0,394.0829569565965,0.0,0.0,0.0,0.0,0.0,0.0,331.93694333948446
3178,scenario_1,156.314,499.8618466606064,0.0,343.54784666060635,0.0,520.9079031291067,0.0,0.0,0.0,0.0,0.0,0.0,499.8618466606064
3179,scenario_1,119.841,513.9239569565966,0.0,394.0829569565966,0.0,847.2783574566827,0.0,0.0,0.0,0.0,0.0,0.0,513.9239569565966
3180,scenario_1,135.849,529.9319569565967,0.0,394.0829569565966,0.0,1221.6571665654494,0.0,0.0,0.0,0.0,0.0,0.0,529.9319569565967
3181,scenario_1,124.462,518.5449569565966,0.0,394.0829569565966,0.0,1596.0359756742162,0.0,0.0,0.0,0.0,0.0,0.0,518.5449569565966
3182,scenario_1,126.718,126.718,0.0,0.0,0.0,1970.414784782983,0.0,0.0,0.0,0.0,0.0,0.0,126.718
3183,scenario_1,153.244,153.244,0.0,0.0,0.0,1970.414784782983,0.0,0.0,0.0,0.0,0.0,0.0,153.244
3184,scenario_1,173.829,173.829,0.0,0.0,0.0,1970.414784782983,0.0,0.0,0.0,0.0,0.0,0.0,173.829
3185,scenario_1,211.516,38.832394650334365,0.0,0.0,172.68360534966564,1970.414784782983,0.0,0.0,0.0,0.0,0.0,0.0,38.832394650334365
3186,scenario_1,245.201,0.0,0.0,0.0,245.201,1790.5360292104144,0.0,0.0,0.0,0.0,0.0,0.0,0.0
3187,scenario_1,249.566,0.0,0.0,0.0,249.566,1535.118320877081,0.0,0.0,0.0,0.0,0.0,0.0,0.0
3188,scenario_1,202.152,0.0,0.0,0.0,202.152,1275.1537375437476,0.0,0.0,0.0,0.0,0.0,0.0,0.0
3189,scenario_1,148.485,0.0,0.0,0.0,148.485,1064.5787375437476,0.0,0.0,0.0,0.0,0.0,0.0,0.0
3190,scenario_1,89.644,0.0,0.0,0.0,89.644,909.9068625437476,0.0,0.0,0.0,0.0,0.0,0.0,0.0
3191,scenario_1,2.886,0.0,0.0,0.0,2.886,816.5276958770809,0.0,0.0,0.0,0.0,0.0,0.0,0.0
3192,scenario_1,21.274,0.0,0.0,0.0,21.274,813.5214458770809,0.0,0.0,0.0,0.0,0.0,0.0,0.0
3193,scenario_1,31.244,0.0,0.0,0.0,31.244,791.3610292104141,0.0,0.0,0.0,0.0,0.0,0.0,0.0
3194,scenario_1,39.125,0.0,0.0,0.0,39.125,758.8151958770808,0.0,0.0,0.0,0.0,0.0,0.0,0.0
3195,scenario_1,43.719,0.0,0.0,0.0,43.719,718.0599875437474,0.0,0.0,0.0,0.0,0.0,0.0,0.0
3196,scenario_1,68.092,0.0,0.0,0.0,68.092,672.5193625437474,0.0,0.0,0.0,0.0,0.0,0.0,0.0
3197,scenario_1,87.942,0.0,0.0,0.0,87.942,601.5901958770808,0.0,0.0,0.0,0.0,0.0,0.0,0.0
3198,scenario_1,107.991,38.58882228245592,0.0,0.0,69.40217771754408,509.98394587708077,0.0,0.0,0.0,0.0,0.0,0.0,38.58882228245592
3199,scenario_1,20.243,83.0638915236538,0.0,62.8208915236538,0.0,437.69001075463905,0.0,0.0,0.0,0.0,0.0,0.0,83.0638915236538
3200,scenario_1,266.855,167.6995752843069,0.0,0.0,99.15542471569313,497.36985770211015,0.0,0.0,0.0,0.0,0.0,0.0,167.6995752843069
3201,scenario_1,211.582,400.24159450311026,0.0,188.65959450311027,0.0,394.0829569565965,0.0,0.0,0.0,0.0,0.0,0.0,400.24159450311026
3202,scenario_1,173.335,173.335,0.0,0.0,0.0,573.3095717345512,0.0,0.0,0.0,0.0,0.0,0.0,173.335
3203,scenario_1,115.393,509.47595695659663,0.0,394.0829569565966,0.0,573.3095717345512,0.0,0.0,0.0,0.0,0.0,0.0,509.47595695659663
3204,scenario_1,102.742,496.8249569565966,0.0,394.0829569565966,0.0,947.688380843318,0.0,0.0,0.0,0.0,0.0,0.0,496.8249569565966
3205,scenario_1,104.952,499.0349569565966,0.0,394.0829569565966,0.0,1322.0671899520848,0.0,0.0,0.0,0.0,0.0,0.0,499.0349569565966
3206,scenario_1,132.224,420.61219549698035,0.0,288.38819549698036,0.0,1696.4459990608516,0.0,0.0,0.0,0.0,0.0,0.0,420.61219549698035
3207,scenario_1,109.864,109.864,0.0,0.0,0.0,1970.414784782983,0.0,0.0,0.0,0.0,0.0,0.0,109.864
3208,scenario_1,127.744,127.744,0.0,0.0,0.0,1970.414784782983,0.0,0.0,0.0,0.0,0.0,0.0,127.744
3209,scenario_1,160.438,33.09974499205248,0.0,0.0,127.33825500794751,1970.414784782983,0.0,0.0,0.0,0.0,0.0,0.0,33.09974499205248
3210,scenario_1,262.574,0.0,26.86246226064199,0.0,235.71153773935802,1837.7707691497042,0.0,8.954154086880663,0.0,0.0,0.0,0.0,0.0
3211,scenario_1,292.004,0.0,0.0,0.0,292.004,1592.237917337873,0.0,0.0,0.0,0.0,0.0,0.0,0.0
3212,scenario_1,264.095,0.0,0.0,0.0,264.095,1288.0670840045395,0.0,0.0,0.0,0.0,0.0,0.0,0.0
3213,scenario_1,142.394,0.0,0.0,0.0,142.394,1012.968125671206,0.0,0.0,0.0,0.0,0.0,0.0,0.0
3214,scenario_1,57.156,0.0,0.0,0.0,57.156,864.6410423378727,0.0,0.0,0.0,0.0,0.0,0.0,0.0
3215,scenario_1,24.346,0.0,0.0,0.0,24.346,805.1035423378727,0.0,0.0,0.0,0.0,0.0,0.0,0.0
3216,scenario_1,18.323,0.0,0.0,0.0,18.323,779.743125671206,0.0,0.0,0.0,0.0,0.0,0.0,0.0
3217,scenario_1,40.414,0.0,0.0,0.0,40.414,760.6566673378727,0.0,0.0,0.0,0.0,0.0,0.0,0.0
3218,scenario_1,42.357,0.0,0.0,0.0,42.357,718.558750671206,0.0,0.0,0.0,0.0,0.0,0.0,0.0
3219,scenario_1,53.662,0.0,0.0,0.0,53.662,674.4368756712059,0.0,0.0,0.0,0.0,0.0,0.0,0.0
3220,scenario_1,6.008,0.0,0.0,0.0,6.008,618.5389590045393,0.0,0.0,0.0,0.0,0.0,0.0,0.0
3221,scenario_1,73.066,0.0,0.0,0.0,73.066,612.2806256712059,0.0,0.0,0.0,0.0,0.0,0.0,0.0
3222,scenario_1,131.529,40.276430831327986,0.0,0.0,91.25256916867201,536.1702090045393,0.0,0.0,0.0,0.0,0.0,0.0,40.276430831327986
3223,scenario_1,208.162,163.0108072026469,0.0,0.0,45.151192797353104,441.1154494538393,0.0,0.0,0.0,0.0,0.0,0.0,163.0108072026469
3224,scenario_1,248.047,330.3972180139672,0.0,82.35021801396718,0.0,394.0829569565965,0.0,0.0,0.0,0.0,0.0,0.0,330.3972180139672
3225,scenario_1,216.615,459.116515424585,0.0,242.50151542458497,0.0,472.3156640698653,0.0,0.0,0.0,0.0,0.0,0.0,459.116515424585
3226,scenario_1,135.559,528.8652027692043,0.0,393.30620276920433,0.0,702.692103723221,0.0,0.0,0.0,0.0,0.0,0.0,528.8652027692043
3227,scenario_1,121.303,515.3859569565966,0.0,394.0829569565966,0.0,1076.332996353965,0.0,0.0,0.0,0.0,0.0,0.0,515.3859569565966
3228,scenario_1,102.573,496.6559569565966,0.0,394.0829569565966,0.0,1450.7118054627317,0.0,0.0,0.0,0.0,0.0,0.0,496.6559569565966
3229,scenario_1,98.827,98.827,0.0,0.0,0.0,1825.0906145714985,0.0,0.0,0.0,0.0,0.0,0.0,98.827
3230,scenario_1,107.887,107.887,0.0,0.0,0.0,1825.0906145714985,0.0,0.0,0.0,0.0,0.0,0.0,107.887
3231,scenario_1,129.809,282.781810748931,0.0,152.972810748931,0.0,1825.0906145714985,0.0,0.0,0.0,0.0,0.0,0.0,282.781810748931
3232,scenario_1,160.335,23.452539421438498,0.0,0.0,136.8824605785615,1970.414784782983,0.0,0.0,0.0,0.0,0.0,0.0,23.452539421438498
3233,scenario_1,203.249,13.81403286396303,0.0,0.0,189.43496713603696,1827.8288883469813,0.0,0.0,0.0,0.0,0.0,0.0,13.81403286396303
3234,scenario_1,267.931,0.0,61.3917014289115,0.0,206.53929857108847,1630.5007975802762,0.0,20.463900476303834,0.0,0.0,0.0,0.0,0.0
3235,scenario_1,283.921,0.0,61.3917014289115,0.0,222.52929857108848,1415.355694902059,0.0,20.463900476303834,0.0,0.0,0.0,0.0,0.0
3236,scenario_1,234.299,0.0,42.040493633654194,0.0,192.2585063663458,1183.5543422238418,0.0,14.013497877884731,0.0,0.0,0.0,0.0,0.0
3237,scenario_1,159.366,0.0,0.0,0.0,159.366,983.2850647588982,0.0,0.0,0.0,0.0,0.0,0.0,0.0
3238,scenario_1,82.135,0.0,0.0,0.0,82.135,817.2788147588982,0.0,0.0,0.0,0.0,0.0,0.0,0.0
3239,scenario_1,41.716,0.0,0.0,0.0,41.716,731.7215230922316,0.0,0.0,0.0,0.0,0.0,0.0,0.0
3240,scenario_1,40.081,0.0,40.081,0.0,0.0,688.2673564255649,0.0,13.360333333333335,0.0,0.0,0.0,0.0,0.0
3241,scenario_1,39.073,0.0,0.0,0.0,39.073,688.2673564255649,0.0,0.0,0.0,0.0,0.0,0.0,0.0
3242,scenario_1,43.697,0.0,0.0,0.0,43.697,647.5663147588982,0.0,0.0,0.0,0.0,0.0,0.0,0.0
3243,scenario_1,49.169,0.0,0.0,0.0,49.169,602.0486064255649,0.0,0.0,0.0,0.0,0.0,0.0,0.0
3244,scenario_1,5.425,0.0,0.0,0.0,5.425,550.8308980922316,0.0,0.0,0.0,0.0,0.0,0.0,0.0
3245,scenario_1,8.787,0.0,0.0,0.0,8.787,545.1798564255649,0.0,0.0,0.0,0.0,0.0,0.0,0.0
3246,scenario_1,129.685,40.954953856132214,0.0,0.0,88.73004614386778,536.0267314255649,0.0,0.0,0.0,0.0,0.0,0.0,40.954953856132214
3247,scenario_1,214.818,167.28202265365812,0.0,0.0,47.535977346341895,443.5996000257026,0.0,0.0,0.0,0.0,0.0,0.0,167.28202265365812
3248,scenario_1,278.708,278.708,0.0,0.0,0.0,394.0829569565965,0.0,0.0,0.0,0.0,0.0,0.0,278.708
3249,scenario_1,240.104,451.95722761158646,0.0,211.85322761158645,0.0,394.0829569565965,0.0,0.0,0.0,0.0,0.0,0.0,451.95722761158646
3250,scenario_1,143.122,408.3165623885043,0.0,265.19456238850427,0.0,595.3435231876036,0.0,0.0,0.0,0.0,0.0,0.0,408.3165623885043
3251,scenario_1,119.918,514.0009569565966,0.0,394.0829569565966,0.0,847.2783574566827,0.0,0.0,0.0,0.0,0.0,0.0,514.0009569565966
3252,scenario_1,11.302,405.3849569565966,0.0,394.0829569565966,0.0,1221.6571665654494,0.0,0.0,0.0,0.0,0.0,0.0,405.3849569565966
3253,scenario_1,10.31,404.3929569565966,0.0,394.0829569565966,0.0,1596.0359756742162,0.0,0.0,0.0,0.0,0.0,0.0,404.3929569565966
3254,scenario_1,98.509,98.509,0.0,0.0,0.0,1970.414784782983,0.0,0.0,0.0,0.0,0.0,0.0,98.509
3255,scenario_1,106.362,106.362,0.0,0.0,0.0,1970.414784782983,0.0,0.0,0.0,0.0,0.0,0.0,106.362
3256,scenario_1,164.922,164.922,0.0,0.0,0.0,1970.414784782983,0.0,0.0,0.0,0.0,0.0,0.0,164.922
3257,scenario_1,210.779,37.71892096860435,0.0,0.0,173.06007903139565,1970.414784782983,0.0,0.0,0.0,0.0,0.0,0.0,37.71892096860435
3258,scenario_1,27.624,0.0,0.0,0.0,27.624,1790.143869125279,0.0,0.0,0.0,0.0,0.0,0.0,0.0
3259,scenario_1,274.141,0.0,0.0,0.0,274.141,1761.368869125279,0.0,0.0,0.0,0.0,0.0,0.0,0.0
3260,scenario_1,248.016,0.0,0.0,0.0,248.016,1475.8053274586123,0.0,0.0,0.0,0.0,0.0,0.0,0.0
3261,scenario_1,159.439,0.0,0.0,0.0,159.439,1217.4553274586124,0.0,0.0,0.0,0.0,0.0,0.0,0.0
3262,scenario_1,69.741,0.0,0.0,0.0,69.741,1051.3730357919458,0.0,0.0,0.0,0.0,0.0,0.0,0.0
3263,scenario_1,27.528,0.0,0.0,0.0,27.528,978.7261607919457,0.0,0.0,0.0,0.0,0.0,0.0,0.0
3264,scenario_1,35.932,0.0,0.0,0.0,35.932,950.0511607919458,0.0,0.0,0.0,0.0,0.0,0.0,0.0
3265,scenario_1,36.911,0.0,0.0,0.0,36.911,912.6219941252791,0.0,0.0,0.0,0.0,0.0,0.0,0.0
3266,scenario_1,45.095,0.0,0.0,0.0,45.095,874.1730357919457,0.0,0.0,0.0,0.0,0.0,0.0,0.0
3267,scenario_1,51.458,0.0,0.0,0.0,51.458,827.1990774586124,0.0,0.0,0.0,0.0,0.0,0.0,0.0
3268,scenario_1,51.701,0.0,0.0,0.0,51.701,773.596994125279,0.0,0.0,0.0,0.0,0.0,0.0,0.0
3269,scenario_1,69.747,0.0,0.0,0.0,69.747,719.7417857919456,0.0,0.0,0.0,0.0,0.0,0.0,0.0
3270,scenario_1,119.355,41.32901142108839,0.0,0.0,78.02598857891161,647.0886607919456,0.0,0.0,0.0,0.0,0.0,0.0,41.32901142108839
3271,scenario_1,208.057,163.89810654277548,0.0,0.0,44.15889345722451,565.8115893555794,0.0,0.0,0.0,0.0,0.0,0.0,163.89810654277548
3272,scenario_1,245.499,314.0952673923887,0.0,68.59626739238868,0.0,519.8127420043038,0.0,0.0,0.0,0.0,0.0,0.0,314.0952673923887
3273,scenario_1,224.985,433.1673592323924,0.0,208.1823592323924,0.0,584.979196027073,0.0,0.0,0.0,0.0,0.0,0.0,433.1673592323924
3274,scenario_1,154.172,489.458673251728,0.0,335.28667325172796,0.0,782.7524372978457,0.0,0.0,0.0,0.0,0.0,0.0,489.458673251728
3275,scenario_1,108.621,108.621,0.0,0.0,0.0,1101.2747768869872,0.0,0.0,0.0,0.0,0.0,0.0,108.621
3276,scenario_1,98.398,492.48095695659663,0.0,394.0829569565966,0.0,1101.2747768869872,0.0,0.0,0.0,0.0,0.0,0.0,492.48095695659663
3277,scenario_1,97.377,465.0405433719142,0.0,367.6635433719142,0.0,1475.653585995754,0.0,0.0,0.0,0.0,0.0,0.0,465.0405433719142
3278,scenario_1,117.445,270.58271850937956,0.0,153.13771850937957,0.0,1824.9339521990723,0.0,0.0,0.0,0.0,0.0,0.0,270.58271850937956
3279,scenario_1,136.238,136.238,0.0,0.0,0.0,1970.414784782983,0.0,0.0,0.0,0.0,0.0,0.0,136.238
3280,scenario_1,153.526,127.18827109823899,0.0,0.0,26.337728901761025,1970.414784782983,0.0,0.0,0.0,0.0,0.0,0.0,127.18827109823899
3281,scenario_1,196.855,37.20567919343192,0.0,0.0,159.64932080656808,1942.9796505103152,0.0,0.0,0.0,0.0,0.0,0.0,37.20567919343192
3282,scenario_1,270.336,0.0,56.93886222821206,0.0,213.39713777178795,1776.6782746701401,0.0,18.979620742737353,0.0,0.0,0.0,0.0,0.0
3283,scenario_1,280.045,0.0,0.0,0.0,280.045,1554.3895894911943,0.0,0.0,0.0,0.0,0.0,0.0,0.0
3284,scenario_1,234.326,0.0,0.0,0.0,234.326,1262.6760478245276,0.0,0.0,0.0,0.0,0.0,0.0,0.0
3285,scenario_1,158.252,0.0,0.0,0.0,158.252,1018.5864644911942,0.0,0.0,0.0,0.0,0.0,0.0,0.0
3286,scenario_1,5.818,0.0,0.0,0.0,5.818,853.7406311578609,0.0,0.0,0.0,0.0,0.0,0.0,0.0
3287,scenario_1,22.739,0.0,0.0,0.0,22.739,847.6802144911942,0.0,0.0,0.0,0.0,0.0,0.0,0.0
3288,scenario_1,38.182,0.0,0.0,0.0,38.182,823.9937561578608,0.0,0.0,0.0,0.0,0.0,0.0,0.0
3289,scenario_1,47.515,0.0,0.0,0.0,47.515,784.2208394911942,0.0,0.0,0.0,0.0,0.0,0.0,0.0
3290,scenario_1,5.243,0.0,0.0,0.0,5.243,734.7260478245275,0.0,0.0,0.0,0.0,0.0,0.0,0.0
3291,scenario_1,49.034,0.0,0.0,0.0,49.034,729.2645894911942,0.0,0.0,0.0,0.0,0.0,0.0,0.0
3292,scenario_1,55.784,0.0,0.0,0.0,55.784,678.1875061578609,0.0,0.0,0.0,0.0,0.0,0.0,0.0
3293,scenario_1,69.655,0.0,0.0,0.0,69.655,620.0791728245275,0.0,0.0,0.0,0.0,0.0,0.0,0.0
3294,scenario_1,141.171,39.693596951047425,0.0,0.0,101.47740304895257,547.5218811578609,0.0,0.0,0.0,0.0,0.0,0.0,39.693596951047425
3295,scenario_1,211.227,165.40303581573872,0.0,0.0,45.823964184261285,441.8162529818687,0.0,0.0,0.0,0.0,0.0,0.0,165.40303581573872
3296,scenario_1,238.683,238.683,0.0,0.0,0.0,394.0829569565965,0.0,0.0,0.0,0.0,0.0,0.0,238.683
3297,scenario_1,185.707,185.707,0.0,0.0,0.0,394.0829569565965,0.0,0.0,0.0,0.0,0.0,0.0,185.707
3298,scenario_1,150.422,544.5049569565966,0.0,394.0829569565966,0.0,394.0829569565965,0.0,0.0,0.0,0.0,0.0,0.0,544.5049569565966
3299,scenario_1,8.964,403.0469569565966,0.0,394.0829569565966,0.0,768.4617660653632,0.0,0.0,0.0,0.0,0.0,0.0,403.0469569565966
3300,scenario_1,87.938,482.0209569565966,0.0,394.0829569565966,0.0,1142.84057517413,0.0,0.0,0.0,0.0,0.0,0.0,482.0209569565966
3301,scenario_1,103.271,497.3539569565966,0.0,394.0829569565966,0.0,1517.2193842828967,0.0,0.0,0.0,0.0,0.0,0.0,497.3539569565966
3302,scenario_1,108.332,108.332,0.0,0.0,0.0,1891.5981933916635,0.0,0.0,0.0,0.0,0.0,0.0,108.332
3303,scenario_1,137.555,220.51983304349415,0.0,82.96483304349414,0.0,1891.5981933916635,0.0,0.0,0.0,0.0,0.0,0.0,220.51983304349415
3304,scenario_1,145.278,132.14670858719296,0.0,0.0,13.13129141280703,1970.414784782983,0.0,0.0,0.0,0.0,0.0,0.0,132.14670858719296
3305,scenario_1,182.096,37.631930837219194,0.0,0.0,144.46406916278082,1956.7363562279756,0.0,0.0,0.0,0.0,0.0,0.0,37.631930837219194
3306,scenario_1,243.104,0.0,56.98713033932836,0.0,186.11686966067165,1806.2529508500788,0.0,18.995710113109453,0.0,0.0,0.0,0.0,0.0
3307,scenario_1,281.481,0.0,0.0,0.0,281.481,1612.3812116202125,0.0,0.0,0.0,0.0,0.0,0.0,0.0
3308,scenario_1,231.861,0.0,0.0,0.0,231.861,1319.1718366202124,0.0,0.0,0.0,0.0,0.0,0.0,0.0
3309,scenario_1,182.395,0.0,0.0,0.0,182.395,1077.6499616202125,0.0,0.0,0.0,0.0,0.0,0.0,0.0
3310,scenario_1,77.833,0.0,0.0,0.0,77.833,887.6551699535457,0.0,0.0,0.0,0.0,0.0,0.0,0.0
3311,scenario_1,47.224,0.0,0.0,0.0,47.224,806.579128286879,0.0,0.0,0.0,0.0,0.0,0.0,0.0
3312,scenario_1,22.711,0.0,0.0,0.0,22.711,757.3874616202123,0.0,0.0,0.0,0.0,0.0,0.0,0.0
3313,scenario_1,44.348,0.0,0.0,0.0,44.348,733.7301699535457,0.0,0.0,0.0,0.0,0.0,0.0,0.0
3314,scenario_1,52.179,0.0,0.0,0.0,52.179,687.5343366202123,0.0,0.0,0.0,0.0,0.0,0.0,0.0
3315,scenario_1,4.829,0.0,0.0,0.0,4.829,633.1812116202124,0.0,0.0,0.0,0.0,0.0,0.0,0.0
3316,scenario_1,50.917,0.0,0.0,0.0,50.917,628.151003286879,0.0,0.0,0.0,0.0,0.0,0.0,0.0
3317,scenario_1,68.887,0.0,0.0,0.0,68.887,575.1124616202123,0.0,0.0,0.0,0.0,0.0,0.0,0.0
3318,scenario_1,131.793,37.82330912626654,0.0,0.0,93.96969087373347,503.3551699535456,0.0,0.0,0.0,0.0,0.0,0.0,37.82330912626654
3319,scenario_1,181.354,170.4223663966623,0.0,0.0,10.931633603337701,405.4700752934066,0.0,0.0,0.0,0.0,0.0,0.0,170.4223663966623
3320,scenario_1,204.759,204.759,0.0,0.0,0.0,394.0829569565965,0.0,0.0,0.0,0.0,0.0,0.0,204.759
3321,scenario_1,21.161,415.2439569565966,0.0,394.0829569565966,0.0,394.0829569565965,0.0,0.0,0.0,0.0,0.0,0.0,415.2439569565966
3322,scenario_1,145.289,539.3719569565966,0.0,394.0829569565966,0.0,768.4617660653632,0.0,0.0,0.0,0.0,0.0,0.0,539.3719569565966
3323,scenario_1,139.253,533.3359569565966,0.0,394.0829569565966,0.0,1142.84057517413,0.0,0.0,0.0,0.0,0.0,0.0,533.3359569565966
3324,scenario_1,121.584,462.3262265610393,0.0,340.7422265610393,0.0,1517.2193842828967,0.0,0.0,0.0,0.0,0.0,0.0,462.3262265610393
3325,scenario_1,134.848,134.848,0.0,0.0,0.0,1840.924499515884,0.0,0.0,0.0,0.0,0.0,0.0,134.848
3326,scenario_1,133.538,133.538,0.0,0.0,0.0,1840.924499515884,0.0,0.0,0.0,0.0,0.0,0.0,133.538
3327,scenario_1,180.469,316.7745634390515,0.0,136.30556343905153,0.0,1840.924499515884,0.0,0.0,0.0,0.0,0.0,0.0,316.7745634390515
3328,scenario_1,194.001,177.6425473016304,0.0,0.0,16.358452698369604,1970.414784782983,0.0,0.0,0.0,0.0,0.0,0.0,177.6425473016304
3329,scenario_1,232.213,39.70229596418594,0.0,0.0,192.51070403581406,1953.374729888848,0.0,0.0,0.0,0.0,0.0,0.0,39.70229596418594
3330,scenario_1,270.826,0.0,57.709452439156706,0.0,213.11654756084332,1752.8427465182083,0.0,19.236484146385568,0.0,0.0,0.0,0.0,0.0
3331,scenario_1,264.715,0.0,0.0,0.0,264.715,1530.8463428089965,0.0,0.0,0.0,0.0,0.0,0.0,0.0
3332,scenario_1,208.386,0.0,0.0,0.0,208.386,1255.1015511423298,0.0,0.0,0.0,0.0,0.0,0.0,0.0
3333,scenario_1,124.768,0.0,0.0,0.0,124.768,1038.0328011423296,0.0,0.0,0.0,0.0,0.0,0.0,0.0
3334,scenario_1,69.408,0.0,0.0,0.0,69.408,908.0661344756629,0.0,0.0,0.0,0.0,0.0,0.0,0.0
3335,scenario_1,42.724,0.0,0.0,0.0,42.724,835.766134475663,0.0,0.0,0.0,0.0,0.0,0.0,0.0
3336,scenario_1,38.166,0.0,0.0,0.0,38.166,791.2619678089964,0.0,0.0,0.0,0.0,0.0,0.0,0.0
3337,scenario_1,45.222,0.0,0.0,0.0,45.222,751.5057178089963,0.0,0.0,0.0,0.0,0.0,0.0,0.0
3338,scenario_1,52.785,0.0,0.0,0.0,52.785,704.3994678089963,0.0,0.0,0.0,0.0,0.0,0.0,0.0
3339,scenario_1,42.653,0.0,0.0,0.0,42.653,649.4150928089963,0.0,0.0,0.0,0.0,0.0,0.0,0.0
3340,scenario_1,48.431,0.0,0.0,0.0,48.431,604.984884475663,0.0,0.0,0.0,0.0,0.0,0.0,0.0
3341,scenario_1,67.757,0.0,0.0,0.0,67.757,554.5359261423296,0.0,0.0,0.0,0.0,0.0,0.0,0.0
3342,scenario_1,126.389,40.11114958169618,0.0,0.0,86.27785041830381,483.95571780899627,0.0,0.0,0.0,0.0,0.0,0.0,40.11114958169618
3343,scenario_1,164.798,164.798,0.0,0.0,0.0,394.0829569565965,0.0,0.0,0.0,0.0,0.0,0.0,164.798
3344,scenario_1,18.659,289.65104047315936,0.0,270.99204047315936,0.0,394.0829569565965,0.0,0.0,0.0,0.0,0.0,0.0,289.65104047315936
3345,scenario_1,161.479,435.1942292936666,0.0,273.71522929366654,0.0,651.5253954060979,0.0,0.0,0.0,0.0,0.0,0.0,435.1942292936666
3346,scenario_1,147.097,489.95451700062335,0.0,342.8575170006234,0.0,911.554863235081,0.0,0.0,0.0,0.0,0.0,0.0,489.95451700062335
3347,scenario_1,167.817,490.3546716049951,0.0,322.53767160499507,0.0,1237.2695043856731,0.0,0.0,0.0,0.0,0.0,0.0,490.3546716049951
3348,scenario_1,157.828,157.828,0.0,0.0,0.0,1543.6802924104184,0.0,0.0,0.0,0.0,0.0,0.0,157.828
3349,scenario_1,145.762,469.14647757329357,0.0,323.38447757329357,0.0,1543.6802924104184,0.0,0.0,0.0,0.0,0.0,0.0,469.14647757329357
3350,scenario_1,164.038,164.038,0.0,0.0,0.0,1850.8955461050473,0.0,0.0,0.0,0.0,0.0,0.0,164.038
3351,scenario_1,169.948,72.76724490368436,0.0,0.0,97.18075509631565,1850.8955461050473,0.0,0.0,0.0,0.0,0.0,0.0,72.76724490368436
3352,scenario_1,15.125,15.125,0.0,0.0,0.0,1749.6655928797186,0.0,0.0,0.0,0.0,0.0,0.0,15.125
3353,scenario_1,207.407,36.2574867613337,0.0,0.0,171.14951323866632,1749.6655928797186,0.0,0.0,0.0,0.0,0.0,0.0,36.2574867613337
3354,scenario_1,23.637,0.0,0.0,0.0,23.637,1571.3848499227745,0.0,0.0,0.0,0.0,0.0,0.0,0.0
3355,scenario_1,220.586,0.0,0.0,0.0,220.586,1546.7629749227744,0.0,0.0,0.0,0.0,0.0,0.0,0.0
3356,scenario_1,187.572,0.0,0.0,0.0,187.572,1316.985891589441,0.0,0.0,0.0,0.0,0.0,0.0,0.0
3357,scenario_1,104.022,0.0,0.0,0.0,104.022,1121.598391589441,0.0,0.0,0.0,0.0,0.0,0.0,0.0
3358,scenario_1,61.311,0.0,0.0,0.0,61.311,1013.242141589441,0.0,0.0,0.0,0.0,0.0,0.0,0.0
3359,scenario_1,24.806,0.0,0.0,0.0,24.806,949.3765165894409,0.0,0.0,0.0,0.0,0.0,0.0,0.0
3360,scenario_1,37.103,0.0,0.0,0.0,37.103,923.5369332561077,0.0,0.0,0.0,0.0,0.0,0.0,0.0
3361,scenario_1,46.548,0.0,0.0,0.0,46.548,884.8879749227743,0.0,0.0,0.0,0.0,0.0,0.0,0.0
3362,scenario_1,55.768,0.0,0.0,0.0,55.768,836.4004749227744,0.0,0.0,0.0,0.0,0.0,0.0,0.0
3363,scenario_1,48.092,0.0,0.0,0.0,48.092,778.3088082561077,0.0,0.0,0.0,0.0,0.0,0.0,0.0
3364,scenario_1,53.784,0.0,0.0,0.0,53.784,728.2129749227744,0.0,0.0,0.0,0.0,0.0,0.0,0.0
3365,scenario_1,7.102,0.0,0.0,0.0,7.102,672.1879749227744,0.0,0.0,0.0,0.0,0.0,0.0,0.0
3366,scenario_1,127.425,29.776721973139455,0.0,0.0,97.64827802686054,664.7900582561077,0.0,0.0,0.0,0.0,0.0,0.0,29.776721973139455
3367,scenario_1,219.193,160.65337464210913,0.0,0.0,58.539625357890884,563.073101978128,0.0,0.0,0.0,0.0,0.0,0.0,160.65337464210913
3368,scenario_1,290.068,290.068,0.0,0.0,0.0,502.0943255636583,0.0,0.0,0.0,0.0,0.0,0.0,290.068
3369,scenario_1,236.924,435.07244310972743,0.0,198.14844310972742,0.0,502.0943255636583,0.0,0.0,0.0,0.0,0.0,0.0,435.07244310972743
3370,scenario_1,148.347,490.1806913422248,0.0,341.8336913422248,0.0,690.3353465178993,0.0,0.0,0.0,0.0,0.0,0.0,490.1806913422248
3371,scenario_1,98.357,479.6287884052051,0.0,381.27178840520514,0.0,1015.077353293013,0.0,0.0,0.0,0.0,0.0,0.0,479.6287884052051
3372,scenario_1,84.722,84.722,0.0,0.0,0.0,1377.2855522779578,0.0,0.0,0.0,0.0,0.0,0.0,84.722
3373,scenario_1,111.617,505.6999569565966,0.0,394.0829569565966,0.0,1377.2855522779578,0.0,0.0,0.0,0.0,0.0,0.0,505.6999569565966
3374,scenario_1,108.932,339.1956035750088,0.0,230.26360357500883,0.0,1751.6643613867245,0.0,0.0,0.0,0.0,0.0,0.0,339.1956035750088
3375,scenario_1,131.095,131.095,0.0,0.0,0.0,1970.414784782983,0.0,0.0,0.0,0.0,0.0,0.0,131.095
3376,scenario_1,156.814,119.49834348379103,0.0,0.0,37.31565651620896,1970.414784782983,0.0,0.0,0.0,0.0,0.0,0.0,119.49834348379103
3377,scenario_1,185.336,2.1921513109059725,0.0,0.0,183.14384868909403,1931.5443092452651,0.0,0.0,0.0,0.0,0.0,0.0,2.1921513109059725
3378,scenario_1,241.747,0.0,0.0,0.0,241.747,1740.7694668607921,0.0,0.0,0.0,0.0,0.0,0.0,0.0
3379,scenario_1,26.448,0.0,0.0,0.0,26.448,1488.9496751941253,0.0,0.0,0.0,0.0,0.0,0.0,0.0
3380,scenario_1,253.432,0.0,0.0,0.0,253.432,1461.3996751941254,0.0,0.0,0.0,0.0,0.0,0.0,0.0
3381,scenario_1,173.094,0.0,0.0,0.0,173.094,1197.4080085274586,0.0,0.0,0.0,0.0,0.0,0.0,0.0
3382,scenario_1,71.491,0.0,0.0,0.0,71.491,1017.1017585274586,0.0,0.0,0.0,0.0,0.0,0.0,0.0
3383,scenario_1,39.532,0.0,0.0,0.0,39.532,942.631966860792,0.0,0.0,0.0,0.0,0.0,0.0,0.0
3384,scenario_1,16.835,0.0,0.0,0.0,16.835,901.4528001941253,0.0,0.0,0.0,0.0,0.0,0.0,0.0
3385,scenario_1,21.938,0.0,0.0,0.0,21.938,883.9163418607919,0.0,0.0,0.0,0.0,0.0,0.0,0.0
3386,scenario_1,23.928,0.0,0.0,0.0,23.928,861.0642585274586,0.0,0.0,0.0,0.0,0.0,0.0,0.0
3387,scenario_1,37.002,0.0,0.0,0.0,37.002,836.1392585274587,0.0,0.0,0.0,0.0,0.0,0.0,0.0
3388,scenario_1,52.029,0.0,0.0,0.0,52.029,797.5955085274586,0.0,0.0,0.0,0.0,0.0,0.0,0.0
3389,scenario_1,72.605,0.0,0.0,0.0,72.605,743.3986335274586,0.0,0.0,0.0,0.0,0.0,0.0,0.0
3390,scenario_1,131.182,40.55479925176049,0.0,0.0,90.62720074823949,667.7684251941253,0.0,0.0,0.0,0.0,0.0,0.0,40.55479925176049
3391,scenario_1,24.387,163.21958351797127,0.0,138.83258351797127,0.0,573.3650910813758,0.0,0.0,0.0,0.0,0.0,0.0,163.21958351797127
3392,scenario_1,27.946,317.827144028812,0.0,289.88114402881195,0.0,705.2560454234485,0.0,0.0,0.0,0.0,0.0,0.0,317.827144028812
3393,scenario_1,231.708,231.708,0.0,0.0,0.0,980.6431322508199,0.0,0.0,0.0,0.0,0.0,0.0,231.708
3394,scenario_1,145.957,445.3111815737604,0.0,299.3541815737604,0.0,980.6431322508199,0.0,0.0,0.0,0.0,0.0,0.0,445.3111815737604
3395,scenario_1,110.668,430.91431482951685,0.0,320.24631482951685,0.0,1265.0296047458924,0.0,0.0,0.0,0.0,0.0,0.0,430.91431482951685
3396,scenario_1,95.911,95.911,0.0,0.0,0.0,1569.2636038339333,0.0,0.0,0.0,0.0,0.0,0.0,95.911
3397,scenario_1,112.599,477.85418972494796,0.0,365.25518972494797,0.0,1569.2636038339333,0.0,0.0,0.0,0.0,0.0,0.0,477.85418972494796
3398,scenario_1,92.159,149.16821127405166,0.0,57.00921127405165,0.0,1916.2560340726338,0.0,0.0,0.0,0.0,0.0,0.0,149.16821127405166
3399,scenario_1,11.6,11.6,0.0,0.0,0.0,1970.414784782983,0.0,0.0,0.0,0.0,0.0,0.0,11.6
3400,scenario_1,170.858,116.41019381961794,0.0,0.0,54.44780618038206,1970.414784782983,0.0,0.0,0.0,0.0,0.0,0.0,116.41019381961794
3401,scenario_1,18.214,17.545909500386294,0.0,0.0,0.6680904996137045,1913.6983200117515,0.0,0.0,0.0,0.0,0.0,0.0,17.545909500386294
3402,scenario_1,256.653,0.0,61.3917014289115,0.0,195.2612985710885,1913.0023924079874,0.0,20.463900476303834,0.0,0.0,0.0,0.0,0.0
3403,scenario_1,288.202,0.0,48.70874036970392,0.0,239.49325963029608,1709.6052063964369,0.0,16.236246789901305,0.0,0.0,0.0,0.0,0.0
3404,scenario_1,241.363,0.0,0.0,0.0,241.363,1460.1330609482118,0.0,0.0,0.0,0.0,0.0,0.0,0.0
3405,scenario_1,152.152,0.0,61.3917014289115,0.0,90.76029857108848,1208.713269281545,0.0,20.463900476303834,0.0,0.0,0.0,0.0,0.0
3406,scenario_1,80.842,0.0,0.0,0.0,80.842,1114.171291603328,0.0,0.0,0.0,0.0,0.0,0.0,0.0
3407,scenario_1,37.844,0.0,0.0,0.0,37.844,1029.9608749366614,0.0,0.0,0.0,0.0,0.0,0.0,0.0
3408,scenario_1,38.604,0.0,0.0,0.0,38.604,990.5400416033282,0.0,0.0,0.0,0.0,0.0,0.0,0.0
3409,scenario_1,45.368,0.0,0.0,0.0,45.368,950.3275416033282,0.0,0.0,0.0,0.0,0.0,0.0,0.0
3410,scenario_1,4.739,0.0,0.0,0.0,4.739,903.0692082699949,0.0,0.0,0.0,0.0,0.0,0.0,0.0
3411,scenario_1,55.558,0.0,0.0,0.0,55.558,898.1327499366615,0.0,0.0,0.0,0.0,0.0,0.0,0.0
3412,scenario_1,59.353,0.0,0.0,0.0,59.353,840.2598332699948,0.0,0.0,0.0,0.0,0.0,0.0,0.0
3413,scenario_1,7.103,0.0,0.0,0.0,7.103,778.4337916033281,0.0,0.0,0.0,0.0,0.0,0.0,0.0
3414,scenario_1,129.922,12.613569050847858,61.3917014289115,0.0,55.91672952024064,771.0348332699948,0.0,20.463900476303834,0.0,0.0,0.0,0.0,12.613569050847858
3415,scenario_1,191.422,37.35356241678669,61.3917014289115,0.0,92.67673615430182,712.7882400197442,0.0,20.463900476303834,0.0,0.0,0.0,0.0,37.35356241678669
3416,scenario_1,257.453,160.0879387881056,0.0,0.0,97.36506121189439,616.2499731923465,0.0,0.0,0.0,0.0,0.0,0.0,160.0879387881056
3417,scenario_1,226.286,138.92323982209675,0.0,0.0,87.36276017790325,514.8280344299565,0.0,0.0,0.0,0.0,0.0,0.0,138.92323982209675
3418,scenario_1,126.568,212.27331860606165,0.0,85.70531860606165,0.0,423.82515924464053,0.0,0.0,0.0,0.0,0.0,0.0,212.27331860606165
3419,scenario_1,117.131,278.8381671419843,0.0,161.70716714198429,0.0,505.24521192039913,0.0,0.0,0.0,0.0,0.0,0.0,278.8381671419843
3420,scenario_1,88.569,482.6519569565966,0.0,394.0829569565966,0.0,658.8670207052842,0.0,0.0,0.0,0.0,0.0,0.0,482.6519569565966
3421,scenario_1,101.471,495.5539569565966,0.0,394.0829569565966,0.0,1033.245829814051,0.0,0.0,0.0,0.0,0.0,0.0,495.5539569565966
3422,scenario_1,125.017,461.8045104843863,0.0,336.7875104843863,0.0,1407.6246389228177,0.0,0.0,0.0,0.0,0.0,0.0,461.8045104843863
3423,scenario_1,124.776,332.0413314971467,0.0,207.2653314971467,0.0,1727.5727738829846,0.0,0.0,0.0,0.0,0.0,0.0,332.0413314971467
3424,scenario_1,168.412,160.07054076182857,0.0,0.0,8.341459238171439,1924.474838805274,0.0,0.0,0.0,0.0,0.0,0.0,160.07054076182857
3425,scenario_1,207.425,37.25787327226301,0.0,0.0,170.167126727737,1915.785818765512,0.0,0.0,0.0,0.0,0.0,0.0,37.25787327226301
3426,scenario_1,246.728,0.0,61.3917014289115,0.0,185.3362985710885,1738.5283950907858,0.0,20.463900476303834,0.0,0.0,0.0,0.0,0.0
3427,scenario_1,268.833,0.0,61.3917014289115,0.0,207.4412985710885,1545.469750745902,0.0,20.463900476303834,0.0,0.0,0.0,0.0,0.0
3428,scenario_1,233.577,0.0,0.0,0.0,233.577,1329.3850647343515,0.0,0.0,0.0,0.0,0.0,0.0,0.0
3429,scenario_1,143.749,0.0,0.0,0.0,143.749,1086.0756897343515,0.0,0.0,0.0,0.0,0.0,0.0,0.0
3430,scenario_1,76.685,0.0,0.0,0.0,76.685,936.3371480676848,0.0,0.0,0.0,0.0,0.0,0.0,0.0
3431,scenario_1,43.275,0.0,0.0,0.0,43.275,856.4569397343514,0.0,0.0,0.0,0.0,0.0,0.0,0.0
3432,scenario_1,19.802,0.0,0.0,0.0,19.802,811.3788147343514,0.0,0.0,0.0,0.0,0.0,0.0,0.0
3433,scenario_1,2.423,0.0,0.0,0.0,2.423,790.7517314010181,0.0,0.0,0.0,0.0,0.0,0.0,0.0
3434,scenario_1,36.913,0.0,0.0,0.0,36.913,788.2277730676848,0.0,0.0,0.0,0.0,0.0,0.0,0.0
3435,scenario_1,41.747,0.0,0.0,0.0,41.747,749.7767314010181,0.0,0.0,0.0,0.0,0.0,0.0,0.0
3436,scenario_1,52.345,0.0,0.0,0.0,52.345,706.2902730676848,0.0,0.0,0.0,0.0,0.0,0.0,0.0
3437,scenario_1,70.255,0.0,0.0,0.0,70.255,651.7642314010182,0.0,0.0,0.0,0.0,0.0,0.0,0.0
3438,scenario_1,146.751,39.18035517587499,0.0,0.0,107.57064482412501,578.5819397343515,0.0,0.0,0.0,0.0,0.0,0.0,39.18035517587499
3439,scenario_1,228.027,158.4786213574802,0.0,0.0,69.5483786425198,466.5291847092213,0.0,0.0,0.0,0.0,0.0,0.0,158.4786213574802
3440,scenario_1,262.971,262.971,0.0,0.0,0.0,394.0829569565965,0.0,0.0,0.0,0.0,0.0,0.0,262.971
3441,scenario_1,218.792,395.85729188129835,0.0,177.06529188129835,0.0,394.0829569565965,0.0,0.0,0.0,0.0,0.0,0.0,395.85729188129835
3442,scenario_1,144.437,530.1613557268432,0.0,385.7243557268432,0.0,562.29498424383,0.0,0.0,0.0,0.0,0.0,0.0,530.1613557268432
3443,scenario_1,11.969,406.0519569565966,0.0,394.0829569565966,0.0,928.733122184331,0.0,0.0,0.0,0.0,0.0,0.0,406.0519569565966
3444,scenario_1,117.323,511.4059569565966,0.0,394.0829569565966,0.0,1303.1119312930978,0.0,0.0,0.0,0.0,0.0,0.0,511.4059569565966
3445,scenario_1,101.862,101.862,0.0,0.0,0.0,1677.4907404018645,0.0,0.0,0.0,0.0,0.0,0.0,101.862
3446,scenario_1,138.534,138.534,0.0,0.0,0.0,1677.4907404018645,0.0,0.0,0.0,0.0,0.0,0.0,138.534
3447,scenario_1,11.011,319.3520993485457,0.0,308.3410993485457,0.0,1677.4907404018645,0.0,0.0,0.0,0.0,0.0,0.0,319.3520993485457
3448,scenario_1,124.393,124.393,0.0,0.0,0.0,1970.414784782983,0.0,0.0,0.0,0.0,0.0,0.0,124.393
3449,scenario_1,166.012,40.31122688388205,0.0,0.0,125.70077311611794,1970.414784782983,0.0,0.0,0.0,0.0,0.0,0.0,40.31122688388205
3450,scenario_1,22.488,0.0,0.0,0.0,22.488,1839.4764794536934,0.0,0.0,0.0,0.0,0.0,0.0,0.0
3451,scenario_1,263.855,0.0,0.0,0.0,263.855,1816.0514794536934,0.0,0.0,0.0,0.0,0.0,0.0,0.0
3452,scenario_1,229.398,0.0,0.0,0.0,229.398,1541.20252112036,0.0,0.0,0.0,0.0,0.0,0.0,0.0
3453,scenario_1,157.733,0.0,0.0,0.0,157.733,1302.24627112036,0.0,0.0,0.0,0.0,0.0,0.0,0.0
3454,scenario_1,73.217,0.0,0.0,0.0,73.217,1137.9410627870266,0.0,0.0,0.0,0.0,0.0,0.0,0.0
3455,scenario_1,42.294,0.0,0.0,0.0,42.294,1061.6733544536933,0.0,0.0,0.0,0.0,0.0,0.0,0.0
3456,scenario_1,37.104,0.0,0.0,0.0,37.104,1017.6171044536933,0.0,0.0,0.0,0.0,0.0,0.0,0.0
3457,scenario_1,41.949,0.0,0.0,0.0,41.949,978.9671044536933,0.0,0.0,0.0,0.0,0.0,0.0,0.0
3458,scenario_1,45.851,0.0,0.0,0.0,45.851,935.2702294536933,0.0,0.0,0.0,0.0,0.0,0.0,0.0
3459,scenario_1,43.425,0.0,0.0,0.0,43.425,887.50877112036,0.0,0.0,0.0,0.0,0.0,0.0,0.0
3460,scenario_1,46.664,0.0,0.0,0.0,46.664,842.27439612036,0.0,0.0,0.0,0.0,0.0,0.0,0.0
3461,scenario_1,60.789,0.0,0.0,0.0,60.789,793.6660627870267,0.0,0.0,0.0,0.0,0.0,0.0,0.0
3462,scenario_1,124.209,38.71060846639514,0.0,0.0,85.49839153360486,730.3441877870267,0.0,0.0,0.0,0.0,0.0,0.0,38.71060846639514
3463,scenario_1,219.499,167.0906443646108,0.0,0.0,52.4083556353892,641.283363272855,0.0,0.0,0.0,0.0,0.0,0.0,167.0906443646108
3464,scenario_1,266.304,266.304,0.0,0.0,0.0,586.6913261526579,0.0,0.0,0.0,0.0,0.0,0.0,266.304
3465,scenario_1,209.424,436.516479290721,0.0,227.092479290721,0.0,586.6913261526579,0.0,0.0,0.0,0.0,0.0,0.0,436.516479290721
3466,scenario_1,128.997,176.206658924042,0.0,47.20965892404198,0.0,802.4291814788428,0.0,0.0,0.0,0.0,0.0,0.0,176.206658924042
3467,scenario_1,110.049,504.1319569565966,0.0,394.0829569565966,0.0,847.2783574566827,0.0,0.0,0.0,0.0,0.0,0.0,504.1319569565966
3468,scenario_1,103.378,497.4609569565966,0.0,394.0829569565966,0.0,1221.6571665654494,0.0,0.0,0.0,0.0,0.0,0.0,497.4609569565966
3469,scenario_1,121.477,515.5599569565966,0.0,394.0829569565966,0.0,1596.0359756742162,0.0,0.0,0.0,0.0,0.0,0.0,515.5599569565966
3470,scenario_1,11.276,11.276,0.0,0.0,0.0,1970.414784782983,0.0,0.0,0.0,0.0,0.0,0.0,11.276
3471,scenario_1,127.714,127.714,0.0,0.0,0.0,1970.414784782983,0.0,0.0,0.0,0.0,0.0,0.0,127.714
3472,scenario_1,138.329,138.329,0.0,0.0,0.0,1970.414784782983,0.0,0.0,0.0,0.0,0.0,0.0,138.329
3473,scenario_1,218.387,40.624391356868614,0.0,0.0,177.7626086431314,1970.414784782983,0.0,0.0,0.0,0.0,0.0,0.0,40.624391356868614
3474,scenario_1,261.411,0.0,61.3917014289115,0.0,200.01929857108848,1785.245400779721,0.0,20.463900476303834,0.0,0.0,0.0,0.0,0.0
3475,scenario_1,300.165,0.0,61.3917014289115,0.0,238.7732985710885,1576.8919647681705,0.0,20.463900476303834,0.0,0.0,0.0,0.0,0.0
3476,scenario_1,248.236,0.0,0.0,0.0,248.236,1328.16977875662,0.0,0.0,0.0,0.0,0.0,0.0,0.0
3477,scenario_1,168.234,0.0,0.0,0.0,168.234,1069.5906120899533,0.0,0.0,0.0,0.0,0.0,0.0,0.0
3478,scenario_1,96.748,0.0,0.0,0.0,96.748,894.3468620899532,0.0,0.0,0.0,0.0,0.0,0.0,0.0
3479,scenario_1,42.848,0.0,0.0,0.0,42.848,793.5676954232865,0.0,0.0,0.0,0.0,0.0,0.0,0.0
3480,scenario_1,20.383,0.0,20.383,0.0,0.0,748.9343620899532,0.0,6.794333333333333,0.0,0.0,0.0,0.0,0.0
3481,scenario_1,29.147,0.0,0.0,0.0,29.147,748.9343620899532,0.0,0.0,0.0,0.0,0.0,0.0,0.0
3482,scenario_1,43.739,0.0,0.0,0.0,43.739,718.5729037566199,0.0,0.0,0.0,0.0,0.0,0.0,0.0
3483,scenario_1,45.244,0.0,0.0,0.0,45.244,673.0114454232865,0.0,0.0,0.0,0.0,0.0,0.0,0.0
3484,scenario_1,55.248,0.0,0.0,0.0,55.248,625.8822787566198,0.0,0.0,0.0,0.0,0.0,0.0,0.0
3485,scenario_1,64.965,0.0,15.319758427739735,0.0,49.64524157226027,568.3322787566199,0.0,5.1065861425799115,0.0,0.0,0.0,0.0,0.0
3486,scenario_1,130.196,40.18944069994282,0.0,0.0,90.00655930005718,516.6184854521821,0.0,0.0,0.0,0.0,0.0,0.0,40.18944069994282
3487,scenario_1,188.481,160.85345194429496,0.0,0.0,27.627548055705034,422.8616528479559,0.0,0.0,0.0,0.0,0.0,0.0,160.85345194429496
3488,scenario_1,19.12,308.57139404943115,0.0,289.45139404943114,0.0,394.0829569565965,0.0,0.0,0.0,0.0,0.0,0.0,308.57139404943115
3489,scenario_1,190.129,460.7954249603185,0.0,270.6664249603185,0.0,669.061781303556,0.0,0.0,0.0,0.0,0.0,0.0,460.7954249603185
3490,scenario_1,144.834,497.40957126033135,0.0,352.57557126033134,0.0,926.1948850158585,0.0,0.0,0.0,0.0,0.0,0.0,497.40957126033135
3491,scenario_1,142.651,142.651,0.0,0.0,0.0,1261.1416777131733,0.0,0.0,0.0,0.0,0.0,0.0,142.651
3492,scenario_1,134.408,134.408,0.0,0.0,0.0,1261.1416777131733,0.0,0.0,0.0,0.0,0.0,0.0,134.408
3493,scenario_1,11.396,405.4789569565966,0.0,394.0829569565966,0.0,1261.1416777131733,0.0,0.0,0.0,0.0,0.0,0.0,405.4789569565966
3494,scenario_1,133.826,338.09791627674133,0.0,204.27191627674134,0.0,1635.52048682194,0.0,0.0,0.0,0.0,0.0,0.0,338.09791627674133
3495,scenario_1,147.953,296.2013973664618,0.0,148.24839736646177,0.0,1829.5788072848443,0.0,0.0,0.0,0.0,0.0,0.0,296.2013973664618
3496,scenario_1,177.147,153.32880557947885,0.0,0.0,23.818194420521138,1970.414784782983,0.0,0.0,0.0,0.0,0.0,0.0,153.32880557947885
3497,scenario_1,197.367,40.30252787074353,0.0,0.0,157.06447212925644,1945.60416559494,0.0,0.0,0.0,0.0,0.0,0.0,40.30252787074353
3498,scenario_1,235.053,0.0,0.0,0.0,235.053,1781.995340460298,0.0,0.0,0.0,0.0,0.0,0.0,0.0
3499,scenario_1,21.925,0.0,0.0,0.0,21.925,1537.148465460298,0.0,0.0,0.0,0.0,0.0,0.0,0.0
3500,scenario_1,180.435,0.0,0.0,0.0,180.435,1514.3099237936312,0.0,0.0,0.0,0.0,0.0,0.0,0.0
3501,scenario_1,143.362,0.0,0.0,0.0,143.362,1326.3567987936312,0.0,0.0,0.0,0.0,0.0,0.0,0.0
3502,scenario_1,91.901,0.0,0.0,0.0,91.901,1177.0213821269645,0.0,0.0,0.0,0.0,0.0,0.0,0.0
3503,scenario_1,47.505,0.0,0.0,0.0,47.505,1081.291173793631,0.0,0.0,0.0,0.0,0.0,0.0,0.0
3504,scenario_1,3.786,0.0,0.0,0.0,3.786,1031.806798793631,0.0,0.0,0.0,0.0,0.0,0.0,0.0
3505,scenario_1,43.654,0.0,0.0,0.0,43.654,1027.8630487936312,0.0,0.0,0.0,0.0,0.0,0.0,0.0
3506,scenario_1,44.717,0.0,0.0,0.0,44.717,982.3901321269644,0.0,0.0,0.0,0.0,0.0,0.0,0.0
3507,scenario_1,48.442,0.0,0.0,0.0,48.442,935.8099237936311,0.0,0.0,0.0,0.0,0.0,0.0,0.0
3508,scenario_1,65.041,0.0,0.0,0.0,65.041,885.3495071269645,0.0,0.0,0.0,0.0,0.0,0.0,0.0
3509,scenario_1,87.543,0.0,0.0,0.0,87.543,817.5984654602978,0.0,0.0,0.0,0.0,0.0,0.0,0.0
3510,scenario_1,139.102,40.72877951453081,0.0,0.0,98.3732204854692,726.4078404602978,0.0,0.0,0.0,0.0,0.0,0.0,40.72877951453081
3511,scenario_1,171.733,124.59596518296128,0.0,0.0,47.137034817038725,623.935735787934,0.0,0.0,0.0,0.0,0.0,0.0,124.59596518296128
3512,scenario_1,20.72,20.72,0.0,0.0,0.0,574.8346578535187,0.0,0.0,0.0,0.0,0.0,0.0,20.72
3513,scenario_1,16.715,410.7979569565966,0.0,394.0829569565966,0.0,574.8346578535187,0.0,0.0,0.0,0.0,0.0,0.0,410.7979569565966
3514,scenario_1,154.705,539.1300382726529,0.0,384.42503827265284,0.0,949.2134669622855,0.0,0.0,0.0,0.0,0.0,0.0,539.1300382726529
3515,scenario_1,175.132,519.4093754876377,0.0,344.2773754876377,0.0,1314.4172533213057,0.0,0.0,0.0,0.0,0.0,0.0,519.4093754876377
3516,scenario_1,147.418,147.418,0.0,0.0,0.0,1641.4807600345614,0.0,0.0,0.0,0.0,0.0,0.0,147.418
3517,scenario_1,133.893,465.9017456726272,0.0,332.00874567262724,0.0,1641.4807600345614,0.0,0.0,0.0,0.0,0.0,0.0,465.9017456726272
3518,scenario_1,144.373,158.6105961678164,0.0,14.237596167816408,0.0,1956.8890684235573,0.0,0.0,0.0,0.0,0.0,0.0,158.6105961678164
3519,scenario_1,143.028,143.028,0.0,0.0,0.0,1970.414784782983,0.0,0.0,0.0,0.0,0.0,0.0,143.028
3520,scenario_1,183.392,182.39220847526,0.0,0.0,0.9997915247400044,1970.414784782983,0.0,0.0,0.0,0.0,0.0,0.0,182.39220847526
3521,scenario_1,215.135,40.7809735933619,0.0,0.0,174.3540264066381,1969.3733352780455,0.0,0.0,0.0,0.0,0.0,0.0,40.7809735933619
3522,scenario_1,230.804,0.0,0.0,0.0,230.804,1787.7545577711307,0.0,0.0,0.0,0.0,0.0,0.0,0.0
3523,scenario_1,242.894,0.0,0.0,0.0,242.894,1547.3337244377974,0.0,0.0,0.0,0.0,0.0,0.0,0.0
3524,scenario_1,194.527,0.0,0.0,0.0,194.527,1294.319141104464,0.0,0.0,0.0,0.0,0.0,0.0,0.0
3525,scenario_1,129.868,0.0,0.0,0.0,129.868,1091.6868494377973,0.0,0.0,0.0,0.0,0.0,0.0,0.0
3526,scenario_1,89.402,0.0,0.0,0.0,89.402,956.4076827711306,0.0,0.0,0.0,0.0,0.0,0.0,0.0
3527,scenario_1,30.138,0.0,0.0,0.0,30.138,863.2805994377973,0.0,0.0,0.0,0.0,0.0,0.0,0.0
3528,scenario_1,36.993,0.0,0.0,0.0,36.993,831.8868494377973,0.0,0.0,0.0,0.0,0.0,0.0,0.0
3529,scenario_1,38.386,0.0,0.0,0.0,38.386,793.3524744377974,0.0,0.0,0.0,0.0,0.0,0.0,0.0
3530,scenario_1,55.394,0.0,0.0,0.0,55.394,753.3670577711307,0.0,0.0,0.0,0.0,0.0,0.0,0.0
3531,scenario_1,40.572,0.0,0.0,0.0,40.572,695.6649744377974,0.0,0.0,0.0,0.0,0.0,0.0,0.0
3532,scenario_1,46.891,0.0,0.0,0.0,46.891,653.4024744377973,0.0,0.0,0.0,0.0,0.0,0.0,0.0
3533,scenario_1,60.943,0.0,0.0,0.0,60.943,604.5576827711307,0.0,0.0,0.0,0.0,0.0,0.0,0.0
3534,scenario_1,118.637,40.415615041544235,0.0,0.0,78.22138495845576,541.075391104464,0.0,0.0,0.0,0.0,0.0,0.0,40.415615041544235
3535,scenario_1,225.975,163.89810654277548,0.0,0.0,62.076893457224514,459.5947817727392,0.0,0.0,0.0,0.0,0.0,0.0,163.89810654277548
3536,scenario_1,268.756,268.756,0.0,0.0,0.0,394.9313510881303,0.0,0.0,0.0,0.0,0.0,0.0,268.756
3537,scenario_1,215.029,215.029,0.0,0.0,0.0,394.9313510881303,0.0,0.0,0.0,0.0,0.0,0.0,215.029
3538,scenario_1,141.889,535.9719569565966,0.0,394.0829569565966,0.0,394.9313510881303,0.0,0.0,0.0,0.0,0.0,0.0,535.9719569565966
3539,scenario_1,107.341,501.4239569565966,0.0,394.0829569565966,0.0,769.3101601968971,0.0,0.0,0.0,0.0,0.0,0.0,501.4239569565966
3540,scenario_1,103.597,497.6799569565966,0.0,394.0829569565966,0.0,1143.6889693056637,0.0,0.0,0.0,0.0,0.0,0.0,497.6799569565966
3541,scenario_1,102.239,102.239,0.0,0.0,0.0,1518.0677784144304,0.0,0.0,0.0,0.0,0.0,0.0,102.239
3542,scenario_1,105.987,417.8287751990242,0.0,311.84177519902426,0.0,1518.0677784144304,0.0,0.0,0.0,0.0,0.0,0.0,417.8287751990242
3543,scenario_1,147.894,147.894,0.0,0.0,0.0,1814.3174648535035,0.0,0.0,0.0,0.0,0.0,0.0,147.894
3544,scenario_1,16.67,180.98296834682046,0.0,164.31296834682047,0.0,1814.3174648535035,0.0,0.0,0.0,0.0,0.0,0.0,180.98296834682046
3545,scenario_1,18.289,18.289,0.0,0.0,0.0,1970.414784782983,0.0,0.0,0.0,0.0,0.0,0.0,18.289
3546,scenario_1,257.079,0.0,39.14574472965646,0.0,217.93325527034355,1970.414784782983,0.0,13.048581576552152,0.0,0.0,0.0,0.0,0.0
3547,scenario_1,281.964,0.0,61.3917014289115,0.0,220.57229857108848,1743.4009772097083,0.0,20.463900476303834,0.0,0.0,0.0,0.0,0.0
3548,scenario_1,251.779,0.0,0.0,0.0,251.779,1513.6381661981577,0.0,0.0,0.0,0.0,0.0,0.0,0.0
3549,scenario_1,190.404,0.0,0.0,0.0,190.404,1251.368374531491,0.0,0.0,0.0,0.0,0.0,0.0,0.0
3550,scenario_1,92.119,0.0,0.0,0.0,92.119,1053.030874531491,0.0,0.0,0.0,0.0,0.0,0.0,0.0
3551,scenario_1,43.045,0.0,0.0,0.0,43.045,957.0735828648244,0.0,0.0,0.0,0.0,0.0,0.0,0.0
3552,scenario_1,34.729,0.0,0.0,0.0,34.729,912.2350411981578,0.0,0.0,0.0,0.0,0.0,0.0,0.0
3553,scenario_1,47.321,0.0,0.0,0.0,47.321,876.058999531491,0.0,0.0,0.0,0.0,0.0,0.0,0.0
3554,scenario_1,47.867,0.0,0.0,0.0,47.867,826.7662911981577,0.0,0.0,0.0,0.0,0.0,0.0,0.0
3555,scenario_1,44.831,0.0,0.0,0.0,44.831,776.9048328648244,0.0,0.0,0.0,0.0,0.0,0.0,0.0
3556,scenario_1,49.158,0.0,0.0,0.0,49.158,730.2058745314911,0.0,0.0,0.0,0.0,0.0,0.0,0.0
3557,scenario_1,87.539,0.0,0.0,0.0,87.539,678.9996245314911,0.0,0.0,0.0,0.0,0.0,0.0,0.0
3558,scenario_1,129.244,36.62284531315136,0.0,0.0,92.62115468684864,587.8131661981578,0.0,0.0,0.0,0.0,0.0,0.0,36.62284531315136
3559,scenario_1,210.782,129.92846023687144,0.0,0.0,80.85353976312857,491.3327967326904,0.0,0.0,0.0,0.0,0.0,0.0,129.92846023687144
3560,scenario_1,237.341,224.83469357807843,0.0,0.0,12.506306421921579,407.11035947943145,0.0,0.0,0.0,0.0,0.0,0.0,224.83469357807843
3561,scenario_1,207.107,337.6347969452123,0.0,130.52779694521232,0.0,394.0829569565965,0.0,0.0,0.0,0.0,0.0,0.0,337.6347969452123
3562,scenario_1,143.653,143.653,0.0,0.0,0.0,518.0843640545481,0.0,0.0,0.0,0.0,0.0,0.0,143.653
3563,scenario_1,119.766,513.8489569565966,0.0,394.0829569565966,0.0,518.0843640545481,0.0,0.0,0.0,0.0,0.0,0.0,513.8489569565966
3564,scenario_1,122.743,516.8259569565967,0.0,394.0829569565966,0.0,892.4631731633149,0.0,0.0,0.0,0.0,0.0,0.0,516.8259569565967
3565,scenario_1,101.897,495.9799569565966,0.0,394.0829569565966,0.0,1266.8419822720816,0.0,0.0,0.0,0.0,0.0,0.0,495.9799569565966
3566,scenario_1,98.895,445.41499305487844,0.0,346.51999305487846,0.0,1641.2207913808484,0.0,0.0,0.0,0.0,0.0,0.0,445.41499305487844
3567,scenario_1,118.209,118.209,0.0,0.0,0.0,1970.414784782983,0.0,0.0,0.0,0.0,0.0,0.0,118.209
3568,scenario_1,166.961,166.961,0.0,0.0,0.0,1970.414784782983,0.0,0.0,0.0,0.0,0.0,0.0,166.961
3569,scenario_1,208.311,41.57258378896683,0.0,0.0,166.73841621103318,1970.414784782983,0.0,0.0,0.0,0.0,0.0,0.0,41.57258378896683
3570,scenario_1,255.606,0.0,52.818263194482654,0.0,202.78773680551734,1796.7289345631566,0.0,17.606087731494217,0.0,0.0,0.0,0.0,0.0
3571,scenario_1,273.762,0.0,0.0,0.0,273.762,1585.491708724076,0.0,0.0,0.0,0.0,0.0,0.0,0.0
3572,scenario_1,221.383,0.0,0.0,0.0,221.383,1300.322958724076,0.0,0.0,0.0,0.0,0.0,0.0,0.0
3573,scenario_1,148.485,0.0,0.0,0.0,148.485,1069.7156670574093,0.0,0.0,0.0,0.0,0.0,0.0,0.0
3574,scenario_1,69.543,0.0,0.0,0.0,69.543,915.0437920574093,0.0,0.0,0.0,0.0,0.0,0.0,0.0
3575,scenario_1,37.318,0.0,0.0,0.0,37.318,842.6031670574092,0.0,0.0,0.0,0.0,0.0,0.0,0.0
3576,scenario_1,1.746,0.0,0.0,0.0,1.746,803.7302503907425,0.0,0.0,0.0,0.0,0.0,0.0,0.0
3577,scenario_1,2.1,0.0,0.0,0.0,2.1,801.9115003907425,0.0,0.0,0.0,0.0,0.0,0.0,0.0
3578,scenario_1,25.183,0.0,0.0,0.0,25.183,799.7240003907425,0.0,0.0,0.0,0.0,0.0,0.0,0.0
3579,scenario_1,45.792,0.0,0.0,0.0,45.792,773.4917087240758,0.0,0.0,0.0,0.0,0.0,0.0,0.0
3580,scenario_1,57.915,0.0,0.0,0.0,57.915,725.7917087240758,0.0,0.0,0.0,0.0,0.0,0.0,0.0
3581,scenario_1,80.096,0.0,0.0,0.0,80.096,665.4635837240758,0.0,0.0,0.0,0.0,0.0,0.0,0.0
3582,scenario_1,136.016,37.21437820657044,0.0,0.0,98.80162179342955,582.0302503907424,0.0,0.0,0.0,0.0,0.0,0.0,37.21437820657044
3583,scenario_1,215.436,133.80822009664948,0.0,0.0,81.62777990335053,479.11189435591996,0.0,0.0,0.0,0.0,0.0,0.0,133.80822009664948
3584,scenario_1,271.954,271.954,0.0,0.0,0.0,394.0829569565965,0.0,0.0,0.0,0.0,0.0,0.0,271.954
3585,scenario_1,220.369,431.9929924586928,0.0,211.6239924586928,0.0,394.0829569565965,0.0,0.0,0.0,0.0,0.0,0.0,431.9929924586928
3586,scenario_1,136.929,431.72332305139884,0.0,294.7943230513988,0.0,595.1257497923547,0.0,0.0,0.0,0.0,0.0,0.0,431.72332305139884
3587,scenario_1,119.073,500.0627702675786,0.0,380.98977026757865,0.0,875.1803566911835,0.0,0.0,0.0,0.0,0.0,0.0,500.0627702675786
3588,scenario_1,110.785,504.8679569565966,0.0,394.0829569565966,0.0,1237.1206384453833,0.0,0.0,0.0,0.0,0.0,0.0,504.8679569565966
3589,scenario_1,107.624,458.75115687276735,0.0,351.1271568727674,0.0,1611.49944755415,0.0,0.0,0.0,0.0,0.0,0.0,458.75115687276735
3590,scenario_1,111.985,138.66346126284625,0.0,26.678461262846263,0.0,1945.070246583279,0.0,0.0,0.0,0.0,0.0,0.0,138.66346126284625
3591,scenario_1,135.496,135.496,0.0,0.0,0.0,1970.414784782983,0.0,0.0,0.0,0.0,0.0,0.0,135.496
3592,scenario_1,150.341,150.341,0.0,0.0,0.0,1970.414784782983,0.0,0.0,0.0,0.0,0.0,0.0,150.341
3593,scenario_1,174.861,42.96442589112936,0.0,0.0,131.89657410887062,1970.414784782983,0.0,0.0,0.0,0.0,0.0,0.0,42.96442589112936
3594,scenario_1,258.831,0.0,61.3917014289115,0.0,197.4392985710885,1833.0225200862426,0.0,20.463900476303834,0.0,0.0,0.0,0.0,0.0
3595,scenario_1,300.293,0.0,0.0,0.0,300.293,1627.3565840746921,0.0,0.0,0.0,0.0,0.0,0.0,0.0
3596,scenario_1,259.048,0.0,0.0,0.0,259.048,1314.5513757413587,0.0,0.0,0.0,0.0,0.0,0.0,0.0
3597,scenario_1,157.425,0.0,0.0,0.0,157.425,1044.709709074692,0.0,0.0,0.0,0.0,0.0,0.0,0.0
3598,scenario_1,70.525,0.0,0.0,0.0,70.525,880.725334074692,0.0,0.0,0.0,0.0,0.0,0.0,0.0
3599,scenario_1,48.508,0.0,0.0,0.0,48.508,807.2617924080254,0.0,0.0,0.0,0.0,0.0,0.0,0.0
3600,scenario_1,18.061,0.0,0.0,0.0,18.061,756.7326257413587,0.0,0.0,0.0,0.0,0.0,0.0,0.0
3601,scenario_1,21.676,0.0,0.0,0.0,21.676,737.919084074692,0.0,0.0,0.0,0.0,0.0,0.0,0.0
3602,scenario_1,24.502,0.0,0.0,0.0,24.502,715.3399174080254,0.0,0.0,0.0,0.0,0.0,0.0,0.0
3603,scenario_1,38.694,0.0,0.0,0.0,38.694,689.8170007413587,0.0,0.0,0.0,0.0,0.0,0.0,0.0
3604,scenario_1,54.294,0.0,0.0,0.0,54.294,649.5107507413587,0.0,0.0,0.0,0.0,0.0,0.0,0.0
3605,scenario_1,82.675,0.0,49.613178607019435,0.0,33.06182139298056,592.9545007413587,0.0,16.53772620233981,0.0,0.0,0.0,0.0,0.0
3606,scenario_1,113.997,39.11946208390539,0.0,0.0,74.87753791609461,558.515103457004,0.0,0.0,0.0,0.0,0.0,0.0,39.11946208390539
3607,scenario_1,242.726,159.74867727570347,0.0,0.0,82.97732272429653,480.5176681277387,0.0,0.0,0.0,0.0,0.0,0.0,159.74867727570347
3608,scenario_1,270.903,313.1644729865675,0.0,42.26147298656747,0.0,394.0829569565965,0.0,0.0,0.0,0.0,0.0,0.0,313.1644729865675
3609,scenario_1,252.662,404.13875238916535,0.0,151.47675238916534,0.0,434.2313562938356,0.0,0.0,0.0,0.0,0.0,0.0,404.13875238916535
3610,scenario_1,160.897,480.57798398130774,0.0,319.68098398130775,0.0,578.1342710635427,0.0,0.0,0.0,0.0,0.0,0.0,480.57798398130774
3611,scenario_1,115.773,509.85595695659663,0.0,394.0829569565966,0.0,881.831205845785,0.0,0.0,0.0,0.0,0.0,0.0,509.85595695659663
3612,scenario_1,107.993,496.0351271844458,0.0,388.0421271844458,0.0,1256.2100149545518,0.0,0.0,0.0,0.0,0.0,0.0,496.0351271844458
3613,scenario_1,107.247,470.9993673717975,0.0,363.7523673717975,0.0,1624.8500357797752,0.0,0.0,0.0,0.0,0.0,0.0,470.9993673717975
3614,scenario_1,101.117,101.117,0.0,0.0,0.0,1970.414784782983,0.0,0.0,0.0,0.0,0.0,0.0,101.117
3615,scenario_1,117.705,117.705,0.0,0.0,0.0,1970.414784782983,0.0,0.0,0.0,0.0,0.0,0.0,117.705
3616,scenario_1,142.495,142.495,0.0,0.0,0.0,1970.414784782983,0.0,0.0,0.0,0.0,0.0,0.0,142.495
3617,scenario_1,201.407,41.02454596124034,0.0,0.0,160.38245403875968,1970.414784782983,0.0,0.0,0.0,0.0,0.0,0.0,41.02454596124034
3618,scenario_1,25.739,0.0,0.0,0.0,25.739,1803.3497284926082,0.0,0.0,0.0,0.0,0.0,0.0,0.0
3619,scenario_1,294.608,0.0,0.0,0.0,294.608,1776.5382701592748,0.0,0.0,0.0,0.0,0.0,0.0,0.0
3620,scenario_1,253.357,0.0,0.0,0.0,253.357,1469.6549368259414,0.0,0.0,0.0,0.0,0.0,0.0,0.0
3621,scenario_1,184.488,0.0,0.0,0.0,184.488,1205.7413951592748,0.0,0.0,0.0,0.0,0.0,0.0,0.0
3622,scenario_1,99.131,0.0,0.0,0.0,99.131,1013.5663951592749,0.0,0.0,0.0,0.0,0.0,0.0,0.0
3623,scenario_1,49.178,0.0,0.0,0.0,49.178,910.3049368259415,0.0,0.0,0.0,0.0,0.0,0.0,0.0
3624,scenario_1,23.309,0.0,0.0,0.0,23.309,859.0778534926081,0.0,0.0,0.0,0.0,0.0,0.0,0.0
3625,scenario_1,45.053,0.0,0.0,0.0,45.053,834.7976451592748,0.0,0.0,0.0,0.0,0.0,0.0,0.0
3626,scenario_1,50.682,0.0,0.0,0.0,50.682,787.8674368259415,0.0,0.0,0.0,0.0,0.0,0.0,0.0
3627,scenario_1,50.698,0.0,0.0,0.0,50.698,735.0736868259414,0.0,0.0,0.0,0.0,0.0,0.0,0.0
3628,scenario_1,59.385,0.0,0.0,0.0,59.385,682.2632701592747,0.0,0.0,0.0,0.0,0.0,0.0,0.0
3629,scenario_1,84.133,0.0,42.255733570964374,0.0,41.87726642903562,620.4038951592747,0.0,14.085244523654792,0.0,0.0,0.0,0.0,0.0
3630,scenario_1,128.665,36.579350247458784,0.0,0.0,92.0856497525412,576.7817426290293,0.0,0.0,0.0,0.0,0.0,0.0,36.579350247458784
3631,scenario_1,210.102,126.79681550700576,0.0,0.0,83.30518449299424,480.8591908034655,0.0,0.0,0.0,0.0,0.0,0.0,126.79681550700576
3632,scenario_1,269.677,269.677,0.0,0.0,0.0,394.0829569565965,0.0,0.0,0.0,0.0,0.0,0.0,269.677
3633,scenario_1,202.067,202.067,0.0,0.0,0.0,394.0829569565965,0.0,0.0,0.0,0.0,0.0,0.0,202.067
3634,scenario_1,142.894,536.9769569565966,0.0,394.0829569565966,0.0,394.0829569565965,0.0,0.0,0.0,0.0,0.0,0.0,536.9769569565966
3635,scenario_1,106.178,500.2609569565966,0.0,394.0829569565966,0.0,768.4617660653632,0.0,0.0,0.0,0.0,0.0,0.0,500.2609569565966
3636,scenario_1,102.683,496.7659569565966,0.0,394.0829569565966,0.0,1142.84057517413,0.0,0.0,0.0,0.0,0.0,0.0,496.7659569565966
3637,scenario_1,100.969,495.0519569565966,0.0,394.0829569565966,0.0,1517.2193842828967,0.0,0.0,0.0,0.0,0.0,0.0,495.0519569565966
3638,scenario_1,139.303,139.303,0.0,0.0,0.0,1891.5981933916635,0.0,0.0,0.0,0.0,0.0,0.0,139.303
3639,scenario_1,133.216,133.216,0.0,0.0,0.0,1891.5981933916635,0.0,0.0,0.0,0.0,0.0,0.0,133.216
3640,scenario_1,146.465,146.465,0.0,0.0,0.0,1891.5981933916635,0.0,0.0,0.0,0.0,0.0,0.0,146.465
3641,scenario_1,181.489,39.99806241089548,0.0,0.0,141.49093758910453,1891.5981933916635,0.0,0.0,0.0,0.0,0.0,0.0,39.99806241089548
3642,scenario_1,238.283,0.0,0.0,0.0,238.283,1744.2118000696796,0.0,0.0,0.0,0.0,0.0,0.0,0.0
3643,scenario_1,27.278,0.0,0.0,0.0,27.278,1496.0003417363464,0.0,0.0,0.0,0.0,0.0,0.0,0.0
3644,scenario_1,223.924,0.0,0.0,0.0,223.924,1467.585758403013,0.0,0.0,0.0,0.0,0.0,0.0,0.0
3645,scenario_1,150.211,0.0,0.0,0.0,150.211,1234.3315917363464,0.0,0.0,0.0,0.0,0.0,0.0,0.0
3646,scenario_1,96.208,0.0,0.0,0.0,96.208,1077.8618000696797,0.0,0.0,0.0,0.0,0.0,0.0,0.0
3647,scenario_1,45.927,0.0,0.0,0.0,45.927,977.645133403013,0.0,0.0,0.0,0.0,0.0,0.0,0.0
3648,scenario_1,39.109,0.0,0.0,0.0,39.109,929.804508403013,0.0,0.0,0.0,0.0,0.0,0.0,0.0
3649,scenario_1,4.727,0.0,0.0,0.0,4.727,889.0659667363462,0.0,0.0,0.0,0.0,0.0,0.0,0.0
3650,scenario_1,47.741,0.0,0.0,0.0,47.741,884.1420084030129,0.0,0.0,0.0,0.0,0.0,0.0,0.0
3651,scenario_1,43.961,0.0,0.0,0.0,43.961,834.4118000696797,0.0,0.0,0.0,0.0,0.0,0.0,0.0
3652,scenario_1,50.007,0.0,0.0,0.0,50.007,788.6190917363463,0.0,0.0,0.0,0.0,0.0,0.0,0.0
3653,scenario_1,89.145,0.0,0.0,0.0,89.145,736.5284667363462,0.0,0.0,0.0,0.0,0.0,0.0,0.0
3654,scenario_1,136.441,36.12700156425596,0.0,0.0,100.31399843574404,643.6690917363462,0.0,0.0,0.0,0.0,0.0,0.0,36.12700156425596
3655,scenario_1,170.651,157.86099142464556,0.0,0.0,12.790008575354449,539.1753433657796,0.0,0.0,0.0,0.0,0.0,0.0,157.86099142464556
3656,scenario_1,213.044,213.044,0.0,0.0,0.0,525.852417766452,0.0,0.0,0.0,0.0,0.0,0.0,213.044
3657,scenario_1,214.091,440.4571322424686,0.0,226.3661322424686,0.0,525.852417766452,0.0,0.0,0.0,0.0,0.0,0.0,440.4571322424686
3658,scenario_1,172.152,525.4940152127422,0.0,353.34201521274224,0.0,740.9002433967972,0.0,0.0,0.0,0.0,0.0,0.0,525.4940152127422
3659,scenario_1,152.323,546.4059569565966,0.0,394.0829569565966,0.0,1076.5751578489023,0.0,0.0,0.0,0.0,0.0,0.0,546.4059569565966
3660,scenario_1,154.618,548.7009569565967,0.0,394.0829569565966,0.0,1450.953966957669,0.0,0.0,0.0,0.0,0.0,0.0,548.7009569565967
3661,scenario_1,160.691,160.691,0.0,0.0,0.0,1825.3327760664358,0.0,0.0,0.0,0.0,0.0,0.0,160.691
3662,scenario_1,173.233,173.233,0.0,0.0,0.0,1825.3327760664358,0.0,0.0,0.0,0.0,0.0,0.0,173.233
3663,scenario_1,158.411,311.1289039121548,0.0,152.71790391215478,0.0,1825.3327760664358,0.0,0.0,0.0,0.0,0.0,0.0,311.1289039121548
3664,scenario_1,187.796,177.6425473016304,0.0,0.0,10.153452698369591,1970.414784782983,0.0,0.0,0.0,0.0,0.0,0.0,177.6425473016304
3665,scenario_1,223.383,42.66865944441982,0.0,0.0,180.71434055558018,1959.8382715555147,0.0,0.0,0.0,0.0,0.0,0.0,42.66865944441982
3666,scenario_1,233.761,0.0,0.0,0.0,233.761,1771.5941668101186,0.0,0.0,0.0,0.0,0.0,0.0,0.0
3667,scenario_1,218.451,0.0,0.0,0.0,218.451,1528.093125143452,0.0,0.0,0.0,0.0,0.0,0.0,0.0
3668,scenario_1,174.363,0.0,0.0,0.0,174.363,1300.5400001434518,0.0,0.0,0.0,0.0,0.0,0.0,0.0
3669,scenario_1,120.386,0.0,0.0,0.0,120.386,1118.9118751434519,0.0,0.0,0.0,0.0,0.0,0.0,0.0
3670,scenario_1,39.626,0.0,0.0,0.0,39.626,993.5097918101185,0.0,0.0,0.0,0.0,0.0,0.0,0.0
3671,scenario_1,25.373,0.0,0.0,0.0,25.373,952.2327084767851,0.0,0.0,0.0,0.0,0.0,0.0,0.0
3672,scenario_1,16.068,0.0,0.0,0.0,16.068,925.8025001434518,0.0,0.0,0.0,0.0,0.0,0.0,0.0
3673,scenario_1,34.302,0.0,0.0,0.0,34.302,909.0650001434518,0.0,0.0,0.0,0.0,0.0,0.0,0.0
3674,scenario_1,4.697,0.0,0.0,0.0,4.697,873.3337501434518,0.0,0.0,0.0,0.0,0.0,0.0,0.0
3675,scenario_1,53.525,0.0,0.0,0.0,53.525,868.4410418101185,0.0,0.0,0.0,0.0,0.0,0.0,0.0
3676,scenario_1,60.377,0.0,0.0,0.0,60.377,812.6858334767851,0.0,0.0,0.0,0.0,0.0,0.0,0.0
3677,scenario_1,95.179,0.0,0.0,0.0,95.179,749.7931251434518,0.0,0.0,0.0,0.0,0.0,0.0,0.0
3678,scenario_1,13.314,13.314,0.0,0.0,0.0,650.6483334767851,0.0,0.0,0.0,0.0,0.0,0.0,13.314
3679,scenario_1,176.484,130.10244049964174,0.0,0.0,46.381559500358264,650.6483334767851,0.0,0.0,0.0,0.0,0.0,0.0,130.10244049964174
3680,scenario_1,201.616,201.616,0.0,0.0,0.0,602.3342089972452,0.0,0.0,0.0,0.0,0.0,0.0,201.616
3681,scenario_1,194.094,459.99511575157504,0.0,265.90111575157505,0.0,602.3342089972452,0.0,0.0,0.0,0.0,0.0,0.0,459.99511575157504
3682,scenario_1,168.328,437.8661519084318,0.0,269.5381519084318,0.0,854.9402689612415,0.0,0.0,0.0,0.0,0.0,0.0,437.8661519084318
3683,scenario_1,144.192,538.2749569565966,0.0,394.0829569565966,0.0,1111.0015132742517,0.0,0.0,0.0,0.0,0.0,0.0,538.2749569565966
3684,scenario_1,141.194,535.2769569565966,0.0,394.0829569565966,0.0,1485.3803223830184,0.0,0.0,0.0,0.0,0.0,0.0,535.2769569565966
3685,scenario_1,143.273,143.273,0.0,0.0,0.0,1859.7591314917852,0.0,0.0,0.0,0.0,0.0,0.0,143.273
3686,scenario_1,162.022,162.022,0.0,0.0,0.0,1859.7591314917852,0.0,0.0,0.0,0.0,0.0,0.0,162.022
3687,scenario_1,154.476,154.476,0.0,0.0,0.0,1859.7591314917852,0.0,0.0,0.0,0.0,0.0,0.0,154.476
3688,scenario_1,183.512,132.86872667768975,0.0,0.0,50.64327332231025,1859.7591314917852,0.0,0.0,0.0,0.0,0.0,0.0,132.86872667768975
3689,scenario_1,218.893,16.519425950041434,0.0,0.0,202.37357404995856,1807.0057217810454,0.0,0.0,0.0,0.0,0.0,0.0,16.519425950041434
3690,scenario_1,262.077,0.0,0.0,0.0,262.077,1596.199915479005,0.0,0.0,0.0,0.0,0.0,0.0,0.0
3691,scenario_1,23.504,0.0,0.0,0.0,23.504,1323.203040479005,0.0,0.0,0.0,0.0,0.0,0.0,0.0
3692,scenario_1,186.246,0.0,0.0,0.0,186.246,1298.7197071456717,0.0,0.0,0.0,0.0,0.0,0.0,0.0
3693,scenario_1,128.054,0.0,0.0,0.0,128.054,1104.7134571456716,0.0,0.0,0.0,0.0,0.0,0.0,0.0
3694,scenario_1,56.174,0.0,0.0,0.0,56.174,971.3238738123382,0.0,0.0,0.0,0.0,0.0,0.0,0.0
3695,scenario_1,2.67,0.0,0.0,0.0,2.67,912.8092904790049,0.0,0.0,0.0,0.0,0.0,0.0,0.0
3696,scenario_1,36.542,0.0,0.0,0.0,36.542,910.0280404790049,0.0,0.0,0.0,0.0,0.0,0.0,0.0
3697,scenario_1,43.345,0.0,0.0,0.0,43.345,871.9634571456716,0.0,0.0,0.0,0.0,0.0,0.0,0.0
3698,scenario_1,47.993,0.0,0.0,0.0,47.993,826.8124154790049,0.0,0.0,0.0,0.0,0.0,0.0,0.0
3699,scenario_1,45.401,0.0,0.0,0.0,45.401,776.8197071456716,0.0,0.0,0.0,0.0,0.0,0.0,0.0
3700,scenario_1,51.818,0.0,0.0,0.0,51.818,729.5269988123382,0.0,0.0,0.0,0.0,0.0,0.0,0.0
3701,scenario_1,6.486,0.0,0.0,0.0,6.486,675.5499154790049,0.0,0.0,0.0,0.0,0.0,0.0,0.0
3702,scenario_1,107.093,37.54494070583403,0.0,0.0,69.54805929416597,668.7936654790049,0.0,0.0,0.0,0.0,0.0,0.0,37.54494070583403
3703,scenario_1,21.108,158.3220391209869,0.0,137.21403912098688,0.0,596.3477703809153,0.0,0.0,0.0,0.0,0.0,0.0,158.3220391209869
3704,scenario_1,238.211,238.211,0.0,0.0,0.0,726.7011075458529,0.0,0.0,0.0,0.0,0.0,0.0,238.211
3705,scenario_1,216.679,443.43219473584105,0.0,226.75319473584105,0.0,726.7011075458529,0.0,0.0,0.0,0.0,0.0,0.0,443.43219473584105
3706,scenario_1,143.442,528.4302521122786,0.0,384.9882521122786,0.0,942.1166425449019,0.0,0.0,0.0,0.0,0.0,0.0,528.4302521122786
3707,scenario_1,132.844,508.4051238674152,0.0,375.56112386741523,0.0,1307.8554820515665,0.0,0.0,0.0,0.0,0.0,0.0,508.4051238674152
3708,scenario_1,93.709,93.709,0.0,0.0,0.0,1664.638549725611,0.0,0.0,0.0,0.0,0.0,0.0,93.709
3709,scenario_1,94.004,415.87372111302307,0.0,321.86972111302305,0.0,1664.638549725611,0.0,0.0,0.0,0.0,0.0,0.0,415.87372111302307
3710,scenario_1,137.259,137.259,0.0,0.0,0.0,1970.414784782983,0.0,0.0,0.0,0.0,0.0,0.0,137.259
3711,scenario_1,138.407,138.407,0.0,0.0,0.0,1970.414784782983,0.0,0.0,0.0,0.0,0.0,0.0,138.407
3712,scenario_1,151.347,151.347,0.0,0.0,0.0,1970.414784782983,0.0,0.0,0.0,0.0,0.0,0.0,151.347
3713,scenario_1,180.902,36.309680840164795,61.3917014289115,0.0,83.2006177309237,1970.414784782983,0.0,20.463900476303834,0.0,0.0,0.0,0.0,36.309680840164795
3714,scenario_1,268.491,0.0,36.56552333111637,0.0,231.92547666888362,1883.7474746466041,0.0,12.188507777038788,0.0,0.0,0.0,0.0,0.0
3715,scenario_1,286.161,0.0,0.0,0.0,286.161,1642.1584364498503,0.0,0.0,0.0,0.0,0.0,0.0,0.0
3716,scenario_1,231.359,0.0,61.3917014289115,0.0,169.96729857108852,1344.0740614498502,0.0,20.463900476303834,0.0,0.0,0.0,0.0,0.0
3717,scenario_1,145.664,0.0,61.3917014289115,0.0,84.27229857108848,1167.0247921049663,0.0,20.463900476303834,0.0,0.0,0.0,0.0,0.0
3718,scenario_1,89.269,0.0,61.3917014289115,0.0,27.877298571088502,1079.2411477600824,0.0,20.463900476303834,0.0,0.0,0.0,0.0,0.0
3719,scenario_1,45.567,0.0,0.0,0.0,45.567,1050.2022950818653,0.0,0.0,0.0,0.0,0.0,0.0,0.0
3720,scenario_1,3.765,0.0,0.0,0.0,3.765,1002.7366700818653,0.0,0.0,0.0,0.0,0.0,0.0,0.0
3721,scenario_1,43.569,0.0,43.569,0.0,0.0,998.8147950818653,0.0,14.523000000000001,0.0,0.0,0.0,0.0,0.0
3722,scenario_1,41.484,0.0,0.0,0.0,41.484,998.8147950818653,0.0,0.0,0.0,0.0,0.0,0.0,0.0
3723,scenario_1,44.606,0.0,44.606,0.0,0.0,955.6022950818653,0.0,14.868666666666668,0.0,0.0,0.0,0.0,0.0
3724,scenario_1,52.521,0.0,0.0,0.0,52.521,955.6022950818653,0.0,0.0,0.0,0.0,0.0,0.0,0.0
3725,scenario_1,6.358,0.0,0.0,0.0,6.358,900.8929200818653,0.0,0.0,0.0,0.0,0.0,0.0,0.0
3726,scenario_1,127.526,21.338679228779167,61.3917014289115,0.0,44.79561934230932,894.2700034151986,0.0,20.463900476303834,0.0,0.0,0.0,0.0,21.338679228779167
3727,scenario_1,208.568,124.94392570850192,0.0,0.0,83.62407429149809,847.6078999336264,0.0,0.0,0.0,0.0,0.0,0.0,124.94392570850192
3728,scenario_1,255.391,227.8097560714508,0.0,0.0,27.581243928549185,760.4994892133159,0.0,0.0,0.0,0.0,0.0,0.0,227.8097560714508
3729,scenario_1,198.977,418.9096766983651,0.0,219.9326766983651,0.0,731.7690267877438,0.0,0.0,0.0,0.0,0.0,0.0,418.9096766983651
3730,scenario_1,140.102,279.0382444441701,0.0,138.93624444417011,0.0,940.7050696511906,0.0,0.0,0.0,0.0,0.0,0.0,279.0382444441701
3731,scenario_1,112.097,105.55382542275028,0.0,0.0,6.543174577249715,1072.6945018731521,0.0,0.0,0.0,0.0,0.0,0.0,105.55382542275028
3732,scenario_1,99.925,456.6285976669695,0.0,356.7035976669695,0.0,1065.8786950218503,0.0,0.0,0.0,0.0,0.0,0.0,456.6285976669695
3733,scenario_1,109.406,110.35568067521098,0.0,0.9496806752109705,0.0,1404.7471128054713,0.0,0.0,0.0,0.0,0.0,0.0,110.35568067521098
3734,scenario_1,107.736,71.34060674896777,0.0,0.0,36.39539325103223,1405.6493094469217,0.0,0.0,0.0,0.0,0.0,0.0,71.34060674896777
3735,scenario_1,132.954,215.87471004540717,0.0,82.92071004540716,0.0,1367.7374414770966,0.0,0.0,0.0,0.0,0.0,0.0,215.87471004540717
3736,scenario_1,139.866,152.3632151211036,0.0,12.49721512110358,0.0,1446.5121160202334,0.0,0.0,0.0,0.0,0.0,0.0,152.3632151211036
3737,scenario_1,191.971,27.106124939615118,61.3917014289115,0.0,103.47317363147339,1458.3844703852817,0.0,20.463900476303834,0.0,0.0,0.0,0.0,27.106124939615118
3738,scenario_1,255.275,0.0,61.3917014289115,0.0,193.88329857108852,1350.5999145191636,0.0,20.463900476303834,0.0,0.0,0.0,0.0,0.0
3739,scenario_1,279.114,0.0,61.3917014289115,0.0,217.72229857108846,1148.6381451742798,0.0,20.463900476303834,0.0,0.0,0.0,0.0,0.0
3740,scenario_1,233.176,0.0,61.3917014289115,0.0,171.78429857108847,921.8440841627294,0.0,20.463900476303834,0.0,0.0,0.0,0.0,0.0
3741,scenario_1,138.586,0.0,61.3917014289115,0.0,77.19429857108851,742.9021064845122,0.0,20.463900476303834,0.0,0.0,0.0,0.0,0.0
3742,scenario_1,46.001,0.0,46.001,0.0,0.0,662.491378806295,0.0,15.333666666666666,0.0,0.0,0.0,0.0,0.0
3743,scenario_1,25.532,0.0,0.0,0.0,25.532,662.491378806295,0.0,0.0,0.0,0.0,0.0,0.0,0.0
3744,scenario_1,22.971,0.0,0.0,0.0,22.971,635.8955454729617,0.0,0.0,0.0,0.0,0.0,0.0,0.0
3745,scenario_1,46.037,0.0,46.037,0.0,0.0,611.9674204729616,0.0,15.345666666666666,0.0,0.0,0.0,0.0,0.0
3746,scenario_1,48.692,0.0,0.0,0.0,48.692,611.9674204729616,0.0,0.0,0.0,0.0,0.0,0.0,0.0
3747,scenario_1,4.704,0.0,0.0,0.0,4.704,561.2465871396283,0.0,0.0,0.0,0.0,0.0,0.0,0.0
3748,scenario_1,52.003,0.0,0.0,0.0,52.003,556.3465871396284,0.0,0.0,0.0,0.0,0.0,0.0,0.0
3749,scenario_1,73.431,0.0,61.3917014289115,0.0,12.039298571088494,502.17679547296166,0.0,20.463900476303834,0.0,0.0,0.0,0.0,0.0
3750,scenario_1,122.953,38.1886676780842,61.3917014289115,0.0,23.3726308930043,489.63585946141114,0.0,20.463900476303834,0.0,0.0,0.0,0.0,38.1886676780842
3751,scenario_1,217.488,156.79971182174663,0.0,0.0,60.68828817825337,465.289368947865,0.0,0.0,0.0,0.0,0.0,0.0,156.79971182174663
3752,scenario_1,257.723,250.0531326666356,0.0,0.0,7.669867333364408,402.07240209551776,0.0,0.0,0.0,0.0,0.0,0.0,250.0531326666356
3753,scenario_1,234.026,234.026,0.0,0.0,0.0,394.0829569565965,0.0,0.0,0.0,0.0,0.0,0.0,234.026
3754,scenario_1,14.342,408.4249569565966,0.0,394.0829569565966,0.0,394.0829569565965,0.0,0.0,0.0,0.0,0.0,0.0,408.4249569565966
3755,scenario_1,105.906,499.9889569565966,0.0,394.0829569565966,0.0,768.4617660653632,0.0,0.0,0.0,0.0,0.0,0.0,499.9889569565966
3756,scenario_1,111.946,506.02895695659663,0.0,394.0829569565966,0.0,1142.84057517413,0.0,0.0,0.0,0.0,0.0,0.0,506.02895695659663
3757,scenario_1,116.311,116.311,0.0,0.0,0.0,1517.2193842828967,0.0,0.0,0.0,0.0,0.0,0.0,116.311
3758,scenario_1,125.475,455.08017332831366,0.0,329.60517332831364,0.0,1517.2193842828967,0.0,0.0,0.0,0.0,0.0,0.0,455.08017332831366
3759,scenario_1,108.864,256.3066166717771,0.0,147.4426166717771,0.0,1830.3442989447947,0.0,0.0,0.0,0.0,0.0,0.0,256.3066166717771
3760,scenario_1,142.703,142.703,0.0,0.0,0.0,1970.414784782983,0.0,0.0,0.0,0.0,0.0,0.0,142.703
3761,scenario_1,190.802,44.02570549402828,61.3917014289115,0.0,85.38459307706022,1970.414784782983,0.0,20.463900476303834,0.0,0.0,0.0,0.0,44.02570549402828
3762,scenario_1,242.604,0.0,61.3917014289115,0.0,181.21229857108852,1881.472500327712,0.0,20.463900476303834,0.0,0.0,0.0,0.0,0.0
3763,scenario_1,269.025,0.0,61.3917014289115,0.0,207.63329857108846,1692.7096893161613,0.0,20.463900476303834,0.0,0.0,0.0,0.0,0.0
3764,scenario_1,23.704,0.0,61.3917014289115,37.6877014289115,0.0,1476.4250033046108,0.0,20.463900476303834,0.0,0.0,0.0,0.0,0.0
3765,scenario_1,158.549,0.0,61.3917014289115,0.0,97.1572985710885,1512.2283196620767,0.0,20.463900476303834,0.0,0.0,0.0,0.0,0.0
3766,scenario_1,73.517,0.0,61.3917014289115,0.0,12.125298571088493,1411.0228003171928,0.0,20.463900476303834,0.0,0.0,0.0,0.0,0.0
3767,scenario_1,22.342,0.0,22.342,0.0,0.0,1398.392280972309,0.0,7.447333333333333,0.0,0.0,0.0,0.0,0.0
3768,scenario_1,32.145,0.0,32.145,0.0,0.0,1398.392280972309,0.0,10.715000000000002,0.0,0.0,0.0,0.0,0.0
3769,scenario_1,36.873,0.0,36.873,0.0,0.0,1398.392280972309,0.0,12.290999999999999,0.0,0.0,0.0,0.0,0.0
3770,scenario_1,46.881,0.0,46.881,0.0,0.0,1398.392280972309,0.0,15.627,0.0,0.0,0.0,0.0,0.0
3771,scenario_1,50.426,0.0,50.426,0.0,0.0,1398.392280972309,0.0,16.808666666666667,0.0,0.0,0.0,0.0,0.0
3772,scenario_1,52.872,0.0,52.872,0.0,0.0,1398.392280972309,0.0,17.624,0.0,0.0,0.0,0.0,0.0
3773,scenario_1,75.645,0.0,61.3917014289115,0.0,14.253298571088493,1398.392280972309,0.0,20.463900476303834,0.0,0.0,0.0,0.0,0.0
3774,scenario_1,135.037,35.72684695988424,61.3917014289115,0.0,37.91845161120426,1383.5450949607584,0.0,20.463900476303834,0.0,0.0,0.0,0.0,35.72684695988424
3775,scenario_1,212.124,83.79759356332235,61.3917014289115,0.0,66.93470500776614,1344.046707865754,0.0,20.463900476303834,0.0,0.0,0.0,0.0,83.79759356332235
3776,scenario_1,277.715,114.93136158607025,61.3917014289115,0.0,101.39193698501823,1274.3230568159975,0.0,20.463900476303834,0.0,0.0,0.0,0.0,114.93136158607025
3777,scenario_1,222.501,79.54377613858813,61.3917014289115,0.0,81.56552243250037,1168.7064557899369,0.0,20.463900476303834,0.0,0.0,0.0,0.0,79.54377613858813
3778,scenario_1,144.557,42.999221943683416,61.3917014289115,0.0,40.166076627405076,1083.742369922749,0.0,20.463900476303834,0.0,0.0,0.0,0.0,42.999221943683416
3779,scenario_1,109.187,47.36612653921833,61.3917014289115,0.0,0.4291720318701664,1041.902706769202,0.0,20.463900476303834,0.0,0.0,0.0,0.0,47.36612653921833
3780,scenario_1,109.816,77.29073173571255,61.3917014289115,28.866433164624056,0.0,1041.4556525693372,0.0,20.463900476303834,0.0,0.0,0.0,0.0,77.29073173571255
3781,scenario_1,115.657,115.888253031307,61.3917014289115,61.62295446021851,0.0,1068.87876407573,0.0,20.463900476303834,0.0,0.0,0.0,0.0,115.888253031307
3782,scenario_1,102.025,185.94140583577445,0.0,83.91640583577444,0.0,1127.4205708129375,0.0,0.0,0.0,0.0,0.0,0.0,185.94140583577445
3783,scenario_1,130.907,140.7239355417695,38.41982260756558,48.23675814933507,0.0,1207.1411563569231,0.0,12.806607535855193,0.0,0.0,0.0,0.0,140.7239355417695
3784,scenario_1,150.413,104.85790437166901,45.555095628331,0.0,0.0,1252.9660765987915,0.0,15.185031876110335,0.0,0.0,0.0,0.0,104.85790437166901
3785,scenario_1,201.948,38.745404518949215,61.3917014289115,0.0,101.81089405213929,1252.9660765987915,0.0,20.463900476303834,0.0,0.0,0.0,0.0,38.745404518949215
3786,scenario_1,265.178,0.0,61.3917014289115,0.0,203.78629857108848,1146.9130619611462,0.0,20.463900476303834,0.0,0.0,0.0,0.0,0.0
3787,scenario_1,288.477,0.0,61.3917014289115,0.0,227.08529857108846,934.6356676162624,0.0,20.463900476303834,0.0,0.0,0.0,0.0,0.0
3788,scenario_1,243.999,0.0,61.3917014289115,0.0,182.6072985710885,698.0884816047119,0.0,20.463900476303834,0.0,0.0,0.0,0.0,0.0
3789,scenario_1,142.911,0.0,61.3917014289115,0.0,81.5192985710885,507.87254559316136,0.0,20.463900476303834,0.0,0.0,0.0,0.0,0.0
3790,scenario_1,71.268,0.0,61.3917014289115,0.0,9.876298571088498,422.95660958161085,0.0,20.463900476303834,0.0,0.0,0.0,0.0,0.0
3791,scenario_1,47.381,0.0,47.381,0.0,0.0,412.66879857006035,0.0,15.793666666666667,0.0,0.0,0.0,0.0,0.0
3792,scenario_1,33.709,0.0,33.709,0.0,0.0,412.66879857006035,0.0,11.236333333333334,0.0,0.0,0.0,0.0,0.0
3793,scenario_1,44.168,0.0,61.3917014289115,17.223701428911504,0.0,412.66879857006035,0.0,20.463900476303834,0.0,0.0,0.0,0.0,0.0
3794,scenario_1,54.769,0.0,54.769,0.0,0.0,429.0313149275263,0.0,18.256333333333334,0.0,0.0,0.0,0.0,0.0
3795,scenario_1,52.282,0.0,52.282,0.0,0.0,429.0313149275263,0.0,17.427333333333333,0.0,0.0,0.0,0.0,0.0
3796,scenario_1,52.569,0.0,52.569,0.0,0.0,429.0313149275263,0.0,17.523,0.0,0.0,0.0,0.0,0.0
3797,scenario_1,7.546,0.0,7.546,0.0,0.0,429.0313149275263,0.0,2.5153333333333334,0.0,0.0,0.0,0.0,0.0
3798,scenario_1,131.304,36.36187491899589,61.3917014289115,0.0,33.55042365209262,429.0313149275263,0.0,20.463900476303834,0.0,0.0,0.0,0.0,36.36187491899589
3799,scenario_1,20.313,20.313,0.0,0.0,0.0,394.0829569565965,0.0,0.0,0.0,0.0,0.0,0.0,20.313
3800,scenario_1,25.165,314.2344516026049,0.0,289.0694516026049,0.0,394.0829569565965,0.0,0.0,0.0,0.0,0.0,0.0,314.2344516026049
3801,scenario_1,239.478,239.478,0.0,0.0,0.0,668.6989359790712,0.0,0.0,0.0,0.0,0.0,0.0,239.478
3802,scenario_1,139.492,533.5749569565966,0.0,394.0829569565966,0.0,668.6989359790712,0.0,0.0,0.0,0.0,0.0,0.0,533.5749569565966
3803,scenario_1,118.899,512.9819569565966,0.0,394.0829569565966,0.0,1043.077745087838,0.0,0.0,0.0,0.0,0.0,0.0,512.9819569565966
3804,scenario_1,99.319,99.319,0.0,0.0,0.0,1417.4565541966047,0.0,0.0,0.0,0.0,0.0,0.0,99.319
3805,scenario_1,107.388,501.47095695659664,0.0,394.0829569565966,0.0,1417.4565541966047,0.0,0.0,0.0,0.0,0.0,0.0,501.47095695659664
3806,scenario_1,112.389,300.3673383974858,0.0,187.9783383974858,0.0,1791.8353633053714,0.0,0.0,0.0,0.0,0.0,0.0,300.3673383974858
3807,scenario_1,120.673,120.673,0.0,0.0,0.0,1970.414784782983,0.0,0.0,0.0,0.0,0.0,0.0,120.673
3808,scenario_1,160.036,160.036,0.0,0.0,0.0,1970.414784782983,0.0,0.0,0.0,0.0,0.0,0.0,160.036
3809,scenario_1,193.948,43.94741437578164,0.0,0.0,150.00058562421836,1970.414784782983,0.0,0.0,0.0,0.0,0.0,0.0,43.94741437578164
3810,scenario_1,249.048,0.0,58.496079909088365,0.0,190.55192009091164,1814.1641747577555,0.0,19.498693303029455,0.0,0.0,0.0,0.0,0.0
3811,scenario_1,286.632,0.0,0.0,0.0,286.632,1615.6725913297225,0.0,0.0,0.0,0.0,0.0,0.0,0.0
3812,scenario_1,253.896,0.0,0.0,0.0,253.896,1317.0975913297225,0.0,0.0,0.0,0.0,0.0,0.0,0.0
3813,scenario_1,161.799,0.0,0.0,0.0,161.799,1052.6225913297226,0.0,0.0,0.0,0.0,0.0,0.0,0.0
3814,scenario_1,60.893,0.0,0.0,0.0,60.893,884.0819663297225,0.0,0.0,0.0,0.0,0.0,0.0,0.0
3815,scenario_1,2.234,0.0,0.0,0.0,2.234,820.6517579963892,0.0,0.0,0.0,0.0,0.0,0.0,0.0
3816,scenario_1,39.172,0.0,0.0,0.0,39.172,818.3246746630558,0.0,0.0,0.0,0.0,0.0,0.0,0.0
3817,scenario_1,42.969,0.0,0.0,0.0,42.969,777.5205079963891,0.0,0.0,0.0,0.0,0.0,0.0,0.0
3818,scenario_1,56.716,0.0,0.0,0.0,56.716,732.7611329963892,0.0,0.0,0.0,0.0,0.0,0.0,0.0
3819,scenario_1,61.087,0.0,0.0,0.0,61.087,673.6819663297225,0.0,0.0,0.0,0.0,0.0,0.0,0.0
3820,scenario_1,74.838,0.0,0.0,0.0,74.838,610.0496746630558,0.0,0.0,0.0,0.0,0.0,0.0,0.0
3821,scenario_1,74.563,0.0,61.3917014289115,0.0,13.1712985710885,532.0934246630559,0.0,20.463900476303834,0.0,0.0,0.0,0.0,0.0
3822,scenario_1,130.369,35.761643012438306,0.0,0.0,94.6073569875617,518.3733219848388,0.0,0.0,0.0,0.0,0.0,0.0,35.761643012438306
3823,scenario_1,180.676,155.9646065604491,0.0,0.0,24.711393439550875,419.823991789462,0.0,0.0,0.0,0.0,0.0,0.0,155.9646065604491
3824,scenario_1,211.289,211.289,0.0,0.0,0.0,394.0829569565965,0.0,0.0,0.0,0.0,0.0,0.0,211.289
3825,scenario_1,190.934,380.63401888889575,0.0,189.70001888889576,0.0,394.0829569565965,0.0,0.0,0.0,0.0,0.0,0.0,380.63401888889575
3826,scenario_1,140.051,502.8725515113193,0.0,362.8215515113193,0.0,574.2979749010474,0.0,0.0,0.0,0.0,0.0,0.0,502.8725515113193
3827,scenario_1,140.419,481.8296387292496,0.0,341.4106387292496,0.0,918.9784488368007,0.0,0.0,0.0,0.0,0.0,0.0,481.8296387292496
3828,scenario_1,14.526,408.6089569565966,0.0,394.0829569565966,0.0,1243.3185556295878,0.0,0.0,0.0,0.0,0.0,0.0,408.6089569565966
3829,scenario_1,125.495,454.7235137896345,0.0,329.2285137896345,0.0,1617.6973647383545,0.0,0.0,0.0,0.0,0.0,0.0,454.7235137896345
3830,scenario_1,138.209,180.26198099418494,0.0,42.05298099418494,0.0,1930.4644528385072,0.0,0.0,0.0,0.0,0.0,0.0,180.26198099418494
3831,scenario_1,141.203,141.203,0.0,0.0,0.0,1970.414784782983,0.0,0.0,0.0,0.0,0.0,0.0,141.203
3832,scenario_1,170.914,170.914,0.0,0.0,0.0,1970.414784782983,0.0,0.0,0.0,0.0,0.0,0.0,170.914
3833,scenario_1,228.454,43.39067753491663,0.0,0.0,185.0633224650834,1970.414784782983,0.0,0.0,0.0,0.0,0.0,0.0,43.39067753491663
3834,scenario_1,237.778,0.0,17.935722090963964,0.0,219.84227790903603,1777.640490548521,0.0,5.9785740303213215,0.0,0.0,0.0,0.0,0.0
3835,scenario_1,241.909,0.0,0.0,0.0,241.909,1548.6381177266085,0.0,0.0,0.0,0.0,0.0,0.0,0.0
3836,scenario_1,181.465,0.0,0.0,0.0,181.465,1296.6495760599419,0.0,0.0,0.0,0.0,0.0,0.0,0.0
3837,scenario_1,121.574,0.0,0.0,0.0,121.574,1107.6235343932751,0.0,0.0,0.0,0.0,0.0,0.0,0.0
3838,scenario_1,69.483,0.0,0.0,0.0,69.483,980.9839510599418,0.0,0.0,0.0,0.0,0.0,0.0,0.0
3839,scenario_1,43.296,0.0,0.0,0.0,43.296,908.6058260599417,0.0,0.0,0.0,0.0,0.0,0.0,0.0
3840,scenario_1,22.814,0.0,0.0,0.0,22.814,863.5058260599417,0.0,0.0,0.0,0.0,0.0,0.0,0.0
3841,scenario_1,37.452,0.0,0.0,0.0,37.452,839.7412427266083,0.0,0.0,0.0,0.0,0.0,0.0,0.0
3842,scenario_1,40.922,0.0,0.0,0.0,40.922,800.7287427266083,0.0,0.0,0.0,0.0,0.0,0.0,0.0
3843,scenario_1,57.112,0.0,0.0,0.0,57.112,758.101659393275,0.0,0.0,0.0,0.0,0.0,0.0,0.0
3844,scenario_1,62.932,0.0,0.0,0.0,62.932,698.6099927266083,0.0,0.0,0.0,0.0,0.0,0.0,0.0
3845,scenario_1,84.178,0.0,0.0,0.0,84.178,633.0558260599416,0.0,0.0,0.0,0.0,0.0,0.0,0.0
3846,scenario_1,137.892,25.827370008253304,0.0,0.0,112.0646299917467,545.3704093932749,0.0,0.0,0.0,0.0,0.0,0.0,25.827370008253304
3847,scenario_1,183.238,150.06667565253542,0.0,0.0,33.17132434746458,428.63641981853874,0.0,0.0,0.0,0.0,0.0,0.0,150.06667565253542
3848,scenario_1,209.433,310.5199729924587,0.0,101.0869729924587,0.0,394.0829569565965,0.0,0.0,0.0,0.0,0.0,0.0,310.5199729924587
3849,scenario_1,178.468,451.4787818889681,0.0,273.01078188896815,0.0,490.1155812994323,0.0,0.0,0.0,0.0,0.0,0.0,451.4787818889681
3850,scenario_1,167.277,543.0358951718465,0.0,375.7588951718465,0.0,749.475824093952,0.0,0.0,0.0,0.0,0.0,0.0,543.0358951718465
3851,scenario_1,149.251,543.3339569565966,0.0,394.0829569565966,0.0,1106.446774507206,0.0,0.0,0.0,0.0,0.0,0.0,543.3339569565966
3852,scenario_1,131.481,525.5639569565966,0.0,394.0829569565966,0.0,1480.8255836159728,0.0,0.0,0.0,0.0,0.0,0.0,525.5639569565966
3853,scenario_1,148.764,148.764,0.0,0.0,0.0,1855.2043927247396,0.0,0.0,0.0,0.0,0.0,0.0,148.764
3854,scenario_1,116.844,116.844,0.0,0.0,0.0,1855.2043927247396,0.0,0.0,0.0,0.0,0.0,0.0,116.844
3855,scenario_1,141.453,262.727096903414,0.0,121.27409690341402,0.0,1855.2043927247396,0.0,0.0,0.0,0.0,0.0,0.0,262.727096903414
3856,scenario_1,150.745,150.745,0.0,0.0,0.0,1970.414784782983,0.0,0.0,0.0,0.0,0.0,0.0,150.745
3857,scenario_1,187.273,29.498353552706956,0.0,0.0,157.77464644729304,1970.414784782983,0.0,0.0,0.0,0.0,0.0,0.0,29.498353552706956
3858,scenario_1,244.059,0.0,8.737303445814462,0.0,235.32169655418554,1806.0661947337194,0.0,2.912434481938154,0.0,0.0,0.0,0.0,0.0
3859,scenario_1,232.683,0.0,61.3917014289115,0.0,171.29129857108848,1560.939427489776,0.0,20.463900476303834,0.0,0.0,0.0,0.0,0.0
3860,scenario_1,183.492,0.0,0.0,0.0,183.492,1382.5109914782256,0.0,0.0,0.0,0.0,0.0,0.0,0.0
3861,scenario_1,115.609,0.0,61.3917014289115,0.0,54.21729857108849,1191.3734914782256,0.0,20.463900476303834,0.0,0.0,0.0,0.0,0.0
3862,scenario_1,71.067,0.0,61.3917014289115,0.0,9.67529857108849,1134.8971388000084,0.0,20.463900476303834,0.0,0.0,0.0,0.0,0.0
3863,scenario_1,49.389,0.0,0.0,0.0,49.389,1124.8187027884578,0.0,0.0,0.0,0.0,0.0,0.0,0.0
3864,scenario_1,29.491,0.0,0.0,0.0,29.491,1073.3718277884577,0.0,0.0,0.0,0.0,0.0,0.0,0.0
3865,scenario_1,4.037,0.0,0.0,0.0,4.037,1042.652036121791,0.0,0.0,0.0,0.0,0.0,0.0,0.0
3866,scenario_1,44.981,0.0,44.981,0.0,0.0,1038.4468277884578,0.0,14.993666666666668,0.0,0.0,0.0,0.0,0.0
3867,scenario_1,52.512,0.0,0.0,0.0,52.512,1038.4468277884578,0.0,0.0,0.0,0.0,0.0,0.0,0.0
3868,scenario_1,49.687,0.0,0.0,0.0,49.687,983.7468277884578,0.0,0.0,0.0,0.0,0.0,0.0,0.0
3869,scenario_1,76.387,0.0,0.0,0.0,76.387,931.9895361217912,0.0,0.0,0.0,0.0,0.0,0.0,0.0
3870,scenario_1,139.186,12.100327275675427,61.3917014289115,0.0,65.69397129541308,852.4197444551245,0.0,20.463900476303834,0.0,0.0,0.0,0.0,12.100327275675427
3871,scenario_1,213.535,11.526192408533387,61.3917014289115,0.0,140.6171061625551,783.9885243557359,0.0,20.463900476303834,0.0,0.0,0.0,0.0,11.526192408533387
3872,scenario_1,257.832,24.139761459381244,0.0,0.0,233.69223854061875,637.5123721030743,0.0,0.0,0.0,0.0,0.0,0.0,24.139761459381244
3873,scenario_1,219.488,219.488,0.0,0.0,0.0,394.0829569565965,0.0,0.0,0.0,0.0,0.0,0.0,219.488
3874,scenario_1,130.509,458.3857983209496,0.0,327.87679832094966,0.0,394.0829569565965,0.0,0.0,0.0,0.0,0.0,0.0,458.3857983209496
3875,scenario_1,100.309,100.309,0.0,0.0,0.0,705.5659153614986,0.0,0.0,0.0,0.0,0.0,0.0,100.309
3876,scenario_1,110.433,504.5159569565966,0.0,394.0829569565966,0.0,705.5659153614986,0.0,0.0,0.0,0.0,0.0,0.0,504.5159569565966
3877,scenario_1,95.537,489.61995695659664,0.0,394.0829569565966,0.0,1079.9447244702653,0.0,0.0,0.0,0.0,0.0,0.0,489.61995695659664
3878,scenario_1,92.762,444.91972598252727,0.0,352.15772598252727,0.0,1454.323533579032,0.0,0.0,0.0,0.0,0.0,0.0,444.91972598252727
3879,scenario_1,105.522,296.6182226532104,0.0,191.09622265321042,0.0,1788.873373262433,0.0,0.0,0.0,0.0,0.0,0.0,296.6182226532104
3880,scenario_1,154.552,154.552,0.0,0.0,0.0,1970.414784782983,0.0,0.0,0.0,0.0,0.0,0.0,154.552
3881,scenario_1,197.944,36.814223602198716,0.0,0.0,161.12977639780127,1970.414784782983,0.0,0.0,0.0,0.0,0.0,0.0,36.814223602198716
3882,scenario_1,263.225,0.0,59.50554447946172,0.0,203.7194555205383,1802.5712677019399,0.0,19.835181493153907,0.0,0.0,0.0,0.0,0.0
3883,scenario_1,274.603,0.0,0.0,0.0,274.603,1590.3635015347124,0.0,0.0,0.0,0.0,0.0,0.0,0.0
3884,scenario_1,237.236,0.0,0.0,0.0,237.236,1304.3187098680457,0.0,0.0,0.0,0.0,0.0,0.0,0.0
3885,scenario_1,155.341,0.0,0.0,0.0,155.341,1057.1978765347123,0.0,0.0,0.0,0.0,0.0,0.0,0.0
3886,scenario_1,7.082,0.0,0.0,0.0,7.082,895.3843348680456,0.0,0.0,0.0,0.0,0.0,0.0,0.0
3887,scenario_1,45.785,0.0,0.0,0.0,45.785,888.0072515347123,0.0,0.0,0.0,0.0,0.0,0.0,0.0
3888,scenario_1,36.621,0.0,0.0,0.0,36.621,840.3145432013789,0.0,0.0,0.0,0.0,0.0,0.0,0.0
3889,scenario_1,41.775,0.0,0.0,0.0,41.775,802.1676682013789,0.0,0.0,0.0,0.0,0.0,0.0,0.0
3890,scenario_1,40.113,0.0,0.0,0.0,40.113,758.6520432013789,0.0,0.0,0.0,0.0,0.0,0.0,0.0
3891,scenario_1,39.297,0.0,0.0,0.0,39.297,716.8676682013789,0.0,0.0,0.0,0.0,0.0,0.0,0.0
3892,scenario_1,52.389,0.0,0.0,0.0,52.389,675.9332932013789,0.0,0.0,0.0,0.0,0.0,0.0,0.0
3893,scenario_1,82.092,0.0,0.0,0.0,82.092,621.3614182013789,0.0,0.0,0.0,0.0,0.0,0.0,0.0
3894,scenario_1,114.804,36.95340781241496,0.0,0.0,77.85059218758505,535.8489182013789,0.0,0.0,0.0,0.0,0.0,0.0,36.95340781241496
3895,scenario_1,212.774,154.52926939259402,0.0,0.0,58.244730607405984,454.7545513393111,0.0,0.0,0.0,0.0,0.0,0.0,154.52926939259402
3896,scenario_1,257.646,308.4931029311845,0.0,50.84710293118451,0.0,394.0829569565965,0.0,0.0,0.0,0.0,0.0,0.0,308.4931029311845
3897,scenario_1,226.229,415.00381979917154,0.0,188.77481979917152,0.0,442.3877047412218,0.0,0.0,0.0,0.0,0.0,0.0,415.00381979917154
3898,scenario_1,160.045,358.38616868076303,0.0,198.34116868076308,0.0,621.7237835504347,0.0,0.0,0.0,0.0,0.0,0.0,358.38616868076303
3899,scenario_1,11.038,405.1209569565966,0.0,394.0829569565966,0.0,810.1478937971597,0.0,0.0,0.0,0.0,0.0,0.0,405.1209569565966
3900,scenario_1,98.015,492.0979569565966,0.0,394.0829569565966,0.0,1184.5267029059264,0.0,0.0,0.0,0.0,0.0,0.0,492.0979569565966
3901,scenario_1,101.146,495.2289569565966,0.0,394.0829569565966,0.0,1558.9055120146932,0.0,0.0,0.0,0.0,0.0,0.0,495.2289569565966
3902,scenario_1,101.507,101.507,0.0,0.0,0.0,1933.28432112346,0.0,0.0,0.0,0.0,0.0,0.0,101.507
3903,scenario_1,162.596,162.596,0.0,0.0,0.0,1933.28432112346,0.0,0.0,0.0,0.0,0.0,0.0,162.596
3904,scenario_1,151.328,190.41269858897155,0.0,39.08469858897155,0.0,1933.28432112346,0.0,0.0,0.0,0.0,0.0,0.0,190.41269858897155
3905,scenario_1,181.855,46.061274568440965,0.0,0.0,135.79372543155904,1970.414784782983,0.0,0.0,0.0,0.0,0.0,0.0,46.061274568440965
3906,scenario_1,232.398,0.0,51.84168395689454,0.0,180.55631604310545,1828.9629874584423,0.0,17.280561318964846,0.0,0.0,0.0,0.0,0.0
3907,scenario_1,293.671,0.0,0.0,0.0,293.671,1640.8834915802074,0.0,0.0,0.0,0.0,0.0,0.0,0.0
3908,scenario_1,245.258,0.0,0.0,0.0,245.258,1334.9761999135408,0.0,0.0,0.0,0.0,0.0,0.0,0.0
3909,scenario_1,171.098,0.0,0.0,0.0,171.098,1079.4991165802073,0.0,0.0,0.0,0.0,0.0,0.0,0.0
3910,scenario_1,77.578,0.0,0.0,0.0,77.578,901.272033246874,0.0,0.0,0.0,0.0,0.0,0.0,0.0
3911,scenario_1,38.143,0.0,0.0,0.0,38.143,820.4616165802073,0.0,0.0,0.0,0.0,0.0,0.0,0.0
3912,scenario_1,38.139,0.0,0.0,0.0,38.139,780.7293249135406,0.0,0.0,0.0,0.0,0.0,0.0,0.0
3913,scenario_1,44.905,0.0,0.0,0.0,44.905,741.0011999135406,0.0,0.0,0.0,0.0,0.0,0.0,0.0
3914,scenario_1,4.815,0.0,0.0,0.0,4.815,694.225158246874,0.0,0.0,0.0,0.0,0.0,0.0,0.0
3915,scenario_1,54.622,0.0,0.0,0.0,54.622,689.209533246874,0.0,0.0,0.0,0.0,0.0,0.0,0.0
3916,scenario_1,57.232,0.0,0.0,0.0,57.232,632.3116165802073,0.0,0.0,0.0,0.0,0.0,0.0,0.0
3917,scenario_1,76.437,0.0,0.0,0.0,76.437,572.6949499135407,0.0,0.0,0.0,0.0,0.0,0.0,0.0
3918,scenario_1,131.288,36.2574867613337,0.0,0.0,95.03051323866632,493.0730749135406,0.0,0.0,0.0,0.0,0.0,0.0,36.2574867613337
3919,scenario_1,21.342,21.342,0.0,0.0,0.0,394.0829569565965,0.0,0.0,0.0,0.0,0.0,0.0,21.342
3920,scenario_1,248.489,248.489,0.0,0.0,0.0,394.0829569565965,0.0,0.0,0.0,0.0,0.0,0.0,248.489
3921,scenario_1,273.647,427.2346322719247,0.0,153.5876322719247,0.0,394.0829569565965,0.0,0.0,0.0,0.0,0.0,0.0,427.2346322719247
3922,scenario_1,165.937,426.57350727339747,0.0,260.63650727339746,0.0,539.991207614925,0.0,0.0,0.0,0.0,0.0,0.0,426.57350727339747
3923,scenario_1,139.147,533.2299569565967,0.0,394.0829569565966,0.0,787.5958895246525,0.0,0.0,0.0,0.0,0.0,0.0,533.2299569565967
3924,scenario_1,106.406,500.4889569565966,0.0,394.0829569565966,0.0,1161.9746986334194,0.0,0.0,0.0,0.0,0.0,0.0,500.4889569565966
3925,scenario_1,86.346,480.4289569565966,0.0,394.0829569565966,0.0,1536.3535077421861,0.0,0.0,0.0,0.0,0.0,0.0,480.4289569565966
3926,scenario_1,10.454,10.454,0.0,0.0,0.0,1910.7323168509529,0.0,0.0,0.0,0.0,0.0,0.0,10.454
3927,scenario_1,140.639,203.46265045476846,0.0,62.82365045476845,0.0,1910.7323168509529,0.0,0.0,0.0,0.0,0.0,0.0,203.46265045476846
3928,scenario_1,151.609,151.609,0.0,0.0,0.0,1970.414784782983,0.0,0.0,0.0,0.0,0.0,0.0,151.609
3929,scenario_1,18.715,18.715,0.0,0.0,0.0,1970.414784782983,0.0,0.0,0.0,0.0,0.0,0.0,18.715
3930,scenario_1,257.642,0.0,61.3917014289115,0.0,196.25029857108848,1970.414784782983,0.0,20.463900476303834,0.0,0.0,0.0,0.0,0.0
3931,scenario_1,285.063,0.0,61.3917014289115,0.0,223.67129857108847,1765.987390438099,0.0,20.463900476303834,0.0,0.0,0.0,0.0,0.0
3932,scenario_1,237.646,0.0,0.0,0.0,237.646,1532.9964544265486,0.0,0.0,0.0,0.0,0.0,0.0,0.0
3933,scenario_1,140.415,0.0,0.0,0.0,140.415,1285.448537759882,0.0,0.0,0.0,0.0,0.0,0.0,0.0
3934,scenario_1,67.564,0.0,0.0,0.0,67.564,1139.182912759882,0.0,0.0,0.0,0.0,0.0,0.0,0.0
3935,scenario_1,45.526,0.0,0.0,0.0,45.526,1068.8037460932153,0.0,0.0,0.0,0.0,0.0,0.0,0.0
3936,scenario_1,38.756,0.0,0.0,0.0,38.756,1021.3808294265486,0.0,0.0,0.0,0.0,0.0,0.0,0.0
3937,scenario_1,47.494,0.0,0.0,0.0,47.494,981.0099960932152,0.0,0.0,0.0,0.0,0.0,0.0,0.0
3938,scenario_1,51.447,0.0,0.0,0.0,51.447,931.5370794265485,0.0,0.0,0.0,0.0,0.0,0.0,0.0
3939,scenario_1,48.858,0.0,0.0,0.0,48.858,877.9464544265485,0.0,0.0,0.0,0.0,0.0,0.0,0.0
3940,scenario_1,47.534,0.0,0.0,0.0,47.534,827.0527044265485,0.0,0.0,0.0,0.0,0.0,0.0,0.0
3941,scenario_1,84.136,0.0,7.524677101237231,0.0,76.61132289876277,777.5381210932152,0.0,2.50822570041241,0.0,0.0,0.0,0.0,0.0
3942,scenario_1,134.995,35.170110119019235,0.0,0.0,99.82488988098078,697.7346597403373,0.0,0.0,0.0,0.0,0.0,0.0,35.170110119019235
3943,scenario_1,25.002,138.81015265129602,0.0,113.80815265129603,0.0,593.750399447649,0.0,0.0,0.0,0.0,0.0,0.0,138.81015265129602
3944,scenario_1,257.207,86.4246955311541,0.0,0.0,170.7823044688459,701.8681444663802,0.0,0.0,0.0,0.0,0.0,0.0,86.4246955311541
3945,scenario_1,219.676,94.98452445945361,0.0,0.0,124.69147554054638,523.9699106446657,0.0,0.0,0.0,0.0,0.0,0.0,94.98452445945361
3946,scenario_1,138.391,332.1196226153933,0.0,193.72862261539333,0.0,394.0829569565965,0.0,0.0,0.0,0.0,0.0,0.0,332.1196226153933
3947,scenario_1,111.839,505.9219569565966,0.0,394.0829569565966,0.0,578.1251484412202,0.0,0.0,0.0,0.0,0.0,0.0,505.9219569565966
3948,scenario_1,99.372,457.91605161146975,0.0,358.54405161146974,0.0,952.5039575499869,0.0,0.0,0.0,0.0,0.0,0.0,457.91605161146975
3949,scenario_1,11.254,405.3369569565966,0.0,394.0829569565966,0.0,1293.1208065808833,0.0,0.0,0.0,0.0,0.0,0.0,405.3369569565966
3950,scenario_1,104.889,198.89032841019156,0.0,94.00132841019155,0.0,1667.49961568965,0.0,0.0,0.0,0.0,0.0,0.0,198.89032841019156
3951,scenario_1,124.327,318.40127889595396,0.0,194.07427889595397,0.0,1756.800877679332,0.0,0.0,0.0,0.0,0.0,0.0,318.40127889595396
3952,scenario_1,151.769,151.769,0.0,0.0,0.0,1941.1714426304882,0.0,0.0,0.0,0.0,0.0,0.0,151.769
3953,scenario_1,178.931,48.88845383845859,0.0,0.0,130.04254616154142,1941.1714426304882,0.0,0.0,0.0,0.0,0.0,0.0,48.88845383845859
3954,scenario_1,252.479,0.0,0.0,0.0,252.479,1805.7104570455492,0.0,0.0,0.0,0.0,0.0,0.0,0.0
3955,scenario_1,288.553,0.0,0.0,0.0,288.553,1542.7114987122159,0.0,0.0,0.0,0.0,0.0,0.0,0.0
3956,scenario_1,23.281,0.0,0.0,0.0,23.281,1242.1354570455492,0.0,0.0,0.0,0.0,0.0,0.0,0.0
3957,scenario_1,188.311,0.0,0.0,0.0,188.311,1217.8844153788825,0.0,0.0,0.0,0.0,0.0,0.0,0.0
3958,scenario_1,100.084,0.0,0.0,0.0,100.084,1021.7271237122159,0.0,0.0,0.0,0.0,0.0,0.0,0.0
3959,scenario_1,42.973,0.0,0.0,0.0,42.973,917.4729570455492,0.0,0.0,0.0,0.0,0.0,0.0,0.0
3960,scenario_1,45.585,0.0,0.0,0.0,45.585,872.7094153788825,0.0,0.0,0.0,0.0,0.0,0.0,0.0
3961,scenario_1,46.393,0.0,0.0,0.0,46.393,825.2250403788825,0.0,0.0,0.0,0.0,0.0,0.0,0.0
3962,scenario_1,54.014,0.0,0.0,0.0,54.014,776.8989987122158,0.0,0.0,0.0,0.0,0.0,0.0,0.0
3963,scenario_1,4.593,0.0,0.0,0.0,4.593,720.6344153788824,0.0,0.0,0.0,0.0,0.0,0.0,0.0
3964,scenario_1,56.839,0.0,0.0,0.0,56.839,715.8500403788825,0.0,0.0,0.0,0.0,0.0,0.0,0.0
3965,scenario_1,80.452,0.0,0.0,0.0,80.452,656.6427487122157,0.0,0.0,0.0,0.0,0.0,0.0,0.0
3966,scenario_1,131.148,36.300981827026284,0.0,0.0,94.84701817297372,572.8385820455491,0.0,0.0,0.0,0.0,0.0,0.0,36.300981827026284
3967,scenario_1,226.451,149.69261808757926,0.0,0.0,76.75838191242073,474.03960478203476,0.0,0.0,0.0,0.0,0.0,0.0,149.69261808757926
3968,scenario_1,277.553,277.553,0.0,0.0,0.0,394.0829569565965,0.0,0.0,0.0,0.0,0.0,0.0,277.553
3969,scenario_1,205.272,205.272,0.0,0.0,0.0,394.0829569565965,0.0,0.0,0.0,0.0,0.0,0.0,205.272
3970,scenario_1,132.152,526.2349569565965,0.0,394.0829569565966,0.0,394.0829569565965,0.0,0.0,0.0,0.0,0.0,0.0,526.2349569565965
3971,scenario_1,13.119,407.20195695659663,0.0,394.0829569565966,0.0,768.4617660653632,0.0,0.0,0.0,0.0,0.0,0.0,407.20195695659663
3972,scenario_1,113.887,507.9699569565966,0.0,394.0829569565966,0.0,1142.84057517413,0.0,0.0,0.0,0.0,0.0,0.0,507.9699569565966
3973,scenario_1,95.629,489.7119569565966,0.0,394.0829569565966,0.0,1517.2193842828967,0.0,0.0,0.0,0.0,0.0,0.0,489.7119569565966
3974,scenario_1,117.632,117.632,0.0,0.0,0.0,1891.5981933916635,0.0,0.0,0.0,0.0,0.0,0.0,117.632
3975,scenario_1,129.075,212.03983304349413,0.0,82.96483304349414,0.0,1891.5981933916635,0.0,0.0,0.0,0.0,0.0,0.0,212.03983304349413
3976,scenario_1,139.595,139.595,0.0,0.0,0.0,1970.414784782983,0.0,0.0,0.0,0.0,0.0,0.0,139.595
3977,scenario_1,188.051,47.27043739469466,61.3917014289115,0.0,79.38886117639383,1970.414784782983,0.0,20.463900476303834,0.0,0.0,0.0,0.0,47.27043739469466
3978,scenario_1,25.336,0.0,0.0,0.0,25.336,1887.718054390906,0.0,0.0,0.0,0.0,0.0,0.0,0.0
3979,scenario_1,287.879,0.0,61.3917014289115,0.0,226.4872985710885,1861.3263877242393,0.0,20.463900476303834,0.0,0.0,0.0,0.0,0.0
3980,scenario_1,228.561,0.0,61.3917014289115,0.0,167.16929857108852,1625.4021183793554,0.0,20.463900476303834,0.0,0.0,0.0,0.0,0.0
3981,scenario_1,164.816,0.0,61.3917014289115,0.0,103.4242985710885,1451.267432367805,0.0,20.463900476303834,0.0,0.0,0.0,0.0,0.0
3982,scenario_1,72.278,0.0,61.3917014289115,0.0,10.886298571088503,1343.533788022921,0.0,20.463900476303834,0.0,0.0,0.0,0.0,0.0
3983,scenario_1,39.107,0.0,0.0,0.0,39.107,1332.1938936780373,0.0,0.0,0.0,0.0,0.0,0.0,0.0
3984,scenario_1,37.069,0.0,37.069,0.0,0.0,1291.457435344704,0.0,12.356333333333334,0.0,0.0,0.0,0.0,0.0
3985,scenario_1,42.149,0.0,42.149,0.0,0.0,1291.457435344704,0.0,14.049666666666667,0.0,0.0,0.0,0.0,0.0
3986,scenario_1,46.957,0.0,0.0,0.0,46.957,1291.457435344704,0.0,0.0,0.0,0.0,0.0,0.0,0.0
3987,scenario_1,52.301,0.0,0.0,0.0,52.301,1242.5438936780374,0.0,0.0,0.0,0.0,0.0,0.0,0.0
3988,scenario_1,71.562,0.0,61.3917014289115,0.0,10.170298571088495,1188.063685344704,0.0,20.463900476303834,0.0,0.0,0.0,0.0,0.0
3989,scenario_1,8.682,0.0,0.0,0.0,8.682,1177.4696243331534,0.0,0.0,0.0,0.0,0.0,0.0,0.0
3990,scenario_1,126.733,15.118884834740395,61.3917014289115,0.0,50.2224137363481,1168.4258743331534,0.0,20.463900476303834,0.0,0.0,0.0,0.0,15.118884834740395
3991,scenario_1,181.368,68.47863142639609,61.3917014289115,0.0,51.4976671446924,1116.1108600244575,0.0,20.463900476303834,0.0,0.0,0.0,0.0,68.47863142639609
3992,scenario_1,222.624,167.82136146824612,0.0,0.0,54.80263853175387,1062.4674567487361,0.0,0.0,0.0,0.0,0.0,0.0,167.82136146824612
3993,scenario_1,203.382,303.6129565604772,0.0,100.23095656047718,0.0,1005.3813749448259,0.0,0.0,0.0,0.0,0.0,0.0,303.6129565604772
3994,scenario_1,158.617,336.4604301715127,0.0,177.84343017151272,0.0,1100.6007836772792,0.0,0.0,0.0,0.0,0.0,0.0,336.4604301715127
3995,scenario_1,129.746,208.8285094032094,0.0,79.0825094032094,0.0,1269.5520423402163,0.0,0.0,0.0,0.0,0.0,0.0,208.8285094032094
3996,scenario_1,136.895,332.09352557597776,0.0,195.19852557597775,0.0,1344.6804262732653,0.0,0.0,0.0,0.0,0.0,0.0,332.09352557597776
3997,scenario_1,152.694,365.39334787021613,0.0,212.69934787021614,0.0,1530.1190255704441,0.0,0.0,0.0,0.0,0.0,0.0,365.39334787021613
3998,scenario_1,150.887,238.31816394277783,0.0,87.43116394277783,0.0,1732.1834060471494,0.0,0.0,0.0,0.0,0.0,0.0,238.31816394277783
3999,scenario_1,192.621,261.76200435107785,0.0,69.14100435107784,0.0,1815.2430117927884,0.0,0.0,0.0,0.0,0.0,0.0,261.76200435107785
4000,scenario_1,182.793,194.1880702910874,0.0,11.395070291087393,0.0,1880.9269659263123,0.0,0.0,0.0,0.0,0.0,0.0,194.1880702910874
4001,scenario_1,224.089,48.95804594356672,61.3917014289115,0.0,113.73925262752176,1891.7522827028454,0.0,20.463900476303834,0.0,0.0,0.0,0.0,48.95804594356672
4002,scenario_1,24.538,0.0,0.0,0.0,24.538,1773.273894549177,0.0,0.0,0.0,0.0,0.0,0.0,0.0
4003,scenario_1,244.733,0.0,61.3917014289115,0.0,183.3412985710885,1747.7134778825102,0.0,20.463900476303834,0.0,0.0,0.0,0.0,0.0
4004,scenario_1,176.967,0.0,61.3917014289115,0.0,115.57529857108851,1556.7329585376265,0.0,20.463900476303834,0.0,0.0,0.0,0.0,0.0
4005,scenario_1,131.677,0.0,61.3917014289115,0.0,70.28529857108849,1436.3420225260759,0.0,20.463900476303834,0.0,0.0,0.0,0.0,0.0
4006,scenario_1,74.096,0.0,0.0,0.0,74.096,1363.1281698478588,0.0,0.0,0.0,0.0,0.0,0.0,0.0
4007,scenario_1,4.218,0.0,0.0,0.0,4.218,1285.9448365145254,0.0,0.0,0.0,0.0,0.0,0.0,0.0
4008,scenario_1,35.826,0.0,35.826,0.0,0.0,1281.5510865145254,0.0,11.942,0.0,0.0,0.0,0.0,0.0
4009,scenario_1,43.632,0.0,43.632,0.0,0.0,1281.5510865145254,0.0,14.543999999999999,0.0,0.0,0.0,0.0,0.0
4010,scenario_1,43.232,0.0,0.0,0.0,43.232,1281.5510865145254,0.0,0.0,0.0,0.0,0.0,0.0,0.0
4011,scenario_1,45.758,0.0,45.758,0.0,0.0,1236.5177531811921,0.0,15.252666666666668,0.0,0.0,0.0,0.0,0.0
4012,scenario_1,54.706,0.0,0.0,0.0,54.706,1236.5177531811921,0.0,0.0,0.0,0.0,0.0,0.0,0.0
4013,scenario_1,83.323,0.0,61.3917014289115,0.0,21.93129857108849,1179.5323365145255,0.0,20.463900476303834,0.0,0.0,0.0,0.0,0.0
4014,scenario_1,122.099,11.543590434810419,61.3917014289115,0.0,49.16370813627809,1156.6872338363082,0.0,20.463900476303834,0.0,0.0,0.0,0.0,11.543590434810419
4015,scenario_1,169.705,41.807457143706756,61.3917014289115,0.0,66.50584142738175,1105.4750378610186,0.0,20.463900476303834,0.0,0.0,0.0,0.0,41.807457143706756
4016,scenario_1,188.465,30.011595327879387,61.3917014289115,0.0,97.06170324320912,1036.1981197074958,0.0,20.463900476303834,0.0,0.0,0.0,0.0,30.011595327879387
4017,scenario_1,179.965,35.178809132157745,61.3917014289115,0.0,83.39448943893076,935.092178829153,0.0,20.463900476303834,0.0,0.0,0.0,0.0,35.178809132157745
4018,scenario_1,148.228,92.40961657045295,55.818383429547055,0.0,0.0,848.2229189969335,0.0,18.606127809849017,0.0,0.0,0.0,0.0,92.40961657045295
4019,scenario_1,11.941,61.42373177105981,0.0,49.48273177105981,0.0,848.2229189969335,0.0,0.0,0.0,0.0,0.0,0.0,61.42373177105981
4020,scenario_1,140.096,100.51709681554965,0.0,0.0,39.578903184450354,895.2315141794403,0.0,0.0,0.0,0.0,0.0,0.0,100.51709681554965
4021,scenario_1,12.773,192.2133943086443,0.0,179.4403943086443,0.0,854.0034900289712,0.0,0.0,0.0,0.0,0.0,0.0,192.2133943086443
4022,scenario_1,136.941,280.62146483538,0.0,143.68046483537998,0.0,1024.4718646221834,0.0,0.0,0.0,0.0,0.0,0.0,280.62146483538
4023,scenario_1,148.351,310.86793351799935,0.0,162.51693351799935,0.0,1160.9683062157944,0.0,0.0,0.0,0.0,0.0,0.0,310.86793351799935
4024,scenario_1,159.893,117.6628517115642,0.0,0.0,42.2301482884358,1315.3593930578938,0.0,0.0,0.0,0.0,0.0,0.0,117.6628517115642
4025,scenario_1,200.647,48.714473575688274,61.3917014289115,0.0,90.54082499540023,1271.36965525744,0.0,20.463900476303834,0.0,0.0,0.0,0.0,48.714473575688274
4026,scenario_1,221.235,0.0,61.3917014289115,0.0,159.8432985710885,1177.0562958872313,0.0,20.463900476303834,0.0,0.0,0.0,0.0,0.0
4027,scenario_1,228.386,0.0,61.3917014289115,0.0,166.9942985710885,1010.5528598756807,0.0,20.463900476303834,0.0,0.0,0.0,0.0,0.0
4028,scenario_1,186.586,0.0,61.3917014289115,0.0,125.19429857108851,836.6004655307968,0.0,20.463900476303834,0.0,0.0,0.0,0.0,0.0
4029,scenario_1,116.925,0.0,61.3917014289115,0.0,55.533298571088494,706.1897378525796,0.0,20.463900476303834,0.0,0.0,0.0,0.0,0.0
4030,scenario_1,8.676,0.0,0.0,0.0,8.676,648.342551841029,0.0,0.0,0.0,0.0,0.0,0.0,0.0
4031,scenario_1,61.246,0.0,61.246,0.0,0.0,639.305051841029,0.0,20.415333333333333,0.0,0.0,0.0,0.0,0.0
4032,scenario_1,34.492,0.0,34.492,0.0,0.0,639.305051841029,0.0,11.497333333333332,0.0,0.0,0.0,0.0,0.0
4033,scenario_1,42.001,0.0,0.0,0.0,42.001,639.305051841029,0.0,0.0,0.0,0.0,0.0,0.0,0.0
4034,scenario_1,51.656,0.0,51.656,0.0,0.0,595.5540101743624,0.0,17.218666666666667,0.0,0.0,0.0,0.0,0.0
4035,scenario_1,55.509,0.0,0.0,0.0,55.509,595.5540101743624,0.0,0.0,0.0,0.0,0.0,0.0,0.0
4036,scenario_1,63.619,0.0,61.3917014289115,0.0,2.2272985710884967,537.7321351743624,0.0,20.463900476303834,0.0,0.0,0.0,0.0,0.0
4037,scenario_1,75.946,0.0,61.3917014289115,0.0,14.554298571088495,535.4120324961452,0.0,20.463900476303834,0.0,0.0,0.0,0.0,0.0
4038,scenario_1,120.366,33.96964630590406,61.3917014289115,0.0,25.004652265184447,520.251304817928,0.0,20.463900476303834,0.0,0.0,0.0,0.0,33.96964630590406
4039,scenario_1,210.667,126.21398162672521,61.3917014289115,0.0,23.061316944363284,494.20479204169425,0.0,20.463900476303834,0.0,0.0,0.0,0.0,126.21398162672521
4040,scenario_1,264.102,134.0256954251124,57.02065983755702,0.0,73.05564473733058,470.18258689131585,0.0,19.006886612519008,0.0,0.0,0.0,0.0,134.0256954251124
4041,scenario_1,230.859,316.8006604784671,0.0,85.94166047846707,0.0,394.0829569565965,0.0,0.0,0.0,0.0,0.0,0.0,316.8006604784671
4042,scenario_1,140.386,333.0330189949375,0.0,192.6470189949375,0.0,475.7275344111402,0.0,0.0,0.0,0.0,0.0,0.0,333.0330189949375
4043,scenario_1,88.675,214.10011136514998,0.0,125.42511136514999,0.0,658.7422024563308,0.0,0.0,0.0,0.0,0.0,0.0,214.10011136514998
4044,scenario_1,95.607,384.9139333530455,0.0,289.30693335304545,0.0,777.8960582532233,0.0,0.0,0.0,0.0,0.0,0.0,384.9139333530455
4045,scenario_1,8.757,402.8399569565966,0.0,394.0829569565966,0.0,1052.7376449386165,0.0,0.0,0.0,0.0,0.0,0.0,402.8399569565966
4046,scenario_1,110.594,437.49946777537326,0.0,326.90546777537327,0.0,1427.1164540473833,0.0,0.0,0.0,0.0,0.0,0.0,437.49946777537326
4047,scenario_1,118.118,327.6714663090867,0.0,209.55346630908673,0.0,1737.6766484339878,0.0,0.0,0.0,0.0,0.0,0.0,327.6714663090867
4048,scenario_1,151.038,186.47204563722389,0.0,35.434045637223875,0.0,1936.7524414276202,0.0,0.0,0.0,0.0,0.0,0.0,186.47204563722389
4049,scenario_1,173.369,47.62709693337381,0.0,0.0,125.7419030666262,1970.414784782983,0.0,0.0,0.0,0.0,0.0,0.0,47.62709693337381
4050,scenario_1,256.143,0.0,56.44602455617144,0.0,199.69697544382853,1839.4336357552472,0.0,18.815341518723812,0.0,0.0,0.0,0.0,0.0
4051,scenario_1,289.311,0.0,61.3917014289115,0.0,227.91929857108846,1631.4159530012591,0.0,20.463900476303834,0.0,0.0,0.0,0.0,0.0
4052,scenario_1,233.239,0.0,0.0,0.0,233.239,1394.0000169897087,0.0,0.0,0.0,0.0,0.0,0.0,0.0
4053,scenario_1,153.924,0.0,0.0,0.0,153.924,1151.042725323042,0.0,0.0,0.0,0.0,0.0,0.0,0.0
4054,scenario_1,72.263,0.0,0.0,0.0,72.263,990.705225323042,0.0,0.0,0.0,0.0,0.0,0.0,0.0
4055,scenario_1,45.849,0.0,0.0,0.0,45.849,915.4312669897087,0.0,0.0,0.0,0.0,0.0,0.0,0.0
4056,scenario_1,21.233,0.0,0.0,0.0,21.233,867.6718919897087,0.0,0.0,0.0,0.0,0.0,0.0,0.0
4057,scenario_1,3.267,0.0,0.0,0.0,3.267,845.5541836563754,0.0,0.0,0.0,0.0,0.0,0.0,0.0
4058,scenario_1,28.615,0.0,0.0,0.0,28.615,842.1510586563753,0.0,0.0,0.0,0.0,0.0,0.0,0.0
4059,scenario_1,33.737,0.0,0.0,0.0,33.737,812.3437669897087,0.0,0.0,0.0,0.0,0.0,0.0,0.0
4060,scenario_1,57.878,0.0,0.0,0.0,57.878,777.2010586563754,0.0,0.0,0.0,0.0,0.0,0.0,0.0
4061,scenario_1,69.483,0.0,61.3917014289115,0.0,8.091298571088501,716.911475323042,0.0,20.463900476303834,0.0,0.0,0.0,0.0,0.0
4062,scenario_1,113.428,33.29112328109982,0.0,0.0,80.13687671890017,708.4830393114916,0.0,0.0,0.0,0.0,0.0,0.0,33.29112328109982
4063,scenario_1,230.113,151.3802266364513,0.0,0.0,78.73277336354869,625.0071260626372,0.0,0.0,0.0,0.0,0.0,0.0,151.3802266364513
4064,scenario_1,270.519,298.8458973605705,0.0,28.326897360570513,0.0,542.9938204756073,0.0,0.0,0.0,0.0,0.0,0.0,298.8458973605705
4065,scenario_1,221.864,401.3028741060092,0.0,179.4388741060092,0.0,569.9043729681493,0.0,0.0,0.0,0.0,0.0,0.0,401.3028741060092
4066,scenario_1,133.422,473.7308574972914,0.0,340.30885749729146,0.0,740.3713033688581,0.0,0.0,0.0,0.0,0.0,0.0,473.7308574972914
4067,scenario_1,119.266,365.0975814235066,0.0,245.83158142350658,0.0,1063.664717991285,0.0,0.0,0.0,0.0,0.0,0.0,365.0975814235066
4068,scenario_1,96.916,173.33653579806509,0.0,76.42053579806509,0.0,1297.2047203436161,0.0,0.0,0.0,0.0,0.0,0.0,173.33653579806509
4069,scenario_1,105.539,56.48269230838285,0.0,0.0,49.05630769161715,1369.804229351778,0.0,0.0,0.0,0.0,0.0,0.0,56.48269230838285
4070,scenario_1,115.097,91.98336492666569,0.0,0.0,23.113635073334308,1318.7039088396768,0.0,0.0,0.0,0.0,0.0,0.0,91.98336492666569
4071,scenario_1,118.594,336.364741026989,0.0,217.77074102698901,0.0,1294.627205638287,0.0,0.0,0.0,0.0,0.0,0.0,336.364741026989
4072,scenario_1,160.202,189.5167002357044,0.0,29.314700235704407,0.0,1501.5094096139267,0.0,0.0,0.0,0.0,0.0,0.0,189.5167002357044
4073,scenario_1,203.206,48.053348577161074,0.0,0.0,155.15265142283891,1529.3583748378458,0.0,0.0,0.0,0.0,0.0,0.0,48.053348577161074
4074,scenario_1,23.651,0.0,0.0,0.0,23.651,1367.741029605722,0.0,0.0,0.0,0.0,0.0,0.0,0.0
4075,scenario_1,268.823,0.0,61.3917014289115,0.0,207.43129857108846,1343.1045712723885,0.0,20.463900476303834,0.0,0.0,0.0,0.0,0.0
4076,scenario_1,215.554,0.0,0.0,0.0,215.554,1127.0303019275048,0.0,0.0,0.0,0.0,0.0,0.0,0.0
4077,scenario_1,15.184,0.0,0.0,0.0,15.184,902.4948852608381,0.0,0.0,0.0,0.0,0.0,0.0,0.0
4078,scenario_1,75.106,0.0,61.3917014289115,0.0,13.714298571088491,886.6782185941714,0.0,20.463900476303834,0.0,0.0,0.0,0.0,0.0
4079,scenario_1,48.099,0.0,0.0,0.0,48.099,872.3924909159542,0.0,0.0,0.0,0.0,0.0,0.0,0.0
4080,scenario_1,32.479,0.0,0.0,0.0,32.479,822.2893659159542,0.0,0.0,0.0,0.0,0.0,0.0,0.0
4081,scenario_1,38.176,0.0,0.0,0.0,38.176,788.4570742492875,0.0,0.0,0.0,0.0,0.0,0.0,0.0
4082,scenario_1,45.297,0.0,0.0,0.0,45.297,748.6904075826209,0.0,0.0,0.0,0.0,0.0,0.0,0.0
4083,scenario_1,47.425,0.0,0.0,0.0,47.425,701.5060325826208,0.0,0.0,0.0,0.0,0.0,0.0,0.0
4084,scenario_1,65.132,0.0,0.0,0.0,65.132,652.1049909159542,0.0,0.0,0.0,0.0,0.0,0.0,0.0
4085,scenario_1,85.177,0.0,61.3917014289115,0.0,23.785298571088504,584.2591575826209,0.0,20.463900476303834,0.0,0.0,0.0,0.0,0.0
4086,scenario_1,146.311,34.28281077889062,0.0,0.0,112.02818922110939,559.4828049044037,0.0,0.0,0.0,0.0,0.0,0.0,34.28281077889062
4087,scenario_1,197.179,150.42333519121456,0.0,0.0,46.75566480878544,442.786774465748,0.0,0.0,0.0,0.0,0.0,0.0,150.42333519121456
4088,scenario_1,239.175,309.4064993107287,0.0,70.23149931072868,0.0,394.0829569565965,0.0,0.0,0.0,0.0,0.0,0.0,309.4064993107287
4089,scenario_1,228.426,433.61970791559526,0.0,205.19370791559527,0.0,460.8028813017887,0.0,0.0,0.0,0.0,0.0,0.0,433.61970791559526
4090,scenario_1,143.985,345.6075827737668,0.0,201.62258277376682,0.0,655.7369038216042,0.0,0.0,0.0,0.0,0.0,0.0,345.6075827737668
4091,scenario_1,10.493,404.5759569565966,0.0,394.0829569565966,0.0,847.2783574566827,0.0,0.0,0.0,0.0,0.0,0.0,404.5759569565966
4092,scenario_1,105.795,499.8779569565966,0.0,394.0829569565966,0.0,1221.6571665654494,0.0,0.0,0.0,0.0,0.0,0.0,499.8779569565966
4093,scenario_1,117.821,511.90395695659663,0.0,394.0829569565966,0.0,1596.0359756742162,0.0,0.0,0.0,0.0,0.0,0.0,511.90395695659663
4094,scenario_1,123.361,123.361,0.0,0.0,0.0,1970.414784782983,0.0,0.0,0.0,0.0,0.0,0.0,123.361
4095,scenario_1,166.188,166.188,0.0,0.0,0.0,1970.414784782983,0.0,0.0,0.0,0.0,0.0,0.0,166.188
4096,scenario_1,170.604,170.604,0.0,0.0,0.0,1970.414784782983,0.0,0.0,0.0,0.0,0.0,0.0,170.604
4097,scenario_1,179.739,48.48829923408686,61.3917014289115,0.0,69.85899933700163,1970.414784782983,0.0,20.463900476303834,0.0,0.0,0.0,0.0,48.48829923408686
4098,scenario_1,263.813,0.0,24.56561175890613,0.0,239.24738824109386,1897.6449938069395,0.0,8.18853725296871,0.0,0.0,0.0,0.0,0.0
4099,scenario_1,261.205,0.0,61.3917014289115,0.0,199.81329857108847,1648.4289643891334,0.0,20.463900476303834,0.0,0.0,0.0,0.0,0.0
4100,scenario_1,216.053,0.0,61.3917014289115,0.0,154.66129857108848,1440.2901117109163,0.0,20.463900476303834,0.0,0.0,0.0,0.0,0.0
4101,scenario_1,140.505,0.0,0.0,0.0,140.505,1279.1845923660326,0.0,0.0,0.0,0.0,0.0,0.0,0.0
4102,scenario_1,56.002,0.0,56.002,0.0,0.0,1132.8252173660326,0.0,18.667333333333335,0.0,0.0,0.0,0.0,0.0
4103,scenario_1,25.176,0.0,0.0,0.0,25.176,1132.8252173660326,0.0,0.0,0.0,0.0,0.0,0.0,0.0
4104,scenario_1,16.925,0.0,0.0,0.0,16.925,1106.6002173660327,0.0,0.0,0.0,0.0,0.0,0.0,0.0
4105,scenario_1,21.785,0.0,0.0,0.0,21.785,1088.9700090326994,0.0,0.0,0.0,0.0,0.0,0.0,0.0
4106,scenario_1,44.315,0.0,0.0,0.0,44.315,1066.2773006993662,0.0,0.0,0.0,0.0,0.0,0.0,0.0
4107,scenario_1,63.691,0.0,61.3917014289115,0.0,2.2992985710884994,1020.1158423660328,0.0,20.463900476303834,0.0,0.0,0.0,0.0,0.0
4108,scenario_1,55.925,0.0,0.0,0.0,55.925,1017.7207396878156,0.0,0.0,0.0,0.0,0.0,0.0,0.0
4109,scenario_1,73.223,0.0,61.3917014289115,0.0,11.831298571088496,959.4655313544822,0.0,20.463900476303834,0.0,0.0,0.0,0.0,0.0
4110,scenario_1,107.409,33.586889727809364,61.3917014289115,0.0,12.430408843279139,947.1412620095983,0.0,20.463900476303834,0.0,0.0,0.0,0.0,33.586889727809364
4111,scenario_1,234.584,149.57083190364006,61.3917014289115,0.0,23.621466667448445,934.1929194645159,0.0,20.463900476303834,0.0,0.0,0.0,0.0,149.57083190364006
4112,scenario_1,232.994,309.9719351647322,0.0,76.9779351647322,0.0,909.5872250192571,0.0,0.0,0.0,0.0,0.0,0.0,309.9719351647322
4113,scenario_1,213.071,332.8851357715827,0.0,119.81413577158273,0.0,982.7162634257527,0.0,0.0,0.0,0.0,0.0,0.0,332.8851357715827
4114,scenario_1,139.836,460.02991180412914,0.0,320.19391180412913,0.0,1096.5396924087563,0.0,0.0,0.0,0.0,0.0,0.0,460.02991180412914
4115,scenario_1,106.854,219.8675570759859,0.0,113.0135570759859,0.0,1400.723908622679,0.0,0.0,0.0,0.0,0.0,0.0,219.8675570759859
4116,scenario_1,105.283,145.06474309788885,0.0,39.78174309788885,0.0,1508.0867878448655,0.0,0.0,0.0,0.0,0.0,0.0,145.06474309788885
4117,scenario_1,10.783,42.807843654636066,0.0,32.024843654636065,0.0,1545.8794437878598,0.0,0.0,0.0,0.0,0.0,0.0,42.807843654636066
4118,scenario_1,120.194,48.905851864735624,61.3917014289115,0.0,9.896446706352876,1576.303045259764,0.0,20.463900476303834,0.0,0.0,0.0,0.0,48.905851864735624
4119,scenario_1,127.769,61.971769598786295,61.3917014289115,0.0,4.405528972302207,1565.9942466073132,0.0,20.463900476303834,0.0,0.0,0.0,0.0,61.971769598786295
4120,scenario_1,150.763,116.29710664881725,0.0,0.0,34.46589335118276,1561.4051539278319,0.0,0.0,0.0,0.0,0.0,0.0,116.29710664881725
4121,scenario_1,217.732,47.07905910564731,61.3917014289115,0.0,109.2612394654412,1525.5031816870164,0.0,20.463900476303834,0.0,0.0,0.0,0.0,47.07905910564731
4122,scenario_1,260.214,0.0,0.0,0.0,260.214,1411.689390577182,0.0,0.0,0.0,0.0,0.0,0.0,0.0
4123,scenario_1,280.632,0.0,61.3917014289115,0.0,219.2402985710885,1140.6331405771818,0.0,20.463900476303834,0.0,0.0,0.0,0.0,0.0
4124,scenario_1,195.027,0.0,61.3917014289115,0.0,133.63529857108847,912.2578295656314,0.0,20.463900476303834,0.0,0.0,0.0,0.0,0.0
4125,scenario_1,129.058,0.0,61.3917014289115,0.0,67.66629857108849,773.0543935540809,0.0,20.463900476303834,0.0,0.0,0.0,0.0,0.0
4126,scenario_1,67.642,0.0,61.3917014289115,0.0,6.250298571088493,702.5686658758638,0.0,20.463900476303834,0.0,0.0,0.0,0.0,0.0
4127,scenario_1,28.925,0.0,0.0,0.0,28.925,696.0579381976465,0.0,0.0,0.0,0.0,0.0,0.0,0.0
4128,scenario_1,14.755,0.0,0.0,0.0,14.755,665.9277298643132,0.0,0.0,0.0,0.0,0.0,0.0,0.0
4129,scenario_1,18.591,0.0,0.0,0.0,18.591,650.5579381976465,0.0,0.0,0.0,0.0,0.0,0.0,0.0
4130,scenario_1,23.218,0.0,23.218,0.0,0.0,631.1923131976465,0.0,7.739333333333334,0.0,0.0,0.0,0.0,0.0
4131,scenario_1,42.697,0.0,0.0,0.0,42.697,631.1923131976465,0.0,0.0,0.0,0.0,0.0,0.0,0.0
4132,scenario_1,5.251,0.0,0.0,0.0,5.251,586.7162715309798,0.0,0.0,0.0,0.0,0.0,0.0,0.0
4133,scenario_1,76.762,0.0,61.3917014289115,0.0,15.370298571088497,581.2464798643132,0.0,20.463900476303834,0.0,0.0,0.0,0.0,0.0
4134,scenario_1,148.278,31.960174270906915,61.3917014289115,0.0,54.92612430018157,565.235752186096,0.0,20.463900476303834,0.0,0.0,0.0,0.0,31.960174270906915
4135,scenario_1,217.874,127.5362316237796,61.3917014289115,0.0,28.946066947308893,508.02103937340684,0.0,20.463900476303834,0.0,0.0,0.0,0.0,127.5362316237796
4136,scenario_1,258.425,177.99050782717103,0.0,0.0,80.43449217282898,477.8688863032934,0.0,0.0,0.0,0.0,0.0,0.0,177.99050782717103
4137,scenario_1,267.996,267.996,0.0,0.0,0.0,394.0829569565965,0.0,0.0,0.0,0.0,0.0,0.0,267.996
4138,scenario_1,137.451,279.16872964124786,0.0,141.71772964124787,0.0,394.0829569565965,0.0,0.0,0.0,0.0,0.0,0.0,279.16872964124786
4139,scenario_1,98.183,492.2659569565966,0.0,394.0829569565966,0.0,528.7148001157819,0.0,0.0,0.0,0.0,0.0,0.0,492.2659569565966
4140,scenario_1,111.661,505.7439569565966,0.0,394.0829569565966,0.0,903.0936092245487,0.0,0.0,0.0,0.0,0.0,0.0,505.7439569565966
4141,scenario_1,104.126,498.2089569565966,0.0,394.0829569565966,0.0,1277.4724183333155,0.0,0.0,0.0,0.0,0.0,0.0,498.2089569565966
4142,scenario_1,108.798,387.1617342743728,0.0,278.3637342743728,0.0,1651.8512274420823,0.0,0.0,0.0,0.0,0.0,0.0,387.1617342743728
4143,scenario_1,125.372,125.372,0.0,0.0,0.0,1916.2967750027365,0.0,0.0,0.0,0.0,0.0,0.0,125.372
4144,scenario_1,140.472,140.472,0.0,0.0,0.0,1916.2967750027365,0.0,0.0,0.0,0.0,0.0,0.0,140.472
4145,scenario_1,207.745,49.84534528369532,0.0,0.0,157.89965471630467,1916.2967750027365,0.0,0.0,0.0,0.0,0.0,0.0,49.84534528369532
4146,scenario_1,263.041,0.0,0.0,0.0,263.041,1751.8179680065857,0.0,0.0,0.0,0.0,0.0,0.0,0.0
4147,scenario_1,294.081,0.0,0.0,0.0,294.081,1477.816926339919,0.0,0.0,0.0,0.0,0.0,0.0,0.0
4148,scenario_1,246.746,0.0,0.0,0.0,246.746,1171.482551339919,0.0,0.0,0.0,0.0,0.0,0.0,0.0
4149,scenario_1,16.525,0.0,0.0,0.0,16.525,914.4554680065856,0.0,0.0,0.0,0.0,0.0,0.0,0.0
4150,scenario_1,71.733,0.0,0.0,0.0,71.733,897.241926339919,0.0,0.0,0.0,0.0,0.0,0.0,0.0
4151,scenario_1,47.154,0.0,0.0,0.0,47.154,822.5200513399191,0.0,0.0,0.0,0.0,0.0,0.0,0.0
4152,scenario_1,34.789,0.0,0.0,0.0,34.789,773.4013013399191,0.0,0.0,0.0,0.0,0.0,0.0,0.0
4153,scenario_1,41.982,0.0,0.0,0.0,41.982,737.1627596732524,0.0,0.0,0.0,0.0,0.0,0.0,0.0
4154,scenario_1,44.181,0.0,0.0,0.0,44.181,693.4315096732523,0.0,0.0,0.0,0.0,0.0,0.0,0.0
4155,scenario_1,48.321,0.0,0.0,0.0,48.321,647.4096346732523,0.0,0.0,0.0,0.0,0.0,0.0,0.0
4156,scenario_1,62.138,0.0,0.0,0.0,62.138,597.0752596732523,0.0,0.0,0.0,0.0,0.0,0.0,0.0
4157,scenario_1,6.952,0.0,0.0,0.0,6.952,532.348176339919,0.0,0.0,0.0,0.0,0.0,0.0,0.0
4158,scenario_1,117.755,32.464717032940825,0.0,0.0,85.29028296705917,525.1065096732523,0.0,0.0,0.0,0.0,0.0,0.0,32.464717032940825
4159,scenario_1,192.351,151.8586723590697,0.0,0.0,40.49232764093031,436.26246491589893,0.0,0.0,0.0,0.0,0.0,0.0,151.8586723590697
4160,scenario_1,209.447,310.9201275968304,0.0,101.47312759683041,0.0,394.0829569565965,0.0,0.0,0.0,0.0,0.0,0.0,310.9201275968304
4161,scenario_1,163.336,431.41885759155076,0.0,268.08285759155075,0.0,490.4824281735854,0.0,0.0,0.0,0.0,0.0,0.0,431.41885759155076
4162,scenario_1,146.913,528.4041550728631,0.0,381.4911550728631,0.0,745.1611428855585,0.0,0.0,0.0,0.0,0.0,0.0,528.4041550728631
4163,scenario_1,144.663,538.7459569565966,0.0,394.0829569565966,0.0,1107.5777402047784,0.0,0.0,0.0,0.0,0.0,0.0,538.7459569565966
4164,scenario_1,129.218,523.3009569565966,0.0,394.0829569565966,0.0,1481.956549313545,0.0,0.0,0.0,0.0,0.0,0.0,523.3009569565966
4165,scenario_1,137.141,137.141,0.0,0.0,0.0,1856.3353584223119,0.0,0.0,0.0,0.0,0.0,0.0,137.141
4166,scenario_1,154.967,154.967,0.0,0.0,0.0,1856.3353584223119,0.0,0.0,0.0,0.0,0.0,0.0,154.967
4167,scenario_1,162.559,282.6426066954432,0.0,120.08360669544322,0.0,1856.3353584223119,0.0,0.0,0.0,0.0,0.0,0.0,282.6426066954432
4168,scenario_1,180.554,180.554,0.0,0.0,0.0,1970.414784782983,0.0,0.0,0.0,0.0,0.0,0.0,180.554
4169,scenario_1,216.038,49.99322850705009,0.0,0.0,166.0447714929499,1970.414784782983,0.0,0.0,0.0,0.0,0.0,0.0,49.99322850705009
4170,scenario_1,234.332,0.0,61.3917014289115,0.0,172.94029857108848,1797.4514811444933,0.0,20.463900476303834,0.0,0.0,0.0,0.0,0.0
4171,scenario_1,23.296,0.0,0.0,0.0,23.296,1617.3053367996094,0.0,0.0,0.0,0.0,0.0,0.0,0.0
4172,scenario_1,16.829,0.0,0.0,0.0,16.829,1593.0386701329428,0.0,0.0,0.0,0.0,0.0,0.0,0.0
4173,scenario_1,114.285,0.0,0.0,0.0,114.285,1575.5084617996094,0.0,0.0,0.0,0.0,0.0,0.0,0.0
4174,scenario_1,8.065,0.0,0.0,0.0,8.065,1456.4615867996094,0.0,0.0,0.0,0.0,0.0,0.0,0.0
4175,scenario_1,55.396,0.0,0.0,0.0,55.396,1448.0605451329427,0.0,0.0,0.0,0.0,0.0,0.0,0.0
4176,scenario_1,34.083,0.0,0.0,0.0,34.083,1390.356378466276,0.0,0.0,0.0,0.0,0.0,0.0,0.0
4177,scenario_1,40.821,0.0,0.0,0.0,40.821,1354.853253466276,0.0,0.0,0.0,0.0,0.0,0.0,0.0
4178,scenario_1,41.974,0.0,0.0,0.0,41.974,1312.3313784662762,0.0,0.0,0.0,0.0,0.0,0.0,0.0
4179,scenario_1,48.915,0.0,0.0,0.0,48.915,1268.6084617996096,0.0,0.0,0.0,0.0,0.0,0.0,0.0
4180,scenario_1,48.767,0.0,0.0,0.0,48.767,1217.6553367996096,0.0,0.0,0.0,0.0,0.0,0.0,0.0
4181,scenario_1,81.661,0.0,0.0,0.0,81.661,1166.8563784662763,0.0,0.0,0.0,0.0,0.0,0.0,0.0
4182,scenario_1,126.009,7.41155919401543,0.0,0.0,118.59744080598458,1081.7928367996096,0.0,0.0,0.0,0.0,0.0,0.0,7.41155919401543
4183,scenario_1,172.128,18.23313153832904,0.0,0.0,153.89486846167094,958.2538359600424,0.0,0.0,0.0,0.0,0.0,0.0,18.23313153832904
4184,scenario_1,187.563,72.63675970660663,0.0,0.0,114.92624029339336,797.9466813124684,0.0,0.0,0.0,0.0,0.0,0.0,72.63675970660663
4185,scenario_1,184.021,218.3017347110531,0.0,34.2807347110531,0.0,678.231847673517,0.0,0.0,0.0,0.0,0.0,0.0,218.3017347110531
4186,scenario_1,140.596,360.5132014995088,0.0,219.9172014995088,0.0,710.7985456490175,0.0,0.0,0.0,0.0,0.0,0.0,360.5132014995088
4187,scenario_1,132.773,526.8559569565966,0.0,394.0829569565966,0.0,919.7198870735508,0.0,0.0,0.0,0.0,0.0,0.0,526.8559569565966
4188,scenario_1,136.829,210.62920512288218,0.0,73.80020512288218,0.0,1294.0986961823176,0.0,0.0,0.0,0.0,0.0,0.0,210.62920512288218
4189,scenario_1,137.831,183.07073150006423,0.0,45.23973150006424,0.0,1364.2088910490556,0.0,0.0,0.0,0.0,0.0,0.0,183.07073150006423
4190,scenario_1,121.616,191.25650286340758,0.0,69.64050286340758,0.0,1407.1866359741166,0.0,0.0,0.0,0.0,0.0,0.0,191.25650286340758
4191,scenario_1,133.522,316.27871969015615,0.0,182.75671969015616,0.0,1473.3451136943538,0.0,0.0,0.0,0.0,0.0,0.0,316.27871969015615
4192,scenario_1,18.689,197.9460439669262,0.0,179.2570439669262,0.0,1646.9639974000022,0.0,0.0,0.0,0.0,0.0,0.0,197.9460439669262
4193,scenario_1,227.567,41.99013641961559,0.0,0.0,185.5768635803844,1817.258189168582,0.0,0.0,0.0,0.0,0.0,0.0,41.99013641961559
4194,scenario_1,234.744,0.0,58.07188941958455,0.0,176.67211058041545,1623.9489562723484,0.0,19.35729647319485,0.0,0.0,0.0,0.0,0.0
4195,scenario_1,231.554,0.0,0.0,0.0,231.554,1439.9155077510823,0.0,0.0,0.0,0.0,0.0,0.0,0.0
4196,scenario_1,164.759,0.0,0.0,0.0,164.759,1198.713424417749,0.0,0.0,0.0,0.0,0.0,0.0,0.0
4197,scenario_1,91.597,0.0,0.0,0.0,91.597,1027.0894660844156,0.0,0.0,0.0,0.0,0.0,0.0,0.0
4198,scenario_1,63.761,0.0,0.0,0.0,63.761,931.6759244177488,0.0,0.0,0.0,0.0,0.0,0.0,0.0
4199,scenario_1,32.391,0.0,0.0,0.0,32.391,865.2582160844154,0.0,0.0,0.0,0.0,0.0,0.0,0.0
4200,scenario_1,18.413,0.0,0.0,0.0,18.413,831.5175910844154,0.0,0.0,0.0,0.0,0.0,0.0,0.0
4201,scenario_1,38.242,0.0,0.0,0.0,38.242,812.337382751082,0.0,0.0,0.0,0.0,0.0,0.0,0.0
4202,scenario_1,39.501,0.0,0.0,0.0,39.501,772.5019660844154,0.0,0.0,0.0,0.0,0.0,0.0,0.0
4203,scenario_1,50.921,0.0,0.0,0.0,50.921,731.3550910844153,0.0,0.0,0.0,0.0,0.0,0.0,0.0
4204,scenario_1,55.104,0.0,0.0,0.0,55.104,678.312382751082,0.0,0.0,0.0,0.0,0.0,0.0,0.0
4205,scenario_1,73.722,0.0,0.0,0.0,73.722,620.9123827510821,0.0,0.0,0.0,0.0,0.0,0.0,0.0
4206,scenario_1,130.558,33.61298676722491,0.0,0.0,96.94501323277508,544.118632751082,0.0,0.0,0.0,0.0,0.0,0.0,33.61298676722491
4207,scenario_1,196.373,149.28376447006903,0.0,0.0,47.08923552993096,443.13424396694126,0.0,0.0,0.0,0.0,0.0,0.0,149.28376447006903
4208,scenario_1,267.991,267.991,0.0,0.0,0.0,394.0829569565965,0.0,0.0,0.0,0.0,0.0,0.0,267.991
4209,scenario_1,239.158,308.72797628592446,0.0,69.56997628592447,0.0,394.0829569565965,0.0,0.0,0.0,0.0,0.0,0.0,308.72797628592446
4210,scenario_1,152.305,428.7395615448879,0.0,276.4345615448879,0.0,460.17443442822474,0.0,0.0,0.0,0.0,0.0,0.0,428.7395615448879
4211,scenario_1,125.387,519.4699569565967,0.0,394.0829569565966,0.0,722.7872678958682,0.0,0.0,0.0,0.0,0.0,0.0,519.4699569565967
4212,scenario_1,111.646,505.7289569565966,0.0,394.0829569565966,0.0,1097.166077004635,0.0,0.0,0.0,0.0,0.0,0.0,505.7289569565966
4213,scenario_1,11.953,406.0359569565966,0.0,394.0829569565966,0.0,1471.5448861134018,0.0,0.0,0.0,0.0,0.0,0.0,406.0359569565966
4214,scenario_1,124.199,255.24225216927823,0.0,131.04325216927825,0.0,1845.9236952221686,0.0,0.0,0.0,0.0,0.0,0.0,255.24225216927823
4215,scenario_1,123.139,123.139,0.0,0.0,0.0,1970.414784782983,0.0,0.0,0.0,0.0,0.0,0.0,123.139
4216,scenario_1,177.878,154.85983189185762,0.0,0.0,23.018168108142362,1970.414784782983,0.0,0.0,0.0,0.0,0.0,0.0,154.85983189185762
4217,scenario_1,189.801,49.35820054793844,61.3917014289115,0.0,79.05109802315003,1946.4375263370014,0.0,20.463900476303834,0.0,0.0,0.0,0.0,49.35820054793844
4218,scenario_1,253.323,0.0,61.3917014289115,0.0,191.93129857108852,1864.0926325628868,0.0,20.463900476303834,0.0,0.0,0.0,0.0,0.0
4219,scenario_1,288.303,0.0,61.3917014289115,0.0,226.91129857108848,1664.1641965513363,0.0,20.463900476303834,0.0,0.0,0.0,0.0,0.0
4220,scenario_1,255.881,0.0,61.3917014289115,0.0,194.4892985710885,1427.7982605397858,0.0,20.463900476303834,0.0,0.0,0.0,0.0,0.0
4221,scenario_1,15.923,0.0,0.0,0.0,15.923,1225.2052411949019,0.0,0.0,0.0,0.0,0.0,0.0,0.0
4222,scenario_1,82.713,0.0,61.3917014289115,0.0,21.32129857108849,1208.6187828615684,0.0,20.463900476303834,0.0,0.0,0.0,0.0,0.0
4223,scenario_1,43.902,0.0,0.0,0.0,43.902,1186.409096850018,0.0,0.0,0.0,0.0,0.0,0.0,0.0
4224,scenario_1,23.317,0.0,23.317,0.0,0.0,1140.6778468500179,0.0,7.772333333333333,0.0,0.0,0.0,0.0,0.0
4225,scenario_1,46.698,0.0,0.0,0.0,46.698,1140.6778468500179,0.0,0.0,0.0,0.0,0.0,0.0,0.0
4226,scenario_1,48.359,0.0,48.359,0.0,0.0,1092.034096850018,0.0,16.119666666666667,0.0,0.0,0.0,0.0,0.0
4227,scenario_1,52.137,0.0,0.0,0.0,52.137,1092.034096850018,0.0,0.0,0.0,0.0,0.0,0.0,0.0
4228,scenario_1,62.195,0.0,61.3917014289115,0.0,0.8032985710884972,1037.7247218500179,0.0,20.463900476303834,0.0,0.0,0.0,0.0,0.0
4229,scenario_1,8.148,0.0,0.0,0.0,8.148,1036.887952505134,0.0,0.0,0.0,0.0,0.0,0.0,0.0
4230,scenario_1,144.624,32.19504762564684,61.3917014289115,0.0,51.03725094544164,1028.4004525051341,0.0,20.463900476303834,0.0,0.0,0.0,0.0,32.19504762564684
4231,scenario_1,226.428,114.54860500797557,61.3917014289115,0.0,50.48769356311293,975.2366494369658,0.0,20.463900476303834,0.0,0.0,0.0,0.0,114.54860500797557
4232,scenario_1,261.728,236.00422644793264,0.0,0.0,25.72377355206737,922.6453019753898,0.0,0.0,0.0,0.0,0.0,0.0,236.00422644793264
4233,scenario_1,243.582,376.7977540948103,0.0,133.21575409481028,0.0,895.8497045253196,0.0,0.0,0.0,0.0,0.0,0.0,376.7977540948103
4234,scenario_1,159.383,168.50858350618884,0.0,9.125583506188832,0.0,1022.4046709153894,0.0,0.0,0.0,0.0,0.0,0.0,168.50858350618884
4235,scenario_1,119.232,47.235641342140596,61.3917014289115,0.0,10.6046572289479,1031.0739752462687,0.0,20.463900476303834,0.0,0.0,0.0,0.0,47.235641342140596
4236,scenario_1,110.197,47.096457131924346,61.3917014289115,0.0,1.7088414391641535,1020.027457299448,0.0,20.463900476303834,0.0,0.0,0.0,0.0,47.096457131924346
4237,scenario_1,95.161,105.28415601545628,0.0,10.123156015456274,0.0,1018.247414133652,0.0,0.0,0.0,0.0,0.0,0.0,105.28415601545628
4238,scenario_1,108.634,331.30191538037286,0.0,222.66791538037285,0.0,1027.8644123483355,0.0,0.0,0.0,0.0,0.0,0.0,331.30191538037286
4239,scenario_1,149.333,350.78770481064817,0.0,201.45470481064817,0.0,1239.3989319596897,0.0,0.0,0.0,0.0,0.0,0.0,350.78770481064817
4240,scenario_1,149.601,144.56020033585494,0.0,0.0,5.040799664145055,1430.7809015298053,0.0,0.0,0.0,0.0,0.0,0.0,144.56020033585494
4241,scenario_1,169.783,36.51845715548918,61.3917014289115,0.0,71.8728414155993,1425.5300685463208,0.0,20.463900476303834,0.0,0.0,0.0,0.0,36.51845715548918
4242,scenario_1,256.224,0.0,26.168660508676027,0.0,230.05533949132396,1350.6625254050714,0.0,8.722886836225342,0.0,0.0,0.0,0.0,0.0
4243,scenario_1,27.74,0.0,0.0,0.0,27.74,1111.0215467682756,0.0,0.0,0.0,0.0,0.0,0.0,0.0
4244,scenario_1,251.225,0.0,61.3917014289115,0.0,189.8332985710885,1082.1257134349423,0.0,20.463900476303834,0.0,0.0,0.0,0.0,0.0
4245,scenario_1,167.096,0.0,61.3917014289115,0.0,105.7042985710885,884.3826940900584,0.0,20.463900476303834,0.0,0.0,0.0,0.0,0.0
4246,scenario_1,77.176,0.0,61.3917014289115,0.0,15.784298571088499,774.2740497451746,0.0,20.463900476303834,0.0,0.0,0.0,0.0,0.0
4247,scenario_1,46.267,0.0,0.0,0.0,46.267,757.8320720669574,0.0,0.0,0.0,0.0,0.0,0.0,0.0
4248,scenario_1,17.608,0.0,17.608,0.0,0.0,709.6372804002907,0.0,5.8693333333333335,0.0,0.0,0.0,0.0,0.0
4249,scenario_1,28.537,0.0,0.0,0.0,28.537,709.6372804002907,0.0,0.0,0.0,0.0,0.0,0.0,0.0
4250,scenario_1,39.099,0.0,39.099,0.0,0.0,679.911238733624,0.0,13.033,0.0,0.0,0.0,0.0,0.0
4251,scenario_1,44.147,0.0,0.0,0.0,44.147,679.911238733624,0.0,0.0,0.0,0.0,0.0,0.0,0.0
4252,scenario_1,48.307,0.0,0.0,0.0,48.307,633.9247804002907,0.0,0.0,0.0,0.0,0.0,0.0,0.0
4253,scenario_1,73.807,0.0,61.3917014289115,0.0,12.415298571088499,583.604988733624,0.0,20.463900476303834,0.0,0.0,0.0,0.0,0.0
4254,scenario_1,136.926,31.038078878224248,61.3917014289115,0.0,44.496219692864244,570.6723860554068,0.0,20.463900476303834,0.0,0.0,0.0,0.0,31.038078878224248
4255,scenario_1,231.884,115.31411816416497,61.3917014289115,0.0,55.178180406923516,524.3221572086733,0.0,20.463900476303834,0.0,0.0,0.0,0.0,115.31411816416497
4256,scenario_1,267.461,136.21784673601834,61.3917014289115,0.0,69.85145183507016,466.84488595146126,0.0,20.463900476303834,0.0,0.0,0.0,0.0,136.21784673601834
4257,scenario_1,210.288,358.5820205827583,0.0,148.29402058275826,0.0,394.0829569565965,0.0,0.0,0.0,0.0,0.0,0.0,358.5820205827583
4258,scenario_1,136.008,441.39662566142835,0.0,305.38862566142836,0.0,534.9622765102168,0.0,0.0,0.0,0.0,0.0,0.0,441.39662566142835
4259,scenario_1,10.141,404.2239569565966,0.0,394.0829569565966,0.0,825.0814708885738,0.0,0.0,0.0,0.0,0.0,0.0,404.2239569565966
4260,scenario_1,107.014,501.0969569565966,0.0,394.0829569565966,0.0,1199.4602799973404,0.0,0.0,0.0,0.0,0.0,0.0,501.0969569565966
4261,scenario_1,135.039,487.1012406911901,0.0,352.06224069119014,0.0,1573.8390891061072,0.0,0.0,0.0,0.0,0.0,0.0,487.1012406911901
4262,scenario_1,121.025,186.4108600213107,0.0,65.38586002131069,0.0,1908.2982177627377,0.0,0.0,0.0,0.0,0.0,0.0,186.4108600213107
4263,scenario_1,136.855,136.855,0.0,0.0,0.0,1970.414784782983,0.0,0.0,0.0,0.0,0.0,0.0,136.855
4264,scenario_1,13.908,13.908,0.0,0.0,0.0,1970.414784782983,0.0,0.0,0.0,0.0,0.0,0.0,13.908
4265,scenario_1,192.266,17.615501605494423,61.3917014289115,0.0,113.25879696559407,1970.414784782983,0.0,20.463900476303834,0.0,0.0,0.0,0.0,17.615501605494423
4266,scenario_1,256.789,0.0,61.3917014289115,0.0,195.39729857108847,1852.4368712771557,0.0,20.463900476303834,0.0,0.0,0.0,0.0,0.0
4267,scenario_1,284.456,0.0,61.3917014289115,0.0,223.0642985710885,1648.8980185989385,0.0,20.463900476303834,0.0,0.0,0.0,0.0,0.0
4268,scenario_1,255.353,0.0,61.3917014289115,0.0,193.9612985710885,1416.5393742540546,0.0,20.463900476303834,0.0,0.0,0.0,0.0,0.0
4269,scenario_1,149.184,0.0,0.0,0.0,149.184,1214.4963549091708,0.0,0.0,0.0,0.0,0.0,0.0,0.0
4270,scenario_1,7.03,0.0,0.0,0.0,7.03,1059.0963549091707,0.0,0.0,0.0,0.0,0.0,0.0,0.0
4271,scenario_1,36.501,0.0,0.0,0.0,36.501,1051.773438242504,0.0,0.0,0.0,0.0,0.0,0.0,0.0
4272,scenario_1,17.385,0.0,0.0,0.0,17.385,1013.751563242504,0.0,0.0,0.0,0.0,0.0,0.0,0.0
4273,scenario_1,27.668,0.0,0.0,0.0,27.668,995.642188242504,0.0,0.0,0.0,0.0,0.0,0.0,0.0
4274,scenario_1,45.247,0.0,45.247,0.0,0.0,966.8213549091706,0.0,15.082333333333333,0.0,0.0,0.0,0.0,0.0
4275,scenario_1,42.491,0.0,42.491,0.0,0.0,966.8213549091706,0.0,14.163666666666666,0.0,0.0,0.0,0.0,0.0
4276,scenario_1,51.484,0.0,51.484,0.0,0.0,966.8213549091706,0.0,17.161333333333335,0.0,0.0,0.0,0.0,0.0
4277,scenario_1,66.333,0.0,61.3917014289115,0.0,4.941298571088495,966.8213549091706,0.0,20.463900476303834,0.0,0.0,0.0,0.0,0.0
4278,scenario_1,149.443,0.0,0.0,0.0,149.443,961.6741688976201,0.0,0.0,0.0,0.0,0.0,0.0,0.0
4279,scenario_1,216.951,0.0,61.3917014289115,0.0,155.5592985710885,806.0043772309534,0.0,20.463900476303834,0.0,0.0,0.0,0.0,0.0
4280,scenario_1,254.683,0.0,14.797735107705904,0.0,239.8852648922941,643.9634412194029,0.0,4.932578369235301,0.0,0.0,0.0,0.0,0.0
4281,scenario_1,220.079,441.8576733577696,0.0,221.7786733577696,0.0,394.0829569565965,0.0,0.0,0.0,0.0,0.0,0.0,441.8576733577696
4282,scenario_1,159.462,414.7311166423211,0.0,255.26911664232117,0.0,604.7726966464776,0.0,0.0,0.0,0.0,0.0,0.0,414.7311166423211
4283,scenario_1,110.981,505.0639569565966,0.0,394.0829569565966,0.0,847.2783574566827,0.0,0.0,0.0,0.0,0.0,0.0,505.0639569565966
4284,scenario_1,7.582,401.6649569565966,0.0,394.0829569565966,0.0,1221.6571665654494,0.0,0.0,0.0,0.0,0.0,0.0,401.6649569565966
4285,scenario_1,84.367,478.4499569565966,0.0,394.0829569565966,0.0,1596.0359756742162,0.0,0.0,0.0,0.0,0.0,0.0,478.4499569565966
4286,scenario_1,94.889,94.889,0.0,0.0,0.0,1970.414784782983,0.0,0.0,0.0,0.0,0.0,0.0,94.889
4287,scenario_1,124.257,124.257,0.0,0.0,0.0,1970.414784782983,0.0,0.0,0.0,0.0,0.0,0.0,124.257
4288,scenario_1,139.035,139.035,0.0,0.0,0.0,1970.414784782983,0.0,0.0,0.0,0.0,0.0,0.0,139.035
4289,scenario_1,206.909,51.80262323986137,61.3917014289115,0.0,93.71467533122713,1970.414784782983,0.0,20.463900476303834,0.0,0.0,0.0,0.0,51.80262323986137
4290,scenario_1,261.208,0.0,61.3917014289115,0.0,199.8162985710885,1872.7953313129547,0.0,20.463900476303834,0.0,0.0,0.0,0.0,0.0
4291,scenario_1,265.626,0.0,61.3917014289115,0.0,204.23429857108846,1664.6533536347374,0.0,20.463900476303834,0.0,0.0,0.0,0.0,0.0
4292,scenario_1,230.213,0.0,0.0,0.0,230.213,1451.909292623187,0.0,0.0,0.0,0.0,0.0,0.0,0.0
4293,scenario_1,148.709,0.0,61.3917014289115,0.0,87.3172985710885,1212.1040842898535,0.0,20.463900476303834,0.0,0.0,0.0,0.0,0.0
4294,scenario_1,57.716,0.0,0.0,0.0,57.716,1121.1485649449696,0.0,0.0,0.0,0.0,0.0,0.0,0.0
4295,scenario_1,25.714,0.0,0.0,0.0,25.714,1061.0277316116362,0.0,0.0,0.0,0.0,0.0,0.0,0.0
4296,scenario_1,3.654,0.0,0.0,0.0,3.654,1034.2423149449696,0.0,0.0,0.0,0.0,0.0,0.0,0.0
4297,scenario_1,45.035,0.0,0.0,0.0,45.035,1030.4360649449695,0.0,0.0,0.0,0.0,0.0,0.0,0.0
4298,scenario_1,51.997,0.0,51.997,0.0,0.0,983.5246066116362,0.0,17.332333333333334,0.0,0.0,0.0,0.0,0.0
4299,scenario_1,51.158,0.0,0.0,0.0,51.158,983.5246066116362,0.0,0.0,0.0,0.0,0.0,0.0,0.0
4300,scenario_1,61.048,0.0,0.0,0.0,61.048,930.2350232783028,0.0,0.0,0.0,0.0,0.0,0.0,0.0
4301,scenario_1,72.588,0.0,61.3917014289115,0.0,11.19629857108849,866.6433566116361,0.0,20.463900476303834,0.0,0.0,0.0,0.0,0.0
4302,scenario_1,113.658,0.0,0.0,0.0,113.658,854.9805456000856,0.0,0.0,0.0,0.0,0.0,0.0,0.0
4303,scenario_1,23.801,0.0,0.0,0.0,23.801,736.5867956000857,0.0,0.0,0.0,0.0,0.0,0.0,0.0
4304,scenario_1,231.424,23.113277909036384,61.3917014289115,0.0,146.9190206620521,711.7940872667524,0.0,20.463900476303834,0.0,0.0,0.0,0.0,23.113277909036384
4305,scenario_1,197.984,34.15232558181289,61.3917014289115,0.0,102.4399729892756,558.7534407437814,0.0,20.463900476303834,0.0,0.0,0.0,0.0,34.15232558181289
4306,scenario_1,117.556,47.505310749434585,61.3917014289115,0.0,8.65898782165391,452.04513554661935,0.0,20.463900476303834,0.0,0.0,0.0,0.0,47.505310749434585
4307,scenario_1,87.256,74.26347516350907,0.0,0.0,12.99252483649093,443.02535656572985,0.0,0.0,0.0,0.0,0.0,0.0,74.26347516350907
4308,scenario_1,100.226,494.3089569565966,0.0,394.0829569565966,0.0,429.4914765277185,0.0,0.0,0.0,0.0,0.0,0.0,494.3089569565966
4309,scenario_1,115.694,461.1520844989977,0.0,345.45808449899766,0.0,803.8702856364853,0.0,0.0,0.0,0.0,0.0,0.0,461.1520844989977
4310,scenario_1,94.471,452.03551872983314,0.0,357.56451872983314,0.0,1132.055465910533,0.0,0.0,0.0,0.0,0.0,0.0,452.03551872983314
4311,scenario_1,138.804,352.1795469128107,0.0,213.37554691281068,0.0,1471.7417587038744,0.0,0.0,0.0,0.0,0.0,0.0,352.1795469128107
4312,scenario_1,137.661,199.2769929771191,0.0,61.615992977119106,0.0,1674.4485282710446,0.0,0.0,0.0,0.0,0.0,0.0,199.2769929771191
4313,scenario_1,186.555,52.91609692159139,0.0,0.0,133.63890307840862,1732.9837215993077,0.0,0.0,0.0,0.0,0.0,0.0,52.91609692159139
4314,scenario_1,260.554,0.0,16.143277858947016,0.0,244.41072214105296,1593.776530892632,0.0,5.381092619649006,0.0,0.0,0.0,0.0,0.0
4315,scenario_1,283.951,0.0,0.0,0.0,283.951,1339.1820286623686,0.0,0.0,0.0,0.0,0.0,0.0,0.0
4316,scenario_1,23.249,0.0,0.0,0.0,23.249,1043.399736995702,0.0,0.0,0.0,0.0,0.0,0.0,0.0
4317,scenario_1,155.648,0.0,0.0,0.0,155.648,1019.1820286623686,0.0,0.0,0.0,0.0,0.0,0.0,0.0
4318,scenario_1,6.236,0.0,0.0,0.0,6.236,857.0486953290352,0.0,0.0,0.0,0.0,0.0,0.0,0.0
4319,scenario_1,27.386,0.0,0.0,0.0,27.386,850.552861995702,0.0,0.0,0.0,0.0,0.0,0.0,0.0
4320,scenario_1,37.434,0.0,0.0,0.0,37.434,822.0257786623687,0.0,0.0,0.0,0.0,0.0,0.0,0.0
4321,scenario_1,43.805,0.0,0.0,0.0,43.805,783.0320286623687,0.0,0.0,0.0,0.0,0.0,0.0,0.0
4322,scenario_1,46.103,0.0,0.0,0.0,46.103,737.4018203290353,0.0,0.0,0.0,0.0,0.0,0.0,0.0
4323,scenario_1,46.665,0.0,0.0,0.0,46.665,689.377861995702,0.0,0.0,0.0,0.0,0.0,0.0,0.0
4324,scenario_1,5.454,0.0,0.0,0.0,5.454,640.768486995702,0.0,0.0,0.0,0.0,0.0,0.0,0.0
4325,scenario_1,69.621,0.0,0.0,0.0,69.621,635.087236995702,0.0,0.0,0.0,0.0,0.0,0.0,0.0
4326,scenario_1,123.321,26.436300927949404,0.0,0.0,96.8846990720506,562.565361995702,0.0,0.0,0.0,0.0,0.0,0.0,26.436300927949404
4327,scenario_1,166.315,101.45659023450935,0.0,0.0,64.85840976549065,461.64380046231594,0.0,0.0,0.0,0.0,0.0,0.0,101.45659023450935
4328,scenario_1,19.863,228.18381363640697,0.0,208.32081363640697,0.0,394.0829569565965,0.0,0.0,0.0,0.0,0.0,0.0,228.18381363640697
4329,scenario_1,18.884,400.78093331769827,0.0,381.89693331769826,0.0,591.9877299111831,0.0,0.0,0.0,0.0,0.0,0.0,400.78093331769827
4330,scenario_1,15.722,409.8049569565966,0.0,394.0829569565966,0.0,954.7898165629965,0.0,0.0,0.0,0.0,0.0,0.0,409.8049569565966
4331,scenario_1,11.753,405.8359569565966,0.0,394.0829569565966,0.0,1329.1686256717633,0.0,0.0,0.0,0.0,0.0,0.0,405.8359569565966
4332,scenario_1,128.132,128.132,0.0,0.0,0.0,1703.54743478053,0.0,0.0,0.0,0.0,0.0,0.0,128.132
4333,scenario_1,128.182,128.182,0.0,0.0,0.0,1703.54743478053,0.0,0.0,0.0,0.0,0.0,0.0,128.182
4334,scenario_1,131.343,387.09621917122604,0.0,255.75321917122605,0.0,1703.54743478053,0.0,0.0,0.0,0.0,0.0,0.0,387.09621917122604
4335,scenario_1,176.786,176.786,0.0,0.0,0.0,1946.5129929931948,0.0,0.0,0.0,0.0,0.0,0.0,176.786
4336,scenario_1,162.765,187.92478083135603,0.0,25.159780831356045,0.0,1946.5129929931948,0.0,0.0,0.0,0.0,0.0,0.0,187.92478083135603
4337,scenario_1,199.168,52.79431073765217,0.0,0.0,146.37368926234785,1970.414784782983,0.0,0.0,0.0,0.0,0.0,0.0,52.79431073765217
4338,scenario_1,228.657,0.0,19.684605383948565,0.0,208.97239461605145,1817.9421918013704,0.0,6.561535127982855,0.0,0.0,0.0,0.0,0.0
4339,scenario_1,264.275,0.0,61.3917014289115,0.0,202.88329857108846,1600.2626140763168,0.0,20.463900476303834,0.0,0.0,0.0,0.0,0.0
4340,scenario_1,207.597,0.0,0.0,0.0,207.597,1388.925844731433,0.0,0.0,0.0,0.0,0.0,0.0,0.0
4341,scenario_1,133.908,0.0,0.0,0.0,133.908,1172.678969731433,0.0,0.0,0.0,0.0,0.0,0.0,0.0
4342,scenario_1,72.466,0.0,0.0,0.0,72.466,1033.191469731433,0.0,0.0,0.0,0.0,0.0,0.0,0.0
4343,scenario_1,44.447,0.0,0.0,0.0,44.447,957.7060530647664,0.0,0.0,0.0,0.0,0.0,0.0,0.0
4344,scenario_1,39.101,0.0,0.0,0.0,39.101,911.4070947314331,0.0,0.0,0.0,0.0,0.0,0.0,0.0
4345,scenario_1,42.124,0.0,0.0,0.0,42.124,870.6768863980998,0.0,0.0,0.0,0.0,0.0,0.0,0.0
4346,scenario_1,50.013,0.0,0.0,0.0,50.013,826.7977197314331,0.0,0.0,0.0,0.0,0.0,0.0,0.0
4347,scenario_1,45.285,0.0,0.0,0.0,45.285,774.7008447314331,0.0,0.0,0.0,0.0,0.0,0.0,0.0
4348,scenario_1,55.394,0.0,0.0,0.0,55.394,727.5289697314331,0.0,0.0,0.0,0.0,0.0,0.0,0.0
4349,scenario_1,76.177,0.0,0.0,0.0,76.177,669.8268863980998,0.0,0.0,0.0,0.0,0.0,0.0,0.0
4350,scenario_1,128.578,17.119657856599023,0.0,0.0,111.45834214340098,590.4758447314331,0.0,0.0,0.0,0.0,0.0,0.0,17.119657856599023
4351,scenario_1,20.201,52.02879758146278,0.0,31.827797581462782,0.0,474.3734049987237,0.0,0.0,0.0,0.0,0.0,0.0,52.02879758146278
4352,scenario_1,224.943,118.83721848526385,0.0,0.0,106.10578151473617,504.60981270111336,0.0,0.0,0.0,0.0,0.0,0.0,118.83721848526385
4353,scenario_1,192.371,192.371,0.0,0.0,0.0,394.0829569565965,0.0,0.0,0.0,0.0,0.0,0.0,192.371
4354,scenario_1,151.665,332.4327870883799,0.0,180.7677870883799,0.0,394.0829569565965,0.0,0.0,0.0,0.0,0.0,0.0,332.4327870883799
4355,scenario_1,13.748,395.0395846462779,0.0,381.2915846462779,0.0,565.8123546905574,0.0,0.0,0.0,0.0,0.0,0.0,395.0395846462779
4356,scenario_1,143.344,537.4269569565965,0.0,394.0829569565966,0.0,928.0393601045214,0.0,0.0,0.0,0.0,0.0,0.0,537.4269569565965
4357,scenario_1,138.057,532.1399569565966,0.0,394.0829569565966,0.0,1302.4181692132881,0.0,0.0,0.0,0.0,0.0,0.0,532.1399569565966
4358,scenario_1,153.515,153.515,0.0,0.0,0.0,1676.7969783220549,0.0,0.0,0.0,0.0,0.0,0.0,153.515
4359,scenario_1,154.731,154.731,0.0,0.0,0.0,1676.7969783220549,0.0,0.0,0.0,0.0,0.0,0.0,154.731
4360,scenario_1,221.306,188.0117709627412,0.0,0.0,33.294229037258816,1676.7969783220549,0.0,0.0,0.0,0.0,0.0,0.0,188.0117709627412
4361,scenario_1,20.8,20.8,0.0,0.0,0.0,1642.115489741577,0.0,0.0,0.0,0.0,0.0,0.0,20.8
4362,scenario_1,225.267,0.0,0.0,0.0,225.267,1642.115489741577,0.0,0.0,0.0,0.0,0.0,0.0,0.0
4363,scenario_1,21.08,0.0,0.0,0.0,21.08,1407.462364741577,0.0,0.0,0.0,0.0,0.0,0.0,0.0
4364,scenario_1,18.733,0.0,0.0,0.0,18.733,1385.5040314082437,0.0,0.0,0.0,0.0,0.0,0.0,0.0
4365,scenario_1,127.548,0.0,0.0,0.0,127.548,1365.990489741577,0.0,0.0,0.0,0.0,0.0,0.0,0.0
4366,scenario_1,66.555,0.0,0.0,0.0,66.555,1233.127989741577,0.0,0.0,0.0,0.0,0.0,0.0,0.0
4367,scenario_1,47.814,0.0,0.0,0.0,47.814,1163.799864741577,0.0,0.0,0.0,0.0,0.0,0.0,0.0
4368,scenario_1,22.021,0.0,0.0,0.0,22.021,1113.993614741577,0.0,0.0,0.0,0.0,0.0,0.0,0.0
4369,scenario_1,43.068,0.0,0.0,0.0,43.068,1091.0550730749103,0.0,0.0,0.0,0.0,0.0,0.0,0.0
4370,scenario_1,55.003,0.0,0.0,0.0,55.003,1046.1925730749103,0.0,0.0,0.0,0.0,0.0,0.0,0.0
4371,scenario_1,53.069,0.0,0.0,0.0,53.069,988.8977814082436,0.0,0.0,0.0,0.0,0.0,0.0,0.0
4372,scenario_1,5.22,0.0,0.0,0.0,5.22,933.6175730749103,0.0,0.0,0.0,0.0,0.0,0.0,0.0
4373,scenario_1,86.709,0.0,0.0,0.0,86.709,928.1800730749103,0.0,0.0,0.0,0.0,0.0,0.0,0.0
4374,scenario_1,122.043,18.859460484302176,0.0,0.0,103.18353951569783,837.8581980749103,0.0,0.0,0.0,0.0,0.0,0.0,18.859460484302176
4375,scenario_1,245.307,144.18614277089878,0.0,0.0,101.1208572291012,730.3753444127251,0.0,0.0,0.0,0.0,0.0,0.0,144.18614277089878
4376,scenario_1,28.605,296.8277263124349,0.0,268.2227263124349,0.0,625.0411181324114,0.0,0.0,0.0,0.0,0.0,0.0,296.8277263124349
4377,scenario_1,241.516,241.516,0.0,0.0,0.0,879.8527081292245,0.0,0.0,0.0,0.0,0.0,0.0,241.516
4378,scenario_1,159.235,159.235,0.0,0.0,0.0,879.8527081292245,0.0,0.0,0.0,0.0,0.0,0.0,159.235
4379,scenario_1,88.356,482.4389569565966,0.0,394.0829569565966,0.0,879.8527081292245,0.0,0.0,0.0,0.0,0.0,0.0,482.4389569565966
4380,scenario_1,89.862,483.94495695659657,0.0,394.0829569565966,0.0,1254.2315172379913,0.0,0.0,0.0,0.0,0.0,0.0,483.94495695659657
4381,scenario_1,116.831,116.831,0.0,0.0,0.0,1628.610326346758,0.0,0.0,0.0,0.0,0.0,0.0,116.831
4382,scenario_1,107.529,281.6637280752361,0.0,174.1347280752361,0.0,1628.610326346758,0.0,0.0,0.0,0.0,0.0,0.0,281.6637280752361
4383,scenario_1,130.633,130.633,0.0,0.0,0.0,1794.0383180182323,0.0,0.0,0.0,0.0,0.0,0.0,130.633
4384,scenario_1,14.096,199.75543869973748,0.0,185.65943869973748,0.0,1794.0383180182323,0.0,0.0,0.0,0.0,0.0,0.0,199.75543869973748
4385,scenario_1,179.013,37.60583379780364,0.0,0.0,141.40716620219638,1970.414784782983,0.0,0.0,0.0,0.0,0.0,0.0,37.60583379780364
4386,scenario_1,247.306,0.0,61.3917014289115,0.0,185.91429857108852,1823.1156533223616,0.0,20.463900476303834,0.0,0.0,0.0,0.0,0.0
4387,scenario_1,278.367,0.0,0.0,0.0,278.367,1629.4549256441444,0.0,0.0,0.0,0.0,0.0,0.0,0.0
4388,scenario_1,236.657,0.0,0.0,0.0,236.657,1339.4893006441444,0.0,0.0,0.0,0.0,0.0,0.0,0.0
4389,scenario_1,163.386,0.0,0.0,0.0,163.386,1092.971592310811,0.0,0.0,0.0,0.0,0.0,0.0,0.0
4390,scenario_1,86.425,0.0,0.0,0.0,86.425,922.777842310811,0.0,0.0,0.0,0.0,0.0,0.0,0.0
4391,scenario_1,47.177,0.0,0.0,0.0,47.177,832.7518006441444,0.0,0.0,0.0,0.0,0.0,0.0,0.0
4392,scenario_1,17.235,0.0,0.0,0.0,17.235,783.6090923108111,0.0,0.0,0.0,0.0,0.0,0.0,0.0
4393,scenario_1,42.324,0.0,0.0,0.0,42.324,765.6559673108111,0.0,0.0,0.0,0.0,0.0,0.0,0.0
4394,scenario_1,47.127,0.0,0.0,0.0,47.127,721.5684673108111,0.0,0.0,0.0,0.0,0.0,0.0,0.0
4395,scenario_1,46.557,0.0,0.0,0.0,46.557,672.4778423108111,0.0,0.0,0.0,0.0,0.0,0.0,0.0
4396,scenario_1,47.117,0.0,0.0,0.0,47.117,623.980967310811,0.0,0.0,0.0,0.0,0.0,0.0,0.0
4397,scenario_1,64.728,0.0,49.83577064143312,0.0,14.892229358566873,574.9007589774777,0.0,16.611923547144375,0.0,0.0,0.0,0.0,0.0
4398,scenario_1,125.909,31.08157394391682,0.0,0.0,94.82742605608318,559.3880200623039,0.0,0.0,0.0,0.0,0.0,0.0,31.08157394391682
4399,scenario_1,205.207,141.34156547460412,0.0,0.0,63.86543452539587,460.6094512538839,0.0,0.0,0.0,0.0,0.0,0.0,141.34156547460412
4400,scenario_1,264.006,264.006,0.0,0.0,0.0,394.0829569565965,0.0,0.0,0.0,0.0,0.0,0.0,264.006
4401,scenario_1,235.775,235.775,0.0,0.0,0.0,394.0829569565965,0.0,0.0,0.0,0.0,0.0,0.0,235.775
4402,scenario_1,139.016,501.23713704127834,0.0,362.2211370412783,0.0,394.0829569565965,0.0,0.0,0.0,0.0,0.0,0.0,501.23713704127834
4403,scenario_1,114.013,506.95238867328317,0.0,392.93938867328313,0.0,738.1930371458109,0.0,0.0,0.0,0.0,0.0,0.0,506.95238867328317
4404,scenario_1,90.679,484.7619569565966,0.0,394.0829569565966,0.0,1111.4854563854299,0.0,0.0,0.0,0.0,0.0,0.0,484.7619569565966
4405,scenario_1,99.617,493.6999569565966,0.0,394.0829569565966,0.0,1485.8642654941966,0.0,0.0,0.0,0.0,0.0,0.0,493.6999569565966
4406,scenario_1,120.956,236.92622124212585,0.0,115.97022124212585,0.0,1860.2430746029634,0.0,0.0,0.0,0.0,0.0,0.0,236.92622124212585
4407,scenario_1,117.672,117.672,0.0,0.0,0.0,1970.414784782983,0.0,0.0,0.0,0.0,0.0,0.0,117.672
4408,scenario_1,147.464,147.464,0.0,0.0,0.0,1970.414784782983,0.0,0.0,0.0,0.0,0.0,0.0,147.464
4409,scenario_1,196.097,54.66459856243305,61.3917014289115,0.0,80.04070000865546,1970.414784782983,0.0,20.463900476303834,0.0,0.0,0.0,0.0,54.66459856243305
4410,scenario_1,246.747,0.0,61.3917014289115,0.0,185.3552985710885,1887.0390556073,0.0,20.463900476303834,0.0,0.0,0.0,0.0,0.0
4411,scenario_1,268.926,0.0,61.3917014289115,0.0,207.53429857108847,1693.9606195957494,0.0,20.463900476303834,0.0,0.0,0.0,0.0,0.0
4412,scenario_1,240.348,0.0,61.3917014289115,0.0,178.9562985710885,1477.779058584199,0.0,20.463900476303834,0.0,0.0,0.0,0.0,0.0
4413,scenario_1,164.545,0.0,61.3917014289115,0.0,103.15329857108848,1291.3662475726485,0.0,20.463900476303834,0.0,0.0,0.0,0.0,0.0
4414,scenario_1,70.524,0.0,61.3917014289115,0.0,9.132298571088498,1183.9148948944312,0.0,20.463900476303834,0.0,0.0,0.0,0.0,0.0
4415,scenario_1,29.082,0.0,0.0,0.0,29.082,1174.4020838828808,0.0,0.0,0.0,0.0,0.0,0.0,0.0
4416,scenario_1,13.689,0.0,0.0,0.0,13.689,1144.1083338828807,0.0,0.0,0.0,0.0,0.0,0.0,0.0
4417,scenario_1,21.667,0.0,21.667,0.0,0.0,1129.8489588828807,0.0,7.222333333333334,0.0,0.0,0.0,0.0,0.0
4418,scenario_1,44.795,0.0,44.795,0.0,0.0,1129.8489588828807,0.0,14.931666666666667,0.0,0.0,0.0,0.0,0.0
4419,scenario_1,46.309,0.0,0.0,0.0,46.309,1129.8489588828807,0.0,0.0,0.0,0.0,0.0,0.0,0.0
4420,scenario_1,57.368,0.0,0.0,0.0,57.368,1081.610417216214,0.0,0.0,0.0,0.0,0.0,0.0,0.0
4421,scenario_1,81.818,0.0,61.3917014289115,0.0,20.426298571088495,1021.8520838828807,0.0,20.463900476303834,0.0,0.0,0.0,0.0,0.0
4422,scenario_1,113.004,13.274694049375054,61.3917014289115,0.0,38.337604521713445,1000.5746895379968,0.0,20.463900476303834,0.0,0.0,0.0,0.0,13.274694049375054
4423,scenario_1,172.996,20.04252627114032,61.3917014289115,0.0,91.56177229994817,960.6396848278787,0.0,20.463900476303834,0.0,0.0,0.0,0.0,20.04252627114032
4424,scenario_1,246.554,23.765703894425066,61.3917014289115,0.0,161.39659467666343,865.2628386820993,0.0,20.463900476303834,0.0,0.0,0.0,0.0,23.765703894425066
4425,scenario_1,242.417,43.712541021041716,0.0,0.0,198.7044589789583,697.1413858939083,0.0,0.0,0.0,0.0,0.0,0.0,43.712541021041716
4426,scenario_1,15.823,77.57779916928358,0.0,61.75479916928358,0.0,490.15757445749335,0.0,0.0,0.0,0.0,0.0,0.0,77.57779916928358
4427,scenario_1,104.388,165.25515259238395,0.0,60.867152592383945,0.0,548.8246336683128,0.0,0.0,0.0,0.0,0.0,0.0,165.25515259238395
4428,scenario_1,115.705,229.35818041010663,0.0,113.65318041010663,0.0,606.6484286310775,0.0,0.0,0.0,0.0,0.0,0.0,229.35818041010663
4429,scenario_1,105.561,369.0817294409468,0.0,263.52072944094675,0.0,714.6189500206788,0.0,0.0,0.0,0.0,0.0,0.0,369.0817294409468
4430,scenario_1,113.516,428.34810595365474,0.0,314.8321059536547,0.0,964.9636429895781,0.0,0.0,0.0,0.0,0.0,0.0,428.34810595365474
4431,scenario_1,132.871,288.7376440936152,0.0,155.86664409361518,0.0,1264.05414364555,0.0,0.0,0.0,0.0,0.0,0.0,288.7376440936152
4432,scenario_1,173.016,208.1586853915437,0.0,35.14268539154372,0.0,1412.1274555344844,0.0,0.0,0.0,0.0,0.0,0.0,208.1586853915437
4433,scenario_1,195.514,55.517101850007606,61.3917014289115,0.0,78.6051967210809,1445.513006656451,0.0,20.463900476303834,0.0,0.0,0.0,0.0,55.517101850007606
4434,scenario_1,275.416,0.0,61.3917014289115,0.0,214.02429857108848,1363.632593405325,0.0,20.463900476303834,0.0,0.0,0.0,0.0,0.0
4435,scenario_1,302.577,0.0,61.3917014289115,0.0,241.18529857108848,1140.6906157271078,0.0,20.463900476303834,0.0,0.0,0.0,0.0,0.0
4436,scenario_1,25.487,0.0,0.0,0.0,25.487,889.4559297155573,0.0,0.0,0.0,0.0,0.0,0.0,0.0
4437,scenario_1,149.272,0.0,61.3917014289115,0.0,87.88029857108849,862.906971382224,0.0,20.463900476303834,0.0,0.0,0.0,0.0,0.0
4438,scenario_1,7.356,0.0,0.0,0.0,7.356,771.3649937040068,0.0,0.0,0.0,0.0,0.0,0.0,0.0
4439,scenario_1,3.108,0.0,0.0,0.0,3.108,763.7024937040068,0.0,0.0,0.0,0.0,0.0,0.0,0.0
4440,scenario_1,39.095,0.0,39.095,0.0,0.0,760.4649937040068,0.0,13.031666666666666,0.0,0.0,0.0,0.0,0.0
4441,scenario_1,50.681,0.0,0.0,0.0,50.681,760.4649937040068,0.0,0.0,0.0,0.0,0.0,0.0,0.0
4442,scenario_1,54.586,0.0,54.586,0.0,0.0,707.6722853706735,0.0,18.195333333333334,0.0,0.0,0.0,0.0,0.0
4443,scenario_1,60.597,0.0,20.67168021926183,0.0,39.92531978073817,707.6722853706735,0.0,6.8905600730872765,0.0,0.0,0.0,0.0,0.0
4444,scenario_1,57.032,0.0,0.0,0.0,57.032,666.0834105990713,0.0,0.0,0.0,0.0,0.0,0.0,0.0
4445,scenario_1,68.101,0.0,61.3917014289115,0.0,6.709298571088496,606.675077265738,0.0,20.463900476303834,0.0,0.0,0.0,0.0,0.0
4446,scenario_1,138.841,4.27121545101124,61.3917014289115,0.0,73.17808312007726,599.6862245875208,0.0,20.463900476303834,0.0,0.0,0.0,0.0,4.27121545101124
4447,scenario_1,258.336,140.1671987009045,61.3917014289115,0.0,56.77709987018402,523.4590546707736,0.0,20.463900476303834,0.0,0.0,0.0,0.0,140.1671987009045
4448,scenario_1,264.532,164.9941821982285,61.3917014289115,0.0,38.14611637285999,464.3162423059986,0.0,20.463900476303834,0.0,0.0,0.0,0.0,164.9941821982285
4449,scenario_1,205.024,175.74616243743395,0.0,0.0,29.27783756256605,424.5807044176028,0.0,0.0,0.0,0.0,0.0,0.0,175.74616243743395
4450,scenario_1,122.247,293.9570519767247,0.0,171.71005197672469,0.0,394.0829569565965,0.0,0.0,0.0,0.0,0.0,0.0,293.9570519767247
4451,scenario_1,122.013,516.0959569565966,0.0,394.0829569565966,0.0,557.207506334485,0.0,0.0,0.0,0.0,0.0,0.0,516.0959569565966
4452,scenario_1,88.335,323.8642591469419,0.0,235.5292591469419,0.0,931.5863154432517,0.0,0.0,0.0,0.0,0.0,0.0,323.8642591469419
4453,scenario_1,88.801,447.3293526218961,0.0,358.5283526218961,0.0,1155.3391116328464,0.0,0.0,0.0,0.0,0.0,0.0,447.3293526218961
4454,scenario_1,93.049,357.7904103871534,0.0,264.74141038715334,0.0,1495.9410466236477,0.0,0.0,0.0,0.0,0.0,0.0,357.7904103871534
4455,scenario_1,108.969,343.67362978056804,0.0,234.70462978056804,0.0,1747.4453864914433,0.0,0.0,0.0,0.0,0.0,0.0,343.67362978056804
4456,scenario_1,120.961,120.961,0.0,0.0,0.0,1970.414784782983,0.0,0.0,0.0,0.0,0.0,0.0,120.961
4457,scenario_1,191.897,54.65589954929454,0.0,0.0,137.24110045070546,1970.414784782983,0.0,0.0,0.0,0.0,0.0,0.0,54.65589954929454
4458,scenario_1,26.806,0.0,0.0,0.0,26.806,1827.4553051468313,0.0,0.0,0.0,0.0,0.0,0.0,0.0
4459,scenario_1,281.641,0.0,0.0,0.0,281.641,1799.5323884801646,0.0,0.0,0.0,0.0,0.0,0.0,0.0
4460,scenario_1,231.761,0.0,0.0,0.0,231.761,1506.156346813498,0.0,0.0,0.0,0.0,0.0,0.0,0.0
4461,scenario_1,156.311,0.0,0.0,0.0,156.311,1264.7386384801646,0.0,0.0,0.0,0.0,0.0,0.0,0.0
4462,scenario_1,73.604,0.0,0.0,0.0,73.604,1101.9146801468312,0.0,0.0,0.0,0.0,0.0,0.0,0.0
4463,scenario_1,3.621,0.0,0.0,0.0,3.621,1025.2438468134978,0.0,0.0,0.0,0.0,0.0,0.0,0.0
4464,scenario_1,21.955,0.0,0.0,0.0,21.955,1021.4719718134978,0.0,0.0,0.0,0.0,0.0,0.0,0.0
4465,scenario_1,22.165,0.0,0.0,0.0,22.165,998.6021801468312,0.0,0.0,0.0,0.0,0.0,0.0,0.0
4466,scenario_1,36.832,0.0,0.0,0.0,36.832,975.5136384801646,0.0,0.0,0.0,0.0,0.0,0.0,0.0
4467,scenario_1,48.183,0.0,0.0,0.0,48.183,937.1469718134979,0.0,0.0,0.0,0.0,0.0,0.0,0.0
4468,scenario_1,62.544,0.0,0.0,0.0,62.544,886.9563468134979,0.0,0.0,0.0,0.0,0.0,0.0,0.0
4469,scenario_1,69.436,0.0,0.0,0.0,69.436,821.806346813498,0.0,0.0,0.0,0.0,0.0,0.0,0.0
4470,scenario_1,123.482,27.471483491432778,0.0,0.0,96.01051650856722,749.4771801468313,0.0,0.0,0.0,0.0,0.0,0.0,27.471483491432778
4471,scenario_1,253.235,143.82948323221962,0.0,0.0,109.4055167677804,649.4662254504071,0.0,0.0,0.0,0.0,0.0,0.0,143.82948323221962
4472,scenario_1,254.723,254.723,0.0,0.0,0.0,535.5021454839692,0.0,0.0,0.0,0.0,0.0,0.0,254.723
4473,scenario_1,254.436,356.68563571856185,0.0,102.24963571856185,0.0,535.5021454839692,0.0,0.0,0.0,0.0,0.0,0.0,356.68563571856185
4474,scenario_1,132.147,132.147,0.0,0.0,0.0,632.639299416603,0.0,0.0,0.0,0.0,0.0,0.0,132.147
4475,scenario_1,109.897,503.9799569565966,0.0,394.0829569565966,0.0,632.639299416603,0.0,0.0,0.0,0.0,0.0,0.0,503.9799569565966
4476,scenario_1,97.351,489.0150235816637,0.0,391.6640235816637,0.0,1007.0181085253697,0.0,0.0,0.0,0.0,0.0,0.0,489.0150235816637
4477,scenario_1,90.433,484.5159569565966,0.0,394.0829569565966,0.0,1379.0989309279503,0.0,0.0,0.0,0.0,0.0,0.0,484.5159569565966
4478,scenario_1,99.214,102.67957421026462,0.0,3.465574210264621,0.0,1753.477740036717,0.0,0.0,0.0,0.0,0.0,0.0,102.67957421026462
4479,scenario_1,112.838,300.79447630359806,0.0,187.95647630359807,0.0,1756.7700355364684,0.0,0.0,0.0,0.0,0.0,0.0,300.79447630359806
4480,scenario_1,130.727,130.727,0.0,0.0,0.0,1935.3286880248866,0.0,0.0,0.0,0.0,0.0,0.0,130.727
4481,scenario_1,18.306,55.2387334295751,0.0,36.932733429575094,0.0,1935.3286880248866,0.0,0.0,0.0,0.0,0.0,0.0,55.2387334295751
4482,scenario_1,246.135,0.0,46.96939963063292,0.0,199.16560036936707,1970.414784782983,0.0,15.656466543544306,0.0,0.0,0.0,0.0,0.0
4483,scenario_1,262.687,0.0,61.3917014289115,0.0,201.2952985710885,1762.9506177315589,0.0,20.463900476303834,0.0,0.0,0.0,0.0,0.0
4484,scenario_1,248.939,0.0,61.3917014289115,0.0,187.5472985710885,1553.2680150533417,0.0,20.463900476303834,0.0,0.0,0.0,0.0,0.0
4485,scenario_1,160.653,0.0,61.3917014289115,0.0,99.26129857108849,1357.9062457084578,0.0,20.463900476303834,0.0,0.0,0.0,0.0,0.0
4486,scenario_1,76.382,0.0,0.0,0.0,76.382,1254.5090596969073,0.0,0.0,0.0,0.0,0.0,0.0,0.0
4487,scenario_1,39.158,0.0,0.0,0.0,39.158,1174.944476363574,0.0,0.0,0.0,0.0,0.0,0.0,0.0
4488,scenario_1,27.008,0.0,0.0,0.0,27.008,1134.1548930302406,0.0,0.0,0.0,0.0,0.0,0.0,0.0
4489,scenario_1,29.376,0.0,0.0,0.0,29.376,1106.0215596969072,0.0,0.0,0.0,0.0,0.0,0.0,0.0
4490,scenario_1,41.748,0.0,41.748,0.0,0.0,1075.4215596969073,0.0,13.915999999999999,0.0,0.0,0.0,0.0,0.0
4491,scenario_1,47.746,0.0,0.0,0.0,47.746,1075.4215596969073,0.0,0.0,0.0,0.0,0.0,0.0,0.0
4492,scenario_1,61.452,0.0,0.0,0.0,61.452,1025.6861430302406,0.0,0.0,0.0,0.0,0.0,0.0,0.0
4493,scenario_1,99.462,0.0,61.3917014289115,0.0,38.0702985710885,961.6736430302407,0.0,20.463900476303834,0.0,0.0,0.0,0.0,0.0
4494,scenario_1,138.539,25.148846983449072,0.0,0.0,113.39015301655091,922.0170820186902,0.0,0.0,0.0,0.0,0.0,0.0,25.148846983449072
4495,scenario_1,15.158,14.35337167855101,0.0,0.0,0.8046283214489893,803.9023392931164,0.0,0.0,0.0,0.0,0.0,0.0,14.35337167855101
4496,scenario_1,199.067,177.29458677608977,21.772413223910235,0.0,0.0,803.064184791607,0.0,7.257471074636745,0.0,0.0,0.0,0.0,177.29458677608977
4497,scenario_1,174.952,150.77999472989373,0.0,0.0,24.17200527010627,803.064184791607,0.0,0.0,0.0,0.0,0.0,0.0,150.77999472989373
4498,scenario_1,152.848,121.65569874214295,0.0,0.0,31.192301257857068,777.8850126352463,0.0,0.0,0.0,0.0,0.0,0.0,121.65569874214295
4499,scenario_1,147.458,287.77205363523996,0.0,140.31405363523996,0.0,745.3930321583118,0.0,0.0,0.0,0.0,0.0,0.0,287.77205363523996
4500,scenario_1,13.704,373.24855673429585,0.0,359.54455673429584,0.0,878.6913831117897,0.0,0.0,0.0,0.0,0.0,0.0,373.24855673429585
4501,scenario_1,139.436,216.73591234612024,0.0,77.29991234612024,0.0,1220.2587120093708,0.0,0.0,0.0,0.0,0.0,0.0,216.73591234612024
4502,scenario_1,119.707,406.426592844595,0.0,286.719592844595,0.0,1293.693628738185,0.0,0.0,0.0,0.0,0.0,0.0,406.426592844595
4503,scenario_1,165.336,301.78616380138885,0.0,136.45016380138884,0.0,1566.0772419405503,0.0,0.0,0.0,0.0,0.0,0.0,301.78616380138885
4504,scenario_1,193.379,200.57314593475795,0.0,7.194145934757955,0.0,1695.7048975518696,0.0,0.0,0.0,0.0,0.0,0.0,200.57314593475795
4505,scenario_1,236.676,55.30832553468322,0.0,0.0,181.36767446531678,1702.5393361898896,0.0,0.0,0.0,0.0,0.0,0.0,55.30832553468322
4506,scenario_1,264.077,0.0,0.0,0.0,264.077,1513.614675288518,0.0,0.0,0.0,0.0,0.0,0.0,0.0
4507,scenario_1,251.993,0.0,61.3917014289115,0.0,190.60129857108848,1238.5344669551846,0.0,20.463900476303834,0.0,0.0,0.0,0.0,0.0
4508,scenario_1,186.874,0.0,61.3917014289115,0.0,125.48229857108849,1039.9914476103008,0.0,20.463900476303834,0.0,0.0,0.0,0.0,0.0
4509,scenario_1,125.978,0.0,61.3917014289115,0.0,64.58629857108849,909.2807199320836,0.0,20.463900476303834,0.0,0.0,0.0,0.0,0.0
4510,scenario_1,73.848,0.0,0.0,0.0,73.848,842.0033255871997,0.0,0.0,0.0,0.0,0.0,0.0,0.0
4511,scenario_1,38.586,0.0,0.0,0.0,38.586,765.0783255871996,0.0,0.0,0.0,0.0,0.0,0.0,0.0
4512,scenario_1,32.435,0.0,0.0,0.0,32.435,724.8845755871996,0.0,0.0,0.0,0.0,0.0,0.0,0.0
4513,scenario_1,42.809,0.0,42.809,0.0,0.0,691.0981172538662,0.0,14.269666666666666,0.0,0.0,0.0,0.0,0.0
4514,scenario_1,48.694,0.0,0.0,0.0,48.694,691.0981172538662,0.0,0.0,0.0,0.0,0.0,0.0,0.0
4515,scenario_1,46.304,0.0,0.0,0.0,46.304,640.3752005871995,0.0,0.0,0.0,0.0,0.0,0.0,0.0
4516,scenario_1,47.735,0.0,0.0,0.0,47.735,592.1418672538662,0.0,0.0,0.0,0.0,0.0,0.0,0.0
4517,scenario_1,84.613,0.0,61.3917014289115,0.0,23.221298571088496,542.4179089205328,0.0,20.463900476303834,0.0,0.0,0.0,0.0,0.0
4518,scenario_1,114.115,29.515751578983988,0.0,0.0,84.599248421016,518.2290562423157,0.0,0.0,0.0,0.0,0.0,0.0,29.515751578983988
4519,scenario_1,175.679,141.09799310672568,0.0,0.0,34.58100689327432,430.1048391370906,0.0,0.0,0.0,0.0,0.0,0.0,141.09799310672568
4520,scenario_1,197.163,197.163,0.0,0.0,0.0,394.0829569565965,0.0,0.0,0.0,0.0,0.0,0.0,197.163
4521,scenario_1,168.843,361.53968504985363,0.0,192.69668504985364,0.0,394.0829569565965,0.0,0.0,0.0,0.0,0.0,0.0,361.53968504985363
4522,scenario_1,140.962,425.31310495023706,0.0,284.3511049502371,0.0,577.1448077539575,0.0,0.0,0.0,0.0,0.0,0.0,425.31310495023706
4523,scenario_1,137.978,532.0609569565966,0.0,394.0829569565966,0.0,847.2783574566827,0.0,0.0,0.0,0.0,0.0,0.0,532.0609569565966
4524,scenario_1,135.039,529.1219569565966,0.0,394.0829569565966,0.0,1221.6571665654494,0.0,0.0,0.0,0.0,0.0,0.0,529.1219569565966
4525,scenario_1,13.678,407.7609569565966,0.0,394.0829569565966,0.0,1596.0359756742162,0.0,0.0,0.0,0.0,0.0,0.0,407.7609569565966
4526,scenario_1,144.343,144.343,0.0,0.0,0.0,1970.414784782983,0.0,0.0,0.0,0.0,0.0,0.0,144.343
4527,scenario_1,191.216,191.216,0.0,0.0,0.0,1970.414784782983,0.0,0.0,0.0,0.0,0.0,0.0,191.216
4528,scenario_1,179.432,179.432,0.0,0.0,0.0,1970.414784782983,0.0,0.0,0.0,0.0,0.0,0.0,179.432
4529,scenario_1,199.925,55.03865612738924,0.0,0.0,144.88634387261078,1970.414784782983,0.0,0.0,0.0,0.0,0.0,0.0,55.03865612738924
4530,scenario_1,238.407,0.0,0.0,0.0,238.407,1819.4915099156801,0.0,0.0,0.0,0.0,0.0,0.0,0.0
4531,scenario_1,23.72,0.0,0.0,0.0,23.72,1571.15088491568,0.0,0.0,0.0,0.0,0.0,0.0,0.0
4532,scenario_1,187.587,0.0,0.0,0.0,187.587,1546.4425515823468,0.0,0.0,0.0,0.0,0.0,0.0,0.0
4533,scenario_1,119.883,0.0,0.0,0.0,119.883,1351.0394265823468,0.0,0.0,0.0,0.0,0.0,0.0,0.0
4534,scenario_1,78.698,0.0,0.0,0.0,78.698,1226.1613015823468,0.0,0.0,0.0,0.0,0.0,0.0,0.0
4535,scenario_1,47.948,0.0,0.0,0.0,47.948,1144.1842182490136,0.0,0.0,0.0,0.0,0.0,0.0,0.0
4536,scenario_1,17.259,0.0,0.0,0.0,17.259,1094.2383849156802,0.0,0.0,0.0,0.0,0.0,0.0,0.0
4537,scenario_1,3.763,0.0,0.0,0.0,3.763,1076.26025991568,0.0,0.0,0.0,0.0,0.0,0.0,0.0
4538,scenario_1,40.945,0.0,0.0,0.0,40.945,1072.3404682490134,0.0,0.0,0.0,0.0,0.0,0.0,0.0
4539,scenario_1,44.599,0.0,0.0,0.0,44.599,1029.6894265823466,0.0,0.0,0.0,0.0,0.0,0.0,0.0
4540,scenario_1,59.167,0.0,0.0,0.0,59.167,983.2321349156799,0.0,0.0,0.0,0.0,0.0,0.0,0.0
4541,scenario_1,69.865,0.0,0.0,0.0,69.865,921.5998432490132,0.0,0.0,0.0,0.0,0.0,0.0,0.0
4542,scenario_1,114.815,28.454471976085063,0.0,0.0,86.36052802391494,848.8238015823466,0.0,0.0,0.0,0.0,0.0,0.0,28.454471976085063
4543,scenario_1,206.381,89.70422348437455,0.0,0.0,116.67677651562545,758.8649182241019,0.0,0.0,0.0,0.0,0.0,0.0,89.70422348437455
4544,scenario_1,25.75,190.08213608970794,0.0,164.33213608970794,0.0,637.3266093536587,0.0,0.0,0.0,0.0,0.0,0.0,190.08213608970794
4545,scenario_1,237.823,208.41965578569918,0.0,0.0,29.40334421430083,793.4421386388813,0.0,0.0,0.0,0.0,0.0,0.0,208.41965578569918
4546,scenario_1,152.977,196.96305548227392,0.0,43.98605548227391,0.0,762.8136550823178,0.0,0.0,0.0,0.0,0.0,0.0,196.96305548227392
4547,scenario_1,105.716,343.4370387086023,0.0,237.7210387086023,0.0,804.600407790478,0.0,0.0,0.0,0.0,0.0,0.0,343.4370387086023
4548,scenario_1,140.719,391.7513576799189,0.0,251.0323576799189,0.0,1030.43539456365,0.0,0.0,0.0,0.0,0.0,0.0,391.7513576799189
4549,scenario_1,111.845,360.54374886879236,0.0,248.69874886879236,0.0,1268.916134359573,0.0,0.0,0.0,0.0,0.0,0.0,360.54374886879236
4550,scenario_1,125.475,246.956283989324,0.0,121.481283989324,0.0,1505.1799457849258,0.0,0.0,0.0,0.0,0.0,0.0,246.956283989324
4551,scenario_1,125.559,153.95513452545197,0.0,28.39613452545197,0.0,1620.5871655747837,0.0,0.0,0.0,0.0,0.0,0.0,153.95513452545197
4552,scenario_1,141.283,194.58822489545912,0.0,53.30522489545913,0.0,1647.5634933739632,0.0,0.0,0.0,0.0,0.0,0.0,194.58822489545912
4553,scenario_1,191.215,50.8805278471787,0.0,0.0,140.33447215282132,1698.2034570246494,0.0,0.0,0.0,0.0,0.0,0.0,50.8805278471787
4554,scenario_1,24.408,0.0,0.0,0.0,24.408,1552.0217151987938,0.0,0.0,0.0,0.0,0.0,0.0,0.0
4555,scenario_1,26.225,0.0,0.0,0.0,26.225,1526.5967151987938,0.0,0.0,0.0,0.0,0.0,0.0,0.0
4556,scenario_1,226.276,0.0,0.0,0.0,226.276,1499.2790068654606,0.0,0.0,0.0,0.0,0.0,0.0,0.0
4557,scenario_1,173.658,0.0,0.0,0.0,173.658,1263.574840198794,0.0,0.0,0.0,0.0,0.0,0.0,0.0
4558,scenario_1,81.092,0.0,0.0,0.0,81.092,1082.681090198794,0.0,0.0,0.0,0.0,0.0,0.0,0.0
4559,scenario_1,40.607,0.0,0.0,0.0,40.607,998.2102568654607,0.0,0.0,0.0,0.0,0.0,0.0,0.0
4560,scenario_1,17.696,0.0,0.0,0.0,17.696,955.9112985321274,0.0,0.0,0.0,0.0,0.0,0.0,0.0
4561,scenario_1,23.112,0.0,0.0,0.0,23.112,937.477965198794,0.0,0.0,0.0,0.0,0.0,0.0,0.0
4562,scenario_1,27.765,0.0,0.0,0.0,27.765,913.4029651987939,0.0,0.0,0.0,0.0,0.0,0.0,0.0
4563,scenario_1,42.312,0.0,0.0,0.0,42.312,884.4810901987939,0.0,0.0,0.0,0.0,0.0,0.0,0.0
4564,scenario_1,56.842,0.0,0.0,0.0,56.842,840.4060901987939,0.0,0.0,0.0,0.0,0.0,0.0,0.0
4565,scenario_1,87.433,0.0,0.0,0.0,87.433,781.1956735321272,0.0,0.0,0.0,0.0,0.0,0.0,0.0
4566,scenario_1,127.017,21.469164425856903,0.0,0.0,105.5478355741431,690.1196318654605,0.0,0.0,0.0,0.0,0.0,0.0,21.469164425856903
4567,scenario_1,201.997,109.52057541391348,0.0,0.0,92.47642458608654,580.1739698090614,0.0,0.0,0.0,0.0,0.0,0.0,109.52057541391348
4568,scenario_1,258.481,172.31005224772025,0.0,0.0,86.17094775227974,483.84436086522123,0.0,0.0,0.0,0.0,0.0,0.0,172.31005224772025
4569,scenario_1,213.942,213.942,0.0,0.0,0.0,394.0829569565965,0.0,0.0,0.0,0.0,0.0,0.0,213.942
4570,scenario_1,148.303,148.303,0.0,0.0,0.0,394.0829569565965,0.0,0.0,0.0,0.0,0.0,0.0,148.303
4571,scenario_1,91.597,485.6799569565966,0.0,394.0829569565966,0.0,394.0829569565965,0.0,0.0,0.0,0.0,0.0,0.0,485.6799569565966
4572,scenario_1,83.552,477.6349569565966,0.0,394.0829569565966,0.0,768.4617660653632,0.0,0.0,0.0,0.0,0.0,0.0,477.6349569565966
4573,scenario_1,94.888,488.97095695659664,0.0,394.0829569565966,0.0,1142.84057517413,0.0,0.0,0.0,0.0,0.0,0.0,488.97095695659664
4574,scenario_1,97.271,446.9204990043859,0.0,349.64949900438586,0.0,1517.2193842828967,0.0,0.0,0.0,0.0,0.0,0.0,446.9204990043859
4575,scenario_1,121.748,249.14629099570482,0.0,127.3982909957048,0.0,1849.3864083370634,0.0,0.0,0.0,0.0,0.0,0.0,249.14629099570482
4576,scenario_1,139.814,139.814,0.0,0.0,0.0,1970.414784782983,0.0,0.0,0.0,0.0,0.0,0.0,139.814
4577,scenario_1,188.669,53.03788310553061,61.3917014289115,0.0,74.23941546555791,1970.414784782983,0.0,20.463900476303834,0.0,0.0,0.0,0.0,53.03788310553061
4578,scenario_1,261.756,0.0,1.9731441078188254,0.0,259.78285589218115,1893.0820603396935,0.0,0.6577147026062752,0.0,0.0,0.0,0.0,0.0
4579,scenario_1,270.762,0.0,0.0,0.0,270.762,1622.474918785338,0.0,0.0,0.0,0.0,0.0,0.0,0.0
4580,scenario_1,244.418,0.0,0.0,0.0,244.418,1340.431168785338,0.0,0.0,0.0,0.0,0.0,0.0,0.0
4581,scenario_1,160.439,0.0,0.0,0.0,160.439,1085.8290854520046,0.0,0.0,0.0,0.0,0.0,0.0,0.0
4582,scenario_1,54.705,0.0,0.0,0.0,54.705,918.7051271186712,0.0,0.0,0.0,0.0,0.0,0.0,0.0
4583,scenario_1,24.445,0.0,24.445,0.0,0.0,861.7207521186712,0.0,8.148333333333333,0.0,0.0,0.0,0.0,0.0
4584,scenario_1,35.509,0.0,0.0,0.0,35.509,861.7207521186712,0.0,0.0,0.0,0.0,0.0,0.0,0.0
4585,scenario_1,42.353,0.0,0.0,0.0,42.353,824.7322104520044,0.0,0.0,0.0,0.0,0.0,0.0,0.0
4586,scenario_1,47.438,0.0,0.0,0.0,47.438,780.6145021186711,0.0,0.0,0.0,0.0,0.0,0.0,0.0
4587,scenario_1,50.648,0.0,0.0,0.0,50.648,731.1999187853378,0.0,0.0,0.0,0.0,0.0,0.0,0.0
4588,scenario_1,59.213,0.0,0.0,0.0,59.213,678.4415854520045,0.0,0.0,0.0,0.0,0.0,0.0,0.0
4589,scenario_1,85.321,0.0,0.0,0.0,85.321,616.7613771186711,0.0,0.0,0.0,0.0,0.0,0.0,0.0
4590,scenario_1,11.084,22.582638107586924,0.0,11.498638107586924,0.0,527.8853354520045,0.0,0.0,0.0,0.0,0.0,0.0,22.582638107586924
4591,scenario_1,224.805,85.8679586902891,0.0,0.0,138.9370413097109,538.809041654212,0.0,0.0,0.0,0.0,0.0,0.0,85.8679586902891
4592,scenario_1,266.167,266.167,0.0,0.0,0.0,394.0829569565965,0.0,0.0,0.0,0.0,0.0,0.0,266.167
4593,scenario_1,225.683,415.9781092706853,0.0,190.29510927068532,0.0,394.0829569565965,0.0,0.0,0.0,0.0,0.0,0.0,415.9781092706853
4594,scenario_1,142.365,341.38407160791263,0.0,199.01907160791262,0.0,574.8633107637476,0.0,0.0,0.0,0.0,0.0,0.0,341.38407160791263
4595,scenario_1,113.954,477.6280153833465,0.0,363.6740153833465,0.0,763.9314287912646,0.0,0.0,0.0,0.0,0.0,0.0,477.6280153833465
4596,scenario_1,10.185,404.2679569565966,0.0,394.0829569565966,0.0,1109.4217434054437,0.0,0.0,0.0,0.0,0.0,0.0,404.2679569565966
4597,scenario_1,101.176,495.2589569565966,0.0,394.0829569565966,0.0,1483.8005525142105,0.0,0.0,0.0,0.0,0.0,0.0,495.2589569565966
4598,scenario_1,116.465,234.60755069474283,0.0,118.14255069474281,0.0,1858.1793616229772,0.0,0.0,0.0,0.0,0.0,0.0,234.60755069474283
4599,scenario_1,102.799,102.799,0.0,0.0,0.0,1970.414784782983,0.0,0.0,0.0,0.0,0.0,0.0,102.799
4600,scenario_1,161.254,161.254,0.0,0.0,0.0,1970.414784782983,0.0,0.0,0.0,0.0,0.0,0.0,161.254
4601,scenario_1,198.782,57.256904477710755,0.0,0.0,141.52509552228926,1970.414784782983,0.0,0.0,0.0,0.0,0.0,0.0,57.256904477710755
4602,scenario_1,239.986,0.0,61.3917014289115,0.0,178.59429857108847,1822.9928102805982,0.0,20.463900476303834,0.0,0.0,0.0,0.0,0.0
4603,scenario_1,284.389,0.0,0.0,0.0,284.389,1636.957082602381,0.0,0.0,0.0,0.0,0.0,0.0,0.0
4604,scenario_1,235.428,0.0,0.0,0.0,235.428,1340.7185409357144,0.0,0.0,0.0,0.0,0.0,0.0,0.0
4605,scenario_1,150.082,0.0,0.0,0.0,150.082,1095.4810409357144,0.0,0.0,0.0,0.0,0.0,0.0,0.0
4606,scenario_1,71.089,0.0,0.0,0.0,71.089,939.1456242690477,0.0,0.0,0.0,0.0,0.0,0.0,0.0
4607,scenario_1,22.299,0.0,0.0,0.0,22.299,865.094582602381,0.0,0.0,0.0,0.0,0.0,0.0,0.0
4608,scenario_1,17.702,0.0,0.0,0.0,17.702,841.866457602381,0.0,0.0,0.0,0.0,0.0,0.0,0.0
4609,scenario_1,25.619,0.0,0.0,0.0,25.619,823.4268742690477,0.0,0.0,0.0,0.0,0.0,0.0,0.0
4610,scenario_1,42.723,0.0,0.0,0.0,42.723,796.7404159357144,0.0,0.0,0.0,0.0,0.0,0.0,0.0
4611,scenario_1,48.312,0.0,0.0,0.0,48.312,752.2372909357144,0.0,0.0,0.0,0.0,0.0,0.0,0.0
4612,scenario_1,5.362,0.0,0.0,0.0,5.362,701.9122909357144,0.0,0.0,0.0,0.0,0.0,0.0,0.0
4613,scenario_1,79.426,0.0,19.185170785739523,0.0,60.24082921426048,696.3268742690477,0.0,6.395056928579841,0.0,0.0,0.0,0.0,0.0
4614,scenario_1,129.459,29.26348019796703,0.0,0.0,100.19551980203298,633.576010504193,0.0,0.0,0.0,0.0,0.0,0.0,29.26348019796703
4615,scenario_1,203.937,135.62631384259927,0.0,0.0,68.31068615740074,529.2056773770754,0.0,0.0,0.0,0.0,0.0,0.0,135.62631384259927
4616,scenario_1,261.728,200.32087455374102,0.0,0.0,61.40712544625899,458.0487126297829,0.0,0.0,0.0,0.0,0.0,0.0,200.32087455374102
4617,scenario_1,195.004,401.3289711454247,0.0,206.3249711454247,0.0,394.0829569565965,0.0,0.0,0.0,0.0,0.0,0.0,401.3289711454247
4618,scenario_1,119.565,390.28781885466606,0.0,270.72281885466606,0.0,590.0916795447499,0.0,0.0,0.0,0.0,0.0,0.0,390.28781885466606
4619,scenario_1,110.723,504.8059569565966,0.0,394.0829569565966,0.0,847.2783574566827,0.0,0.0,0.0,0.0,0.0,0.0,504.8059569565966
4620,scenario_1,133.912,527.9949569565966,0.0,394.0829569565966,0.0,1221.6571665654494,0.0,0.0,0.0,0.0,0.0,0.0,527.9949569565966
4621,scenario_1,99.186,493.26895695659664,0.0,394.0829569565966,0.0,1596.0359756742162,0.0,0.0,0.0,0.0,0.0,0.0,493.26895695659664
4622,scenario_1,115.287,115.287,0.0,0.0,0.0,1970.414784782983,0.0,0.0,0.0,0.0,0.0,0.0,115.287
4623,scenario_1,110.186,110.186,0.0,0.0,0.0,1970.414784782983,0.0,0.0,0.0,0.0,0.0,0.0,110.186
4624,scenario_1,131.131,131.131,0.0,0.0,0.0,1970.414784782983,0.0,0.0,0.0,0.0,0.0,0.0,131.131
4625,scenario_1,177.409,55.795470270440106,0.0,0.0,121.61352972955989,1970.414784782983,0.0,0.0,0.0,0.0,0.0,0.0,55.795470270440106
4626,scenario_1,254.395,0.0,61.3917014289115,0.0,193.00329857108852,1843.7340246480246,0.0,20.463900476303834,0.0,0.0,0.0,0.0,0.0
4627,scenario_1,282.069,0.0,0.0,0.0,282.069,1642.6889219698073,0.0,0.0,0.0,0.0,0.0,0.0,0.0
4628,scenario_1,244.916,0.0,0.0,0.0,244.916,1348.8670469698072,0.0,0.0,0.0,0.0,0.0,0.0,0.0
4629,scenario_1,165.417,0.0,0.0,0.0,165.417,1093.7462136364738,0.0,0.0,0.0,0.0,0.0,0.0,0.0
4630,scenario_1,70.602,0.0,0.0,0.0,70.602,921.4368386364738,0.0,0.0,0.0,0.0,0.0,0.0,0.0
4631,scenario_1,26.418,0.0,26.418,0.0,0.0,847.8930886364737,0.0,8.806,0.0,0.0,0.0,0.0,0.0
4632,scenario_1,32.463,0.0,0.0,0.0,32.463,847.8930886364737,0.0,0.0,0.0,0.0,0.0,0.0,0.0
4633,scenario_1,40.758,0.0,0.0,0.0,40.758,814.0774636364738,0.0,0.0,0.0,0.0,0.0,0.0,0.0
4634,scenario_1,41.439,0.0,0.0,0.0,41.439,771.6212136364738,0.0,0.0,0.0,0.0,0.0,0.0,0.0
4635,scenario_1,49.223,0.0,0.0,0.0,49.223,728.4555886364739,0.0,0.0,0.0,0.0,0.0,0.0,0.0
4636,scenario_1,63.564,0.0,0.0,0.0,63.564,677.1816303031405,0.0,0.0,0.0,0.0,0.0,0.0,0.0
4637,scenario_1,75.924,0.0,61.3917014289115,0.0,14.532298571088504,610.9691303031406,0.0,20.463900476303834,0.0,0.0,0.0,0.0,0.0
4638,scenario_1,120.711,28.71544237024053,0.0,0.0,91.99555762975947,595.83131929159,0.0,0.0,0.0,0.0,0.0,0.0,28.71544237024053
4639,scenario_1,19.762,139.25380232136033,0.0,119.49180232136032,0.0,500.00261342725724,0.0,0.0,0.0,0.0,0.0,0.0,139.25380232136033
4640,scenario_1,254.596,298.4457427561988,0.0,43.84974275619879,0.0,613.5198256325496,0.0,0.0,0.0,0.0,0.0,0.0,298.4457427561988
4641,scenario_1,208.733,299.3852361751585,0.0,90.65223617515852,0.0,655.1770812509384,0.0,0.0,0.0,0.0,0.0,0.0,299.3852361751585
4642,scenario_1,159.188,162.36708023039674,0.0,3.1790802303967496,0.0,741.296705617339,0.0,0.0,0.0,0.0,0.0,0.0,162.36708023039674
4643,scenario_1,9.561,165.79449140697193,0.0,156.23349140697192,0.0,744.3168318362159,0.0,0.0,0.0,0.0,0.0,0.0,165.79449140697193
4644,scenario_1,104.357,367.5420041154295,0.0,263.1850041154295,0.0,892.7386486728392,0.0,0.0,0.0,0.0,0.0,0.0,367.5420041154295
4645,scenario_1,129.643,325.0995190126111,0.0,195.4565190126111,0.0,1142.7644025824973,0.0,0.0,0.0,0.0,0.0,0.0,325.0995190126111
4646,scenario_1,101.189,366.6460057621624,0.0,265.45700576216245,0.0,1328.4480956444777,0.0,0.0,0.0,0.0,0.0,0.0,366.6460057621624
4647,scenario_1,11.895,279.7863595740825,0.0,267.8913595740825,0.0,1580.632251118532,0.0,0.0,0.0,0.0,0.0,0.0,279.7863595740825
4648,scenario_1,141.711,211.54260150242635,0.0,69.83160150242634,0.0,1835.1290427139104,0.0,0.0,0.0,0.0,0.0,0.0,211.54260150242635
4649,scenario_1,200.208,54.84727783834188,61.3917014289115,0.0,83.96902073274661,1901.4690641412153,0.0,20.463900476303834,0.0,0.0,0.0,0.0,54.84727783834188
4650,scenario_1,279.061,0.0,0.0,0.0,279.061,1814.001334211271,0.0,0.0,0.0,0.0,0.0,0.0,0.0
4651,scenario_1,284.052,0.0,0.0,0.0,284.052,1523.3127925446042,0.0,0.0,0.0,0.0,0.0,0.0,0.0
4652,scenario_1,245.717,0.0,0.0,0.0,245.717,1227.4252925446042,0.0,0.0,0.0,0.0,0.0,0.0,0.0
4653,scenario_1,178.122,0.0,0.0,0.0,178.122,971.4700842112709,0.0,0.0,0.0,0.0,0.0,0.0,0.0
4654,scenario_1,92.718,0.0,0.0,0.0,92.718,785.9263342112708,0.0,0.0,0.0,0.0,0.0,0.0,0.0
4655,scenario_1,3.067,0.0,0.0,0.0,3.067,689.3450842112709,0.0,0.0,0.0,0.0,0.0,0.0,0.0
4656,scenario_1,17.088,0.0,0.0,0.0,17.088,686.1502925446042,0.0,0.0,0.0,0.0,0.0,0.0,0.0
4657,scenario_1,28.194,0.0,0.0,0.0,28.194,668.3502925446043,0.0,0.0,0.0,0.0,0.0,0.0,0.0
4658,scenario_1,24.051,0.0,24.051,0.0,0.0,638.9815425446043,0.0,8.017,0.0,0.0,0.0,0.0,0.0
4659,scenario_1,44.461,0.0,27.486942083993576,0.0,16.974057916006423,638.9815425446043,0.0,9.162314027997859,0.0,0.0,0.0,0.0,0.0
4660,scenario_1,52.409,0.0,0.0,0.0,52.409,621.3002322154309,0.0,0.0,0.0,0.0,0.0,0.0,0.0
4661,scenario_1,60.591,0.0,0.0,0.0,60.591,566.7075238820976,0.0,0.0,0.0,0.0,0.0,0.0,0.0
4662,scenario_1,114.872,27.567172635956457,0.0,0.0,87.30482736404355,503.5918988820976,0.0,0.0,0.0,0.0,0.0,0.0,27.567172635956457
4663,scenario_1,154.955,137.13124311556248,0.0,0.0,17.82375688443753,412.6493703778856,0.0,0.0,0.0,0.0,0.0,0.0,137.13124311556248
4664,scenario_1,173.355,173.355,0.0,0.0,0.0,394.0829569565965,0.0,0.0,0.0,0.0,0.0,0.0,173.355
4665,scenario_1,15.842,371.20428864674466,0.0,355.3622886467447,0.0,394.0829569565965,0.0,0.0,0.0,0.0,0.0,0.0,371.20428864674466
4666,scenario_1,151.937,430.2357918047126,0.0,278.2987918047126,0.0,731.6771311710039,0.0,0.0,0.0,0.0,0.0,0.0,430.2357918047126
4667,scenario_1,144.998,539.0809569565965,0.0,394.0829569565966,0.0,996.0609833854809,0.0,0.0,0.0,0.0,0.0,0.0,539.0809569565965
4668,scenario_1,151.988,275.42195455219945,0.0,123.43395455219947,0.0,1370.4397924942477,0.0,0.0,0.0,0.0,0.0,0.0,275.42195455219945
4669,scenario_1,138.807,283.0919845667185,0.0,144.28498456671852,0.0,1487.7020493188372,0.0,0.0,0.0,0.0,0.0,0.0,283.0919845667185
4670,scenario_1,156.524,419.26633623704424,0.0,262.74233623704424,0.0,1624.7727846572197,0.0,0.0,0.0,0.0,0.0,0.0,419.26633623704424
4671,scenario_1,158.522,259.6133481058644,0.0,101.09134810586443,0.0,1874.3780040824117,0.0,0.0,0.0,0.0,0.0,0.0,259.6133481058644
4672,scenario_1,187.163,139.1146181111441,0.0,0.0,48.048381888855914,1970.414784782983,0.0,0.0,0.0,0.0,0.0,0.0,139.1146181111441
4673,scenario_1,188.276,35.70944893360721,0.0,0.0,152.5665510663928,1920.3643869820912,0.0,0.0,0.0,0.0,0.0,0.0,35.70944893360721
4674,scenario_1,231.176,0.0,0.0,0.0,231.176,1761.440896287932,0.0,0.0,0.0,0.0,0.0,0.0,0.0
4675,scenario_1,228.612,0.0,0.0,0.0,228.612,1520.6325629545986,0.0,0.0,0.0,0.0,0.0,0.0,0.0
4676,scenario_1,180.641,0.0,0.0,0.0,180.641,1282.4950629545986,0.0,0.0,0.0,0.0,0.0,0.0,0.0
4677,scenario_1,116.276,0.0,0.0,0.0,116.276,1094.3273546212652,0.0,0.0,0.0,0.0,0.0,0.0,0.0
4678,scenario_1,70.645,0.0,0.0,0.0,70.645,973.2065212879318,0.0,0.0,0.0,0.0,0.0,0.0,0.0
4679,scenario_1,36.835,0.0,0.0,0.0,36.835,899.6179796212651,0.0,0.0,0.0,0.0,0.0,0.0,0.0
4680,scenario_1,23.365,0.0,0.0,0.0,23.365,861.2481879545985,0.0,0.0,0.0,0.0,0.0,0.0,0.0
4681,scenario_1,43.365,0.0,0.0,0.0,43.365,836.9096462879319,0.0,0.0,0.0,0.0,0.0,0.0,0.0
4682,scenario_1,50.866,0.0,0.0,0.0,50.866,791.7377712879319,0.0,0.0,0.0,0.0,0.0,0.0,0.0
4683,scenario_1,49.846,0.0,0.0,0.0,49.846,738.7523546212652,0.0,0.0,0.0,0.0,0.0,0.0,0.0
4684,scenario_1,52.708,0.0,0.0,0.0,52.708,686.8294379545986,0.0,0.0,0.0,0.0,0.0,0.0,0.0
4685,scenario_1,78.071,0.0,0.0,0.0,78.071,631.9252712879319,0.0,0.0,0.0,0.0,0.0,0.0,0.0
4686,scenario_1,127.173,28.76763644907163,0.0,0.0,98.40536355092837,550.6013129545986,0.0,0.0,0.0,0.0,0.0,0.0,28.76763644907163
4687,scenario_1,167.381,143.01177599719915,0.0,0.0,24.36922400280085,448.0957259223815,0.0,0.0,0.0,0.0,0.0,0.0,143.01177599719915
4688,scenario_1,217.472,278.09005201207196,0.0,60.618052012071956,0.0,422.7111175861306,0.0,0.0,0.0,0.0,0.0,0.0,278.09005201207196
4689,scenario_1,190.424,426.51261418142786,0.0,236.08861418142786,0.0,480.298266997599,0.0,0.0,0.0,0.0,0.0,0.0,426.51261418142786
4690,scenario_1,160.197,273.67965235084444,0.0,113.48265235084443,0.0,704.5824504699555,0.0,0.0,0.0,0.0,0.0,0.0,273.67965235084444
4691,scenario_1,133.914,527.9969569565966,0.0,394.0829569565966,0.0,812.3909702032577,0.0,0.0,0.0,0.0,0.0,0.0,527.9969569565966
4692,scenario_1,133.964,315.00866377193285,0.0,181.04466377193285,0.0,1186.7697793120244,0.0,0.0,0.0,0.0,0.0,0.0,315.00866377193285
4693,scenario_1,127.311,376.4822465406619,0.0,249.17124654066188,0.0,1358.7622098953607,0.0,0.0,0.0,0.0,0.0,0.0,376.4822465406619
4694,scenario_1,143.603,255.19424943149843,0.0,111.59124943149843,0.0,1595.4748941089895,0.0,0.0,0.0,0.0,0.0,0.0,255.19424943149843
4695,scenario_1,159.399,307.76238582754917,0.0,148.36338582754917,0.0,1701.486581068913,0.0,0.0,0.0,0.0,0.0,0.0,307.76238582754917
4696,scenario_1,17.479,152.1979338714718,0.0,134.7189338714718,0.0,1842.4317976050847,0.0,0.0,0.0,0.0,0.0,0.0,152.1979338714718
4697,scenario_1,185.135,36.78812656278316,0.0,0.0,148.34687343721683,1970.414784782983,0.0,0.0,0.0,0.0,0.0,0.0,36.78812656278316
4698,scenario_1,221.536,0.0,49.41255945976789,0.0,172.1234405402321,1815.8867916192153,0.0,16.470853153255963,0.0,0.0,0.0,0.0,0.0
4699,scenario_1,224.313,0.0,0.0,0.0,224.313,1636.5915410564735,0.0,0.0,0.0,0.0,0.0,0.0,0.0
4700,scenario_1,18.602,0.0,0.0,0.0,18.602,1402.9321660564735,0.0,0.0,0.0,0.0,0.0,0.0,0.0
4701,scenario_1,133.835,0.0,61.3917014289115,0.0,72.4432985710885,1383.5550827231402,0.0,20.463900476303834,0.0,0.0,0.0,0.0,0.0
4702,scenario_1,82.988,0.0,0.0,0.0,82.988,1308.0933133782564,0.0,0.0,0.0,0.0,0.0,0.0,0.0
4703,scenario_1,31.115,0.0,0.0,0.0,31.115,1221.647480044923,0.0,0.0,0.0,0.0,0.0,0.0,0.0
4704,scenario_1,18.542,0.0,0.0,0.0,18.542,1189.2360217115897,0.0,0.0,0.0,0.0,0.0,0.0,0.0
4705,scenario_1,26.387,0.0,0.0,0.0,26.387,1169.9214383782564,0.0,0.0,0.0,0.0,0.0,0.0,0.0
4706,scenario_1,3.021,0.0,0.0,0.0,3.021,1142.4349800449231,0.0,0.0,0.0,0.0,0.0,0.0,0.0
4707,scenario_1,5.147,0.0,0.0,0.0,5.147,1139.2881050449232,0.0,0.0,0.0,0.0,0.0,0.0,0.0
4708,scenario_1,60.006,0.0,0.0,0.0,60.006,1133.92664671159,0.0,0.0,0.0,0.0,0.0,0.0,0.0
4709,scenario_1,74.778,0.0,0.0,0.0,74.778,1071.42039671159,0.0,0.0,0.0,0.0,0.0,0.0,0.0
4710,scenario_1,126.643,3.784070715254357,0.0,0.0,122.85892928474564,993.5266467115899,0.0,0.0,0.0,0.0,0.0,0.0,3.784070715254357
4711,scenario_1,232.769,43.40807556119366,0.0,0.0,189.36092443880634,865.5485953733132,0.0,0.0,0.0,0.0,0.0,0.0,43.40807556119366
4712,scenario_1,276.069,184.27989432631793,0.0,0.0,91.78910567368209,668.2976324162232,0.0,0.0,0.0,0.0,0.0,0.0,184.27989432631793
4713,scenario_1,238.377,190.43879562838708,0.0,0.0,47.938204371612926,572.6839806728044,0.0,0.0,0.0,0.0,0.0,0.0,190.43879562838708
4714,scenario_1,147.916,347.7778462647217,0.0,199.8618462647217,0.0,522.748351119041,0.0,0.0,0.0,0.0,0.0,0.0,347.7778462647217
4715,scenario_1,115.855,229.61045179112358,0.0,113.75545179112358,0.0,712.6171050705266,0.0,0.0,0.0,0.0,0.0,0.0,229.61045179112358
4716,scenario_1,103.043,237.91800933840614,0.0,134.87500933840613,0.0,820.684784272094,0.0,0.0,0.0,0.0,0.0,0.0,237.91800933840614
4717,scenario_1,89.904,293.0958496760116,0.0,203.1918496760116,0.0,948.8160431435798,0.0,0.0,0.0,0.0,0.0,0.0,293.0958496760116
4718,scenario_1,111.761,381.64310441296357,0.0,269.8821044129636,0.0,1141.8483003357908,0.0,0.0,0.0,0.0,0.0,0.0,381.64310441296357
4719,scenario_1,12.793,346.41210120197474,0.0,333.61910120197473,0.0,1398.2362995281062,0.0,0.0,0.0,0.0,0.0,0.0,346.41210120197474
4720,scenario_1,17.298,202.73920020624837,0.0,185.44120020624837,0.0,1715.174445669982,0.0,0.0,0.0,0.0,0.0,0.0,202.73920020624837
4721,scenario_1,201.233,58.10070875214679,61.3917014289115,0.0,81.74058981894173,1891.3435858659182,0.0,20.463900476303834,0.0,0.0,0.0,0.0,58.10070875214679
4722,scenario_1,263.176,0.0,61.3917014289115,0.0,201.78429857108847,1806.197138137854,0.0,20.463900476303834,0.0,0.0,0.0,0.0,0.0
4723,scenario_1,291.825,0.0,61.3917014289115,0.0,230.43329857108847,1596.0051604596367,0.0,20.463900476303834,0.0,0.0,0.0,0.0,0.0
4724,scenario_1,222.559,0.0,61.3917014289115,0.0,161.1672985710885,1355.9704744480862,0.0,20.463900476303834,0.0,0.0,0.0,0.0,0.0
4725,scenario_1,142.864,0.0,61.3917014289115,0.0,81.4722985710885,1188.087871769869,0.0,20.463900476303834,0.0,0.0,0.0,0.0,0.0
4726,scenario_1,48.922,0.0,48.922,0.0,0.0,1103.2208940916519,0.0,16.307333333333332,0.0,0.0,0.0,0.0,0.0
4727,scenario_1,18.874,0.0,0.0,0.0,18.874,1103.2208940916519,0.0,0.0,0.0,0.0,0.0,0.0,0.0
4728,scenario_1,37.975,0.0,37.975,0.0,0.0,1083.5604774249853,0.0,12.658333333333333,0.0,0.0,0.0,0.0,0.0
4729,scenario_1,41.052,0.0,0.0,0.0,41.052,1083.5604774249853,0.0,0.0,0.0,0.0,0.0,0.0,0.0
4730,scenario_1,4.478,0.0,0.0,0.0,4.478,1040.7979774249852,0.0,0.0,0.0,0.0,0.0,0.0,0.0
4731,scenario_1,45.911,0.0,0.0,0.0,45.911,1036.1333940916518,0.0,0.0,0.0,0.0,0.0,0.0,0.0
4732,scenario_1,55.594,0.0,0.0,0.0,55.594,988.3094357583185,0.0,0.0,0.0,0.0,0.0,0.0,0.0
4733,scenario_1,75.672,0.0,61.3917014289115,0.0,14.280298571088494,930.3990190916518,0.0,20.463900476303834,0.0,0.0,0.0,0.0,0.0
4734,scenario_1,157.458,28.11521046368295,61.3917014289115,0.0,67.95108810740554,915.5237080801013,0.0,20.463900476303834,0.0,0.0,0.0,0.0,28.11521046368295
4735,scenario_1,228.163,42.57297029989614,61.3917014289115,0.0,124.19832827119235,844.7413246348872,0.0,20.463900476303834,0.0,0.0,0.0,0.0,42.57297029989614
4736,scenario_1,240.316,60.07538473458986,61.3917014289115,0.0,118.84891383649865,715.3680660190618,0.0,20.463900476303834,0.0,0.0,0.0,0.0,60.07538473458986
4737,scenario_1,191.859,184.16680715551723,0.0,0.0,7.692192844482776,591.5671141060424,0.0,0.0,0.0,0.0,0.0,0.0,184.16680715551723
4738,scenario_1,130.408,238.51824124496372,0.0,108.11024124496373,0.0,583.5544132263728,0.0,0.0,0.0,0.0,0.0,0.0,238.51824124496372
4739,scenario_1,104.527,227.44439751963316,0.0,122.91739751963316,0.0,686.2591424090883,0.0,0.0,0.0,0.0,0.0,0.0,227.44439751963316
4740,scenario_1,110.666,264.93714414663606,0.0,154.27114414663606,0.0,803.0306700527399,0.0,0.0,0.0,0.0,0.0,0.0,264.93714414663606
4741,scenario_1,113.241,122.7256773581804,0.0,9.484677358180406,0.0,949.5882569920441,0.0,0.0,0.0,0.0,0.0,0.0,122.7256773581804
4742,scenario_1,119.573,247.06937116012472,0.0,127.49637116012472,0.0,958.5987004823155,0.0,0.0,0.0,0.0,0.0,0.0,247.06937116012472
4743,scenario_1,120.289,201.5909304719643,0.0,81.3019304719643,0.0,1079.720253084434,0.0,0.0,0.0,0.0,0.0,0.0,201.5909304719643
4744,scenario_1,143.838,137.24433028636318,0.0,0.0,6.593669713636814,1156.9570870328,0.0,0.0,0.0,0.0,0.0,0.0,137.24433028636318
4745,scenario_1,18.334,53.44673672304085,0.0,35.112736723040854,0.0,1150.088681081095,0.0,0.0,0.0,0.0,0.0,0.0,53.44673672304085
4746,scenario_1,265.775,0.0,61.3917014289115,0.0,204.38329857108846,1183.4457809679839,0.0,20.463900476303834,0.0,0.0,0.0,0.0,0.0
4747,scenario_1,291.817,0.0,61.3917014289115,0.0,230.4252985710885,970.5465116231,0.0,20.463900476303834,0.0,0.0,0.0,0.0,0.0
4748,scenario_1,23.863,0.0,0.0,0.0,23.863,730.5201589448827,0.0,0.0,0.0,0.0,0.0,0.0,0.0
4749,scenario_1,132.906,0.0,61.3917014289115,0.0,71.5142985710885,705.662867278216,0.0,20.463900476303834,0.0,0.0,0.0,0.0,0.0
4750,scenario_1,51.574,0.0,51.574,0.0,0.0,631.1688062666655,0.0,17.191333333333333,0.0,0.0,0.0,0.0,0.0
4751,scenario_1,25.738,0.0,25.738,0.0,0.0,631.1688062666655,0.0,8.579333333333333,0.0,0.0,0.0,0.0,0.0
4752,scenario_1,18.382,0.0,0.0,0.0,18.382,631.1688062666655,0.0,0.0,0.0,0.0,0.0,0.0,0.0
4753,scenario_1,22.152,0.0,22.152,0.0,0.0,612.0208895999988,0.0,7.384,0.0,0.0,0.0,0.0,0.0
4754,scenario_1,22.186,0.0,0.0,0.0,22.186,612.0208895999988,0.0,0.0,0.0,0.0,0.0,0.0,0.0
4755,scenario_1,29.087,0.0,0.0,0.0,29.087,588.9104729333321,0.0,0.0,0.0,0.0,0.0,0.0,0.0
4756,scenario_1,46.215,0.0,0.0,0.0,46.215,558.6115145999988,0.0,0.0,0.0,0.0,0.0,0.0,0.0
4757,scenario_1,66.198,0.0,61.3917014289115,0.0,4.80629857108849,510.4708895999988,0.0,20.463900476303834,0.0,0.0,0.0,0.0,0.0
4758,scenario_1,106.293,26.497194019919014,0.0,0.0,79.79580598008098,505.4643285884483,0.0,0.0,0.0,0.0,0.0,0.0,26.497194019919014
4759,scenario_1,20.691,128.3626378719386,0.0,107.6716378719386,0.0,422.3436973591973,0.0,0.0,0.0,0.0,0.0,0.0,128.3626378719386
4760,scenario_1,28.657,118.89811157723345,0.0,90.24111157723345,0.0,524.631753337539,0.0,0.0,0.0,0.0,0.0,0.0,118.89811157723345
4761,scenario_1,213.489,126.97949478291459,0.0,0.0,86.50950521708542,610.3608093359107,0.0,0.0,0.0,0.0,0.0,0.0,126.97949478291459
4762,scenario_1,148.716,286.2845223885538,0.0,137.5685223885538,0.0,520.2467414014468,0.0,0.0,0.0,0.0,0.0,0.0,286.2845223885538
4763,scenario_1,104.811,448.0948657780854,0.0,343.28386577808544,0.0,650.9368376705729,0.0,0.0,0.0,0.0,0.0,0.0,448.0948657780854
4764,scenario_1,102.936,383.4524991457749,0.0,280.5164991457749,0.0,977.056510159754,0.0,0.0,0.0,0.0,0.0,0.0,383.4524991457749
4765,scenario_1,114.395,376.23231824080676,0.0,261.8373182408068,0.0,1243.54718434824,0.0,0.0,0.0,0.0,0.0,0.0,376.23231824080676
4766,scenario_1,109.172,350.40494823255347,0.0,241.23294823255347,0.0,1492.2926366770064,0.0,0.0,0.0,0.0,0.0,0.0,350.40494823255347
4767,scenario_1,140.149,343.4718347611564,0.0,203.3228347611564,0.0,1721.4639374979322,0.0,0.0,0.0,0.0,0.0,0.0,343.4718347611564
4768,scenario_1,142.347,201.07768869679185,0.0,58.730688696791844,0.0,1914.6206305210308,0.0,0.0,0.0,0.0,0.0,0.0,201.07768869679185
4769,scenario_1,187.461,58.47476631710296,0.0,0.0,128.98623368289705,1970.414784782983,0.0,0.0,0.0,0.0,0.0,0.0,58.47476631710296
4770,scenario_1,234.674,0.0,61.3917014289115,0.0,173.28229857108852,1836.0541246966318,0.0,20.463900476303834,0.0,0.0,0.0,0.0,0.0
4771,scenario_1,239.974,0.0,61.3917014289115,0.0,178.58229857108847,1655.551730351748,0.0,20.463900476303834,0.0,0.0,0.0,0.0,0.0
4772,scenario_1,235.305,0.0,61.3917014289115,0.0,173.9132985710885,1469.5285026735307,0.0,20.463900476303834,0.0,0.0,0.0,0.0,0.0
4773,scenario_1,168.714,0.0,61.3917014289115,0.0,107.3222985710885,1288.3688166619802,0.0,20.463900476303834,0.0,0.0,0.0,0.0,0.0
4774,scenario_1,5.115,0.0,0.0,0.0,5.115,1176.5747556504298,0.0,0.0,0.0,0.0,0.0,0.0,0.0
4775,scenario_1,21.401,0.0,0.0,0.0,21.401,1171.2466306504298,0.0,0.0,0.0,0.0,0.0,0.0,0.0
4776,scenario_1,26.002,0.0,0.0,0.0,26.002,1148.9539223170964,0.0,0.0,0.0,0.0,0.0,0.0,0.0
4777,scenario_1,43.134,0.0,43.134,0.0,0.0,1121.8685056504298,0.0,14.378,0.0,0.0,0.0,0.0,0.0
4778,scenario_1,44.413,0.0,44.413,0.0,0.0,1121.8685056504298,0.0,14.804333333333332,0.0,0.0,0.0,0.0,0.0
4779,scenario_1,47.901,0.0,0.0,0.0,47.901,1121.8685056504298,0.0,0.0,0.0,0.0,0.0,0.0,0.0
4780,scenario_1,61.597,0.0,61.3917014289115,0.0,0.20529857108849825,1071.97163065043,0.0,20.463900476303834,0.0,0.0,0.0,0.0,0.0
4781,scenario_1,85.822,0.0,0.0,0.0,85.822,1071.7577779722128,0.0,0.0,0.0,0.0,0.0,0.0,0.0
4782,scenario_1,115.037,25.40111836446603,61.3917014289115,0.0,28.244180206622474,982.3598613055461,0.0,20.463900476303834,0.0,0.0,0.0,0.0,25.40111836446603
4783,scenario_1,202.368,138.85364771698863,61.3917014289115,0.0,2.1226508540998594,952.938840256981,0.0,20.463900476303834,0.0,0.0,0.0,0.0,138.85364771698863
4784,scenario_1,227.362,179.27796177167136,0.0,0.0,48.08403822832864,950.7277456172937,0.0,0.0,0.0,0.0,0.0,0.0,179.27796177167136
4785,scenario_1,207.261,179.912989730783,0.0,0.0,27.348010269216985,900.640205796118,0.0,0.0,0.0,0.0,0.0,0.0,179.912989730783
4786,scenario_1,140.748,183.35779893363525,0.0,42.60979893363526,0.0,872.152695099017,0.0,0.0,0.0,0.0,0.0,0.0,183.35779893363525
4787,scenario_1,105.815,178.54724466803603,0.0,72.73224466803603,0.0,912.6320040859705,0.0,0.0,0.0,0.0,0.0,0.0,178.54724466803603
4788,scenario_1,115.183,106.49331884170998,0.0,0.0,8.689681158290028,981.7276365206047,0.0,0.0,0.0,0.0,0.0,0.0,106.49331884170998
4789,scenario_1,103.273,200.2599814617714,0.0,96.98698146177139,0.0,972.6758853140526,0.0,0.0,0.0,0.0,0.0,0.0,200.2599814617714
4790,scenario_1,12.93,383.4785961851904,0.0,370.5485961851904,0.0,1064.8135177027355,0.0,0.0,0.0,0.0,0.0,0.0,383.4785961851904
4791,scenario_1,122.189,161.0274322070653,0.0,38.838432207065296,0.0,1416.8346840786662,0.0,0.0,0.0,0.0,0.0,0.0,161.0274322070653
4792,scenario_1,159.509,44.68683049255547,61.3917014289115,0.0,53.43046807853301,1453.7311946753782,0.0,20.463900476303834,0.0,0.0,0.0,0.0,44.68683049255547
4793,scenario_1,187.565,55.23003441643659,61.3917014289115,0.0,70.94326415465191,1398.074457093573,0.0,20.463900476303834,0.0,0.0,0.0,0.0,55.23003441643659
4794,scenario_1,251.558,0.0,17.577735425843827,0.0,233.98026457415617,1324.175223599144,0.0,5.859245141947942,0.0,0.0,0.0,0.0,0.0
4795,scenario_1,294.186,0.0,61.3917014289115,0.0,232.79429857108846,1080.445781334398,0.0,20.463900476303834,0.0,0.0,0.0,0.0,0.0
4796,scenario_1,24.966,0.0,0.0,0.0,24.966,837.9517203228475,0.0,0.0,0.0,0.0,0.0,0.0,0.0
4797,scenario_1,146.716,0.0,61.3917014289115,0.0,85.3242985710885,811.9454703228474,0.0,20.463900476303834,0.0,0.0,0.0,0.0,0.0
4798,scenario_1,75.976,0.0,61.3917014289115,0.0,14.584298571088496,723.0659926446302,0.0,20.463900476303834,0.0,0.0,0.0,0.0,0.0
4799,scenario_1,26.404,0.0,0.0,0.0,26.404,707.874014966413,0.0,0.0,0.0,0.0,0.0,0.0,0.0
4800,scenario_1,18.501,0.0,0.0,0.0,18.501,680.3698482997463,0.0,0.0,0.0,0.0,0.0,0.0,0.0
4801,scenario_1,28.534,0.0,28.534,0.0,0.0,661.0979732997463,0.0,9.511333333333333,0.0,0.0,0.0,0.0,0.0
4802,scenario_1,27.738,0.0,0.0,0.0,27.738,661.0979732997463,0.0,0.0,0.0,0.0,0.0,0.0,0.0
4803,scenario_1,4.623,0.0,0.0,0.0,4.623,632.2042232997463,0.0,0.0,0.0,0.0,0.0,0.0,0.0
4804,scenario_1,4.903,0.0,0.0,0.0,4.903,627.3885982997464,0.0,0.0,0.0,0.0,0.0,0.0,0.0
4805,scenario_1,72.216,0.0,0.0,0.0,72.216,622.2813066330797,0.0,0.0,0.0,0.0,0.0,0.0,0.0
4806,scenario_1,128.602,26.471096980503468,61.3917014289115,0.0,40.73920159058504,547.0563066330797,0.0,20.463900476303834,0.0,0.0,0.0,0.0,26.471096980503468
4807,scenario_1,233.173,127.05778590116124,0.0,0.0,106.11521409883876,504.6196383095535,0.0,0.0,0.0,0.0,0.0,0.0,127.05778590116124
4808,scenario_1,273.639,309.78925588882333,0.0,36.15025588882334,0.0,394.0829569565965,0.0,0.0,0.0,0.0,0.0,0.0,309.78925588882333
4809,scenario_1,246.582,213.61296662939313,0.0,0.0,32.969033370606866,428.42570005097866,0.0,0.0,0.0,0.0,0.0,0.0,213.61296662939313
4810,scenario_1,146.188,461.9784907471567,0.0,315.7904907471567,0.0,394.0829569565965,0.0,0.0,0.0,0.0,0.0,0.0,461.9784907471567
4811,scenario_1,12.159,406.2419569565966,0.0,394.0829569565966,0.0,694.0839231663954,0.0,0.0,0.0,0.0,0.0,0.0,406.2419569565966
4812,scenario_1,97.848,372.68312088029234,0.0,274.8351208802923,0.0,1068.4627322751621,0.0,0.0,0.0,0.0,0.0,0.0,372.68312088029234
4813,scenario_1,99.713,281.5000651623701,0.0,181.7870651623701,0.0,1329.5560971114398,0.0,0.0,0.0,0.0,0.0,0.0,281.5000651623701
4814,scenario_1,99.741,491.4420482473095,0.0,391.70104824730953,0.0,1502.2538090156913,0.0,0.0,0.0,0.0,0.0,0.0,491.4420482473095
4815,scenario_1,119.487,220.58697887615534,0.0,101.09997887615536,0.0,1874.3698048506353,0.0,0.0,0.0,0.0,0.0,0.0,220.58697887615534
4816,scenario_1,160.531,160.531,0.0,0.0,0.0,1970.414784782983,0.0,0.0,0.0,0.0,0.0,0.0,160.531
4817,scenario_1,201.456,60.95398506157995,0.0,0.0,140.50201493842005,1970.414784782983,0.0,0.0,0.0,0.0,0.0,0.0,60.95398506157995
4818,scenario_1,260.839,0.0,56.16123896590355,0.0,204.67776103409645,1824.0585192221288,0.0,18.720412988634518,0.0,0.0,0.0,0.0,0.0
4819,scenario_1,291.294,0.0,61.3917014289115,0.0,229.90229857108847,1610.852518144945,0.0,20.463900476303834,0.0,0.0,0.0,0.0,0.0
4820,scenario_1,256.545,0.0,61.3917014289115,0.0,195.1532985710885,1371.3709571333945,0.0,20.463900476303834,0.0,0.0,0.0,0.0,0.0
4821,scenario_1,165.644,0.0,61.3917014289115,0.0,104.2522985710885,1168.086271121844,0.0,20.463900476303834,0.0,0.0,0.0,0.0,0.0
4822,scenario_1,82.031,0.0,0.0,0.0,82.031,1059.49012677696,0.0,0.0,0.0,0.0,0.0,0.0,0.0
4823,scenario_1,2.71,0.0,0.0,0.0,2.71,974.0411684436268,0.0,0.0,0.0,0.0,0.0,0.0,0.0
4824,scenario_1,40.544,0.0,40.544,0.0,0.0,971.2182517769602,0.0,13.514666666666665,0.0,0.0,0.0,0.0,0.0
4825,scenario_1,55.752,0.0,0.0,0.0,55.752,971.2182517769602,0.0,0.0,0.0,0.0,0.0,0.0,0.0
4826,scenario_1,54.149,0.0,0.0,0.0,54.149,913.1432517769601,0.0,0.0,0.0,0.0,0.0,0.0,0.0
4827,scenario_1,51.861,0.0,0.0,0.0,51.861,856.7380434436268,0.0,0.0,0.0,0.0,0.0,0.0,0.0
4828,scenario_1,67.021,0.0,61.3917014289115,0.0,5.629298571088498,802.7161684436268,0.0,20.463900476303834,0.0,0.0,0.0,0.0,0.0
4829,scenario_1,7.846,0.0,0.0,0.0,7.846,796.8523157654096,0.0,0.0,0.0,0.0,0.0,0.0,0.0
4830,scenario_1,122.907,25.70558382431408,61.3917014289115,0.0,35.80971474677442,788.6793990987429,0.0,20.463900476303834,0.0,0.0,0.0,0.0,25.70558382431408
4831,scenario_1,184.327,121.04676782244684,0.0,0.0,63.28023217755316,751.3776129041862,0.0,0.0,0.0,0.0,0.0,0.0,121.04676782244684
4832,scenario_1,204.401,213.49987945859237,0.0,9.098879458592364,0.0,685.4607043859016,0.0,0.0,0.0,0.0,0.0,0.0,213.49987945859237
4833,scenario_1,187.744,329.9622673570414,0.0,142.2182673570414,0.0,694.1046398715644,0.0,0.0,0.0,0.0,0.0,0.0,329.9622673570414
4834,scenario_1,154.089,109.60756554529861,0.0,0.0,44.481434454701386,829.2119938607536,0.0,0.0,0.0,0.0,0.0,0.0,109.60756554529861
4835,scenario_1,154.807,451.2787045867822,0.0,296.47170458678227,0.0,782.877166303773,0.0,0.0,0.0,0.0,0.0,0.0,451.2787045867822
4836,scenario_1,134.711,528.7939569565966,0.0,394.0829569565966,0.0,1064.5252856612162,0.0,0.0,0.0,0.0,0.0,0.0,528.7939569565966
4837,scenario_1,139.209,328.8313956490344,0.0,189.6223956490344,0.0,1438.904094769983,0.0,0.0,0.0,0.0,0.0,0.0,328.8313956490344
4838,scenario_1,139.574,139.81923817536386,0.0,0.24523817536385195,0.0,1619.0453706365656,0.0,0.0,0.0,0.0,0.0,0.0,139.81923817536386
4839,scenario_1,14.862,344.62880350857904,0.0,329.766803508579,0.0,1619.2783469031613,0.0,0.0,0.0,0.0,0.0,0.0,344.62880350857904
4840,scenario_1,174.354,214.20449952281214,0.0,39.85049952281213,0.0,1932.5568102363113,0.0,0.0,0.0,0.0,0.0,0.0,214.20449952281214
4841,scenario_1,200.779,61.74559525718489,61.3917014289115,0.0,77.64170331390359,1970.414784782983,0.0,20.463900476303834,0.0,0.0,0.0,0.0,61.74559525718489
4842,scenario_1,239.157,0.0,61.3917014289115,0.0,177.76529857108852,1889.5380104976666,0.0,20.463900476303834,0.0,0.0,0.0,0.0,0.0
4843,scenario_1,227.661,0.0,61.3917014289115,0.0,166.26929857108848,1704.365824486116,0.0,20.463900476303834,0.0,0.0,0.0,0.0,0.0
4844,scenario_1,178.401,0.0,61.3917014289115,0.0,117.00929857108851,1531.1686384745656,0.0,20.463900476303834,0.0,0.0,0.0,0.0,0.0
4845,scenario_1,12.282,0.0,12.282,0.0,0.0,1409.283952463015,0.0,4.094,0.0,0.0,0.0,0.0,0.0
4846,scenario_1,75.192,0.0,61.3917014289115,0.0,13.80029857108849,1409.283952463015,0.0,20.463900476303834,0.0,0.0,0.0,0.0,0.0
4847,scenario_1,47.625,0.0,47.625,0.0,0.0,1394.9086414514645,0.0,15.875,0.0,0.0,0.0,0.0,0.0
4848,scenario_1,17.313,0.0,17.313,0.0,0.0,1394.9086414514645,0.0,5.771,0.0,0.0,0.0,0.0,0.0
4849,scenario_1,32.877,0.0,32.877,0.0,0.0,1394.9086414514645,0.0,10.959000000000001,0.0,0.0,0.0,0.0,0.0
4850,scenario_1,42.344,0.0,42.344,0.0,0.0,1394.9086414514645,0.0,14.114666666666666,0.0,0.0,0.0,0.0,0.0
4851,scenario_1,43.844,0.0,43.844,0.0,0.0,1394.9086414514645,0.0,14.614666666666666,0.0,0.0,0.0,0.0,0.0
4852,scenario_1,54.434,0.0,54.434,0.0,0.0,1394.9086414514645,0.0,18.144666666666666,0.0,0.0,0.0,0.0,0.0
4853,scenario_1,85.406,0.0,61.3917014289115,0.0,24.014298571088503,1394.9086414514645,0.0,20.463900476303834,0.0,0.0,0.0,0.0,0.0
4854,scenario_1,120.518,2.366131573676288,61.3917014289115,0.0,56.76016699741221,1369.8937471065806,0.0,20.463900476303834,0.0,0.0,0.0,0.0,2.366131573676288
4855,scenario_1,174.896,10.978154580806892,61.3917014289115,0.0,102.5261439902816,1310.7685731509428,0.0,20.463900476303834,0.0,0.0,0.0,0.0,10.978154580806892
4856,scenario_1,239.789,65.57316103813183,61.3917014289115,0.0,112.82413753295664,1203.9705064943994,0.0,20.463900476303834,0.0,0.0,0.0,0.0,65.57316103813183
4857,scenario_1,183.156,35.779041038715334,61.3917014289115,0.0,85.98525753237318,1086.4453632309028,0.0,20.463900476303834,0.0,0.0,0.0,0.0,35.779041038715334
4858,scenario_1,124.405,44.852111742187276,61.3917014289115,0.0,18.161186828901222,996.8773866346808,0.0,20.463900476303834,0.0,0.0,0.0,0.0,44.852111742187276
4859,scenario_1,115.979,49.62786995523243,61.3917014289115,0.0,4.959428615856069,977.9594836879087,0.0,20.463900476303834,0.0,0.0,0.0,0.0,49.62786995523243
4860,scenario_1,115.041,107.23273495848382,0.0,0.0,7.808265041516179,972.7934122130586,0.0,0.0,0.0,0.0,0.0,0.0,107.23273495848382
4861,scenario_1,124.074,289.20739080309505,0.0,165.13339080309504,0.0,964.6598027948125,0.0,0.0,0.0,0.0,0.0,0.0,289.20739080309505
4862,scenario_1,152.056,280.1256210864846,0.0,128.0696210864846,0.0,1121.5365240577528,0.0,0.0,0.0,0.0,0.0,0.0,280.1256210864846
4863,scenario_1,157.588,281.23039575507613,0.0,123.64239575507614,0.0,1243.2026640899132,0.0,0.0,0.0,0.0,0.0,0.0,281.23039575507613
4864,scenario_1,182.766,194.04018706773263,0.0,11.27418706773264,0.0,1360.6629400572356,0.0,0.0,0.0,0.0,0.0,0.0,194.04018706773263
4865,scenario_1,206.137,59.64043407766407,61.3917014289115,0.0,85.10486449342444,1371.3734177715817,0.0,20.463900476303834,0.0,0.0,0.0,0.0,59.64043407766407
4866,scenario_1,265.615,0.0,61.3917014289115,0.0,204.2232985710885,1282.722517257598,0.0,20.463900476303834,0.0,0.0,0.0,0.0,0.0
4867,scenario_1,255.487,0.0,61.3917014289115,0.0,194.0952985710885,1069.9899145793806,0.0,20.463900476303834,0.0,0.0,0.0,0.0,0.0
4868,scenario_1,179.981,0.0,61.3917014289115,0.0,118.58929857108849,867.8073119011634,0.0,20.463900476303834,0.0,0.0,0.0,0.0,0.0
4869,scenario_1,11.472,0.0,11.472,0.0,0.0,744.2767925562796,0.0,3.824,0.0,0.0,0.0,0.0,0.0
4870,scenario_1,55.563,0.0,55.563,0.0,0.0,744.2767925562796,0.0,18.521,0.0,0.0,0.0,0.0,0.0
4871,scenario_1,36.924,0.0,36.924,0.0,0.0,744.2767925562796,0.0,12.308,0.0,0.0,0.0,0.0,0.0
4872,scenario_1,35.747,0.0,35.747,0.0,0.0,744.2767925562796,0.0,11.915666666666667,0.0,0.0,0.0,0.0,0.0
4873,scenario_1,45.675,0.0,45.675,0.0,0.0,744.2767925562796,0.0,15.225,0.0,0.0,0.0,0.0,0.0
4874,scenario_1,46.264,0.0,46.264,0.0,0.0,744.2767925562796,0.0,15.421333333333335,0.0,0.0,0.0,0.0,0.0
4875,scenario_1,5.509,0.0,5.509,0.0,0.0,744.2767925562796,0.0,1.8363333333333334,0.0,0.0,0.0,0.0,0.0
4876,scenario_1,59.028,0.0,54.77273693315722,0.0,4.25526306684278,744.2767925562796,0.0,18.257578977719074,0.0,0.0,0.0,0.0,0.0
4877,scenario_1,72.228,0.0,61.3917014289115,0.0,10.836298571088491,739.8442268616517,0.0,20.463900476303834,0.0,0.0,0.0,0.0,0.0
4878,scenario_1,122.406,21.982406201029335,61.3917014289115,0.0,39.03189237005917,728.5564158501012,0.0,20.463900476303834,0.0,0.0,0.0,0.0,21.982406201029335
4879,scenario_1,211.601,66.10380083958128,61.3917014289115,0.0,84.10549773150721,687.8981946312896,0.0,20.463900476303834,0.0,0.0,0.0,0.0,66.10380083958128
4880,scenario_1,260.544,28.819830527902724,61.3917014289115,0.0,170.33246804318577,600.2883011609696,0.0,20.463900476303834,0.0,0.0,0.0,0.0,28.819830527902724
4881,scenario_1,239.431,150.41463617807608,61.3917014289115,0.0,27.62466239301243,422.85864694931774,0.0,20.463900476303834,0.0,0.0,0.0,0.0,150.41463617807608
4882,scenario_1,161.121,161.121,0.0,0.0,0.0,394.0829569565965,0.0,0.0,0.0,0.0,0.0,0.0,161.121
4883,scenario_1,10.164,404.2469569565966,0.0,394.0829569565966,0.0,394.0829569565965,0.0,0.0,0.0,0.0,0.0,0.0,404.2469569565966
4884,scenario_1,105.302,432.88899081195996,0.0,327.58699081195994,0.0,768.4617660653632,0.0,0.0,0.0,0.0,0.0,0.0,432.88899081195996
4885,scenario_1,11.043,290.3034664585481,0.0,279.2604664585481,0.0,1079.6694073367253,0.0,0.0,0.0,0.0,0.0,0.0,290.3034664585481
4886,scenario_1,121.393,461.8480055500789,0.0,340.4550055500789,0.0,1344.9668504723459,0.0,0.0,0.0,0.0,0.0,0.0,461.8480055500789
4887,scenario_1,13.569,331.4802410926971,0.0,317.9112410926971,0.0,1668.3991057449207,0.0,0.0,0.0,0.0,0.0,0.0,331.4802410926971
4888,scenario_1,160.803,160.803,0.0,0.0,0.0,1970.414784782983,0.0,0.0,0.0,0.0,0.0,0.0,160.803
4889,scenario_1,22.454,22.454,0.0,0.0,0.0,1970.414784782983,0.0,0.0,0.0,0.0,0.0,0.0,22.454
4890,scenario_1,288.044,0.0,0.0,0.0,288.044,1970.414784782983,0.0,0.0,0.0,0.0,0.0,0.0,0.0
4891,scenario_1,30.385,0.0,0.0,0.0,30.385,1670.3689514496496,0.0,0.0,0.0,0.0,0.0,0.0,0.0
4892,scenario_1,241.451,0.0,0.0,0.0,241.451,1638.7179097829828,0.0,0.0,0.0,0.0,0.0,0.0,0.0
4893,scenario_1,143.681,0.0,0.0,0.0,143.681,1387.2064514496494,0.0,0.0,0.0,0.0,0.0,0.0,0.0
4894,scenario_1,75.345,0.0,0.0,0.0,75.345,1237.538743116316,0.0,0.0,0.0,0.0,0.0,0.0,0.0
4895,scenario_1,3.611,0.0,0.0,0.0,3.611,1159.054368116316,0.0,0.0,0.0,0.0,0.0,0.0,0.0
4896,scenario_1,17.459,0.0,0.0,0.0,17.459,1155.2929097829826,0.0,0.0,0.0,0.0,0.0,0.0,0.0
4897,scenario_1,20.899,0.0,0.0,0.0,20.899,1137.1064514496493,0.0,0.0,0.0,0.0,0.0,0.0,0.0
4898,scenario_1,30.576,0.0,0.0,0.0,30.576,1115.3366597829827,0.0,0.0,0.0,0.0,0.0,0.0,0.0
4899,scenario_1,59.568,0.0,0.0,0.0,59.568,1083.4866597829828,0.0,0.0,0.0,0.0,0.0,0.0,0.0
4900,scenario_1,69.895,0.0,0.0,0.0,69.895,1021.4366597829828,0.0,0.0,0.0,0.0,0.0,0.0,0.0
4901,scenario_1,85.981,0.0,0.0,0.0,85.981,948.6293681163162,0.0,0.0,0.0,0.0,0.0,0.0,0.0
4902,scenario_1,133.115,15.327661150064776,0.0,0.0,117.78733884993524,859.0658264496495,0.0,0.0,0.0,0.0,0.0,0.0,15.327661150064776
4903,scenario_1,239.971,115.40110829555012,0.0,0.0,124.56989170444989,736.3706818143003,0.0,0.0,0.0,0.0,0.0,0.0,115.40110829555012
4904,scenario_1,246.289,246.289,0.0,0.0,0.0,606.6103779554983,0.0,0.0,0.0,0.0,0.0,0.0,246.289
4905,scenario_1,229.757,384.1745172362717,0.0,154.4175172362717,0.0,606.6103779554983,0.0,0.0,0.0,0.0,0.0,0.0,384.1745172362717
4906,scenario_1,156.873,524.5504922525005,0.0,367.6774922525005,0.0,753.3070193299563,0.0,0.0,0.0,0.0,0.0,0.0,524.5504922525005
4907,scenario_1,120.915,246.23766273222904,0.0,125.32266273222903,0.0,1102.6006369698318,0.0,0.0,0.0,0.0,0.0,0.0,246.23766273222904
4908,scenario_1,97.218,491.3009569565966,0.0,394.0829569565966,0.0,1221.6571665654494,0.0,0.0,0.0,0.0,0.0,0.0,491.3009569565966
4909,scenario_1,93.736,487.8189569565966,0.0,394.0829569565966,0.0,1596.0359756742162,0.0,0.0,0.0,0.0,0.0,0.0,487.8189569565966
4910,scenario_1,92.908,92.908,0.0,0.0,0.0,1970.414784782983,0.0,0.0,0.0,0.0,0.0,0.0,92.908
4911,scenario_1,125.833,125.833,0.0,0.0,0.0,1970.414784782983,0.0,0.0,0.0,0.0,0.0,0.0,125.833
4912,scenario_1,159.254,159.254,0.0,0.0,0.0,1970.414784782983,0.0,0.0,0.0,0.0,0.0,0.0,159.254
4913,scenario_1,185.559,56.508789347798405,0.0,0.0,129.0502106522016,1970.414784782983,0.0,0.0,0.0,0.0,0.0,0.0,56.508789347798405
4914,scenario_1,261.016,0.0,45.07558393296702,0.0,215.940416067033,1835.9874820202729,0.0,15.02519464432234,0.0,0.0,0.0,0.0,0.0
4915,scenario_1,294.036,0.0,61.3917014289115,0.0,232.64429857108848,1611.0495486171135,0.0,20.463900476303834,0.0,0.0,0.0,0.0,0.0
4916,scenario_1,249.953,0.0,0.0,0.0,249.953,1368.711737605563,0.0,0.0,0.0,0.0,0.0,0.0,0.0
4917,scenario_1,166.981,0.0,61.3917014289115,0.0,105.58929857108849,1108.3440292722296,0.0,20.463900476303834,0.0,0.0,0.0,0.0,0.0
4918,scenario_1,93.234,0.0,0.0,0.0,93.234,998.3551765940124,0.0,0.0,0.0,0.0,0.0,0.0,0.0
4919,scenario_1,42.575,0.0,0.0,0.0,42.575,901.2364265940124,0.0,0.0,0.0,0.0,0.0,0.0,0.0
4920,scenario_1,34.949,0.0,0.0,0.0,34.949,856.887468260679,0.0,0.0,0.0,0.0,0.0,0.0,0.0
4921,scenario_1,40.699,0.0,0.0,0.0,40.699,820.4822599273457,0.0,0.0,0.0,0.0,0.0,0.0,0.0
4922,scenario_1,46.696,0.0,0.0,0.0,46.696,778.087468260679,0.0,0.0,0.0,0.0,0.0,0.0,0.0
4923,scenario_1,56.895,0.0,56.895,0.0,0.0,729.4458015940123,0.0,18.965,0.0,0.0,0.0,0.0,0.0
4924,scenario_1,56.629,0.0,0.0,0.0,56.629,729.4458015940123,0.0,0.0,0.0,0.0,0.0,0.0,0.0
4925,scenario_1,72.271,0.0,0.0,0.0,72.271,670.4572599273456,0.0,0.0,0.0,0.0,0.0,0.0,0.0
4926,scenario_1,107.035,16.93697858069019,0.0,0.0,90.0980214193098,595.174968260679,0.0,0.0,0.0,0.0,0.0,0.0,16.93697858069019
4927,scenario_1,202.641,99.69069056739065,0.0,0.0,102.95030943260934,501.32286261556453,0.0,0.0,0.0,0.0,0.0,0.0,99.69069056739065
4928,scenario_1,247.695,283.79660463093825,0.0,36.101604630938255,0.0,394.0829569565965,0.0,0.0,0.0,0.0,0.0,0.0,283.79660463093825
4929,scenario_1,207.504,452.08771280866426,0.0,244.58371280866427,0.0,428.3794813559878,0.0,0.0,0.0,0.0,0.0,0.0,452.08771280866426
4930,scenario_1,140.112,534.1949569565966,0.0,394.0829569565966,0.0,660.7340085242189,0.0,0.0,0.0,0.0,0.0,0.0,534.1949569565966
4931,scenario_1,125.324,0.0,0.0,0.0,125.324,1035.1128176329858,0.0,0.0,0.0,0.0,0.0,0.0,0.0
4932,scenario_1,90.431,484.5139569565966,0.0,394.0829569565966,0.0,904.5669842996524,0.0,0.0,0.0,0.0,0.0,0.0,484.5139569565966
4933,scenario_1,98.903,492.9859569565966,0.0,394.0829569565966,0.0,1278.9457934084191,0.0,0.0,0.0,0.0,0.0,0.0,492.9859569565966
4934,scenario_1,114.201,265.1645823396875,0.0,150.96358233968755,0.0,1653.324602517186,0.0,0.0,0.0,0.0,0.0,0.0,265.1645823396875
4935,scenario_1,121.676,304.49155688746725,0.0,182.81555688746727,0.0,1796.740005739889,0.0,0.0,0.0,0.0,0.0,0.0,304.49155688746725
4936,scenario_1,143.285,75.36824983210057,0.0,0.0,67.91675016789942,1970.414784782983,0.0,0.0,0.0,0.0,0.0,0.0,75.36824983210057
4937,scenario_1,197.337,17.41542430330856,61.3917014289115,0.0,118.52987426777993,1899.6681700247543,0.0,20.463900476303834,0.0,0.0,0.0,0.0,17.41542430330856
4938,scenario_1,232.626,0.0,61.3917014289115,0.0,171.23429857108852,1776.199550995817,0.0,20.463900476303834,0.0,0.0,0.0,0.0,0.0
4939,scenario_1,283.357,0.0,61.3917014289115,0.0,221.9652985710885,1597.8304899842665,0.0,20.463900476303834,0.0,0.0,0.0,0.0,0.0
4940,scenario_1,232.277,0.0,61.3917014289115,0.0,170.88529857108847,1366.6166373060491,0.0,20.463900476303834,0.0,0.0,0.0,0.0,0.0
4941,scenario_1,155.859,0.0,61.3917014289115,0.0,94.4672985710885,1188.6111179611653,0.0,20.463900476303834,0.0,0.0,0.0,0.0,0.0
4942,scenario_1,8.243,0.0,0.0,0.0,8.243,1090.2076819496147,0.0,0.0,0.0,0.0,0.0,0.0,0.0
4943,scenario_1,35.621,0.0,35.621,0.0,0.0,1081.6212236162812,0.0,11.873666666666667,0.0,0.0,0.0,0.0,0.0
4944,scenario_1,20.087,0.0,0.0,0.0,20.087,1081.6212236162812,0.0,0.0,0.0,0.0,0.0,0.0,0.0
4945,scenario_1,40.921,0.0,40.921,0.0,0.0,1060.697265282948,0.0,13.640333333333333,0.0,0.0,0.0,0.0,0.0
4946,scenario_1,38.889,0.0,0.0,0.0,38.889,1060.697265282948,0.0,0.0,0.0,0.0,0.0,0.0,0.0
4947,scenario_1,4.224,0.0,0.0,0.0,4.224,1020.1878902829479,0.0,0.0,0.0,0.0,0.0,0.0,0.0
4948,scenario_1,55.418,0.0,0.0,0.0,55.418,1015.787890282948,0.0,0.0,0.0,0.0,0.0,0.0,0.0
4949,scenario_1,69.849,0.0,61.3917014289115,0.0,8.4572985710885,958.0608069496146,0.0,20.463900476303834,0.0,0.0,0.0,0.0,0.0
4950,scenario_1,111.839,25.183643036003136,61.3917014289115,0.0,25.263655535085363,949.2511209380641,0.0,20.463900476303834,0.0,0.0,0.0,0.0,25.183643036003136
4951,scenario_1,209.142,105.20586489720965,37.2863894532024,0.0,66.64974564958793,922.9348130890169,0.0,12.4287964844008,0.0,0.0,0.0,0.0,105.20586489720965
4952,scenario_1,250.348,257.09933330883337,0.0,6.7513333088333525,0.0,853.5079947040294,0.0,0.0,0.0,0.0,0.0,0.0,257.09933330883337
4953,scenario_1,207.723,375.4581060714789,0.0,167.73510607147887,0.0,859.9217613474211,0.0,0.0,0.0,0.0,0.0,0.0,375.4581060714789
4954,scenario_1,121.014,326.09120651040195,0.0,205.07720651040194,0.0,1019.270112115326,0.0,0.0,0.0,0.0,0.0,0.0,326.09120651040195
4955,scenario_1,123.325,161.48847990340664,0.0,38.16347990340664,0.0,1214.0934583002079,0.0,0.0,0.0,0.0,0.0,0.0,161.48847990340664
4956,scenario_1,96.176,264.87625105466645,0.0,168.70025105466647,0.0,1250.3487642084442,0.0,0.0,0.0,0.0,0.0,0.0,264.87625105466645
4957,scenario_1,108.963,383.9309448683932,0.0,274.96794486839326,0.0,1410.6140027103775,0.0,0.0,0.0,0.0,0.0,0.0,383.9309448683932
4958,scenario_1,112.836,236.68274947273687,0.0,123.84674947273687,0.0,1671.833550335351,0.0,0.0,0.0,0.0,0.0,0.0,236.68274947273687
4959,scenario_1,123.662,282.68313094920825,0.0,159.02113094920824,0.0,1789.487962334451,0.0,0.0,0.0,0.0,0.0,0.0,282.68313094920825
4960,scenario_1,153.191,184.61915583872005,0.0,31.428155838720045,0.0,1940.5580367361988,0.0,0.0,0.0,0.0,0.0,0.0,184.61915583872005
4961,scenario_1,197.324,41.8857482619534,61.3917014289115,0.0,94.0465503091351,1970.414784782983,0.0,20.463900476303834,0.0,0.0,0.0,0.0,41.8857482619534
4962,scenario_1,250.596,0.0,61.3917014289115,0.0,189.2042985710885,1872.4496282109671,0.0,20.463900476303834,0.0,0.0,0.0,0.0,0.0
4963,scenario_1,270.734,0.0,61.3917014289115,0.0,209.34229857108846,1675.3618171994167,0.0,20.463900476303834,0.0,0.0,0.0,0.0,0.0
4964,scenario_1,22.18,0.0,61.3917014289115,39.2117014289115,0.0,1457.2969228545328,0.0,20.463900476303834,0.0,0.0,0.0,0.0,0.0
4965,scenario_1,157.069,0.0,61.3917014289115,0.0,95.67729857108849,1494.5480392119987,0.0,20.463900476303834,0.0,0.0,0.0,0.0,0.0
4966,scenario_1,79.733,0.0,61.3917014289115,0.0,18.3412985710885,1394.8841865337815,0.0,20.463900476303834,0.0,0.0,0.0,0.0,0.0
4967,scenario_1,36.947,0.0,36.947,0.0,0.0,1375.7786671888978,0.0,12.315666666666667,0.0,0.0,0.0,0.0,0.0
4968,scenario_1,2.208,0.0,61.3917014289115,59.183701428911505,0.0,1375.7786671888978,0.0,20.463900476303834,0.0,0.0,0.0,0.0,0.0
4969,scenario_1,30.742,0.0,30.742,0.0,0.0,1432.0031835463637,0.0,10.247333333333334,0.0,0.0,0.0,0.0,0.0
4970,scenario_1,43.537,0.0,43.537,0.0,0.0,1432.0031835463637,0.0,14.512333333333332,0.0,0.0,0.0,0.0,0.0
4971,scenario_1,50.174,0.0,50.174,0.0,0.0,1432.0031835463637,0.0,16.724666666666668,0.0,0.0,0.0,0.0,0.0
4972,scenario_1,5.817,0.0,5.817,0.0,0.0,1432.0031835463637,0.0,1.939,0.0,0.0,0.0,0.0,0.0
4973,scenario_1,71.552,0.0,61.3917014289115,0.0,10.160298571088504,1432.0031835463637,0.0,20.463900476303834,0.0,0.0,0.0,0.0,0.0
4974,scenario_1,120.503,23.03498679078974,61.3917014289115,0.0,36.07631178029875,1421.41953920148,0.0,20.463900476303834,0.0,0.0,0.0,0.0,23.03498679078974
4975,scenario_1,207.479,64.05953275203008,61.3917014289115,0.0,82.02776581905842,1383.8400477636687,0.0,20.463900476303834,0.0,0.0,0.0,0.0,64.05953275203008
4976,scenario_1,249.784,84.90236823191385,61.3917014289115,0.0,103.48993033917465,1298.3944583688162,0.0,20.463900476303834,0.0,0.0,0.0,0.0,84.90236823191385
4977,scenario_1,202.548,141.50684672423594,61.04115327576406,0.0,0.0,1190.5924475988427,0.0,20.347051091921355,0.0,0.0,0.0,0.0,141.50684672423594
4978,scenario_1,148.053,134.2779668061293,13.775033193870684,0.0,0.0,1190.5924475988427,0.0,4.591677731290228,0.0,0.0,0.0,0.0,134.2779668061293
4979,scenario_1,116.094,112.99148165618125,61.3917014289115,58.28918308509276,0.0,1190.5924475988427,0.0,20.463900476303834,0.0,0.0,0.0,0.0,112.99148165618125
4980,scenario_1,98.404,252.55844845052815,61.3917014289115,215.54614987943967,0.0,1245.9671715296809,0.0,20.463900476303834,0.0,0.0,0.0,0.0,252.55844845052815
4981,scenario_1,109.999,179.5215341395498,0.0,69.5225341395498,0.0,1450.7360139151485,0.0,0.0,0.0,0.0,0.0,0.0,179.5215341395498
4982,scenario_1,97.406,290.39915560307173,13.216324520195315,206.20948012326704,0.0,1516.7824213477209,0.0,4.405441506731772,0.0,0.0,0.0,0.0,290.39915560307173
4983,scenario_1,142.675,195.58861140638842,0.0,52.91361140638841,0.0,1712.6814274648245,0.0,0.0,0.0,0.0,0.0,0.0,195.58861140638842
4984,scenario_1,171.962,54.37753112886203,61.3917014289115,0.0,56.192767442226454,1762.9493583008934,0.0,20.463900476303834,0.0,0.0,0.0,0.0,54.37753112886203
4985,scenario_1,212.826,57.5004768455892,61.3917014289115,0.0,93.9338217254993,1704.4152255485742,0.0,20.463900476303834,0.0,0.0,0.0,0.0,57.5004768455892
4986,scenario_1,253.589,0.0,61.3917014289115,0.0,192.19729857108848,1606.5674945845124,0.0,20.463900476303834,0.0,0.0,0.0,0.0,0.0
4987,scenario_1,280.799,0.0,61.3917014289115,0.0,219.40729857108846,1406.3619752396285,0.0,20.463900476303834,0.0,0.0,0.0,0.0,0.0
4988,scenario_1,250.995,0.0,61.3917014289115,0.0,189.6032985710885,1177.8127058947446,0.0,20.463900476303834,0.0,0.0,0.0,0.0,0.0
4989,scenario_1,17.525,0.0,61.3917014289115,43.866701428911504,0.0,980.309269883194,0.0,20.463900476303834,0.0,0.0,0.0,0.0,0.0
4990,scenario_1,85.816,0.0,61.3917014289115,0.0,24.4242985710885,1021.98263624066,0.0,20.463900476303834,0.0,0.0,0.0,0.0,0.0
4991,scenario_1,24.828,0.0,61.3917014289115,36.5637014289115,0.0,996.5406585624428,0.0,20.463900476303834,0.0,0.0,0.0,0.0,0.0
4992,scenario_1,20.221,0.0,20.221,0.0,0.0,1031.2761749199087,0.0,6.740333333333333,0.0,0.0,0.0,0.0,0.0
4993,scenario_1,30.707,0.0,30.707,0.0,0.0,1031.2761749199087,0.0,10.235666666666667,0.0,0.0,0.0,0.0,0.0
4994,scenario_1,47.329,0.0,47.329,0.0,0.0,1031.2761749199087,0.0,15.776333333333334,0.0,0.0,0.0,0.0,0.0
4995,scenario_1,50.167,0.0,50.167,0.0,0.0,1031.2761749199087,0.0,16.722333333333335,0.0,0.0,0.0,0.0,0.0
4996,scenario_1,61.989,0.0,61.3917014289115,0.0,0.5972985710884942,1031.2761749199087,0.0,20.463900476303834,0.0,0.0,0.0,0.0,0.0
4997,scenario_1,74.569,0.0,61.3917014289115,0.0,13.1772985710885,1030.6539889083583,0.0,20.463900476303834,0.0,0.0,0.0,0.0,0.0
4998,scenario_1,107.634,12.778850300479656,61.3917014289115,0.0,33.463448270608836,1016.9276362301412,0.0,20.463900476303834,0.0,0.0,0.0,0.0,12.778850300479656
4999,scenario_1,15.862,59.501249867447825,61.3917014289115,105.03095129635932,0.0,982.0698776149236,0.0,20.463900476303834,0.0,0.0,0.0,0.0,59.501249867447825
5000,scenario_1,208.795,71.32320872269074,61.3917014289115,0.0,76.08008984839775,1081.849281346465,0.0,20.463900476303834,0.0,0.0,0.0,0.0,71.32320872269074
5001,scenario_1,181.433,112.65222014377913,61.3917014289115,0.0,7.389078427309357,1002.5991877543839,0.0,20.463900476303834,0.0,0.0,0.0,0.0,112.65222014377913
5002,scenario_1,160.363,117.97601618455077,42.38698381544923,0.0,0.0,994.90223105927,0.0,14.128994605149742,0.0,0.0,0.0,0.0,117.97601618455077
5003,scenario_1,153.218,199.5031673187205,61.3917014289115,107.67686874763201,0.0,994.90223105927,0.0,20.463900476303834,0.0,0.0,0.0,0.0,199.5031673187205
5004,scenario_1,126.894,116.42759184589497,10.46640815410504,0.0,0.0,1097.1952563695204,0.0,3.488802718035013,0.0,0.0,0.0,0.0,116.42759184589497
5005,scenario_1,125.931,46.01777950274839,61.3917014289115,0.0,18.521519068340112,1097.1952563695204,0.0,20.463900476303834,0.0,0.0,0.0,0.0,46.01777950274839
5006,scenario_1,122.431,37.92769728392873,61.3917014289115,0.0,23.111601287159758,1077.9020073399995,0.0,20.463900476303834,0.0,0.0,0.0,0.0,37.92769728392873
5007,scenario_1,148.489,54.89077290403447,61.3917014289115,0.0,32.20652566705404,1053.8274226658748,0.0,20.463900476303834,0.0,0.0,0.0,0.0,54.89077290403447
5008,scenario_1,221.894,97.60292741414686,61.3917014289115,0.0,62.89937115694164,1020.2789584293602,0.0,20.463900476303834,0.0,0.0,0.0,0.0,97.60292741414686
5009,scenario_1,215.003,42.94702786485232,61.3917014289115,0.0,110.66427070623617,954.7587801408793,0.0,20.463900476303834,0.0,0.0,0.0,0.0,42.94702786485232
5010,scenario_1,218.253,0.0,61.3917014289115,0.0,156.86129857108847,839.4834981552166,0.0,20.463900476303834,0.0,0.0,0.0,0.0,0.0
5011,scenario_1,20.528,0.0,20.528,0.0,0.0,676.0863121436661,0.0,6.842666666666666,0.0,0.0,0.0,0.0,0.0
5012,scenario_1,164.014,0.0,61.3917014289115,0.0,102.6222985710885,676.0863121436661,0.0,20.463900476303834,0.0,0.0,0.0,0.0,0.0
5013,scenario_1,125.221,0.0,61.3917014289115,0.0,63.8292985710885,569.1880844654489,0.0,20.463900476303834,0.0,0.0,0.0,0.0,0.0
5014,scenario_1,73.716,0.0,61.3917014289115,0.0,12.324298571088491,502.6992317872317,0.0,20.463900476303834,0.0,0.0,0.0,0.0,0.0
5015,scenario_1,48.841,0.0,48.841,0.0,0.0,489.8614207756812,0.0,16.280333333333335,0.0,0.0,0.0,0.0,0.0
5016,scenario_1,36.002,0.0,61.3917014289115,25.3897014289115,0.0,489.8614207756812,0.0,20.463900476303834,0.0,0.0,0.0,0.0,0.0
5017,scenario_1,40.561,0.0,40.561,0.0,0.0,513.9816371331472,0.0,13.520333333333333,0.0,0.0,0.0,0.0,0.0
5018,scenario_1,44.849,0.0,44.849,0.0,0.0,513.9816371331472,0.0,14.949666666666666,0.0,0.0,0.0,0.0,0.0
5019,scenario_1,56.918,0.0,56.918,0.0,0.0,513.9816371331472,0.0,18.972666666666665,0.0,0.0,0.0,0.0,0.0
5020,scenario_1,58.198,0.0,58.198,0.0,0.0,513.9816371331472,0.0,19.399333333333335,0.0,0.0,0.0,0.0,0.0
5021,scenario_1,76.945,0.0,61.3917014289115,0.0,15.55329857108849,513.9816371331472,0.0,20.463900476303834,0.0,0.0,0.0,0.0,0.0
5022,scenario_1,109.734,14.692633190953122,61.3917014289115,0.0,33.649665380135374,497.78028445493004,0.0,20.463900476303834,0.0,0.0,0.0,0.0,14.692633190953122
5023,scenario_1,150.831,23.539529552823655,61.3917014289115,0.0,65.89976901826483,462.7285496839557,0.0,20.463900476303834,0.0,0.0,0.0,0.0,23.539529552823655
5024,scenario_1,19.49,196.99785153482796,0.0,177.50785153482795,0.0,394.0829569565965,0.0,0.0,0.0,0.0,0.0,0.0,196.99785153482796
5025,scenario_1,182.725,318.62745323755536,0.0,135.90245323755536,0.0,562.715415914683,0.0,0.0,0.0,0.0,0.0,0.0,318.62745323755536
5026,scenario_1,172.999,134.18227766160564,0.0,0.0,38.81672233839436,691.8227464903606,0.0,0.0,0.0,0.0,0.0,0.0,134.18227766160564
5027,scenario_1,138.607,223.97349127736533,0.0,85.36649127736533,0.0,651.3886607211998,0.0,0.0,0.0,0.0,0.0,0.0,223.97349127736533
5028,scenario_1,133.592,428.0349414806681,0.0,294.4429414806681,0.0,732.4868274346968,0.0,0.0,0.0,0.0,0.0,0.0,428.0349414806681
5029,scenario_1,136.949,307.09256181588347,0.0,170.14356181588346,0.0,1012.2076218413315,0.0,0.0,0.0,0.0,0.0,0.0,307.09256181588347
5030,scenario_1,143.271,360.4262113681236,0.0,217.1552113681236,0.0,1173.8440055664207,0.0,0.0,0.0,0.0,0.0,0.0,360.4262113681236
5031,scenario_1,159.646,272.5052855771448,0.0,112.85928557714479,0.0,1380.141456366138,0.0,0.0,0.0,0.0,0.0,0.0,272.5052855771448
5032,scenario_1,180.494,215.9877972162079,0.0,35.493797216207895,0.0,1487.3577776644256,0.0,0.0,0.0,0.0,0.0,0.0,215.9877972162079
5033,scenario_1,198.241,60.84089789077925,61.3917014289115,0.0,76.00840068030926,1521.076885019823,0.0,20.463900476303834,0.0,0.0,0.0,0.0,60.84089789077925
5034,scenario_1,236.242,0.0,61.3917014289115,0.0,174.8502985710885,1441.9014676445008,0.0,20.463900476303834,0.0,0.0,0.0,0.0,0.0
5035,scenario_1,231.056,0.0,61.3917014289115,0.0,169.66429857108852,1259.7657399662837,0.0,20.463900476303834,0.0,0.0,0.0,0.0,0.0
5036,scenario_1,183.603,0.0,61.3917014289115,0.0,122.2112985710885,1083.0320956213998,0.0,20.463900476303834,0.0,0.0,0.0,0.0,0.0
5037,scenario_1,131.144,0.0,61.3917014289115,0.0,69.7522985710885,955.7286596098493,0.0,20.463900476303834,0.0,0.0,0.0,0.0,0.0
5038,scenario_1,78.436,0.0,61.3917014289115,0.0,17.044298571088504,883.0700152649654,0.0,20.463900476303834,0.0,0.0,0.0,0.0,0.0
5039,scenario_1,41.991,0.0,41.991,0.0,0.0,865.3155375867482,0.0,13.997,0.0,0.0,0.0,0.0,0.0
5040,scenario_1,31.965,0.0,0.0,0.0,31.965,865.3155375867482,0.0,0.0,0.0,0.0,0.0,0.0,0.0
5041,scenario_1,34.706,0.0,34.706,0.0,0.0,832.0186625867482,0.0,11.568666666666667,0.0,0.0,0.0,0.0,0.0
5042,scenario_1,39.453,0.0,39.453,0.0,0.0,832.0186625867482,0.0,13.151000000000002,0.0,0.0,0.0,0.0,0.0
5043,scenario_1,42.285,0.0,0.0,0.0,42.285,832.0186625867482,0.0,0.0,0.0,0.0,0.0,0.0,0.0
5044,scenario_1,55.451,0.0,0.0,0.0,55.451,787.9717875867482,0.0,0.0,0.0,0.0,0.0,0.0,0.0
5045,scenario_1,73.323,0.0,61.3917014289115,0.0,11.93129857108849,730.2103292534148,0.0,20.463900476303834,0.0,0.0,0.0,0.0,0.0
5046,scenario_1,12.001,12.23951148589168,0.0,0.2385114858916797,0.0,717.7818932418643,0.0,0.0,0.0,0.0,0.0,0.0,12.23951148589168
5047,scenario_1,193.212,10.960756554529862,61.3917014289115,0.0,120.85954201655862,718.0084791534614,0.0,20.463900476303834,0.0,0.0,0.0,0.0,10.960756554529862
5048,scenario_1,230.992,158.68739767280456,61.3917014289115,0.0,10.912900898283922,592.1131228862129,0.0,20.463900476303834,0.0,0.0,0.0,0.0,158.68739767280456
5049,scenario_1,224.011,101.46528924764786,61.3917014289115,0.0,61.15400932344063,580.7455177838337,0.0,20.463900476303834,0.0,0.0,0.0,0.0,101.46528924764786
5050,scenario_1,165.946,44.46935516409258,61.3917014289115,0.0,60.08494340699592,517.0434247385831,0.0,20.463900476303834,0.0,0.0,0.0,0.0,44.46935516409258
5051,scenario_1,102.821,370.8911241737581,0.0,268.07012417375813,0.0,454.4549420229623,0.0,0.0,0.0,0.0,0.0,0.0,370.8911241737581
5052,scenario_1,104.082,498.1649569565966,0.0,394.0829569565966,0.0,709.1215599880325,0.0,0.0,0.0,0.0,0.0,0.0,498.1649569565966
5053,scenario_1,101.822,495.9049569565966,0.0,394.0829569565966,0.0,1083.5003690967992,0.0,0.0,0.0,0.0,0.0,0.0,495.9049569565966
5054,scenario_1,122.678,260.5876375773782,0.0,137.9096375773782,0.0,1457.879178205566,0.0,0.0,0.0,0.0,0.0,0.0,260.5876375773782
5055,scenario_1,119.748,251.76683825492324,0.0,132.01883825492325,0.0,1588.8933339040752,0.0,0.0,0.0,0.0,0.0,0.0,251.76683825492324
5056,scenario_1,152.278,171.07479238205102,0.0,18.796792382051024,0.0,1714.3112302462523,0.0,0.0,0.0,0.0,0.0,0.0,171.07479238205102
5057,scenario_1,182.362,33.299822294238346,61.3917014289115,0.0,87.67047627685015,1732.1681830092007,0.0,20.463900476303834,0.0,0.0,0.0,0.0,33.299822294238346
5058,scenario_1,233.153,0.0,61.3917014289115,0.0,171.7612985710885,1640.844770220815,0.0,20.463900476303834,0.0,0.0,0.0,0.0,0.0
5059,scenario_1,262.658,0.0,61.3917014289115,0.0,201.2662985710885,1461.9267508759312,0.0,20.463900476303834,0.0,0.0,0.0,0.0,0.0
5060,scenario_1,242.378,0.0,61.3917014289115,0.0,180.98629857108847,1252.2743565310475,0.0,20.463900476303834,0.0,0.0,0.0,0.0,0.0
5061,scenario_1,162.013,0.0,61.3917014289115,0.0,100.6212985710885,1063.7469621861637,0.0,20.463900476303834,0.0,0.0,0.0,0.0,0.0
5062,scenario_1,83.409,0.0,61.3917014289115,0.0,22.017298571088503,958.9331095079465,0.0,20.463900476303834,0.0,0.0,0.0,0.0,0.0
5063,scenario_1,50.629,0.0,0.0,0.0,50.629,935.998423496396,0.0,0.0,0.0,0.0,0.0,0.0,0.0
5064,scenario_1,37.567,0.0,37.567,0.0,0.0,883.2598818297292,0.0,12.522333333333334,0.0,0.0,0.0,0.0,0.0
5065,scenario_1,39.832,0.0,0.0,0.0,39.832,883.2598818297292,0.0,0.0,0.0,0.0,0.0,0.0,0.0
5066,scenario_1,40.782,0.0,40.782,0.0,0.0,841.7682151630626,0.0,13.594,0.0,0.0,0.0,0.0,0.0
5067,scenario_1,48.955,0.0,0.0,0.0,48.955,841.7682151630626,0.0,0.0,0.0,0.0,0.0,0.0,0.0
5068,scenario_1,50.938,0.0,0.0,0.0,50.938,790.7734234963959,0.0,0.0,0.0,0.0,0.0,0.0,0.0
5069,scenario_1,76.092,0.0,61.3917014289115,0.0,14.700298571088496,737.7130068297292,0.0,20.463900476303834,0.0,0.0,0.0,0.0,0.0
5070,scenario_1,122.441,26.288417704594636,61.3917014289115,0.0,34.76088086649386,722.4001958181788,0.0,20.463900476303834,0.0,0.0,0.0,0.0,26.288417704594636
5071,scenario_1,234.804,111.97369711897491,61.3917014289115,0.0,61.43860145211359,686.190944915581,0.0,20.463900476303834,0.0,0.0,0.0,0.0,111.97369711897491
5072,scenario_1,269.757,63.1896314381785,61.3917014289115,0.0,145.17566713291,622.192401736296,0.0,20.463900476303834,0.0,0.0,0.0,0.0,63.1896314381785
5073,scenario_1,200.828,267.8339155217618,0.0,67.0059155217618,0.0,470.96774847284803,0.0,0.0,0.0,0.0,0.0,0.0,267.8339155217618
5074,scenario_1,110.924,254.5853185118023,0.0,143.6613185118023,0.0,534.6233682185217,0.0,0.0,0.0,0.0,0.0,0.0,254.5853185118023
5075,scenario_1,136.079,473.4089940111663,0.0,337.3299940111663,0.0,671.1016208047339,0.0,0.0,0.0,0.0,0.0,0.0,473.4089940111663
5076,scenario_1,100.708,364.2711751753476,0.0,263.5631751753476,0.0,991.5651151153419,0.0,0.0,0.0,0.0,0.0,0.0,364.2711751753476
5077,scenario_1,100.081,287.7285585695474,0.0,187.64755856954736,0.0,1241.9501315319221,0.0,0.0,0.0,0.0,0.0,0.0,287.7285585695474
5078,scenario_1,124.097,300.1942443970405,0.0,176.09724439704053,0.0,1420.215312172992,0.0,0.0,0.0,0.0,0.0,0.0,300.1942443970405
5079,scenario_1,140.667,361.05254031409675,0.0,220.38554031409674,0.0,1587.5076943501806,0.0,0.0,0.0,0.0,0.0,0.0,361.05254031409675
5080,scenario_1,13.895,93.76666262006141,0.0,79.87166262006141,0.0,1796.8739576485725,0.0,0.0,0.0,0.0,0.0,0.0,93.76666262006141
5081,scenario_1,205.589,51.941807450077626,61.3917014289115,0.0,92.25549112101088,1872.7520371376309,0.0,20.463900476303834,0.0,0.0,0.0,0.0,51.941807450077626
5082,scenario_1,272.803,0.0,61.3917014289115,0.0,211.41129857108848,1776.6525672199111,0.0,20.463900476303834,0.0,0.0,0.0,0.0,0.0
5083,scenario_1,301.796,0.0,61.3917014289115,0.0,240.40429857108848,1556.432464541694,0.0,20.463900476303834,0.0,0.0,0.0,0.0,0.0
5084,scenario_1,255.985,0.0,61.3917014289115,0.0,194.5932985710885,1306.01132019681,0.0,20.463900476303834,0.0,0.0,0.0,0.0,0.0
5085,scenario_1,179.351,0.0,0.0,0.0,179.351,1103.3099675185927,0.0,0.0,0.0,0.0,0.0,0.0,0.0
5086,scenario_1,88.764,0.0,61.3917014289115,0.0,27.372298571088493,916.4860091852593,0.0,20.463900476303834,0.0,0.0,0.0,0.0,0.0
5087,scenario_1,45.042,0.0,45.042,0.0,0.0,887.9731981737087,0.0,15.014000000000001,0.0,0.0,0.0,0.0,0.0
5088,scenario_1,36.902,0.0,36.902,0.0,0.0,887.9731981737087,0.0,12.300666666666666,0.0,0.0,0.0,0.0,0.0
5089,scenario_1,43.573,0.0,0.0,0.0,43.573,887.9731981737087,0.0,0.0,0.0,0.0,0.0,0.0,0.0
5090,scenario_1,49.607,0.0,49.607,0.0,0.0,842.584656507042,0.0,16.535666666666668,0.0,0.0,0.0,0.0,0.0
5091,scenario_1,54.687,0.0,0.0,0.0,54.687,842.584656507042,0.0,0.0,0.0,0.0,0.0,0.0,0.0
5092,scenario_1,59.148,0.0,0.0,0.0,59.148,785.619031507042,0.0,0.0,0.0,0.0,0.0,0.0,0.0
5093,scenario_1,87.104,0.0,61.3917014289115,0.0,25.712298571088496,724.006531507042,0.0,20.463900476303834,0.0,0.0,0.0,0.0,0.0
5094,scenario_1,128.751,24.940070668124694,61.3917014289115,0.0,42.41922790296381,697.2228871621581,0.0,20.463900476303834,0.0,0.0,0.0,0.0,24.940070668124694
5095,scenario_1,193.798,50.558664361053616,61.3917014289115,0.0,81.84763421003488,653.0361914299042,0.0,20.463900476303834,0.0,0.0,0.0,0.0,50.558664361053616
5096,scenario_1,258.203,163.59364108292746,61.3917014289115,0.0,33.21765748816101,567.7782391277846,0.0,20.463900476303834,0.0,0.0,0.0,0.0,163.59364108292746
5097,scenario_1,210.655,297.4888513109621,0.0,86.8338513109621,0.0,533.1765125776168,0.0,0.0,0.0,0.0,0.0,0.0,297.4888513109621
5098,scenario_1,140.279,278.98605036533905,0.0,138.70705036533906,0.0,615.6686713230308,0.0,0.0,0.0,0.0,0.0,0.0,278.98605036533905
5099,scenario_1,91.272,327.7614170329969,0.0,236.48941703299693,0.0,747.4403691701029,0.0,0.0,0.0,0.0,0.0,0.0,327.7614170329969
5100,scenario_1,96.657,164.21997002890058,0.0,67.56297002890058,0.0,972.10531535145,0.0,0.0,0.0,0.0,0.0,0.0,164.21997002890058
5101,scenario_1,105.216,96.21978432512286,0.0,0.0,8.996215674877135,1036.2901368789055,0.0,0.0,0.0,0.0,0.0,0.0,96.21978432512286
5102,scenario_1,134.247,417.4221454516789,0.0,283.1751454516789,0.0,1026.9190788842418,0.0,0.0,0.0,0.0,0.0,0.0,417.4221454516789
5103,scenario_1,118.213,386.7494251252723,0.0,268.53642512527233,0.0,1295.9354670633368,0.0,0.0,0.0,0.0,0.0,0.0,386.7494251252723
5104,scenario_1,14.733,190.84764924589734,0.0,176.11464924589734,0.0,1551.0450709323454,0.0,0.0,0.0,0.0,0.0,0.0,190.84764924589734
5105,scenario_1,194.668,53.44673672304085,61.3917014289115,0.0,79.82956184804765,1718.3539877159478,0.0,20.463900476303834,0.0,0.0,0.0,0.0,53.44673672304085
5106,scenario_1,254.936,0.0,27.158991200937407,0.0,227.7770087990626,1635.1981941242316,0.0,9.052997066979136,0.0,0.0,0.0,0.0,0.0
5107,scenario_1,274.496,0.0,61.3917014289115,0.0,213.10429857108846,1397.930476625208,0.0,20.463900476303834,0.0,0.0,0.0,0.0,0.0
5108,scenario_1,249.281,0.0,61.3917014289115,0.0,187.8892985710885,1175.9468322803243,0.0,20.463900476303834,0.0,0.0,0.0,0.0,0.0
5109,scenario_1,153.456,0.0,61.3917014289115,0.0,92.06429857108849,980.2288129354404,0.0,20.463900476303834,0.0,0.0,0.0,0.0,0.0
5110,scenario_1,74.276,0.0,0.0,0.0,74.276,884.3285019238899,0.0,0.0,0.0,0.0,0.0,0.0,0.0
5111,scenario_1,37.084,0.0,37.084,0.0,0.0,806.9576685905566,0.0,12.361333333333334,0.0,0.0,0.0,0.0,0.0
5112,scenario_1,30.642,0.0,0.0,0.0,30.642,806.9576685905566,0.0,0.0,0.0,0.0,0.0,0.0,0.0
5113,scenario_1,3.905,0.0,0.0,0.0,3.905,775.0389185905566,0.0,0.0,0.0,0.0,0.0,0.0,0.0
5114,scenario_1,48.038,0.0,48.038,0.0,0.0,770.9712102572232,0.0,16.012666666666664,0.0,0.0,0.0,0.0,0.0
5115,scenario_1,49.326,0.0,0.0,0.0,49.326,770.9712102572232,0.0,0.0,0.0,0.0,0.0,0.0,0.0
5116,scenario_1,70.289,0.0,61.3917014289115,0.0,8.897298571088498,719.5899602572232,0.0,20.463900476303834,0.0,0.0,0.0,0.0,0.0
5117,scenario_1,71.404,0.0,61.3917014289115,0.0,10.012298571088493,710.3219409123393,0.0,20.463900476303834,0.0,0.0,0.0,0.0,0.0
5118,scenario_1,124.046,24.609508168861094,61.3917014289115,0.0,38.044790402227406,699.8924632341221,0.0,20.463900476303834,0.0,0.0,0.0,0.0,24.609508168861094
5119,scenario_1,196.002,111.44305731752544,0.0,0.0,84.55894268247457,660.2624732318019,0.0,0.0,0.0,0.0,0.0,0.0,111.44305731752544
5120,scenario_1,239.341,226.9224567313222,0.0,0.0,12.418543268677809,572.1802412708909,0.0,0.0,0.0,0.0,0.0,0.0,226.9224567313222
5121,scenario_1,223.214,370.3517853591701,0.0,147.1377853591701,0.0,559.2442586993515,0.0,0.0,0.0,0.0,0.0,0.0,370.3517853591701
5122,scenario_1,144.311,466.9021321835566,0.0,322.5911321835566,0.0,699.0251547905631,0.0,0.0,0.0,0.0,0.0,0.0,466.9021321835566
5123,scenario_1,102.331,334.9902969511035,0.0,232.6592969511035,0.0,1005.4867303649419,0.0,0.0,0.0,0.0,0.0,0.0,334.9902969511035
5124,scenario_1,101.887,376.9891323838576,0.0,275.1021323838576,0.0,1226.5130624684903,0.0,0.0,0.0,0.0,0.0,0.0,376.9891323838576
5125,scenario_1,89.602,276.0196868851052,0.0,186.4176868851052,0.0,1487.860088233155,0.0,0.0,0.0,0.0,0.0,0.0,276.0196868851052
5126,scenario_1,115.243,311.772630884405,0.0,196.52963088440498,0.0,1664.956890774005,0.0,0.0,0.0,0.0,0.0,0.0,311.772630884405
5127,scenario_1,163.111,192.52655878163085,0.0,29.415558781630864,0.0,1851.6600401141895,0.0,0.0,0.0,0.0,0.0,0.0,192.52655878163085
5128,scenario_1,16.045,111.6344356065728,0.0,95.58943560657279,0.0,1879.6048209567389,0.0,0.0,0.0,0.0,0.0,0.0,111.6344356065728
5129,scenario_1,186.329,49.34080252166141,61.3917014289115,0.0,75.5964960494271,1970.414784782983,0.0,20.463900476303834,0.0,0.0,0.0,0.0,49.34080252166141
5130,scenario_1,263.912,0.0,61.3917014289115,0.0,202.52029857108846,1891.6684347314963,0.0,20.463900476303834,0.0,0.0,0.0,0.0,0.0
5131,scenario_1,283.363,0.0,61.3917014289115,0.0,221.97129857108848,1680.7097903866124,0.0,20.463900476303834,0.0,0.0,0.0,0.0,0.0
5132,scenario_1,227.885,0.0,61.3917014289115,0.0,166.49329857108847,1449.4896877083952,0.0,20.463900476303834,0.0,0.0,0.0,0.0,0.0
5133,scenario_1,161.325,0.0,61.3917014289115,0.0,99.93329857108849,1276.0591683635114,0.0,20.463900476303834,0.0,0.0,0.0,0.0,0.0
5134,scenario_1,90.127,0.0,61.3917014289115,0.0,28.735298571088492,1171.9619823519608,0.0,20.463900476303834,0.0,0.0,0.0,0.0,0.0
5135,scenario_1,41.277,0.0,61.3917014289115,20.114701428911502,0.0,1142.0293796737437,0.0,20.463900476303834,0.0,0.0,0.0,0.0,0.0
5136,scenario_1,34.999,0.0,34.999,0.0,0.0,1161.1383460312097,0.0,11.666333333333334,0.0,0.0,0.0,0.0,0.0
5137,scenario_1,41.637,0.0,41.637,0.0,0.0,1161.1383460312097,0.0,13.879,0.0,0.0,0.0,0.0,0.0
5138,scenario_1,50.944,0.0,50.944,0.0,0.0,1161.1383460312097,0.0,16.981333333333335,0.0,0.0,0.0,0.0,0.0
5139,scenario_1,5.319,0.0,61.3917014289115,56.0727014289115,0.0,1161.1383460312097,0.0,20.463900476303834,0.0,0.0,0.0,0.0,0.0
5140,scenario_1,53.321,0.0,53.321,0.0,0.0,1214.4074123886755,0.0,17.773666666666667,0.0,0.0,0.0,0.0,0.0
5141,scenario_1,73.777,0.0,61.3917014289115,0.0,12.385298571088498,1214.4074123886755,0.0,20.463900476303834,0.0,0.0,0.0,0.0,0.0
5142,scenario_1,123.111,25.583797640374858,61.3917014289115,0.0,36.13550093071365,1201.5060597104584,0.0,20.463900476303834,0.0,0.0,0.0,0.0,25.583797640374858
5143,scenario_1,213.006,129.93715925000996,61.3917014289115,0.0,21.677139321078542,1163.8649129076316,0.0,20.463900476303834,0.0,0.0,0.0,0.0,129.93715925000996
5144,scenario_1,297.322,61.57161499441457,61.3917014289115,0.0,174.3586835766739,1141.2845594481748,0.0,20.463900476303834,0.0,0.0,0.0,0.0,61.57161499441457
5145,scenario_1,257.711,168.0823318624016,61.3917014289115,0.0,28.23696670868692,959.6609307224728,0.0,20.463900476303834,0.0,0.0,0.0,0.0,168.0823318624016
5146,scenario_1,162.177,101.43919220823233,60.737807791767665,0.0,0.0,930.2474237342573,0.0,20.245935930589223,0.0,0.0,0.0,0.0,101.43919220823233
5147,scenario_1,123.548,62.4154192688506,61.3917014289115,0.2591206977620999,0.0,930.2474237342573,0.0,20.463900476303834,0.0,0.0,0.0,0.0,62.4154192688506
5148,scenario_1,96.951,49.70616107347907,47.24483892652092,0.0,0.0,930.4935883971312,0.0,15.74827964217364,0.0,0.0,0.0,0.0,49.70616107347907
5149,scenario_1,88.664,422.2066026778626,2.7537282613058096,336.2963309391684,0.0,930.4935883971312,0.0,0.9179094204352699,0.0,0.0,0.0,0.0,422.2066026778626
5150,scenario_1,128.047,69.47031892418688,61.3917014289115,2.81502035309839,0.0,1249.9751027893412,0.0,20.463900476303834,0.0,0.0,0.0,0.0,69.47031892418688
5151,scenario_1,146.333,138.64487140166423,61.3917014289115,53.70357283057574,0.0,1252.6493721247848,0.0,20.463900476303834,0.0,0.0,0.0,0.0,138.64487140166423
5152,scenario_1,147.835,116.23621355684762,31.59878644315239,0.0,0.0,1303.6677663138319,0.0,10.53292881438413,0.0,0.0,0.0,0.0,116.23621355684762
5153,scenario_1,188.107,2.322636507983709,61.3917014289115,0.0,124.3926620631048,1303.6677663138319,0.0,20.463900476303834,0.0,0.0,0.0,0.0,2.322636507983709
5154,scenario_1,283.956,0.0,61.3917014289115,0.0,222.5642985710885,1174.0920766647644,0.0,20.463900476303834,0.0,0.0,0.0,0.0,0.0
5155,scenario_1,30.011,0.0,30.011,0.0,0.0,942.2542656532139,0.0,10.003666666666666,0.0,0.0,0.0,0.0,0.0
5156,scenario_1,244.939,0.0,61.3917014289115,0.0,183.5472985710885,942.2542656532139,0.0,20.463900476303834,0.0,0.0,0.0,0.0,0.0
5157,scenario_1,134.962,0.0,61.3917014289115,0.0,73.57029857108849,751.0591629749968,0.0,20.463900476303834,0.0,0.0,0.0,0.0,0.0
5158,scenario_1,58.796,0.0,58.796,0.0,0.0,674.4234352967795,0.0,19.598666666666666,0.0,0.0,0.0,0.0,0.0
5159,scenario_1,33.297,0.0,61.3917014289115,28.094701428911506,0.0,674.4234352967795,0.0,20.463900476303834,0.0,0.0,0.0,0.0,0.0
5160,scenario_1,34.742,0.0,34.742,0.0,0.0,701.1134016542454,0.0,11.580666666666666,0.0,0.0,0.0,0.0,0.0
5161,scenario_1,44.269,0.0,44.269,0.0,0.0,701.1134016542454,0.0,14.756333333333332,0.0,0.0,0.0,0.0,0.0
5162,scenario_1,51.966,0.0,51.966,0.0,0.0,701.1134016542454,0.0,17.322,0.0,0.0,0.0,0.0,0.0
5163,scenario_1,45.588,0.0,45.588,0.0,0.0,701.1134016542454,0.0,15.196,0.0,0.0,0.0,0.0,0.0
5164,scenario_1,5.634,0.0,61.3917014289115,55.7577014289115,0.0,701.1134016542454,0.0,20.463900476303834,0.0,0.0,0.0,0.0,0.0
5165,scenario_1,94.459,0.0,61.3917014289115,0.0,33.0672985710885,754.0832180117113,0.0,20.463900476303834,0.0,0.0,0.0,0.0,0.0
5166,scenario_1,140.686,0.7046200642197767,61.3917014289115,0.0,78.58967850686874,719.6381153334942,0.0,20.463900476303834,0.0,0.0,0.0,0.0,0.7046200642197767
5167,scenario_1,186.597,24.27024665645898,61.3917014289115,0.0,100.93505191462954,637.7738668888393,0.0,20.463900476303834,0.0,0.0,0.0,0.0,24.27024665645898
5168,scenario_1,224.526,144.35142402053057,61.3917014289115,0.0,18.782874550557935,532.6331878111001,0.0,20.463900476303834,0.0,0.0,0.0,0.0,144.35142402053057
5169,scenario_1,170.021,75.69881233136417,61.3917014289115,0.0,32.93048623972432,513.0676934876022,0.0,20.463900476303834,0.0,0.0,0.0,0.0,75.69881233136417
5170,scenario_1,153.311,71.8538485241402,61.3917014289115,0.0,20.0654500469483,478.76510365455607,0.0,20.463900476303834,0.0,0.0,0.0,0.0,71.8538485241402
5171,scenario_1,137.366,357.6251291375215,61.3917014289115,281.650830566433,0.0,457.8635931889849,0.0,20.463900476303834,0.0,0.0,0.0,0.0,357.6251291375215
5172,scenario_1,137.489,129.5109076062227,7.9780923937773025,0.0,0.0,725.4318822270963,0.0,2.659364131259101,0.0,0.0,0.0,0.0,129.5109076062227
5173,scenario_1,126.128,62.432817295127634,61.3917014289115,0.0,2.3034812759608627,725.4318822270963,0.0,20.463900476303834,0.0,0.0,0.0,0.0,62.432817295127634
5174,scenario_1,14.465,144.50800625702385,61.3917014289115,191.43470768593534,0.0,723.032422564637,0.0,20.463900476303834,0.0,0.0,0.0,0.0,144.50800625702385
5175,scenario_1,152.089,303.02142366705806,0.0,150.93242366705806,0.0,904.8953948662756,0.0,0.0,0.0,0.0,0.0,0.0,303.02142366705806
5176,scenario_1,189.473,113.60911158901587,61.3917014289115,0.0,14.472186982072643,1048.2811973499809,0.0,20.463900476303834,0.0,0.0,0.0,0.0,113.60911158901587
5177,scenario_1,226.507,59.34466763095454,61.3917014289115,0.0,105.77063094013396,1033.2060025769886,0.0,20.463900476303834,0.0,0.0,0.0,0.0,59.34466763095454
5178,scenario_1,238.689,0.0,61.3917014289115,0.0,177.2972985710885,923.028262014349,0.0,20.463900476303834,0.0,0.0,0.0,0.0,0.0
5179,scenario_1,207.153,0.0,61.3917014289115,0.0,145.7612985710885,738.3435760027985,0.0,20.463900476303834,0.0,0.0,0.0,0.0,0.0
5180,scenario_1,179.749,0.0,61.3917014289115,0.0,118.35729857108849,586.508889991248,0.0,20.463900476303834,0.0,0.0,0.0,0.0,0.0
5181,scenario_1,121.074,0.0,61.3917014289115,0.0,59.682298571088495,463.22003731303084,0.0,20.463900476303834,0.0,0.0,0.0,0.0,0.0
5182,scenario_1,68.081,0.0,61.3917014289115,0.0,6.6892985710885,401.0509763014803,0.0,20.463900476303834,0.0,0.0,0.0,0.0,0.0
5183,scenario_1,45.985,0.0,45.985,0.0,0.0,394.0829569565965,0.0,15.328333333333333,0.0,0.0,0.0,0.0,0.0
5184,scenario_1,20.232,0.0,20.232,0.0,0.0,394.0829569565965,0.0,6.744,0.0,0.0,0.0,0.0,0.0
5185,scenario_1,4.342,0.0,59.859064314743364,55.517064314743365,0.0,394.0829569565965,0.0,19.953021438247788,0.0,0.0,0.0,0.0,0.0
5186,scenario_1,51.469,0.0,51.469,0.0,0.0,446.8241680556027,0.0,17.156333333333333,0.0,0.0,0.0,0.0,0.0
5187,scenario_1,43.011,0.0,43.011,0.0,0.0,446.8241680556027,0.0,14.337000000000002,0.0,0.0,0.0,0.0,0.0
5188,scenario_1,4.562,0.0,4.562,0.0,0.0,446.8241680556027,0.0,1.5206666666666668,0.0,0.0,0.0,0.0,0.0
5189,scenario_1,67.583,0.0,61.3917014289115,0.0,6.191298571088495,446.8241680556027,0.0,20.463900476303834,0.0,0.0,0.0,0.0,0.0
5190,scenario_1,129.328,23.496034487131077,61.3917014289115,0.0,44.440264083957416,440.3748987107188,0.0,20.463900476303834,0.0,0.0,0.0,0.0,23.496034487131077
5191,scenario_1,171.723,150.68430558537005,21.03869441462996,0.0,0.0,394.0829569565965,0.0,7.012898138209986,0.0,0.0,0.0,0.0,150.68430558537005
5192,scenario_1,234.073,327.7266209804429,0.0,93.65362098044287,0.0,394.0829569565965,0.0,0.0,0.0,0.0,0.0,0.0,327.7266209804429
5193,scenario_1,188.669,465.2841157397926,0.0,276.6151157397926,0.0,483.0538968880172,0.0,0.0,0.0,0.0,0.0,0.0,465.2841157397926
5194,scenario_1,176.937,545.7325892447864,0.0,368.79558924478636,0.0,745.8382568408201,0.0,0.0,0.0,0.0,0.0,0.0,545.7325892447864
5195,scenario_1,13.606,407.6889569565966,0.0,394.0829569565966,0.0,1096.1940666233672,0.0,0.0,0.0,0.0,0.0,0.0,407.6889569565966
5196,scenario_1,137.253,531.3359569565966,0.0,394.0829569565966,0.0,1470.572875732134,0.0,0.0,0.0,0.0,0.0,0.0,531.3359569565966
5197,scenario_1,131.342,131.342,0.0,0.0,0.0,1844.9516848409007,0.0,0.0,0.0,0.0,0.0,0.0,131.342
5198,scenario_1,155.635,155.635,0.0,0.0,0.0,1844.9516848409007,0.0,0.0,0.0,0.0,0.0,0.0,155.635
5199,scenario_1,156.643,288.70942099166547,0.0,132.06642099166547,0.0,1844.9516848409007,0.0,0.0,0.0,0.0,0.0,0.0,288.70942099166547
5200,scenario_1,195.156,195.156,0.0,0.0,0.0,1970.414784782983,0.0,0.0,0.0,0.0,0.0,0.0,195.156
5201,scenario_1,200.593,50.44557719025291,0.0,0.0,150.14742280974707,1970.414784782983,0.0,0.0,0.0,0.0,0.0,0.0,50.44557719025291
5202,scenario_1,213.438,0.0,0.0,0.0,213.438,1814.011219356163,0.0,0.0,0.0,0.0,0.0,0.0,0.0
5203,scenario_1,220.794,0.0,0.0,0.0,220.794,1591.6799693561632,0.0,0.0,0.0,0.0,0.0,0.0,0.0
5204,scenario_1,196.124,0.0,0.0,0.0,196.124,1361.686219356163,0.0,0.0,0.0,0.0,0.0,0.0,0.0
5205,scenario_1,118.738,0.0,0.0,0.0,118.738,1157.3903860228297,0.0,0.0,0.0,0.0,0.0,0.0,0.0
5206,scenario_1,51.521,0.0,0.0,0.0,51.521,1033.704969356163,0.0,0.0,0.0,0.0,0.0,0.0,0.0
5207,scenario_1,22.916,0.0,0.0,0.0,22.916,980.0372610228296,0.0,0.0,0.0,0.0,0.0,0.0,0.0
5208,scenario_1,15.254,0.0,0.0,0.0,15.254,956.1664276894962,0.0,0.0,0.0,0.0,0.0,0.0,0.0
5209,scenario_1,2.465,0.0,0.0,0.0,2.465,940.2768443561629,0.0,0.0,0.0,0.0,0.0,0.0,0.0
5210,scenario_1,37.986,0.0,0.0,0.0,37.986,937.7091360228295,0.0,0.0,0.0,0.0,0.0,0.0,0.0
5211,scenario_1,50.077,0.0,0.0,0.0,50.077,898.1403860228295,0.0,0.0,0.0,0.0,0.0,0.0,0.0
5212,scenario_1,70.278,0.0,0.0,0.0,70.278,845.9768443561628,0.0,0.0,0.0,0.0,0.0,0.0,0.0
5213,scenario_1,83.264,0.0,0.0,0.0,83.264,772.7705943561627,0.0,0.0,0.0,0.0,0.0,0.0,0.0
5214,scenario_1,122.103,26.55808711188863,0.0,0.0,95.54491288811137,686.0372610228294,0.0,0.0,0.0,0.0,0.0,0.0,26.55808711188863
5215,scenario_1,204.895,144.17744375776027,0.0,0.0,60.71755624223974,586.5113100977134,0.0,0.0,0.0,0.0,0.0,0.0,144.17744375776027
5216,scenario_1,293.927,293.927,0.0,0.0,0.0,523.2638556787136,0.0,0.0,0.0,0.0,0.0,0.0,293.927
5217,scenario_1,227.177,394.84820635723054,0.0,167.67120635723055,0.0,523.2638556787136,0.0,0.0,0.0,0.0,0.0,0.0,394.84820635723054
5218,scenario_1,150.158,230.5421282344372,0.0,80.38412823443723,0.0,682.5515017180826,0.0,0.0,0.0,0.0,0.0,0.0,230.5421282344372
5219,scenario_1,122.123,516.2059569565967,0.0,394.0829569565966,0.0,758.916423540798,0.0,0.0,0.0,0.0,0.0,0.0,516.2059569565967
5220,scenario_1,134.959,529.0419569565966,0.0,394.0829569565966,0.0,1133.2952326495647,0.0,0.0,0.0,0.0,0.0,0.0,529.0419569565966
5221,scenario_1,113.955,508.0379569565966,0.0,394.0829569565966,0.0,1507.6740417583314,0.0,0.0,0.0,0.0,0.0,0.0,508.0379569565966
5222,scenario_1,121.001,121.001,0.0,0.0,0.0,1882.0528508670982,0.0,0.0,0.0,0.0,0.0,0.0,121.001
5223,scenario_1,129.654,30.55093414246736,0.0,0.0,99.10306585753264,1882.0528508670982,0.0,0.0,0.0,0.0,0.0,0.0,30.55093414246736
5224,scenario_1,163.024,127.84069708362766,0.0,0.0,35.18330291637234,1778.820490598835,0.0,0.0,0.0,0.0,0.0,0.0,127.84069708362766
5225,scenario_1,19.917,62.93736005716155,0.0,43.02036005716155,0.0,1742.171216727614,0.0,0.0,0.0,0.0,0.0,0.0,62.93736005716155
5226,scenario_1,250.655,0.0,0.0,0.0,250.655,1783.0405587819173,0.0,0.0,0.0,0.0,0.0,0.0,0.0
5227,scenario_1,277.758,0.0,0.0,0.0,277.758,1521.9416004485838,0.0,0.0,0.0,0.0,0.0,0.0,0.0
5228,scenario_1,235.795,0.0,0.0,0.0,235.795,1232.6103504485839,0.0,0.0,0.0,0.0,0.0,0.0,0.0
5229,scenario_1,152.606,0.0,0.0,0.0,152.606,986.9905587819171,0.0,0.0,0.0,0.0,0.0,0.0,0.0
5230,scenario_1,74.732,0.0,0.0,0.0,74.732,828.0259754485838,0.0,0.0,0.0,0.0,0.0,0.0,0.0
5231,scenario_1,42.499,0.0,0.0,0.0,42.499,750.1801421152505,0.0,0.0,0.0,0.0,0.0,0.0,0.0
5232,scenario_1,16.983,0.0,0.0,0.0,16.983,705.9103504485838,0.0,0.0,0.0,0.0,0.0,0.0,0.0
5233,scenario_1,22.918,0.0,0.0,0.0,22.918,688.2197254485839,0.0,0.0,0.0,0.0,0.0,0.0,0.0
5234,scenario_1,34.472,0.0,0.0,0.0,34.472,664.3468087819172,0.0,0.0,0.0,0.0,0.0,0.0,0.0
5235,scenario_1,57.259,0.0,0.0,0.0,57.259,628.4384754485839,0.0,0.0,0.0,0.0,0.0,0.0,0.0
5236,scenario_1,6.06,0.0,0.0,0.0,6.06,568.7936837819171,0.0,0.0,0.0,0.0,0.0,0.0,0.0
5237,scenario_1,66.801,0.0,0.0,0.0,66.801,562.4811837819171,0.0,0.0,0.0,0.0,0.0,0.0,0.0
5238,scenario_1,119.523,24.66170224769219,0.0,0.0,94.8612977523078,492.8968087819171,0.0,0.0,0.0,0.0,0.0,0.0,24.66170224769219
5239,scenario_1,21.933,148.6748335503729,0.0,126.74183355037292,0.0,394.0829569565965,0.0,0.0,0.0,0.0,0.0,0.0,148.6748335503729
5240,scenario_1,259.637,259.637,0.0,0.0,0.0,514.4876988294508,0.0,0.0,0.0,0.0,0.0,0.0,259.637
5241,scenario_1,224.112,224.112,0.0,0.0,0.0,514.4876988294508,0.0,0.0,0.0,0.0,0.0,0.0,224.112
5242,scenario_1,144.777,538.8599569565965,0.0,394.0829569565966,0.0,514.4876988294508,0.0,0.0,0.0,0.0,0.0,0.0,538.8599569565965
5243,scenario_1,10.281,404.3639569565966,0.0,394.0829569565966,0.0,888.8665079382175,0.0,0.0,0.0,0.0,0.0,0.0,404.3639569565966
5244,scenario_1,92.859,464.57949567557284,0.0,371.72049567557286,0.0,1263.2453170469844,0.0,0.0,0.0,0.0,0.0,0.0,464.57949567557284
5245,scenario_1,117.847,117.847,0.0,0.0,0.0,1616.3797879387785,0.0,0.0,0.0,0.0,0.0,0.0,117.847
5246,scenario_1,120.531,493.1994177307415,0.0,372.6684177307415,0.0,1616.3797879387785,0.0,0.0,0.0,0.0,0.0,0.0,493.1994177307415
5247,scenario_1,138.637,138.637,0.0,0.0,0.0,1970.414784782983,0.0,0.0,0.0,0.0,0.0,0.0,138.637
5248,scenario_1,155.587,155.587,0.0,0.0,0.0,1970.414784782983,0.0,0.0,0.0,0.0,0.0,0.0,155.587
5249,scenario_1,205.313,57.8919324368224,61.3917014289115,0.0,86.02936613426608,1970.414784782983,0.0,20.463900476303834,0.0,0.0,0.0,0.0,57.8919324368224
5250,scenario_1,267.809,0.0,61.3917014289115,0.0,206.4172985710885,1880.8008617264557,0.0,20.463900476303834,0.0,0.0,0.0,0.0,0.0
5251,scenario_1,304.077,0.0,61.3917014289115,0.0,242.68529857108848,1665.7828423815718,0.0,20.463900476303834,0.0,0.0,0.0,0.0,0.0
5252,scenario_1,250.304,0.0,61.3917014289115,0.0,188.9122985710885,1412.9856563700212,0.0,20.463900476303834,0.0,0.0,0.0,0.0,0.0
5253,scenario_1,161.198,0.0,61.3917014289115,0.0,99.8062985710885,1216.2020120251373,0.0,20.463900476303834,0.0,0.0,0.0,0.0,0.0
5254,scenario_1,92.304,0.0,61.3917014289115,0.0,30.9122985710885,1112.2371176802535,0.0,20.463900476303834,0.0,0.0,0.0,0.0,0.0
5255,scenario_1,45.402,0.0,45.402,0.0,0.0,1080.0368066687029,0.0,15.134,0.0,0.0,0.0,0.0,0.0
5256,scenario_1,19.973,0.0,19.973,0.0,0.0,1080.0368066687029,0.0,6.657666666666667,0.0,0.0,0.0,0.0,0.0
5257,scenario_1,30.812,0.0,0.0,0.0,30.812,1080.0368066687029,0.0,0.0,0.0,0.0,0.0,0.0,0.0
5258,scenario_1,3.956,0.0,0.0,0.0,3.956,1047.9409733353696,0.0,0.0,0.0,0.0,0.0,0.0,0.0
5259,scenario_1,44.781,0.0,44.781,0.0,0.0,1043.8201400020362,0.0,14.927,0.0,0.0,0.0,0.0,0.0
5260,scenario_1,56.094,0.0,27.81288269778305,0.0,28.281117302216952,1043.8201400020362,0.0,9.270960899261016,0.0,0.0,0.0,0.0,0.0
5261,scenario_1,67.144,0.0,61.3917014289115,0.0,5.752298571088502,1014.3606428122268,0.0,20.463900476303834,0.0,0.0,0.0,0.0,0.0
5262,scenario_1,120.753,21.965008174752302,61.3917014289115,0.0,37.3962903963362,1008.3686651340097,0.0,20.463900476303834,0.0,0.0,0.0,0.0,21.965008174752302
5263,scenario_1,218.051,67.600031099406,61.3917014289115,0.0,89.05926747168247,969.4141959711595,0.0,20.463900476303834,0.0,0.0,0.0,0.0,67.600031099406
5264,scenario_1,26.625,152.1457397926407,0.0,125.52073979264071,0.0,876.6441256881569,0.0,0.0,0.0,0.0,0.0,0.0,152.1457397926407
5265,scenario_1,274.116,167.84745850766166,61.3917014289115,0.0,44.876840063426826,995.8888284911656,0.0,20.463900476303834,0.0,0.0,0.0,0.0,167.84745850766166
5266,scenario_1,148.132,220.5721771402057,0.0,72.44017714020569,0.0,949.1421200917626,0.0,0.0,0.0,0.0,0.0,0.0,220.5721771402057
5267,scenario_1,99.067,78.12583699701007,0.0,0.0,20.941163002989924,1017.960288374958,0.0,0.0,0.0,0.0,0.0,0.0,78.12583699701007
5268,scenario_1,99.039,72.14961497084974,26.88938502915026,0.0,0.0,996.1465769135102,0.0,8.963128343050087,0.0,0.0,0.0,0.0,72.14961497084974
5269,scenario_1,115.224,81.73592744949411,0.0,0.0,33.48807255050589,996.1465769135102,0.0,0.0,0.0,0.0,0.0,0.0,81.73592744949411
5270,scenario_1,125.539,361.04384130095826,0.0,235.50484130095828,0.0,961.2631680067333,0.0,0.0,0.0,0.0,0.0,0.0,361.04384130095826
5271,scenario_1,142.533,328.1267755848146,0.0,185.5937755848146,0.0,1184.9927672426436,0.0,0.0,0.0,0.0,0.0,0.0,328.1267755848146
5272,scenario_1,164.194,125.47456550995138,0.0,0.0,38.71943449004861,1361.3068540482175,0.0,0.0,0.0,0.0,0.0,0.0,125.47456550995138
5273,scenario_1,180.966,52.93349494786842,61.3917014289115,0.0,66.6408036232201,1320.9741097877502,0.0,20.463900476303834,0.0,0.0,0.0,0.0,52.93349494786842
5274,scenario_1,262.559,0.0,61.3917014289115,0.0,201.1672985710885,1251.5566060135625,0.0,20.463900476303834,0.0,0.0,0.0,0.0,0.0
5275,scenario_1,276.605,0.0,61.3917014289115,0.0,215.2132985710885,1042.0073366686786,0.0,20.463900476303834,0.0,0.0,0.0,0.0,0.0
5276,scenario_1,220.758,0.0,61.3917014289115,0.0,159.36629857108852,817.8268173237948,0.0,20.463900476303834,0.0,0.0,0.0,0.0,0.0
5277,scenario_1,148.823,0.0,61.3917014289115,0.0,87.4312985710885,651.8202563122443,0.0,20.463900476303834,0.0,0.0,0.0,0.0,0.0
5278,scenario_1,83.463,0.0,61.3917014289115,0.0,22.07129857108849,560.7459869673604,0.0,20.463900476303834,0.0,0.0,0.0,0.0,0.0
5279,scenario_1,31.468,0.0,31.468,0.0,0.0,537.7550509558099,0.0,10.489333333333333,0.0,0.0,0.0,0.0,0.0
5280,scenario_1,23.141,0.0,23.141,0.0,0.0,537.7550509558099,0.0,7.713666666666666,0.0,0.0,0.0,0.0,0.0
5281,scenario_1,28.337,0.0,0.0,0.0,28.337,537.7550509558099,0.0,0.0,0.0,0.0,0.0,0.0,0.0
5282,scenario_1,2.266,0.0,0.0,0.0,2.266,508.23734262247655,0.0,0.0,0.0,0.0,0.0,0.0,0.0
5283,scenario_1,46.342,0.0,46.342,0.0,0.0,505.8769259558099,0.0,15.447333333333333,0.0,0.0,0.0,0.0,0.0
5284,scenario_1,50.314,0.0,0.0,0.0,50.314,505.8769259558099,0.0,0.0,0.0,0.0,0.0,0.0,0.0
5285,scenario_1,71.755,0.0,61.3917014289115,0.0,10.363298571088492,453.46650928914323,0.0,20.463900476303834,0.0,0.0,0.0,0.0,0.0
5286,scenario_1,120.219,24.75739139221586,61.3917014289115,0.0,34.069907178872626,442.67140661092606,0.0,20.463900476303834,0.0,0.0,0.0,0.0,24.75739139221586
5287,scenario_1,220.345,146.37829408180474,61.3917014289115,0.0,12.575004489283756,407.18191996626706,0.0,20.463900476303834,0.0,0.0,0.0,0.0,146.37829408180474
5288,scenario_1,28.795,90.30603388789137,0.0,61.511033887891365,0.0,394.0829569565965,0.0,0.0,0.0,0.0,0.0,0.0,90.30603388789137
5289,scenario_1,238.238,182.13993709424307,0.0,0.0,56.09806290575693,452.5184391500933,0.0,0.0,0.0,0.0,0.0,0.0,182.13993709424307
5290,scenario_1,151.097,419.22284117135166,0.0,268.1258411713517,0.0,394.0829569565965,0.0,0.0,0.0,0.0,0.0,0.0,419.22284117135166
5291,scenario_1,110.013,504.09595695659664,0.0,394.0829569565966,0.0,648.8025060693806,0.0,0.0,0.0,0.0,0.0,0.0,504.09595695659664
5292,scenario_1,105.136,389.1503527515027,0.0,284.01435275150266,0.0,1023.1813151781473,0.0,0.0,0.0,0.0,0.0,0.0,389.1503527515027
5293,scenario_1,119.551,430.4955557718477,0.0,310.9445557718477,0.0,1292.994950292075,0.0,0.0,0.0,0.0,0.0,0.0,430.4955557718477
5294,scenario_1,108.952,321.21106013969455,0.0,212.25906013969455,0.0,1588.3922782753302,0.0,0.0,0.0,0.0,0.0,0.0,321.21106013969455
5295,scenario_1,105.479,295.3488940788872,0.0,189.86989407888723,0.0,1790.03838540804,0.0,0.0,0.0,0.0,0.0,0.0,295.3488940788872
5296,scenario_1,147.002,147.002,0.0,0.0,0.0,1970.414784782983,0.0,0.0,0.0,0.0,0.0,0.0,147.002
5297,scenario_1,182.973,58.72703769811992,0.0,0.0,124.2459623018801,1970.414784782983,0.0,0.0,0.0,0.0,0.0,0.0,58.72703769811992
5298,scenario_1,268.768,0.0,12.232303437409655,0.0,256.5356965625903,1840.991907385191,0.0,4.077434479136552,0.0,0.0,0.0,0.0,0.0
5299,scenario_1,252.308,0.0,0.0,0.0,252.308,1573.7672234658262,0.0,0.0,0.0,0.0,0.0,0.0,0.0
5300,scenario_1,230.596,0.0,61.3917014289115,0.0,169.2042985710885,1310.946390132493,0.0,20.463900476303834,0.0,0.0,0.0,0.0,0.0
5301,scenario_1,152.835,0.0,61.3917014289115,0.0,91.4432985710885,1134.6919124542758,0.0,20.463900476303834,0.0,0.0,0.0,0.0,0.0
5302,scenario_1,89.532,0.0,0.0,0.0,89.532,1039.4384764427252,0.0,0.0,0.0,0.0,0.0,0.0,0.0
5303,scenario_1,40.438,0.0,0.0,0.0,40.438,946.1759764427252,0.0,0.0,0.0,0.0,0.0,0.0,0.0
5304,scenario_1,39.387,0.0,0.0,0.0,39.387,904.0530597760585,0.0,0.0,0.0,0.0,0.0,0.0,0.0
5305,scenario_1,48.319,0.0,0.0,0.0,48.319,863.0249347760584,0.0,0.0,0.0,0.0,0.0,0.0,0.0
5306,scenario_1,50.783,0.0,0.0,0.0,50.783,812.6926431093917,0.0,0.0,0.0,0.0,0.0,0.0,0.0
5307,scenario_1,51.299,0.0,51.299,0.0,0.0,759.7936847760584,0.0,17.099666666666668,0.0,0.0,0.0,0.0,0.0
5308,scenario_1,50.685,0.0,0.0,0.0,50.685,759.7936847760584,0.0,0.0,0.0,0.0,0.0,0.0,0.0
5309,scenario_1,81.748,0.0,0.0,0.0,81.748,706.9968097760584,0.0,0.0,0.0,0.0,0.0,0.0,0.0
5310,scenario_1,133.291,24.322440735290073,0.0,0.0,108.96855926470992,621.8426431093917,0.0,0.0,0.0,0.0,0.0,0.0,24.322440735290073
5311,scenario_1,238.803,135.55672173749113,0.0,0.0,103.24627826250887,508.33372720865225,0.0,0.0,0.0,0.0,0.0,0.0,135.55672173749113
5312,scenario_1,299.626,293.1915388205353,0.0,0.0,6.434461179464677,400.78552068520554,0.0,0.0,0.0,0.0,0.0,0.0,293.1915388205353
5313,scenario_1,199.572,199.572,0.0,0.0,0.0,394.0829569565965,0.0,0.0,0.0,0.0,0.0,0.0,199.572
5314,scenario_1,137.794,298.02819012555005,0.0,160.23419012555004,0.0,394.0829569565965,0.0,0.0,0.0,0.0,0.0,0.0,298.02819012555005
5315,scenario_1,102.947,497.0299569565966,0.0,394.0829569565966,0.0,546.3054375758691,0.0,0.0,0.0,0.0,0.0,0.0,497.0299569565966
5316,scenario_1,83.698,477.7809569565966,0.0,394.0829569565966,0.0,920.6842466846358,0.0,0.0,0.0,0.0,0.0,0.0,477.7809569565966
5317,scenario_1,111.898,505.98095695659663,0.0,394.0829569565966,0.0,1295.0630557934026,0.0,0.0,0.0,0.0,0.0,0.0,505.98095695659663
5318,scenario_1,105.465,422.27859987454065,0.0,316.81359987454067,0.0,1669.4418649021693,0.0,0.0,0.0,0.0,0.0,0.0,422.27859987454065
5319,scenario_1,120.632,120.632,0.0,0.0,0.0,1970.414784782983,0.0,0.0,0.0,0.0,0.0,0.0,120.632
5320,scenario_1,163.575,163.575,0.0,0.0,0.0,1970.414784782983,0.0,0.0,0.0,0.0,0.0,0.0,163.575
5321,scenario_1,182.956,57.804942305437244,61.3917014289115,0.0,63.75935626565125,1970.414784782983,0.0,20.463900476303834,0.0,0.0,0.0,0.0,57.804942305437244
5322,scenario_1,253.307,0.0,61.39170142891149,0.0,191.9152985710885,1903.9987886729298,0.0,20.46390047630383,0.0,0.0,0.0,0.0,0.0
5323,scenario_1,28.314,0.0,61.3917014289115,33.0777014289115,0.0,1704.087019328046,0.0,20.463900476303834,0.0,0.0,0.0,0.0,0.0
5324,scenario_1,230.934,0.0,61.39170142891149,0.0,169.5422985710885,1735.510835685512,0.0,20.46390047630383,0.0,0.0,0.0,0.0,0.0
5325,scenario_1,148.152,0.0,61.3917014289115,0.0,86.76029857108848,1558.9042746739613,0.0,20.463900476303834,0.0,0.0,0.0,0.0,0.0
5326,scenario_1,47.198,0.0,61.3917014289115,14.193701428911503,0.0,1468.5289636624107,0.0,20.463900476303834,0.0,0.0,0.0,0.0,0.0
5327,scenario_1,28.529,0.0,61.3917014289115,32.86270142891151,0.0,1482.0129800198765,0.0,20.463900476303834,0.0,0.0,0.0,0.0,0.0
5328,scenario_1,39.319,0.0,61.3917014289115,22.0727014289115,0.0,1513.2325463773432,0.0,20.463900476303834,0.0,0.0,0.0,0.0,0.0
5329,scenario_1,51.514,0.0,61.3917014289115,9.8777014289115,0.0,1534.2016127348088,0.0,20.463900476303834,0.0,0.0,0.0,0.0,0.0
5330,scenario_1,51.111,0.0,61.3917014289115,10.280701428911506,0.0,1543.5854290922748,0.0,20.463900476303834,0.0,0.0,0.0,0.0,0.0
5331,scenario_1,51.601,0.0,61.3917014289115,9.790701428911504,0.0,1553.3520954497408,0.0,20.463900476303834,0.0,0.0,0.0,0.0,0.0
5332,scenario_1,62.195,0.0,61.3917014289115,0.0,0.8032985710884972,1562.653261807207,0.0,20.463900476303834,0.0,0.0,0.0,0.0,0.0
5333,scenario_1,85.702,0.0,61.3917014289115,0.0,24.310298571088495,1561.8164924623225,0.0,20.463900476303834,0.0,0.0,0.0,0.0,0.0
5334,scenario_1,140.218,25.89696211336143,61.3917014289115,0.0,52.92933645772706,1536.4932647841053,0.0,20.463900476303834,0.0,0.0,0.0,0.0,25.89696211336143
5335,scenario_1,184.785,57.56136993755881,61.3917014289115,0.0,65.83192863352967,1481.3585393073063,0.0,20.463900476303834,0.0,0.0,0.0,0.0,57.56136993755881
5336,scenario_1,22.343,110.86022343724488,61.3917014289115,149.90892486615638,0.0,1412.7836136473795,0.0,20.463900476303834,0.0,0.0,0.0,0.0,110.86022343724488
5337,scenario_1,197.078,165.66400620989418,61.3917014289115,29.97770763880571,0.0,1555.197092270228,0.0,20.463900476303834,0.0,0.0,0.0,0.0,165.66400620989418
5338,scenario_1,138.207,90.98297841573637,61.3917014289115,14.167679844647878,0.0,1583.675914527094,0.0,20.463900476303834,0.0,0.0,0.0,0.0,90.98297841573637
5339,scenario_1,153.055,49.70616107347907,61.3917014289115,0.0,41.95713749760942,1597.1352103795095,0.0,20.463900476303834,0.0,0.0,0.0,0.0,49.70616107347907
5340,scenario_1,120.659,50.28899495375963,61.3917014289115,0.0,8.978303617328876,1553.4298588194997,0.0,20.463900476303834,0.0,0.0,0.0,0.0,50.28899495375963
5341,scenario_1,123.511,46.122167660410575,61.3917014289115,0.0,15.99713091067791,1544.0774592181156,0.0,20.463900476303834,0.0,0.0,0.0,0.0,46.122167660410575
5342,scenario_1,132.033,64.7293567636958,61.3917014289115,0.0,5.9119418073926795,1527.4137811861592,0.0,20.463900476303834,0.0,0.0,0.0,0.0,64.7293567636958
5343,scenario_1,162.362,237.05680703769303,61.3917014289115,136.08650846660453,0.0,1521.2555084701253,0.0,20.463900476303834,0.0,0.0,0.0,0.0,237.05680703769303
5344,scenario_1,181.701,151.29323650506615,61.3917014289115,30.983937933977657,0.0,1650.5376915133997,0.0,20.463900476303834,0.0,0.0,0.0,0.0,151.29323650506615
5345,scenario_1,193.708,56.1260327697037,61.3917014289115,0.0,76.1902658013848,1679.972432550679,0.0,20.463900476303834,0.0,0.0,0.0,0.0,56.1260327697037
5346,scenario_1,256.899,0.0,61.39170142891152,0.0,195.50729857108848,1600.607572340903,0.0,20.463900476303838,0.0,0.0,0.0,0.0,0.0
5347,scenario_1,257.637,0.0,61.39170142891152,0.0,196.24529857108848,1396.9541363293524,0.0,20.463900476303838,0.0,0.0,0.0,0.0,0.0
5348,scenario_1,16.746,0.0,61.3917014289115,44.64570142891151,0.0,1192.531950317802,0.0,20.463900476303834,0.0,0.0,0.0,0.0,0.0
5349,scenario_1,108.057,0.0,61.3917014289115,0.0,46.6652985710885,1234.945366675268,0.0,20.463900476303834,0.0,0.0,0.0,0.0,0.0
5350,scenario_1,56.026,0.0,61.3917014289115,5.3657014289115,0.0,1186.3356806637173,0.0,20.463900476303834,0.0,0.0,0.0,0.0,0.0
5351,scenario_1,26.728,0.0,61.3917014289115,34.6637014289115,0.0,1191.4330970211831,0.0,20.463900476303834,0.0,0.0,0.0,0.0,0.0
5352,scenario_1,35.015,0.0,61.3917014289115,26.376701428911502,0.0,1224.3636133786492,0.0,20.463900476303834,0.0,0.0,0.0,0.0,0.0
5353,scenario_1,43.675,0.0,61.3917014289115,17.716701428911506,0.0,1249.421479736115,0.0,20.463900476303834,0.0,0.0,0.0,0.0,0.0
5354,scenario_1,42.013,0.0,61.3917014289115,19.378701428911505,0.0,1266.252346093581,0.0,20.463900476303834,0.0,0.0,0.0,0.0,0.0
5355,scenario_1,44.439,0.0,61.3917014289115,16.952701428911503,0.0,1284.662112451047,0.0,20.463900476303834,0.0,0.0,0.0,0.0,0.0
5356,scenario_1,55.821,0.0,61.3917014289115,5.570701428911505,0.0,1300.7671788085129,0.0,20.463900476303834,0.0,0.0,0.0,0.0,0.0
5357,scenario_1,6.942,0.0,61.3917014289115,54.4497014289115,0.0,1306.0593451659788,0.0,20.463900476303834,0.0,0.0,0.0,0.0,0.0
5358,scenario_1,12.093,0.7046200642197767,61.3917014289115,50.003321493131274,0.0,1357.7865615234448,0.0,20.463900476303834,0.0,0.0,0.0,0.0,0.7046200642197767
5359,scenario_1,176.395,47.574902854542714,61.3917014289115,0.0,67.42839571654578,1405.2897169419196,0.0,20.463900476303834,0.0,0.0,0.0,0.0,47.574902854542714
5360,scenario_1,210.015,37.02299991752309,61.3917014289115,0.0,111.60029865356539,1335.0518047371845,0.0,20.463900476303834,0.0,0.0,0.0,0.0,37.02299991752309
5361,scenario_1,195.365,75.83799654158042,61.3917014289115,0.0,58.13530202950808,1218.8014936397205,0.0,20.463900476303834,0.0,0.0,0.0,0.0,75.83799654158042
5362,scenario_1,152.142,55.53449987628463,61.3917014289115,0.0,35.215798694803865,1158.243887358983,0.0,20.463900476303834,0.0,0.0,0.0,0.0,55.53449987628463
5363,scenario_1,135.659,65.21650149945268,61.3917014289115,0.0,9.050797071635813,1121.5607637185622,0.0,20.463900476303834,0.0,0.0,0.0,0.0,65.21650149945268
5364,scenario_1,13.234,83.55402119544391,61.3917014289115,131.71172262435542,0.0,1112.1328501022751,0.0,20.463900476303834,0.0,0.0,0.0,0.0,83.55402119544391
5365,scenario_1,147.186,62.85906893891491,61.3917014289115,0.0,22.935229632173588,1237.2589865954126,0.0,20.463900476303834,0.0,0.0,0.0,0.0,62.85906893891491
5366,scenario_1,127.945,46.513623251643786,61.3917014289115,0.0,20.039675319444697,1213.3681223952324,0.0,20.463900476303834,0.0,0.0,0.0,0.0,46.513623251643786
5367,scenario_1,128.425,130.87665266896965,61.3917014289115,63.84335409788115,0.0,1192.493460604144,0.0,20.463900476303834,0.0,0.0,0.0,0.0,130.87665266896965
5368,scenario_1,163.993,123.81305400049487,61.3917014289115,21.21175542940638,0.0,1253.144646997131,0.0,20.463900476303834,0.0,0.0,0.0,0.0,123.81305400049487
5369,scenario_1,220.266,60.614723549177846,61.3917014289115,0.0,98.25957502191063,1273.295814655067,0.0,20.463900476303834,0.0,0.0,0.0,0.0,60.614723549177846
5370,scenario_1,269.629,0.0,61.39170142891152,0.0,208.2372985710885,1170.9420906739101,0.0,20.463900476303838,0.0,0.0,0.0,0.0,0.0
5371,scenario_1,219.962,0.0,61.39170142891152,0.0,158.57029857108847,954.0282379956928,0.0,20.463900476303838,0.0,0.0,0.0,0.0,0.0
5372,scenario_1,181.252,0.0,61.3917014289115,0.0,119.8602985710885,788.850843650809,0.0,20.463900476303834,0.0,0.0,0.0,0.0,0.0
5373,scenario_1,112.827,0.0,61.3917014289115,0.0,51.435298571088495,663.9963659725918,0.0,20.463900476303834,0.0,0.0,0.0,0.0,0.0
5374,scenario_1,67.001,0.0,61.3917014289115,0.0,5.609298571088502,610.4179299610413,0.0,20.463900476303834,0.0,0.0,0.0,0.0,0.0
5375,scenario_1,47.479,0.0,61.3917014289115,13.912701428911504,0.0,604.5749106161575,0.0,20.463900476303834,0.0,0.0,0.0,0.0,0.0
5376,scenario_1,39.425,0.0,61.3917014289115,21.966701428911506,0.0,617.7919769736234,0.0,20.463900476303834,0.0,0.0,0.0,0.0,0.0
5377,scenario_1,51.032,0.0,61.3917014289115,10.359701428911507,0.0,638.6603433310893,0.0,20.463900476303834,0.0,0.0,0.0,0.0,0.0
5378,scenario_1,51.424,0.0,61.3917014289115,9.967701428911504,0.0,648.5020596885552,0.0,20.463900476303834,0.0,0.0,0.0,0.0,0.0
5379,scenario_1,4.987,0.0,61.3917014289115,56.4047014289115,0.0,657.9713760460211,0.0,20.463900476303834,0.0,0.0,0.0,0.0,0.0
5380,scenario_1,53.866,0.0,61.3917014289115,7.525701428911503,0.0,711.555842403487,0.0,20.463900476303834,0.0,0.0,0.0,0.0,0.0
5381,scenario_1,73.377,0.0,61.3917014289115,0.0,11.985298571088492,718.7052587609529,0.0,20.463900476303834,0.0,0.0,0.0,0.0,0.0
5382,scenario_1,112.787,13.979314113594832,61.3917014289115,0.0,37.415984457493664,706.2205727494024,0.0,20.463900476303834,0.0,0.0,0.0,0.0,13.979314113594832
5383,scenario_1,227.017,86.17242415013715,61.3917014289115,0.0,79.45287442095135,667.2455889395131,0.0,20.463900476303834,0.0,0.0,0.0,0.0,86.17242415013715
5384,scenario_1,268.719,94.31470044778791,61.3917014289115,0.0,113.01259812330058,584.4821780843555,0.0,20.463900476303834,0.0,0.0,0.0,0.0,94.31470044778791
5385,scenario_1,277.097,145.93464441174044,61.3917014289115,0.0,69.77065415934804,466.7607217059174,0.0,20.463900476303834,0.0,0.0,0.0,0.0,145.93464441174044
5386,scenario_1,132.282,190.44749464152562,61.3917014289115,119.55719607043712,0.0,394.0829569565965,0.0,20.463900476303834,0.0,0.0,0.0,0.0,190.44749464152562
5387,scenario_1,9.585,265.90273460501135,61.3917014289115,317.7094360339229,0.0,507.6622932235117,0.0,20.463900476303834,0.0,0.0,0.0,0.0,265.90273460501135
5388,scenario_1,81.594,324.2470157250366,60.258601554542565,302.91161727957916,0.0,809.4862574557385,0.0,20.086200518180856,0.0,0.0,0.0,0.0,324.2470157250366
5389,scenario_1,101.804,460.2995812114232,0.0,358.4955812114232,0.0,1097.2522938713387,0.0,0.0,0.0,0.0,0.0,0.0,460.2995812114232
5390,scenario_1,97.217,121.11635992755497,61.3917014289115,85.29106135646647,0.0,1437.8230960221908,0.0,20.463900476303834,0.0,0.0,0.0,0.0,121.11635992755497
5391,scenario_1,115.194,259.11750435696905,61.3917014289115,205.31520578588055,0.0,1518.849604310834,0.0,20.463900476303834,0.0,0.0,0.0,0.0,259.11750435696905
5392,scenario_1,152.325,88.45156559242828,61.3917014289115,0.0,2.4817329786602045,1713.8990498074204,0.0,20.463900476303834,0.0,0.0,0.0,0.0,88.45156559242828
5393,scenario_1,197.971,6.211095380900255,61.3917014289115,0.0,130.36820319018824,1711.3139112879826,0.0,20.463900476303834,0.0,0.0,0.0,0.0,6.211095380900255
5394,scenario_1,286.343,0.0,61.3917014289115,0.0,224.9512985710885,1575.5136996315364,0.0,20.463900476303834,0.0,0.0,0.0,0.0,0.0
5395,scenario_1,291.883,0.0,61.3917014289115,0.0,230.49129857108846,1341.1894302866526,0.0,20.463900476303834,0.0,0.0,0.0,0.0,0.0
5396,scenario_1,230.048,0.0,61.3917014289115,0.0,168.65629857108848,1101.0943276084354,0.0,20.463900476303834,0.0,0.0,0.0,0.0,0.0
5397,scenario_1,14.038,0.0,61.3917014289115,47.353701428911506,0.0,925.4106832635515,0.0,20.463900476303834,0.0,0.0,0.0,0.0,0.0
5398,scenario_1,47.212,0.0,61.3917014289115,14.1797014289115,0.0,970.3966996210174,0.0,20.463900476303834,0.0,0.0,0.0,0.0,0.0
5399,scenario_1,29.557,0.0,61.3917014289115,31.834701428911504,0.0,983.8674159784833,0.0,20.463900476303834,0.0,0.0,0.0,0.0,0.0
5400,scenario_1,1.648,0.0,61.3917014289115,59.7437014289115,0.0,1014.1103823359492,0.0,20.463900476303834,0.0,0.0,0.0,0.0,0.0
5401,scenario_1,39.605,0.0,39.605,0.0,0.0,1070.8668986934151,0.0,13.201666666666666,0.0,0.0,0.0,0.0,0.0
5402,scenario_1,44.778,0.0,61.3917014289115,16.613701428911504,0.0,1070.8668986934151,0.0,20.463900476303834,0.0,0.0,0.0,0.0,0.0
5403,scenario_1,51.508,0.0,51.508,0.0,0.0,1086.649915050881,0.0,17.169333333333334,0.0,0.0,0.0,0.0,0.0
5404,scenario_1,54.607,0.0,54.607,0.0,0.0,1086.649915050881,0.0,18.202333333333332,0.0,0.0,0.0,0.0,0.0
5405,scenario_1,88.161,0.0,61.3917014289115,0.0,26.7692985710885,1086.649915050881,0.0,20.463900476303834,0.0,0.0,0.0,0.0,0.0
5406,scenario_1,137.231,6.393774656809086,61.3917014289115,0.0,69.4455239142794,1058.7652290393305,0.0,20.463900476303834,0.0,0.0,0.0,0.0,6.393774656809086
5407,scenario_1,255.026,76.88187811820232,61.3917014289115,0.0,116.75242045288617,986.4261416286228,0.0,20.463900476303834,0.0,0.0,0.0,0.0,76.88187811820232
5408,scenario_1,277.108,146.11732368764928,61.3917014289115,0.0,69.59897488343923,864.8090369901996,0.0,20.463900476303834,0.0,0.0,0.0,0.0,146.11732368764928
5409,scenario_1,191.497,90.93078433690528,61.3917014289115,0.0,39.174514234183235,792.3101048199504,0.0,20.463900476303834,0.0,0.0,0.0,0.0,90.93078433690528
5410,scenario_1,123.578,85.67658040124175,61.3917014289115,23.49028183015325,0.0,751.5033191593429,0.0,20.463900476303834,0.0,0.0,0.0,0.0,85.67658040124175
5411,scenario_1,140.028,209.8723909798313,61.3917014289115,131.23609240874282,0.0,773.8190868979885,0.0,20.463900476303834,0.0,0.0,0.0,0.0,209.8723909798313
5412,scenario_1,104.954,301.62958156489555,61.3917014289115,258.06728299380705,0.0,898.4933746862943,0.0,20.463900476303834,0.0,0.0,0.0,0.0,301.62958156489555
5413,scenario_1,101.206,329.1880551877135,61.3917014289115,289.373756616625,0.0,1143.657293530411,0.0,20.463900476303834,0.0,0.0,0.0,0.0,329.1880551877135
5414,scenario_1,105.322,328.6487163731256,61.3917014289115,284.7184178020371,0.0,1418.5623623162046,0.0,20.463900476303834,0.0,0.0,0.0,0.0,328.6487163731256
5415,scenario_1,132.741,244.38137610032334,61.3917014289115,173.0320775292348,0.0,1689.0448592281398,0.0,20.463900476303834,0.0,0.0,0.0,0.0,244.38137610032334
5416,scenario_1,155.024,177.98180881403252,0.0,22.957808814032518,0.0,1853.425332880913,0.0,0.0,0.0,0.0,0.0,0.0,177.98180881403252
5417,scenario_1,189.178,51.68083705592215,61.3917014289115,0.0,76.10546151516634,1875.2352512542438,0.0,20.463900476303834,0.0,0.0,0.0,0.0,51.68083705592215
5418,scenario_1,258.368,0.0,61.3917014289115,0.0,196.97629857108848,1795.9587288426123,0.0,20.463900476303834,0.0,0.0,0.0,0.0,0.0
5419,scenario_1,291.249,0.0,61.3917014289115,0.0,229.8572985710885,1590.7750844977286,0.0,20.463900476303834,0.0,0.0,0.0,0.0,0.0
5420,scenario_1,240.812,0.0,61.3917014289115,0.0,179.4202985710885,1351.340398486178,0.0,20.463900476303834,0.0,0.0,0.0,0.0,0.0
5421,scenario_1,16.382,0.0,61.3917014289115,45.0097014289115,0.0,1164.444254141294,0.0,20.463900476303834,0.0,0.0,0.0,0.0,0.0
5422,scenario_1,71.501,0.0,61.3917014289115,0.0,10.109298571088502,1207.20347049876,0.0,20.463900476303834,0.0,0.0,0.0,0.0,0.0
5423,scenario_1,39.447,0.0,61.3917014289115,21.9447014289115,0.0,1196.672951153876,0.0,20.463900476303834,0.0,0.0,0.0,0.0,0.0
5424,scenario_1,19.527,0.0,61.3917014289115,41.8647014289115,0.0,1217.520417511342,0.0,20.463900476303834,0.0,0.0,0.0,0.0,0.0
5425,scenario_1,25.366,0.0,25.366,0.0,0.0,1257.2918838688079,0.0,8.455333333333334,0.0,0.0,0.0,0.0,0.0
5426,scenario_1,46.536,0.0,46.536,0.0,0.0,1257.2918838688079,0.0,15.512,0.0,0.0,0.0,0.0,0.0
5427,scenario_1,43.066,0.0,43.066,0.0,0.0,1257.2918838688079,0.0,14.355333333333334,0.0,0.0,0.0,0.0,0.0
5428,scenario_1,58.537,0.0,58.537,0.0,0.0,1257.2918838688079,0.0,19.512333333333334,0.0,0.0,0.0,0.0,0.0
5429,scenario_1,84.708,0.0,61.3917014289115,0.0,23.316298571088495,1257.2918838688079,0.0,20.463900476303834,0.0,0.0,0.0,0.0,0.0
5430,scenario_1,141.854,23.235064092975605,61.3917014289115,0.0,57.227234478112905,1233.0040728572574,0.0,20.463900476303834,0.0,0.0,0.0,0.0,23.235064092975605
5431,scenario_1,205.961,47.93156239322186,61.3917014289115,0.0,96.63773617786664,1173.3923702758898,0.0,20.463900476303834,0.0,0.0,0.0,0.0,47.93156239322186
5432,scenario_1,249.924,84.77188303483611,61.3917014289115,0.0,103.76041553625238,1072.7280617572787,0.0,20.463900476303834,0.0,0.0,0.0,0.0,84.77188303483611
5433,scenario_1,213.299,83.36264290639656,61.3917014289115,0.0,68.54465566469194,964.6442955736826,0.0,20.463900476303834,0.0,0.0,0.0,0.0,83.36264290639656
5434,scenario_1,137.646,46.42663312025863,61.3917014289115,0.0,29.827665450829855,893.2436125896285,0.0,20.463900476303834,0.0,0.0,0.0,0.0,46.42663312025863
5435,scenario_1,113.611,51.280682451550426,61.3917014289115,0.0,0.9386161195380751,862.1731277450141,0.0,20.463900476303834,0.0,0.0,0.0,0.0,51.280682451550426
5436,scenario_1,120.784,56.917642965308644,61.3917014289115,0.0,2.4746556057798585,861.1954026204952,0.0,20.463900476303834,0.0,0.0,0.0,0.0,56.917642965308644
5437,scenario_1,107.943,120.32474973195004,61.3917014289115,73.77345116086154,0.0,858.6176363644745,0.0,20.463900476303834,0.0,0.0,0.0,0.0,120.32474973195004
5438,scenario_1,102.872,139.45387962354621,61.3917014289115,97.97358105245772,0.0,928.702414967293,0.0,20.463900476303834,0.0,0.0,0.0,0.0,139.45387962354621
5439,scenario_1,119.858,67.9305935986696,61.3917014289115,9.464295027581102,0.0,1021.7773169671278,0.0,20.463900476303834,0.0,0.0,0.0,0.0,67.9305935986696
5440,scenario_1,132.981,105.6321165409969,27.34888345900309,0.0,0.0,1030.76839724333,0.0,9.116294486334363,0.0,0.0,0.0,0.0,105.6321165409969
5441,scenario_1,176.855,43.25149332470038,61.3917014289115,0.0,72.21180524638812,1030.76839724333,0.0,20.463900476303834,0.0,0.0,0.0,0.0,43.25149332470038
5442,scenario_1,238.815,0.0,61.3917014289115,0.0,177.42329857108848,955.5477667783423,0.0,20.463900476303834,0.0,0.0,0.0,0.0,0.0
5443,scenario_1,259.204,0.0,61.3917014289115,0.0,197.8122985710885,770.7318307667917,0.0,20.463900476303834,0.0,0.0,0.0,0.0,0.0
5444,scenario_1,22.613,0.0,61.3917014289115,38.7787014289115,0.0,564.6773530885746,0.0,20.463900476303834,0.0,0.0,0.0,0.0,0.0
5445,scenario_1,151.134,0.0,61.3917014289115,0.0,89.74229857108848,601.5171194460405,0.0,20.463900476303834,0.0,0.0,0.0,0.0,0.0
5446,scenario_1,92.781,0.0,61.3917014289115,0.0,31.389298571088503,508.03555843449,0.0,20.463900476303834,0.0,0.0,0.0,0.0,0.0
5447,scenario_1,50.855,0.0,50.855,0.0,0.0,475.33837242293947,0.0,16.951666666666664,0.0,0.0,0.0,0.0,0.0
5448,scenario_1,35.945,0.0,61.3917014289115,25.446701428911503,0.0,475.33837242293947,0.0,20.463900476303834,0.0,0.0,0.0,0.0,0.0
5449,scenario_1,44.923,0.0,61.3917014289115,16.4687014289115,0.0,499.5127387804054,0.0,20.463900476303834,0.0,0.0,0.0,0.0,0.0
5450,scenario_1,45.505,0.0,61.3917014289115,15.8867014289115,0.0,515.1580051378713,0.0,20.463900476303834,0.0,0.0,0.0,0.0,0.0
5451,scenario_1,44.759,0.0,44.759,0.0,0.0,530.2503714953373,0.0,14.919666666666666,0.0,0.0,0.0,0.0,0.0
5452,scenario_1,50.212,0.0,50.212,0.0,0.0,530.2503714953373,0.0,16.737333333333336,0.0,0.0,0.0,0.0,0.0
5453,scenario_1,69.638,0.0,61.3917014289115,0.0,8.246298571088502,530.2503714953373,0.0,20.463900476303834,0.0,0.0,0.0,0.0,0.0
5454,scenario_1,123.559,20.312195678434307,61.3917014289115,0.0,41.85510289265419,521.6604771504534,0.0,20.463900476303834,0.0,0.0,0.0,0.0,20.312195678434307
5455,scenario_1,225.168,138.66226942794125,61.3917014289115,0.0,25.11402914314725,478.06141163727193,0.0,20.463900476303834,0.0,0.0,0.0,0.0,138.66226942794125
5456,scenario_1,248.139,131.24201122078733,61.3917014289115,0.0,55.505287350301174,451.9009646131602,0.0,20.463900476303834,0.0,0.0,0.0,0.0,131.24201122078733
5457,scenario_1,24.871,173.91936967834565,0.0,149.04836967834564,0.0,394.0829569565965,0.0,0.0,0.0,0.0,0.0,0.0,173.91936967834565
5458,scenario_1,154.403,142.55942731399634,0.0,0.0,11.843572686003654,535.6789081510249,0.0,0.0,0.0,0.0,0.0,0.0,142.55942731399634
5459,scenario_1,114.782,133.79082207037243,0.0,19.00882207037243,0.0,523.341853269771,0.0,0.0,0.0,0.0,0.0,0.0,133.79082207037243
5460,scenario_1,88.982,327.3351653892097,0.0,238.3531653892097,0.0,541.4002342366249,0.0,0.0,0.0,0.0,0.0,0.0,327.3351653892097
5461,scenario_1,94.944,489.0269569565966,0.0,394.0829569565966,0.0,767.8357413563741,0.0,0.0,0.0,0.0,0.0,0.0,489.0269569565966
5462,scenario_1,112.573,506.6559569565966,0.0,394.0829569565966,0.0,1142.2145504651407,0.0,0.0,0.0,0.0,0.0,0.0,506.6559569565966
5463,scenario_1,106.869,345.7509762034475,0.0,238.88197620344752,0.0,1516.5933595739075,0.0,0.0,0.0,0.0,0.0,0.0,345.7509762034475
5464,scenario_1,133.496,133.99959838569683,0.0,0.5035983856968187,0.0,1743.5312369671826,0.0,0.0,0.0,0.0,0.0,0.0,133.99959838569683
5465,scenario_1,20.546,57.848437371129826,0.0,37.30243737112983,0.0,1744.0096554335946,0.0,0.0,0.0,0.0,0.0,0.0,57.848437371129826
5466,scenario_1,267.145,0.0,61.3917014289115,0.0,205.75329857108846,1779.4469709361679,0.0,20.463900476303834,0.0,0.0,0.0,0.0,0.0
5467,scenario_1,304.132,0.0,0.0,0.0,304.132,1565.1206182579508,0.0,0.0,0.0,0.0,0.0,0.0,0.0
5468,scenario_1,248.084,0.0,61.3917014289115,0.0,186.6922985710885,1248.316451591284,0.0,20.463900476303834,0.0,0.0,0.0,0.0,0.0
5469,scenario_1,169.768,0.0,61.3917014289115,0.0,108.3762985710885,1053.8453072464001,0.0,20.463900476303834,0.0,0.0,0.0,0.0,0.0
5470,scenario_1,82.704,0.0,0.0,0.0,82.704,940.9533295681829,0.0,0.0,0.0,0.0,0.0,0.0,0.0
5471,scenario_1,3.919,0.0,0.0,0.0,3.919,854.8033295681829,0.0,0.0,0.0,0.0,0.0,0.0,0.0
5472,scenario_1,37.765,0.0,0.0,0.0,37.765,850.7210379015162,0.0,0.0,0.0,0.0,0.0,0.0,0.0
5473,scenario_1,41.404,0.0,0.0,0.0,41.404,811.3824962348496,0.0,0.0,0.0,0.0,0.0,0.0,0.0
5474,scenario_1,42.793,0.0,0.0,0.0,42.793,768.2533295681828,0.0,0.0,0.0,0.0,0.0,0.0,0.0
5475,scenario_1,4.424,0.0,0.0,0.0,4.424,723.6772879015161,0.0,0.0,0.0,0.0,0.0,0.0,0.0
5476,scenario_1,55.373,0.0,0.0,0.0,55.373,719.0689545681828,0.0,0.0,0.0,0.0,0.0,0.0,0.0
5477,scenario_1,84.299,0.0,61.3917014289115,0.0,22.907298571088504,661.3887462348495,0.0,20.463900476303834,0.0,0.0,0.0,0.0,0.0
5478,scenario_1,130.184,24.67910027396922,0.0,0.0,105.50489972603077,637.5269768899656,0.0,0.0,0.0,0.0,0.0,0.0,24.67910027396922
5479,scenario_1,213.058,143.33363948332422,3.028927569248765,0.0,66.69543294742701,527.6260396753502,0.0,1.0096425230829216,0.0,0.0,0.0,0.0,143.33363948332422
5480,scenario_1,275.058,213.5520735374235,0.0,0.0,61.5059264625765,458.1516303551137,0.0,0.0,0.0,0.0,0.0,0.0,213.5520735374235
5481,scenario_1,258.715,414.74284940501605,0.0,156.02784940501607,0.0,394.0829569565965,0.0,0.0,0.0,0.0,0.0,0.0,414.74284940501605
5482,scenario_1,173.725,173.725,0.0,0.0,0.0,542.3094138913617,0.0,0.0,0.0,0.0,0.0,0.0,173.725
5483,scenario_1,114.184,508.2669569565966,0.0,394.0829569565966,0.0,542.3094138913617,0.0,0.0,0.0,0.0,0.0,0.0,508.2669569565966
5484,scenario_1,92.845,486.92795695659663,0.0,394.0829569565966,0.0,916.6882230001285,0.0,0.0,0.0,0.0,0.0,0.0,486.92795695659663
5485,scenario_1,101.741,495.8239569565966,0.0,394.0829569565966,0.0,1291.067032108895,0.0,0.0,0.0,0.0,0.0,0.0,495.8239569565966
5486,scenario_1,11.448,332.4679405950748,0.0,321.01994059507484,0.0,1665.4458412176618,0.0,0.0,0.0,0.0,0.0,0.0,332.4679405950748
5487,scenario_1,123.136,123.136,0.0,0.0,0.0,1970.414784782983,0.0,0.0,0.0,0.0,0.0,0.0,123.136
5488,scenario_1,145.239,145.239,0.0,0.0,0.0,1970.414784782983,0.0,0.0,0.0,0.0,0.0,0.0,145.239
5489,scenario_1,191.797,43.538560758271394,0.0,0.0,148.2584392417286,1970.414784782983,0.0,0.0,0.0,0.0,0.0,0.0,43.538560758271394
5490,scenario_1,258.863,0.0,17.917720144494155,0.0,240.94527985550585,1815.978910572849,0.0,5.9725733814980515,0.0,0.0,0.0,0.0,0.0
5491,scenario_1,287.454,0.0,0.0,0.0,287.454,1564.994244056697,0.0,0.0,0.0,0.0,0.0,0.0,0.0
5492,scenario_1,244.898,0.0,0.0,0.0,244.898,1265.5629940566969,0.0,0.0,0.0,0.0,0.0,0.0,0.0
5493,scenario_1,145.667,0.0,0.0,0.0,145.667,1010.4609107233634,0.0,0.0,0.0,0.0,0.0,0.0,0.0
5494,scenario_1,54.563,0.0,0.0,0.0,54.563,858.72445239003,0.0,0.0,0.0,0.0,0.0,0.0,0.0
5495,scenario_1,2.624,0.0,0.0,0.0,2.624,801.8879940566967,0.0,0.0,0.0,0.0,0.0,0.0,0.0
5496,scenario_1,21.298,0.0,21.298,0.0,0.0,799.1546607233633,0.0,7.099333333333333,0.0,0.0,0.0,0.0,0.0
5497,scenario_1,25.761,0.0,0.0,0.0,25.761,799.1546607233633,0.0,0.0,0.0,0.0,0.0,0.0,0.0
5498,scenario_1,44.136,0.0,0.0,0.0,44.136,772.3202857233633,0.0,0.0,0.0,0.0,0.0,0.0,0.0
5499,scenario_1,50.032,0.0,0.0,0.0,50.032,726.3452857233633,0.0,0.0,0.0,0.0,0.0,0.0,0.0
5500,scenario_1,59.625,0.0,0.0,0.0,59.625,674.2286190566966,0.0,0.0,0.0,0.0,0.0,0.0,0.0
5501,scenario_1,80.311,0.0,0.0,0.0,80.311,612.1192440566966,0.0,0.0,0.0,0.0,0.0,0.0,0.0
5502,scenario_1,122.446,26.4884950067805,0.0,0.0,95.9575049932195,528.46195239003,0.0,0.0,0.0,0.0,0.0,0.0,26.4884950067805
5503,scenario_1,16.472,149.18807532554536,0.0,132.71607532554535,0.0,428.50621802209304,0.0,0.0,0.0,0.0,0.0,0.0,149.18807532554536
5504,scenario_1,195.912,271.13084150125934,0.0,75.21884150125933,0.0,554.5864895813611,0.0,0.0,0.0,0.0,0.0,0.0,271.13084150125934
5505,scenario_1,204.825,463.7617884405524,0.0,258.9367884405524,0.0,626.0443890075575,0.0,0.0,0.0,0.0,0.0,0.0,463.7617884405524
5506,scenario_1,153.017,469.21606967840177,0.0,316.19906967840177,0.0,872.0343380260822,0.0,0.0,0.0,0.0,0.0,0.0,469.21606967840177
5507,scenario_1,148.583,542.6659569565966,0.0,394.0829569565966,0.0,1172.4234542205638,0.0,0.0,0.0,0.0,0.0,0.0,542.6659569565966
5508,scenario_1,136.391,530.4739569565966,0.0,394.0829569565966,0.0,1546.8022633293306,0.0,0.0,0.0,0.0,0.0,0.0,530.4739569565966
5509,scenario_1,133.005,56.856749873339034,61.3917014289115,0.0,14.756548697749466,1921.1810724380973,0.0,20.463900476303834,0.0,0.0,0.0,0.0,56.856749873339034
5510,scenario_1,139.592,37.78851307371247,61.3917014289115,0.0,40.411785497376044,1905.8096675446084,0.0,20.463900476303834,0.0,0.0,0.0,0.0,37.78851307371247
5511,scenario_1,160.511,25.940457179054004,61.3917014289115,0.0,73.1788413920345,1863.7140576515083,0.0,20.463900476303834,0.0,0.0,0.0,0.0,25.940457179054004
5512,scenario_1,172.116,12.883238458141845,61.3917014289115,0.0,97.84106011294666,1787.486097868139,0.0,20.463900476303834,0.0,0.0,0.0,0.0,12.883238458141845
5513,scenario_1,195.802,24.026674288580537,61.3917014289115,0.0,110.38362428250794,1685.568326917153,0.0,20.463900476303834,0.0,0.0,0.0,0.0,24.026674288580537
5514,scenario_1,220.526,0.0,61.3917014289115,0.0,159.1342985710885,1570.5853849562072,0.0,20.463900476303834,0.0,0.0,0.0,0.0,0.0
5515,scenario_1,22.616,0.0,0.0,0.0,22.616,1404.8204906113233,0.0,0.0,0.0,0.0,0.0,0.0,0.0
5516,scenario_1,16.788,0.0,0.0,0.0,16.788,1381.26215727799,0.0,0.0,0.0,0.0,0.0,0.0,0.0
5517,scenario_1,117.188,0.0,61.3917014289115,0.0,55.7962985710885,1363.77465727799,0.0,20.463900476303834,0.0,0.0,0.0,0.0,0.0
5518,scenario_1,52.347,0.0,52.347,0.0,0.0,1305.6535129331062,0.0,17.449,0.0,0.0,0.0,0.0,0.0
5519,scenario_1,30.351,0.0,0.0,0.0,30.351,1305.6535129331062,0.0,0.0,0.0,0.0,0.0,0.0,0.0
5520,scenario_1,38.556,0.0,38.556,0.0,0.0,1274.0378879331063,0.0,12.851999999999999,0.0,0.0,0.0,0.0,0.0
5521,scenario_1,39.957,0.0,0.0,0.0,39.957,1274.0378879331063,0.0,0.0,0.0,0.0,0.0,0.0,0.0
5522,scenario_1,51.411,0.0,51.411,0.0,0.0,1232.4160129331062,0.0,17.137,0.0,0.0,0.0,0.0,0.0
5523,scenario_1,60.268,0.0,60.268,0.0,0.0,1232.4160129331062,0.0,20.089333333333332,0.0,0.0,0.0,0.0,0.0
5524,scenario_1,54.091,0.0,0.0,0.0,54.091,1232.4160129331062,0.0,0.0,0.0,0.0,0.0,0.0,0.0
5525,scenario_1,70.688,0.0,61.3917014289115,0.0,9.2962985710885,1176.0712212664396,0.0,20.463900476303834,0.0,0.0,0.0,0.0,0.0
5526,scenario_1,128.965,12.804947339895204,61.3917014289115,0.0,54.76835123119329,1166.3875769215558,0.0,20.463900476303834,0.0,0.0,0.0,0.0,12.804947339895204
5527,scenario_1,181.299,142.96828093150657,0.0,0.0,38.33071906849344,1109.3372110557295,0.0,0.0,0.0,0.0,0.0,0.0,142.96828093150657
5528,scenario_1,184.112,164.98548318508998,0.0,0.0,19.12651681491002,1069.4093786927156,0.0,0.0,0.0,0.0,0.0,0.0,164.98548318508998
5529,scenario_1,210.653,135.8089931185081,61.3917014289115,0.0,13.452305452580376,1049.4859236771842,0.0,20.463900476303834,0.0,0.0,0.0,0.0,135.8089931185081
5530,scenario_1,146.088,356.3811702587138,0.0,210.2931702587138,0.0,1035.473105497413,0.0,0.0,0.0,0.0,0.0,0.0,356.3811702587138
5531,scenario_1,13.074,342.0190995670243,0.0,328.9450995670243,0.0,1235.251617243191,0.0,0.0,0.0,0.0,0.0,0.0,342.0190995670243
5532,scenario_1,146.621,201.2690669858392,0.0,54.64806698583919,0.0,1547.7494618318642,0.0,0.0,0.0,0.0,0.0,0.0,201.2690669858392
5533,scenario_1,145.575,183.03593544751018,0.0,37.460935447510195,0.0,1599.6651254684114,0.0,0.0,0.0,0.0,0.0,0.0,183.03593544751018
5534,scenario_1,140.865,83.30174981442694,57.56325018557307,0.0,0.0,1635.2530141435461,0.0,19.187750061857688,0.0,0.0,0.0,0.0,83.30174981442694
5535,scenario_1,154.265,95.3585820244098,0.0,0.0,58.90641797559019,1635.2530141435461,0.0,0.0,0.0,0.0,0.0,0.0,95.3585820244098
5536,scenario_1,191.378,66.75622682496997,61.3917014289115,0.0,63.23007174611851,1573.8921620856397,0.0,20.463900476303834,0.0,0.0,0.0,0.0,66.75622682496997
5537,scenario_1,212.687,28.67194730454796,61.3917014289115,0.0,122.62335126654055,1508.0275040167662,0.0,20.463900476303834,0.0,0.0,0.0,0.0,28.67194730454796
5538,scenario_1,239.906,0.0,0.0,0.0,239.906,1380.2948464474532,0.0,0.0,0.0,0.0,0.0,0.0,0.0
5539,scenario_1,218.445,0.0,61.3917014289115,0.0,157.05329857108848,1130.3927631141198,0.0,20.463900476303834,0.0,0.0,0.0,0.0,0.0
5540,scenario_1,189.131,0.0,61.3917014289115,0.0,127.7392985710885,966.7955771025694,0.0,20.463900476303834,0.0,0.0,0.0,0.0,0.0
5541,scenario_1,121.363,0.0,61.3917014289115,0.0,59.9712985710885,833.7338077576856,0.0,20.463900476303834,0.0,0.0,0.0,0.0,0.0
5542,scenario_1,71.664,0.0,61.3917014289115,0.0,10.272298571088498,771.2637050794684,0.0,20.463900476303834,0.0,0.0,0.0,0.0,0.0
5543,scenario_1,4.627,0.0,0.0,0.0,4.627,760.5633940679179,0.0,0.0,0.0,0.0,0.0,0.0,0.0
5544,scenario_1,36.375,0.0,0.0,0.0,36.375,755.7436024012512,0.0,0.0,0.0,0.0,0.0,0.0,0.0
5545,scenario_1,43.392,0.0,43.392,0.0,0.0,717.8529774012512,0.0,14.464,0.0,0.0,0.0,0.0,0.0
5546,scenario_1,47.633,0.0,47.633,0.0,0.0,717.8529774012512,0.0,15.877666666666668,0.0,0.0,0.0,0.0,0.0
5547,scenario_1,44.981,0.0,44.981,0.0,0.0,717.8529774012512,0.0,14.993666666666668,0.0,0.0,0.0,0.0,0.0
5548,scenario_1,50.845,0.0,0.0,0.0,50.845,717.8529774012512,0.0,0.0,0.0,0.0,0.0,0.0,0.0
5549,scenario_1,63.397,0.0,61.3917014289115,0.0,2.0052985710884954,664.8894357345846,0.0,20.463900476303834,0.0,0.0,0.0,0.0,0.0
5550,scenario_1,11.007,9.829884846522813,0.0,0.0,1.177115153477187,662.8005830563674,0.0,0.0,0.0,0.0,0.0,0.0,9.829884846522813
5551,scenario_1,216.827,56.35220711130512,61.3917014289115,0.0,99.08309145978338,661.574421438162,0.0,20.463900476303834,0.0,0.0,0.0,0.0,56.35220711130512
5552,scenario_1,250.035,122.94315268664329,0.0,0.0,127.09184731335671,558.3628678342209,0.0,0.0,0.0,0.0,0.0,0.0,122.94315268664329
5553,scenario_1,207.364,330.16234465922724,0.0,122.79834465922724,0.0,425.9755268828076,0.0,0.0,0.0,0.0,0.0,0.0,330.16234465922724
5554,scenario_1,134.292,422.0587194545078,0.0,287.7667194545078,0.0,542.6339543090735,0.0,0.0,0.0,0.0,0.0,0.0,422.0587194545078
5555,scenario_1,106.857,104.06629417606408,0.0,0.0,2.790705823935923,816.0123377908558,0.0,0.0,0.0,0.0,0.0,0.0,104.06629417606408
5556,scenario_1,96.225,371.03900739711287,0.0,274.81400739711285,0.0,813.1053525575892,0.0,0.0,0.0,0.0,0.0,0.0,371.03900739711287
5557,scenario_1,93.796,309.50218845525234,0.0,215.70618845525235,0.0,1074.1786595848464,0.0,0.0,0.0,0.0,0.0,0.0,309.50218845525234
5558,scenario_1,151.208,349.5350469187019,0.0,198.32704691870188,0.0,1279.099538617336,0.0,0.0,0.0,0.0,0.0,0.0,349.5350469187019
5559,scenario_1,123.848,288.4940717257368,0.0,164.64607172573676,0.0,1467.5102331901028,0.0,0.0,0.0,0.0,0.0,0.0,288.4940717257368
5560,scenario_1,154.947,109.1552168620958,0.0,0.0,45.791783137904204,1623.9240013295528,0.0,0.0,0.0,0.0,0.0,0.0,109.1552168620958
5561,scenario_1,187.864,48.47090120780983,0.0,0.0,139.3930987921902,1576.2242272275691,0.0,0.0,0.0,0.0,0.0,0.0,48.47090120780983
5562,scenario_1,24.96,0.0,0.0,0.0,24.96,1431.023082652371,0.0,0.0,0.0,0.0,0.0,0.0,0.0
5563,scenario_1,275.488,0.0,61.3917014289115,0.0,214.09629857108848,1405.023082652371,0.0,20.463900476303834,0.0,0.0,0.0,0.0,0.0
5564,scenario_1,231.485,0.0,0.0,0.0,231.485,1182.0061049741537,0.0,0.0,0.0,0.0,0.0,0.0,0.0
5565,scenario_1,155.306,0.0,0.0,0.0,155.306,940.8758966408203,0.0,0.0,0.0,0.0,0.0,0.0,0.0
5566,scenario_1,6.974,0.0,0.0,0.0,6.974,779.0988133074869,0.0,0.0,0.0,0.0,0.0,0.0,0.0
5567,scenario_1,47.525,0.0,0.0,0.0,47.525,771.8342299741536,0.0,0.0,0.0,0.0,0.0,0.0,0.0
5568,scenario_1,37.615,0.0,0.0,0.0,37.615,722.3290216408202,0.0,0.0,0.0,0.0,0.0,0.0,0.0
5569,scenario_1,44.905,0.0,0.0,0.0,44.905,683.1467299741536,0.0,0.0,0.0,0.0,0.0,0.0,0.0
5570,scenario_1,5.022,0.0,0.0,0.0,5.022,636.370688307487,0.0,0.0,0.0,0.0,0.0,0.0,0.0
5571,scenario_1,58.173,0.0,58.173,0.0,0.0,631.1394383074869,0.0,19.391000000000002,0.0,0.0,0.0,0.0,0.0
5572,scenario_1,69.623,0.0,0.0,0.0,69.623,631.1394383074869,0.0,0.0,0.0,0.0,0.0,0.0,0.0
5573,scenario_1,60.404,0.0,0.0,0.0,60.404,558.6154799741536,0.0,0.0,0.0,0.0,0.0,0.0,0.0
5574,scenario_1,123.305,25.757777903145175,0.0,0.0,97.54722209685482,495.6946466408203,0.0,0.0,0.0,0.0,0.0,0.0,25.757777903145175
5575,scenario_1,200.785,162.61935161141366,38.165648388586334,0.0,0.0,394.0829569565965,0.0,12.721882796195445,0.0,0.0,0.0,0.0,162.61935161141366
5576,scenario_1,265.503,265.503,0.0,0.0,0.0,394.0829569565965,0.0,0.0,0.0,0.0,0.0,0.0,265.503
5577,scenario_1,253.552,460.3430762771157,0.0,206.7910762771157,0.0,394.0829569565965,0.0,0.0,0.0,0.0,0.0,0.0,460.3430762771157
5578,scenario_1,14.468,393.2997820185747,0.0,378.8317820185747,0.0,590.5344794198564,0.0,0.0,0.0,0.0,0.0,0.0,393.2997820185747
5579,scenario_1,138.775,515.720993916907,0.0,376.945993916907,0.0,950.4246723375024,0.0,0.0,0.0,0.0,0.0,0.0,515.720993916907
5580,scenario_1,101.831,101.831,0.0,0.0,0.0,1308.523366558564,0.0,0.0,0.0,0.0,0.0,0.0,101.831
5581,scenario_1,97.881,491.9639569565966,0.0,394.0829569565966,0.0,1308.523366558564,0.0,0.0,0.0,0.0,0.0,0.0,491.9639569565966
5582,scenario_1,105.309,407.9538517006865,0.0,302.6448517006865,0.0,1682.9021756673308,0.0,0.0,0.0,0.0,0.0,0.0,407.9538517006865
5583,scenario_1,103.693,103.693,0.0,0.0,0.0,1970.414784782983,0.0,0.0,0.0,0.0,0.0,0.0,103.693
5584,scenario_1,15.152,15.152,0.0,0.0,0.0,1970.414784782983,0.0,0.0,0.0,0.0,0.0,0.0,15.152
5585,scenario_1,189.197,53.36844560479421,61.3917014289115,0.0,74.4368529662943,1970.414784782983,0.0,20.463900476303834,0.0,0.0,0.0,0.0,53.36844560479421
5586,scenario_1,269.183,0.0,61.3917014289115,0.0,207.79129857108848,1892.8763962764262,0.0,20.463900476303834,0.0,0.0,0.0,0.0,0.0
5587,scenario_1,297.763,0.0,61.3917014289115,0.0,236.37129857108846,1676.4271269315425,0.0,20.463900476303834,0.0,0.0,0.0,0.0,0.0
5588,scenario_1,250.763,0.0,61.3917014289115,0.0,189.37129857108852,1430.2070242533252,0.0,20.463900476303834,0.0,0.0,0.0,0.0,0.0
5589,scenario_1,146.041,0.0,61.3917014289115,0.0,84.6492985710885,1232.9452549084413,0.0,20.463900476303834,0.0,0.0,0.0,0.0,0.0
5590,scenario_1,92.178,0.0,61.3917014289115,0.0,30.786298571088494,1144.768902230224,0.0,20.463900476303834,0.0,0.0,0.0,0.0,0.0
5591,scenario_1,32.922,0.0,61.3917014289115,28.469701428911506,0.0,1112.6998412186736,0.0,20.463900476303834,0.0,0.0,0.0,0.0,0.0
5592,scenario_1,3.605,0.0,3.605,0.0,0.0,1139.7460575761395,0.0,1.2016666666666667,0.0,0.0,0.0,0.0,0.0
5593,scenario_1,39.877,0.0,39.877,0.0,0.0,1139.7460575761395,0.0,13.292333333333334,0.0,0.0,0.0,0.0,0.0
5594,scenario_1,42.303,0.0,42.303,0.0,0.0,1139.7460575761395,0.0,14.100999999999999,0.0,0.0,0.0,0.0,0.0
5595,scenario_1,43.968,0.0,43.968,0.0,0.0,1139.7460575761395,0.0,14.656,0.0,0.0,0.0,0.0,0.0
5596,scenario_1,59.379,0.0,59.379,0.0,0.0,1139.7460575761395,0.0,19.793,0.0,0.0,0.0,0.0,0.0
5597,scenario_1,78.484,0.0,61.3917014289115,0.0,17.09229857108849,1139.7460575761395,0.0,20.463900476303834,0.0,0.0,0.0,0.0,0.0
5598,scenario_1,134.367,8.620722020269122,61.3917014289115,0.0,64.35457655081936,1121.9415798979223,0.0,20.463900476303834,0.0,0.0,0.0,0.0,8.620722020269122
5599,scenario_1,206.287,80.79643403053441,61.3917014289115,0.0,64.09886454055409,1054.9055626574855,0.0,20.463900476303834,0.0,0.0,0.0,0.0,80.79643403053441
5600,scenario_1,229.123,112.22596849999188,61.3917014289115,0.0,55.50533007109661,988.1359120944082,0.0,20.463900476303834,0.0,0.0,0.0,0.0,112.22596849999188
5601,scenario_1,192.704,164.2373680551776,61.3917014289115,32.92506948408909,0.0,930.3178599370159,0.0,20.463900476303834,0.0,0.0,0.0,0.0,164.2373680551776
5602,scenario_1,141.975,58.70094065870437,61.3917014289115,0.0,21.882357912384123,961.5966759469005,0.0,20.463900476303834,0.0,0.0,0.0,0.0,58.70094065870437
5603,scenario_1,107.198,50.19330580923596,57.004694190764035,0.0,0.0,938.8025531215004,0.0,19.001564730254678,0.0,0.0,0.0,0.0,50.19330580923596
5604,scenario_1,99.068,50.83703278148612,48.230967218513875,0.0,0.0,938.8025531215004,0.0,16.076989072837957,0.0,0.0,0.0,0.0,50.83703278148612
5605,scenario_1,101.591,46.36574002828902,55.225259971710976,0.0,0.0,938.8025531215004,0.0,18.408419990570327,0.0,0.0,0.0,0.0,46.36574002828902
5606,scenario_1,102.888,118.12389940790554,61.3917014289115,76.62760083681704,0.0,938.8025531215004,0.0,20.463900476303834,0.0,0.0,0.0,0.0,118.12389940790554
5607,scenario_1,124.298,238.1876787457001,0.0,113.88967874570011,0.0,1011.5987739164766,0.0,0.0,0.0,0.0,0.0,0.0,238.1876787457001
5608,scenario_1,168.059,149.13588124671426,18.923118753285735,0.0,0.0,1119.7939687248918,0.0,6.307706251095245,0.0,0.0,0.0,0.0,149.13588124671426
5609,scenario_1,169.997,10.77807727862103,61.3917014289115,0.0,97.82722129246748,1119.7939687248918,0.0,20.463900476303834,0.0,0.0,0.0,0.0,10.77807727862103
5610,scenario_1,237.886,0.0,61.3917014289115,0.0,176.4942985710885,1017.8906132119048,0.0,20.463900476303834,0.0,0.0,0.0,0.0,0.0
5611,scenario_1,263.994,0.0,61.3917014289115,0.0,202.6022985710885,834.0423855336876,0.0,20.463900476303834,0.0,0.0,0.0,0.0,0.0
5612,scenario_1,221.413,0.0,61.3917014289115,0.0,160.0212985710885,622.9983245221371,0.0,20.463900476303834,0.0,0.0,0.0,0.0,0.0
5613,scenario_1,15.146,0.0,15.146,0.0,0.0,456.3094718439199,0.0,5.048666666666667,0.0,0.0,0.0,0.0,0.0
5614,scenario_1,8.298,0.0,8.298,0.0,0.0,456.3094718439199,0.0,2.766,0.0,0.0,0.0,0.0,0.0
5615,scenario_1,53.285,0.0,53.285,0.0,0.0,456.3094718439199,0.0,17.761666666666667,0.0,0.0,0.0,0.0,0.0
5616,scenario_1,21.208,0.0,61.3917014289115,40.183701428911505,0.0,456.3094718439199,0.0,20.463900476303834,0.0,0.0,0.0,0.0,0.0
5617,scenario_1,20.797,0.0,20.797,0.0,0.0,494.4839882013858,0.0,6.932333333333333,0.0,0.0,0.0,0.0,0.0
5618,scenario_1,30.025,0.0,30.025,0.0,0.0,494.4839882013858,0.0,10.008333333333333,0.0,0.0,0.0,0.0,0.0
5619,scenario_1,50.228,0.0,50.228,0.0,0.0,494.4839882013858,0.0,16.74266666666667,0.0,0.0,0.0,0.0,0.0
5620,scenario_1,54.436,0.0,61.3917014289115,6.955701428911503,0.0,494.4839882013858,0.0,20.463900476303834,0.0,0.0,0.0,0.0,0.0
5621,scenario_1,74.045,0.0,61.3917014289115,0.0,12.653298571088499,501.0919045588517,0.0,20.463900476303834,0.0,0.0,0.0,0.0,0.0
5622,scenario_1,125.263,12.81364635303372,61.3917014289115,0.0,51.057652218054784,487.91138521396783,0.0,20.463900476303834,0.0,0.0,0.0,0.0,12.81364635303372
5623,scenario_1,216.472,137.82716416664374,61.3917014289115,0.0,17.253134404444765,434.72633082016074,0.0,20.463900476303834,0.0,0.0,0.0,0.0,137.82716416664374
5624,scenario_1,265.523,261.17917047079726,4.343829529202765,0.0,0.0,416.7543158155308,0.0,1.4479431764009216,0.0,0.0,0.0,0.0,261.17917047079726
5625,scenario_1,233.532,237.7266310493588,0.0,4.194631049358776,0.0,416.7543158155308,0.0,0.0,0.0,0.0,0.0,0.0,237.7266310493588
5626,scenario_1,163.297,126.26617570555631,37.03082429444369,0.0,0.0,420.7392153124216,0.0,12.343608098147897,0.0,0.0,0.0,0.0,126.26617570555631
5627,scenario_1,11.719,361.16562748489747,0.0,349.4466274848975,0.0,420.7392153124216,0.0,0.0,0.0,0.0,0.0,0.0,361.16562748489747
5628,scenario_1,103.747,382.67828697644694,0.0,278.9312869764469,0.0,752.7135114230741,0.0,0.0,0.0,0.0,0.0,0.0,382.67828697644694
5629,scenario_1,120.202,303.4563743239839,0.0,183.25437432398388,0.0,1017.6982340506987,0.0,0.0,0.0,0.0,0.0,0.0,303.4563743239839
5630,scenario_1,107.277,42.44248510281841,61.3917014289115,0.0,3.4428134682700886,1191.7898896584834,0.0,20.463900476303834,0.0,0.0,0.0,0.0,42.44248510281841
5631,scenario_1,125.669,243.78114419376575,0.0,118.11214419376576,0.0,1188.2036256290353,0.0,0.0,0.0,0.0,0.0,0.0,243.78114419376575
5632,scenario_1,144.854,234.42100605672277,0.0,89.56700605672276,0.0,1300.4101626131128,0.0,0.0,0.0,0.0,0.0,0.0,234.42100605672277
5633,scenario_1,196.305,5.280300975079069,61.3917014289115,0.0,129.63299759600943,1385.4988183669993,0.0,20.463900476303834,0.0,0.0,0.0,0.0,5.280300975079069
5634,scenario_1,259.372,0.0,61.3917014289115,0.0,197.9802985710885,1250.4644458711562,0.0,20.463900476303834,0.0,0.0,0.0,0.0,0.0
5635,scenario_1,288.809,0.0,61.3917014289115,0.0,227.4172985710885,1044.234968192939,0.0,20.463900476303834,0.0,0.0,0.0,0.0,0.0
5636,scenario_1,22.954,0.0,22.954,0.0,0.0,807.3419488480552,0.0,7.6513333333333335,0.0,0.0,0.0,0.0,0.0
5637,scenario_1,170.032,0.0,61.3917014289115,0.0,108.64029857108851,807.3419488480552,0.0,20.463900476303834,0.0,0.0,0.0,0.0,0.0
5638,scenario_1,82.757,0.0,61.3917014289115,0.0,21.365298571088502,694.1749711698379,0.0,20.463900476303834,0.0,0.0,0.0,0.0,0.0
5639,scenario_1,44.044,0.0,44.044,0.0,0.0,671.9194518249541,0.0,14.681333333333333,0.0,0.0,0.0,0.0,0.0
5640,scenario_1,17.998,0.0,17.998,0.0,0.0,671.9194518249541,0.0,5.999333333333333,0.0,0.0,0.0,0.0,0.0
5641,scenario_1,19.276,0.0,19.276,0.0,0.0,671.9194518249541,0.0,6.425333333333334,0.0,0.0,0.0,0.0,0.0
5642,scenario_1,37.282,0.0,37.282,0.0,0.0,671.9194518249541,0.0,12.427333333333332,0.0,0.0,0.0,0.0,0.0
5643,scenario_1,51.413,0.0,51.413,0.0,0.0,671.9194518249541,0.0,17.137666666666664,0.0,0.0,0.0,0.0,0.0
5644,scenario_1,54.907,0.0,54.907,0.0,0.0,671.9194518249541,0.0,18.302333333333333,0.0,0.0,0.0,0.0,0.0
5645,scenario_1,77.771,0.0,61.3917014289115,0.0,16.379298571088498,671.9194518249541,0.0,20.463900476303834,0.0,0.0,0.0,0.0,0.0
5646,scenario_1,125.351,27.071328887061053,61.3917014289115,0.0,36.88796968402744,654.8576824800703,0.0,20.463900476303834,0.0,0.0,0.0,0.0,27.071328887061053
5647,scenario_1,223.982,60.42334526013049,61.3917014289115,0.0,102.166953310958,616.4327140592084,0.0,20.463900476303834,0.0,0.0,0.0,0.0,60.42334526013049
5648,scenario_1,259.731,187.59421833209245,61.3917014289115,0.0,10.745080238996039,510.00880436029377,0.0,20.463900476303834,0.0,0.0,0.0,0.0,187.59421833209245
5649,scenario_1,224.659,300.1594483444864,0.0,75.50044834448641,0.0,498.8160124446729,0.0,0.0,0.0,0.0,0.0,0.0,300.1594483444864
5650,scenario_1,138.887,363.4447689271886,0.0,224.5577689271886,0.0,570.541438371935,0.0,0.0,0.0,0.0,0.0,0.0,363.4447689271886
5651,scenario_1,106.583,490.2415844341943,0.0,383.65858443419427,0.0,783.8713188527641,0.0,0.0,0.0,0.0,0.0,0.0,490.2415844341943
5652,scenario_1,104.946,478.41092656581293,0.0,373.4649265658129,0.0,1148.3469740652486,0.0,0.0,0.0,0.0,0.0,0.0,478.41092656581293
5653,scenario_1,125.593,299.5940124904829,0.0,174.00101249048288,0.0,1503.1386543027709,0.0,0.0,0.0,0.0,0.0,0.0,299.5940124904829
5654,scenario_1,124.467,186.21107524306842,0.0,61.74407524306842,0.0,1668.4396161687296,0.0,0.0,0.0,0.0,0.0,0.0,186.21107524306842
5655,scenario_1,121.072,161.84513944208578,0.0,40.77313944208578,0.0,1727.0964876496446,0.0,0.0,0.0,0.0,0.0,0.0,161.84513944208578
5656,scenario_1,166.026,175.66787131918733,0.0,9.641871319187317,0.0,1765.830970119626,0.0,0.0,0.0,0.0,0.0,0.0,175.66787131918733
5657,scenario_1,201.168,22.138988437522617,61.3917014289115,0.0,117.63731013356589,1774.990747872854,0.0,20.463900476303834,0.0,0.0,0.0,0.0,22.138988437522617
5658,scenario_1,273.517,0.0,61.3917014289115,0.0,212.12529857108848,1652.4518831503894,0.0,20.463900476303834,0.0,0.0,0.0,0.0,0.0
5659,scenario_1,283.252,0.0,61.3917014289115,0.0,221.8602985710885,1431.4880304721723,0.0,20.463900476303834,0.0,0.0,0.0,0.0,0.0
5660,scenario_1,231.128,0.0,61.3917014289115,0.0,169.73629857108847,1200.3835527939552,0.0,20.463900476303834,0.0,0.0,0.0,0.0,0.0
5661,scenario_1,168.492,0.0,61.3917014289115,0.0,107.10029857108849,1023.5749084490714,0.0,20.463900476303834,0.0,0.0,0.0,0.0,0.0
5662,scenario_1,69.095,0.0,61.3917014289115,0.0,7.703298571088496,912.0120974375209,0.0,20.463900476303834,0.0,0.0,0.0,0.0,0.0
5663,scenario_1,42.714,0.0,42.714,0.0,0.0,903.9878280926371,0.0,14.238,0.0,0.0,0.0,0.0,0.0
5664,scenario_1,15.372,0.0,15.372,0.0,0.0,903.9878280926371,0.0,5.124,0.0,0.0,0.0,0.0,0.0
5665,scenario_1,31.213,0.0,31.213,0.0,0.0,903.9878280926371,0.0,10.404333333333334,0.0,0.0,0.0,0.0,0.0
5666,scenario_1,58.455,0.0,58.455,0.0,0.0,903.9878280926371,0.0,19.485,0.0,0.0,0.0,0.0,0.0
5667,scenario_1,56.988,0.0,56.988,0.0,0.0,903.9878280926371,0.0,18.996,0.0,0.0,0.0,0.0,0.0
5668,scenario_1,61.022,0.0,61.022,0.0,0.0,903.9878280926371,0.0,20.340666666666667,0.0,0.0,0.0,0.0,0.0
5669,scenario_1,74.976,0.0,61.3917014289115,0.0,13.584298571088496,903.9878280926371,0.0,20.463900476303834,0.0,0.0,0.0,0.0,0.0
5670,scenario_1,118.607,22.91320060685052,61.3917014289115,0.0,34.30209796423797,889.8375170810865,0.0,20.463900476303834,0.0,0.0,0.0,0.0,22.91320060685052
5671,scenario_1,194.948,109.67715765040674,61.3917014289115,0.0,23.879140920681763,854.1061650350052,0.0,20.463900476303834,0.0,0.0,0.0,0.0,109.67715765040674
5672,scenario_1,20.894,236.89152578806127,0.0,215.99752578806127,0.0,829.232059909295,0.0,0.0,0.0,0.0,0.0,0.0,236.89152578806127
5673,scenario_1,171.317,444.11941677378377,0.0,272.80241677378376,0.0,1034.4297094079532,0.0,0.0,0.0,0.0,0.0,0.0,444.11941677378377
5674,scenario_1,140.062,389.72448761864473,0.0,249.66248761864472,0.0,1293.5920053430477,0.0,0.0,0.0,0.0,0.0,0.0,389.72448761864473
5675,scenario_1,138.731,72.32359523362007,61.3917014289115,0.0,5.015703337468423,1530.7713685807603,0.0,20.463900476303834,0.0,0.0,0.0,0.0,72.32359523362007
5676,scenario_1,12.815,81.90120869912592,0.0,69.08620869912592,0.0,1525.5466776042306,0.0,0.0,0.0,0.0,0.0,0.0,81.90120869912592
5677,scenario_1,128.784,186.45464761094686,0.0,57.67064761094687,0.0,1591.1785758684002,0.0,0.0,0.0,0.0,0.0,0.0,186.45464761094686
5678,scenario_1,146.702,409.8627030343087,0.0,263.1607030343087,0.0,1645.9656910987997,0.0,0.0,0.0,0.0,0.0,0.0,409.8627030343087
5679,scenario_1,163.919,91.70499650623317,61.3917014289115,0.0,10.822302064855336,1895.9683589813928,0.0,20.463900476303834,0.0,0.0,0.0,0.0,91.70499650623317
5680,scenario_1,171.632,132.0597184558078,39.57228154419221,0.0,0.0,1884.6951276638351,0.0,13.190760514730735,0.0,0.0,0.0,0.0,132.0597184558078
5681,scenario_1,199.986,28.410976910392485,61.3917014289115,0.0,110.183321660696,1884.6951276638351,0.0,20.463900476303834,0.0,0.0,0.0,0.0,28.410976910392485
5682,scenario_1,230.662,0.0,61.3917014289115,0.0,169.27029857108852,1769.9208342672769,0.0,20.463900476303834,0.0,0.0,0.0,0.0,0.0
5683,scenario_1,235.148,0.0,61.3917014289115,0.0,173.7562985710885,1593.5976065890595,0.0,20.463900476303834,0.0,0.0,0.0,0.0,0.0
5684,scenario_1,189.536,0.0,61.3917014289115,0.0,128.14429857108848,1412.6014622441758,0.0,20.463900476303834,0.0,0.0,0.0,0.0,0.0
5685,scenario_1,114.414,0.0,61.3917014289115,0.0,53.0222985710885,1279.1178178992918,0.0,20.463900476303834,0.0,0.0,0.0,0.0,0.0
5686,scenario_1,64.205,0.0,61.3917014289115,0.0,2.8132985710884952,1223.8862568877412,0.0,20.463900476303834,0.0,0.0,0.0,0.0,0.0
5687,scenario_1,34.872,0.0,34.872,0.0,0.0,1220.9557375428574,0.0,11.624,0.0,0.0,0.0,0.0,0.0
5688,scenario_1,36.712,0.0,36.712,0.0,0.0,1220.9557375428574,0.0,12.237333333333334,0.0,0.0,0.0,0.0,0.0
5689,scenario_1,3.771,0.0,3.771,0.0,0.0,1220.9557375428574,0.0,1.257,0.0,0.0,0.0,0.0,0.0
5690,scenario_1,39.467,0.0,39.467,0.0,0.0,1220.9557375428574,0.0,13.155666666666667,0.0,0.0,0.0,0.0,0.0
5691,scenario_1,42.545,0.0,42.545,0.0,0.0,1220.9557375428574,0.0,14.181666666666667,0.0,0.0,0.0,0.0,0.0
5692,scenario_1,60.351,0.0,60.351,0.0,0.0,1220.9557375428574,0.0,20.117,0.0,0.0,0.0,0.0,0.0
5693,scenario_1,80.927,0.0,61.3917014289115,0.0,19.535298571088504,1220.9557375428574,0.0,20.463900476303834,0.0,0.0,0.0,0.0,0.0
5694,scenario_1,13.587,24.278945669597498,0.0,10.691945669597498,0.0,1200.6064681979735,0.0,0.0,0.0,0.0,0.0,0.0,24.278945669597498
5695,scenario_1,140.786,105.7365046986591,35.0494953013409,0.0,0.0,1210.763816584091,0.0,11.683165100446965,0.0,0.0,0.0,0.0,105.7365046986591
5696,scenario_1,187.236,64.19871696224634,61.3917014289115,0.0,61.64558160884215,1210.763816584091,0.0,20.463900476303834,0.0,0.0,0.0,0.0,64.19871696224634
5697,scenario_1,155.856,97.65512149297795,58.20087850702204,0.0,0.0,1146.5496690748805,0.0,19.400292835674012,0.0,0.0,0.0,0.0,97.65512149297795
5698,scenario_1,151.275,197.71117061218627,0.0,46.43617061218626,0.0,1146.5496690748805,0.0,0.0,0.0,0.0,0.0,0.0,197.71117061218627
5699,scenario_1,132.584,112.99148165618125,19.592518343818753,0.0,0.0,1190.6640311564574,0.0,6.530839447939584,0.0,0.0,0.0,0.0,112.99148165618125
5700,scenario_1,139.301,340.7316456225239,0.0,201.4306456225239,0.0,1190.6640311564574,0.0,0.0,0.0,0.0,0.0,0.0,340.7316456225239
5701,scenario_1,145.557,230.7239254728536,0.0,85.16692547285362,0.0,1382.0231444978551,0.0,0.0,0.0,0.0,0.0,0.0,230.7239254728536
5702,scenario_1,150.298,333.85072622995796,0.0,183.55272622995795,0.0,1462.931723697066,0.0,0.0,0.0,0.0,0.0,0.0,333.85072622995796
5703,scenario_1,17.551,34.74385847523196,0.0,17.19285847523196,0.0,1637.3068136155262,0.0,0.0,0.0,0.0,0.0,0.0,34.74385847523196
5704,scenario_1,19.301,18.18963647263646,1.1113635273635367,0.0,0.0,1653.6400291669966,0.0,0.3704545091211789,0.0,0.0,0.0,0.0,18.18963647263646
5705,scenario_1,204.117,33.11714301832951,61.3917014289115,0.0,109.60815555275899,1653.6400291669966,0.0,20.463900476303834,0.0,0.0,0.0,0.0,33.11714301832951
5706,scenario_1,236.167,0.0,61.3917014289115,0.0,174.7752985710885,1539.4648671328725,0.0,20.463900476303834,0.0,0.0,0.0,0.0,0.0
5707,scenario_1,221.714,0.0,61.3917014289115,0.0,160.32229857108848,1357.4072644546554,0.0,20.463900476303834,0.0,0.0,0.0,0.0,0.0
5708,scenario_1,164.875,0.0,61.3917014289115,0.0,103.4832985710885,1190.4048701097715,0.0,20.463900476303834,0.0,0.0,0.0,0.0,0.0
5709,scenario_1,114.143,0.0,61.3917014289115,0.0,52.7512985710885,1082.6097674315542,0.0,20.463900476303834,0.0,0.0,0.0,0.0,0.0
5710,scenario_1,76.263,0.0,61.3917014289115,0.0,14.871298571088502,1027.6604980866705,0.0,20.463900476303834,0.0,0.0,0.0,0.0,0.0
5711,scenario_1,4.599,0.0,4.599,0.0,0.0,1012.16956207512,0.0,1.5330000000000001,0.0,0.0,0.0,0.0,0.0
5712,scenario_1,38.305,0.0,38.305,0.0,0.0,1012.16956207512,0.0,12.768333333333333,0.0,0.0,0.0,0.0,0.0
5713,scenario_1,36.969,0.0,36.969,0.0,0.0,1012.16956207512,0.0,12.323,0.0,0.0,0.0,0.0,0.0
5714,scenario_1,46.981,0.0,46.981,0.0,0.0,1012.16956207512,0.0,15.660333333333334,0.0,0.0,0.0,0.0,0.0
5715,scenario_1,46.176,0.0,46.176,0.0,0.0,1012.16956207512,0.0,15.392000000000001,0.0,0.0,0.0,0.0,0.0
5716,scenario_1,50.129,0.0,50.129,0.0,0.0,1012.16956207512,0.0,16.709666666666667,0.0,0.0,0.0,0.0,0.0
5717,scenario_1,7.0,0.0,7.0,0.0,0.0,1012.16956207512,0.0,2.3333333333333335,0.0,0.0,0.0,0.0,0.0
5718,scenario_1,119.607,15.31896213692626,61.3917014289115,0.0,42.89633643416224,1012.16956207512,0.0,20.463900476303834,0.0,0.0,0.0,0.0,15.31896213692626
5719,scenario_1,219.782,42.24240780063255,61.3917014289115,0.0,116.14789077045596,967.4858782895343,0.0,20.463900476303834,0.0,0.0,0.0,0.0,42.24240780063255
5720,scenario_1,272.536,113.46992737879961,61.3917014289115,0.0,97.67437119228889,846.4984920703093,0.0,20.463900476303834,0.0,0.0,0.0,0.0,113.46992737879961
5721,scenario_1,220.662,93.27951788430454,61.3917014289115,0.0,65.99078068678396,744.7543554116751,0.0,20.463900476303834,0.0,0.0,0.0,0.0,93.27951788430454
5722,scenario_1,144.894,78.10843897073303,61.3917014289115,0.0,5.393859600355469,676.0139588629418,0.0,20.463900476303834,0.0,0.0,0.0,0.0,78.10843897073303
5723,scenario_1,105.204,184.54956373361193,0.0,79.34556373361194,0.0,670.3953551125715,0.0,0.0,0.0,0.0,0.0,0.0,184.54956373361193
5724,scenario_1,84.231,331.32801241978837,0.0,247.09701241978837,0.0,745.7736406595028,0.0,0.0,0.0,0.0,0.0,0.0,331.32801241978837
5725,scenario_1,100.568,444.70225065406436,0.0,344.1342506540644,0.0,980.5158024583018,0.0,0.0,0.0,0.0,0.0,0.0,444.70225065406436
5726,scenario_1,122.526,352.9885551346926,0.0,230.4625551346926,0.0,1307.4433405796628,0.0,0.0,0.0,0.0,0.0,0.0,352.9885551346926
5727,scenario_1,132.906,317.8706390945045,0.0,184.9646390945045,0.0,1526.3827679576207,0.0,0.0,0.0,0.0,0.0,0.0,317.8706390945045
5728,scenario_1,130.284,120.87278755967652,46.41995796661591,37.00874552629246,0.0,1702.0991750974,0.0,15.473319322205304,0.0,0.0,0.0,0.0,120.87278755967652
5729,scenario_1,171.905,16.406338779240727,61.3917014289115,0.0,94.10695979184779,1737.2574833473777,0.0,20.463900476303834,0.0,0.0,0.0,0.0,16.406338779240727
5730,scenario_1,265.784,0.0,61.3917014289115,0.0,204.39229857108847,1639.2294002308697,0.0,20.463900476303834,0.0,0.0,0.0,0.0,0.0
5731,scenario_1,278.102,0.0,61.3917014289115,0.0,216.71029857108846,1426.3207558859858,0.0,20.463900476303834,0.0,0.0,0.0,0.0,0.0
5732,scenario_1,237.375,0.0,61.3917014289115,0.0,175.98329857108848,1200.580861541102,0.0,20.463900476303834,0.0,0.0,0.0,0.0,0.0
5733,scenario_1,172.224,0.0,61.3917014289115,0.0,110.83229857108849,1017.2649255295514,0.0,20.463900476303834,0.0,0.0,0.0,0.0,0.0
5734,scenario_1,78.448,0.0,61.3917014289115,0.0,17.05629857108849,901.8146145180009,0.0,20.463900476303834,0.0,0.0,0.0,0.0,0.0
5735,scenario_1,39.148,0.0,39.148,0.0,0.0,884.0476368397838,0.0,13.049333333333335,0.0,0.0,0.0,0.0,0.0
5736,scenario_1,3.69,0.0,3.69,0.0,0.0,884.0476368397838,0.0,1.23,0.0,0.0,0.0,0.0,0.0
5737,scenario_1,46.946,0.0,46.946,0.0,0.0,884.0476368397838,0.0,15.648666666666665,0.0,0.0,0.0,0.0,0.0
5738,scenario_1,51.569,0.0,51.569,0.0,0.0,884.0476368397838,0.0,17.189666666666668,0.0,0.0,0.0,0.0,0.0
5739,scenario_1,4.37,0.0,4.37,0.0,0.0,884.0476368397838,0.0,1.4566666666666668,0.0,0.0,0.0,0.0,0.0
5740,scenario_1,52.459,0.0,52.459,0.0,0.0,884.0476368397838,0.0,17.486333333333334,0.0,0.0,0.0,0.0,0.0
5741,scenario_1,72.248,0.0,61.3917014289115,0.0,10.856298571088502,884.0476368397838,0.0,20.463900476303834,0.0,0.0,0.0,0.0,0.0
5742,scenario_1,111.054,25.740379876868147,61.3917014289115,0.0,23.921918694220352,872.7389924948999,0.0,20.463900476303834,0.0,0.0,0.0,0.0,25.740379876868147
5743,scenario_1,190.898,57.20471039887966,61.3917014289115,0.0,72.30158817220884,847.8203271884204,0.0,20.463900476303834,0.0,0.0,0.0,0.0,57.20471039887966
5744,scenario_1,285.745,199.4335752136124,61.3917014289115,0.0,24.919723357476116,772.5061728423694,0.0,20.463900476303834,0.0,0.0,0.0,0.0,199.4335752136124
5745,scenario_1,218.769,304.5698480057139,0.0,85.80084800571387,0.0,746.5481276783319,0.0,0.0,0.0,0.0,0.0,0.0,304.5698480057139
5746,scenario_1,150.198,468.36356639082726,0.0,318.1655663908273,0.0,828.0589332837601,0.0,0.0,0.0,0.0,0.0,0.0,468.36356639082726
5747,scenario_1,101.375,142.65511645852,0.0,41.28011645852001,0.0,1130.316221355046,0.0,0.0,0.0,0.0,0.0,0.0,142.65511645852
5748,scenario_1,89.346,142.42024310378008,0.0,53.07424310378008,0.0,1169.5323319906402,0.0,0.0,0.0,0.0,0.0,0.0,142.42024310378008
5749,scenario_1,9.152,240.24934485952832,0.0,231.09734485952833,0.0,1219.9528629392312,0.0,0.0,0.0,0.0,0.0,0.0,240.24934485952832
5750,scenario_1,110.061,238.8314057179503,0.0,128.7704057179503,0.0,1439.495340555783,0.0,0.0,0.0,0.0,0.0,0.0,238.8314057179503
5751,scenario_1,135.631,224.81729555180138,0.0,89.18629555180138,0.0,1561.8272259878358,0.0,0.0,0.0,0.0,0.0,0.0,224.81729555180138
5752,scenario_1,145.427,188.16835319923447,0.0,42.74135319923448,0.0,1646.5542067620472,0.0,0.0,0.0,0.0,0.0,0.0,188.16835319923447
5753,scenario_1,184.488,40.04155747658806,61.3917014289115,0.0,83.05474109450044,1687.15849230132,0.0,20.463900476303834,0.0,0.0,0.0,0.0,40.04155747658806
5754,scenario_1,268.782,0.0,61.3917014289115,0.0,207.39029857108846,1600.6431369945487,0.0,20.463900476303834,0.0,0.0,0.0,0.0,0.0
5755,scenario_1,294.786,0.0,61.3917014289115,0.0,233.39429857108848,1384.6115759829981,0.0,20.463900476303834,0.0,0.0,0.0,0.0,0.0
5756,scenario_1,240.023,0.0,61.3917014289115,0.0,178.6312985710885,1141.4925149714477,0.0,20.463900476303834,0.0,0.0,0.0,0.0,0.0
5757,scenario_1,158.256,0.0,61.3917014289115,0.0,96.8642985710885,955.4182456265639,0.0,20.463900476303834,0.0,0.0,0.0,0.0,0.0
5758,scenario_1,67.734,0.0,61.3917014289115,0.0,6.342298571088492,854.5179346150134,0.0,20.463900476303834,0.0,0.0,0.0,0.0,0.0
5759,scenario_1,39.395,0.0,39.395,0.0,0.0,847.9113736034628,0.0,13.131666666666668,0.0,0.0,0.0,0.0,0.0
5760,scenario_1,1.878,0.0,1.878,0.0,0.0,847.9113736034628,0.0,0.626,0.0,0.0,0.0,0.0,0.0
5761,scenario_1,32.937,0.0,32.937,0.0,0.0,847.9113736034628,0.0,10.979,0.0,0.0,0.0,0.0,0.0
5762,scenario_1,22.468,0.0,22.468,0.0,0.0,847.9113736034628,0.0,7.489333333333334,0.0,0.0,0.0,0.0,0.0
5763,scenario_1,33.104,0.0,33.104,0.0,0.0,847.9113736034628,0.0,11.034666666666666,0.0,0.0,0.0,0.0,0.0
5764,scenario_1,54.087,0.0,54.087,0.0,0.0,847.9113736034628,0.0,18.029,0.0,0.0,0.0,0.0,0.0
5765,scenario_1,5.991,0.0,5.991,0.0,0.0,847.9113736034628,0.0,1.9969999999999999,0.0,0.0,0.0,0.0,0.0
5766,scenario_1,129.363,26.375407835979793,61.3917014289115,0.0,41.59589073510871,847.9113736034628,0.0,20.463900476303834,0.0,0.0,0.0,0.0,26.375407835979793
5767,scenario_1,247.249,144.4732102044698,61.3917014289115,0.0,41.384088366618684,804.5823207543913,0.0,20.463900476303834,0.0,0.0,0.0,0.0,144.4732102044698
5768,scenario_1,258.533,239.2750553880146,19.25794461198541,0.0,0.0,761.4738953724968,0.0,6.419314870661803,0.0,0.0,0.0,0.0,239.2750553880146
5769,scenario_1,206.256,301.0728447240306,0.0,94.81684472403057,0.0,761.4738953724968,0.0,0.0,0.0,0.0,0.0,0.0,301.0728447240306
5770,scenario_1,143.449,447.2075664379569,0.0,303.7585664379569,0.0,851.5498978603258,0.0,0.0,0.0,0.0,0.0,0.0,447.2075664379569
5771,scenario_1,9.425,50.89792587345573,0.0,41.472925873455736,0.0,1140.1205359763849,0.0,0.0,0.0,0.0,0.0,0.0,50.89792587345573
5772,scenario_1,93.472,51.57644889825996,41.89555110174003,0.0,0.0,1179.5198155561677,0.0,13.965183700580011,0.0,0.0,0.0,0.0,51.57644889825996
5773,scenario_1,100.744,46.705001540691136,54.038998459308864,0.0,0.0,1179.5198155561677,0.0,18.01299948643629,0.0,0.0,0.0,0.0,46.705001540691136
5774,scenario_1,91.032,44.051802533443826,46.98019746655617,0.0,0.0,1179.5198155561677,0.0,15.66006582218539,0.0,0.0,0.0,0.0,44.051802533443826
5775,scenario_1,119.228,38.64101636128702,61.3917014289115,0.0,19.195282209801476,1179.5198155561677,0.0,20.463900476303834,0.0,0.0,0.0,0.0,38.64101636128702
5776,scenario_1,161.691,21.895416069644178,61.3917014289115,0.0,78.40388250144433,1159.524729920958,0.0,20.463900476303834,0.0,0.0,0.0,0.0,21.895416069644178
5777,scenario_1,195.244,10.760679252344,61.3917014289115,0.0,123.09161931874449,1077.8540189819535,0.0,20.463900476303834,0.0,0.0,0.0,0.0,10.760679252344
5778,scenario_1,247.049,0.0,61.3917014289115,0.0,185.65729857108852,949.6335821915945,0.0,20.463900476303834,0.0,0.0,0.0,0.0,0.0
5779,scenario_1,26.516,0.0,26.516,0.0,0.0,756.2405628467106,0.0,8.838666666666667,0.0,0.0,0.0,0.0,0.0
5780,scenario_1,238.817,0.0,61.3917014289115,0.0,177.4252985710885,756.2405628467106,0.0,20.463900476303834,0.0,0.0,0.0,0.0,0.0
5781,scenario_1,159.945,0.0,61.3917014289115,0.0,98.55329857108849,571.4225435018268,0.0,20.463900476303834,0.0,0.0,0.0,0.0,0.0
5782,scenario_1,72.477,0.0,61.3917014289115,0.0,11.0852985710885,468.76285749027625,0.0,20.463900476303834,0.0,0.0,0.0,0.0,0.0
5783,scenario_1,20.776,0.0,20.776,0.0,0.0,457.2156714787257,0.0,6.925333333333334,0.0,0.0,0.0,0.0,0.0
5784,scenario_1,19.558,0.0,19.558,0.0,0.0,457.2156714787257,0.0,6.519333333333333,0.0,0.0,0.0,0.0,0.0
5785,scenario_1,42.501,0.0,42.501,0.0,0.0,457.2156714787257,0.0,14.167,0.0,0.0,0.0,0.0,0.0
5786,scenario_1,45.024,0.0,45.024,0.0,0.0,457.2156714787257,0.0,15.008000000000001,0.0,0.0,0.0,0.0,0.0
5787,scenario_1,5.258,0.0,5.258,0.0,0.0,457.2156714787257,0.0,1.7526666666666666,0.0,0.0,0.0,0.0,0.0
5788,scenario_1,52.968,0.0,52.968,0.0,0.0,457.2156714787257,0.0,17.656000000000002,0.0,0.0,0.0,0.0,0.0
5789,scenario_1,62.413,0.0,61.3917014289115,0.0,1.0212985710884936,457.2156714787257,0.0,20.463900476303834,0.0,0.0,0.0,0.0,0.0
5790,scenario_1,118.376,27.1496200053077,61.3917014289115,0.0,29.834678565780806,456.1518188005085,0.0,20.463900476303834,0.0,0.0,0.0,0.0,27.1496200053077
5791,scenario_1,225.395,134.25186976671378,61.3917014289115,0.0,29.751428804374726,425.07402862782016,0.0,20.463900476303834,0.0,0.0,0.0,0.0,134.25186976671378
5792,scenario_1,271.296,271.296,0.0,0.0,0.0,394.0829569565965,0.0,0.0,0.0,0.0,0.0,0.0,271.296
5793,scenario_1,241.467,324.4318330434942,0.0,82.96483304349414,0.0,394.0829569565965,0.0,0.0,0.0,0.0,0.0,0.0,324.4318330434942
5794,scenario_1,145.737,539.8199569565966,0.0,394.0829569565966,0.0,472.8995483479159,0.0,0.0,0.0,0.0,0.0,0.0,539.8199569565966
5795,scenario_1,113.335,507.4179569565966,0.0,394.0829569565966,0.0,847.2783574566827,0.0,0.0,0.0,0.0,0.0,0.0,507.4179569565966
5796,scenario_1,98.397,492.4799569565966,0.0,394.0829569565966,0.0,1221.6571665654494,0.0,0.0,0.0,0.0,0.0,0.0,492.4799569565966
5797,scenario_1,10.566,10.566,0.0,0.0,0.0,1596.0359756742162,0.0,0.0,0.0,0.0,0.0,0.0,10.566
5798,scenario_1,105.608,499.6909569565966,0.0,394.0829569565966,0.0,1596.0359756742162,0.0,0.0,0.0,0.0,0.0,0.0,499.6909569565966
5799,scenario_1,135.776,135.776,0.0,0.0,0.0,1970.414784782983,0.0,0.0,0.0,0.0,0.0,0.0,135.776
5800,scenario_1,142.857,142.857,0.0,0.0,0.0,1970.414784782983,0.0,0.0,0.0,0.0,0.0,0.0,142.857
5801,scenario_1,191.932,47.914164366944824,61.3917014289115,0.0,82.62613420414367,1970.414784782983,0.0,20.463900476303834,0.0,0.0,0.0,0.0,47.914164366944824
5802,scenario_1,274.471,0.0,8.05349421099288,0.0,266.4175057890071,1884.3458949869998,0.0,2.68449807033096,0.0,0.0,0.0,0.0,0.0
5803,scenario_1,308.354,0.0,0.0,0.0,308.354,1606.8276597901174,0.0,0.0,0.0,0.0,0.0,0.0,0.0
5804,scenario_1,255.489,0.0,0.0,0.0,255.489,1285.625576456784,0.0,0.0,0.0,0.0,0.0,0.0,0.0
5805,scenario_1,165.165,0.0,0.0,0.0,165.165,1019.491201456784,0.0,0.0,0.0,0.0,0.0,0.0,0.0
5806,scenario_1,7.23,0.0,0.0,0.0,7.23,847.444326456784,0.0,0.0,0.0,0.0,0.0,0.0,0.0
5807,scenario_1,24.269,0.0,0.0,0.0,24.269,839.913076456784,0.0,0.0,0.0,0.0,0.0,0.0,0.0
5808,scenario_1,39.176,0.0,0.0,0.0,39.176,814.6328681234506,0.0,0.0,0.0,0.0,0.0,0.0,0.0
5809,scenario_1,42.532,0.0,0.0,0.0,42.532,773.8245347901172,0.0,0.0,0.0,0.0,0.0,0.0,0.0
5810,scenario_1,41.916,0.0,0.0,0.0,41.916,729.5203681234506,0.0,0.0,0.0,0.0,0.0,0.0,0.0
5811,scenario_1,43.618,0.0,0.0,0.0,43.618,685.8578681234505,0.0,0.0,0.0,0.0,0.0,0.0,0.0
5812,scenario_1,53.307,0.0,0.0,0.0,53.307,640.4224514567838,0.0,0.0,0.0,0.0,0.0,0.0,0.0
5813,scenario_1,71.829,0.0,61.3917014289115,0.0,10.43729857108849,584.8943264567838,0.0,20.463900476303834,0.0,0.0,0.0,0.0,0.0
5814,scenario_1,121.565,29.402664408183277,0.0,0.0,92.16233559181671,574.0221404452333,0.0,0.0,0.0,0.0,0.0,0.0,29.402664408183277
5815,scenario_1,226.899,177.16410157901205,0.0,0.0,49.734898420987946,478.0197075370908,0.0,0.0,0.0,0.0,0.0,0.0,177.16410157901205
5816,scenario_1,281.028,250.18361786371338,0.0,0.0,30.84438213628664,426.21252168189505,0.0,0.0,0.0,0.0,0.0,0.0,250.18361786371338
5817,scenario_1,211.571,211.571,0.0,0.0,0.0,394.0829569565965,0.0,0.0,0.0,0.0,0.0,0.0,211.571
5818,scenario_1,151.493,545.5759569565967,0.0,394.0829569565966,0.0,394.0829569565965,0.0,0.0,0.0,0.0,0.0,0.0,545.5759569565967
5819,scenario_1,103.181,497.2639569565966,0.0,394.0829569565966,0.0,768.4617660653632,0.0,0.0,0.0,0.0,0.0,0.0,497.2639569565966
5820,scenario_1,92.216,482.2993854387295,0.0,390.08338543872947,0.0,1142.84057517413,0.0,0.0,0.0,0.0,0.0,0.0,482.2993854387295
5821,scenario_1,127.751,127.751,0.0,0.0,0.0,1513.419791340923,0.0,0.0,0.0,0.0,0.0,0.0,127.751
5822,scenario_1,118.274,512.3569569565966,0.0,394.0829569565966,0.0,1513.419791340923,0.0,0.0,0.0,0.0,0.0,0.0,512.3569569565966
5823,scenario_1,115.776,202.74040456136123,0.0,86.96440456136125,0.0,1887.7986004496897,0.0,0.0,0.0,0.0,0.0,0.0,202.74040456136123
5824,scenario_1,156.358,156.358,0.0,0.0,0.0,1970.414784782983,0.0,0.0,0.0,0.0,0.0,0.0,156.358
5825,scenario_1,184.052,41.51169069699722,61.3917014289115,0.0,81.14860787409127,1970.414784782983,0.0,20.463900476303834,0.0,0.0,0.0,0.0,41.51169069699722
5826,scenario_1,238.544,0.0,61.3917014289115,0.0,177.15229857108852,1885.884984914138,0.0,20.463900476303834,0.0,0.0,0.0,0.0,0.0
5827,scenario_1,301.355,0.0,61.3917014289115,0.0,239.9632985710885,1701.351340569254,0.0,20.463900476303834,0.0,0.0,0.0,0.0,0.0
5828,scenario_1,260.669,0.0,61.3917014289115,0.0,199.27729857108847,1451.3895712243702,0.0,20.463900476303834,0.0,0.0,0.0,0.0,0.0
5829,scenario_1,160.601,0.0,61.3917014289115,0.0,99.2092985710885,1243.8090518794863,0.0,20.463900476303834,0.0,0.0,0.0,0.0,0.0
5830,scenario_1,93.004,0.0,61.3917014289115,0.0,31.612298571088502,1140.4660325346024,0.0,20.463900476303834,0.0,0.0,0.0,0.0,0.0
5831,scenario_1,50.213,0.0,38.91105830373735,0.0,11.301941696262656,1107.5365548563852,0.0,12.97035276791245,0.0,0.0,0.0,0.0,0.0
5832,scenario_1,39.922,0.0,39.922,0.0,0.0,1095.7636989227783,0.0,13.307333333333332,0.0,0.0,0.0,0.0,0.0
5833,scenario_1,47.662,0.0,47.662,0.0,0.0,1095.7636989227783,0.0,15.887333333333332,0.0,0.0,0.0,0.0,0.0
5834,scenario_1,47.391,0.0,47.391,0.0,0.0,1095.7636989227783,0.0,15.796999999999999,0.0,0.0,0.0,0.0,0.0
5835,scenario_1,55.783,0.0,55.783,0.0,0.0,1095.7636989227783,0.0,18.594333333333335,0.0,0.0,0.0,0.0,0.0
5836,scenario_1,61.425,0.0,61.3917014289115,0.0,0.0332985710884941,1095.7636989227783,0.0,20.463900476303834,0.0,0.0,0.0,0.0,0.0
5837,scenario_1,85.347,0.0,61.3917014289115,0.0,23.95529857108849,1095.7290129112278,0.0,20.463900476303834,0.0,0.0,0.0,0.0,0.0
5838,scenario_1,131.164,5.871833868498141,61.3917014289115,0.0,63.90046470259034,1070.7755768996772,0.0,20.463900476303834,0.0,0.0,0.0,0.0,5.871833868498141
5839,scenario_1,196.221,16.484629897487373,61.3917014289115,0.0,118.34466867360113,1004.212592834479,0.0,20.463900476303834,0.0,0.0,0.0,0.0,16.484629897487373
5840,scenario_1,216.741,24.887876589293597,61.3917014289115,0.0,130.4614219817949,880.9368962994778,0.0,20.463900476303834,0.0,0.0,0.0,0.0,24.887876589293597
5841,scenario_1,179.531,53.95997849821328,61.3917014289115,0.0,64.17932007287523,745.0395817351081,0.0,20.463900476303834,0.0,0.0,0.0,0.0,53.95997849821328
5842,scenario_1,138.801,170.01351277915208,0.0,31.212512779152092,0.0,678.186123325863,0.0,0.0,0.0,0.0,0.0,0.0,170.01351277915208
5843,scenario_1,124.594,417.7179118983884,0.0,293.1239118983884,0.0,707.8380104660575,0.0,0.0,0.0,0.0,0.0,0.0,417.7179118983884
5844,scenario_1,14.854,408.9369569565966,0.0,394.0829569565966,0.0,986.3057267695265,0.0,0.0,0.0,0.0,0.0,0.0,408.9369569565966
5845,scenario_1,14.444,408.5269569565966,0.0,394.0829569565966,0.0,1360.6845358782932,0.0,0.0,0.0,0.0,0.0,0.0,408.5269569565966
5846,scenario_1,144.013,391.7513576799189,0.0,247.7383576799189,0.0,1735.06334498706,0.0,0.0,0.0,0.0,0.0,0.0,391.7513576799189
5847,scenario_1,155.145,131.41599148355763,4.498992895318622,0.0,19.230015621123748,1970.414784782983,0.0,1.4996642984395407,0.0,0.0,0.0,0.0,131.41599148355763
5848,scenario_1,186.082,78.46509850941219,61.3917014289115,0.0,46.225200061676304,1950.383518510979,0.0,20.463900476303834,0.0,0.0,0.0,0.0,78.46509850941219
5849,scenario_1,218.775,10.847669383729157,61.3917014289115,0.0,146.53562918735935,1902.2322684467329,0.0,20.463900476303834,0.0,0.0,0.0,0.0,10.847669383729157
5850,scenario_1,223.876,0.0,61.3917014289115,0.0,162.48429857108852,1749.5909880432334,0.0,20.463900476303834,0.0,0.0,0.0,0.0,0.0
5851,scenario_1,216.641,0.0,61.3917014289115,0.0,155.2492985710885,1580.3365103650162,0.0,20.463900476303834,0.0,0.0,0.0,0.0,0.0
5852,scenario_1,185.399,0.0,61.3917014289115,0.0,124.0072985710885,1418.6184910201323,0.0,20.463900476303834,0.0,0.0,0.0,0.0,0.0
5853,scenario_1,112.467,0.0,61.3917014289115,0.0,51.075298571088496,1289.4442216752484,0.0,20.463900476303834,0.0,0.0,0.0,0.0,0.0
5854,scenario_1,66.906,0.0,61.3917014289115,0.0,5.514298571088503,1236.2407856636978,0.0,20.463900476303834,0.0,0.0,0.0,0.0,0.0
5855,scenario_1,52.724,0.0,52.724,0.0,0.0,1230.4967246521473,0.0,17.574666666666666,0.0,0.0,0.0,0.0,0.0
5856,scenario_1,20.983,0.0,0.0,0.0,20.983,1230.4967246521473,0.0,0.0,0.0,0.0,0.0,0.0,0.0
5857,scenario_1,18.854,0.0,18.854,0.0,0.0,1208.6394329854807,0.0,6.284666666666666,0.0,0.0,0.0,0.0,0.0
5858,scenario_1,20.155,0.0,20.155,0.0,0.0,1208.6394329854807,0.0,6.718333333333334,0.0,0.0,0.0,0.0,0.0
5859,scenario_1,37.372,0.0,37.372,0.0,0.0,1208.6394329854807,0.0,12.457333333333333,0.0,0.0,0.0,0.0,0.0
5860,scenario_1,51.268,0.0,51.268,0.0,0.0,1208.6394329854807,0.0,17.089333333333332,0.0,0.0,0.0,0.0,0.0
5861,scenario_1,90.274,0.0,61.3917014289115,0.0,28.882298571088498,1208.6394329854807,0.0,20.463900476303834,0.0,0.0,0.0,0.0,0.0
5862,scenario_1,13.584,19.233518049258354,0.0,5.649518049258354,0.0,1178.5537053072635,0.0,0.0,0.0,0.0,0.0,0.0,19.233518049258354
5863,scenario_1,197.735,91.5571132828784,61.3917014289115,0.0,44.786185288210106,1183.920747454059,0.0,20.463900476303834,0.0,0.0,0.0,0.0,91.5571132828784
5864,scenario_1,227.362,93.83625472516954,61.3917014289115,0.0,72.13404384591895,1137.2684711121735,0.0,20.463900476303834,0.0,0.0,0.0,0.0,93.83625472516954
5865,scenario_1,207.961,168.98702922880722,38.973970771192796,0.0,0.0,1062.128842106008,0.0,12.991323590397599,0.0,0.0,0.0,0.0,168.98702922880722
5866,scenario_1,165.133,46.522322264782304,61.3917014289115,0.0,57.2189763063062,1062.128842106008,0.0,20.463900476303834,0.0,0.0,0.0,0.0,46.522322264782304
5867,scenario_1,150.763,51.36767258293558,0.0,0.0,99.39532741706442,1002.5257417869392,0.0,0.0,0.0,0.0,0.0,0.0,51.36767258293558
5868,scenario_1,117.304,51.39376962235113,61.3917014289115,0.0,4.518528948737369,898.9889423941637,0.0,20.463900476303834,0.0,0.0,0.0,0.0,51.39376962235113
5869,scenario_1,147.588,67.26076958700388,61.3917014289115,0.0,18.935528984084613,894.2821414058956,0.0,20.463900476303834,0.0,0.0,0.0,0.0,67.26076958700388
5870,scenario_1,122.194,118.51535499913876,3.6786450008612377,0.0,0.0,874.5576320474742,0.0,1.2262150002870793,0.0,0.0,0.0,0.0,118.51535499913876
5871,scenario_1,140.268,303.3084911006291,0.0,163.0404911006291,0.0,874.5576320474742,0.0,0.0,0.0,0.0,0.0,0.0,303.3084911006291
5872,scenario_1,181.465,134.79120858130176,46.673791418698244,0.0,0.0,1029.4460985930718,0.0,15.557930472899415,0.0,0.0,0.0,0.0,134.79120858130176
5873,scenario_1,211.063,22.33906573970848,61.3917014289115,0.0,127.33223283138001,1029.4460985930718,0.0,20.463900476303834,0.0,0.0,0.0,0.0,22.33906573970848
5874,scenario_1,22.182,0.0,22.182,0.0,0.0,896.8083560603843,0.0,7.393999999999999,0.0,0.0,0.0,0.0,0.0
5875,scenario_1,214.851,0.0,61.3917014289115,0.0,153.45929857108848,896.8083560603843,0.0,20.463900476303834,0.0,0.0,0.0,0.0,0.0
5876,scenario_1,174.638,0.0,61.3917014289115,0.0,113.2462985710885,736.9549200488339,0.0,20.463900476303834,0.0,0.0,0.0,0.0,0.0
5877,scenario_1,116.676,0.0,61.3917014289115,0.0,55.2842985710885,618.99002570395,0.0,20.463900476303834,0.0,0.0,0.0,0.0,0.0
5878,scenario_1,63.372,0.0,61.3917014289115,0.0,1.9802985710884968,561.4022146923994,0.0,20.463900476303834,0.0,0.0,0.0,0.0,0.0
5879,scenario_1,38.459,0.0,38.459,0.0,0.0,559.3394036808489,0.0,12.819666666666668,0.0,0.0,0.0,0.0,0.0
5880,scenario_1,1.914,0.0,0.0,0.0,1.914,559.3394036808489,0.0,0.0,0.0,0.0,0.0,0.0,0.0
5881,scenario_1,34.214,0.0,34.214,0.0,0.0,557.345653680849,0.0,11.404666666666666,0.0,0.0,0.0,0.0,0.0
5882,scenario_1,41.023,0.0,41.023,0.0,0.0,557.345653680849,0.0,13.674333333333335,0.0,0.0,0.0,0.0,0.0
5883,scenario_1,47.097,0.0,47.097,0.0,0.0,557.345653680849,0.0,15.699,0.0,0.0,0.0,0.0,0.0
5884,scenario_1,49.931,0.0,0.0,0.0,49.931,557.345653680849,0.0,0.0,0.0,0.0,0.0,0.0,0.0
5885,scenario_1,71.914,0.0,61.3917014289115,0.0,10.522298571088498,505.3341953475156,0.0,20.463900476303834,0.0,0.0,0.0,0.0,0.0
5886,scenario_1,132.046,0.7133190773582926,61.3917014289115,0.0,69.94097949373018,494.3734676692984,0.0,20.463900476303834,0.0,0.0,0.0,0.0,0.7133190773582926
5887,scenario_1,257.082,169.35238778062487,61.3917014289115,0.0,26.337910790463624,421.51828069666277,0.0,20.463900476303834,0.0,0.0,0.0,0.0,169.35238778062487
5888,scenario_1,240.912,349.77861928658035,0.0,108.86661928658035,0.0,394.0829569565965,0.0,0.0,0.0,0.0,0.0,0.0,349.77861928658035
5889,scenario_1,199.618,426.8605747069685,0.0,227.24257470696853,0.0,497.5062452788478,0.0,0.0,0.0,0.0,0.0,0.0,426.8605747069685
5890,scenario_1,140.911,140.911,0.0,0.0,0.0,713.386691250468,0.0,0.0,0.0,0.0,0.0,0.0,140.911
5891,scenario_1,95.982,490.0649569565966,0.0,394.0829569565966,0.0,713.386691250468,0.0,0.0,0.0,0.0,0.0,0.0,490.0649569565966
5892,scenario_1,10.055,404.1379569565966,0.0,394.0829569565966,0.0,1087.7655003592347,0.0,0.0,0.0,0.0,0.0,0.0,404.1379569565966
5893,scenario_1,131.022,525.1049569565967,0.0,394.0829569565966,0.0,1462.1443094680014,0.0,0.0,0.0,0.0,0.0,0.0,525.1049569565967
5894,scenario_1,102.428,102.428,0.0,0.0,0.0,1836.5231185767682,0.0,0.0,0.0,0.0,0.0,0.0,102.428
5895,scenario_1,141.541,282.4795960065418,0.0,140.93859600654181,0.0,1836.5231185767682,0.0,0.0,0.0,0.0,0.0,0.0,282.4795960065418
5896,scenario_1,142.763,142.763,0.0,0.0,0.0,1970.414784782983,0.0,0.0,0.0,0.0,0.0,0.0,142.763
5897,scenario_1,167.049,37.423154521894816,0.0,0.0,129.6258454781052,1970.414784782983,0.0,0.0,0.0,0.0,0.0,0.0,37.423154521894816
5898,scenario_1,243.934,0.0,61.3917014289115,0.0,182.5422985710885,1835.3878624099566,0.0,20.463900476303834,0.0,0.0,0.0,0.0,0.0
5899,scenario_1,312.062,0.0,61.3917014289115,0.0,250.6702985710885,1645.2396347317394,0.0,20.463900476303834,0.0,0.0,0.0,0.0,0.0
5900,scenario_1,260.312,0.0,61.3917014289115,0.0,198.9202985710885,1384.1247403868556,0.0,20.463900476303834,0.0,0.0,0.0,0.0,0.0
5901,scenario_1,180.453,0.0,61.3917014289115,0.0,119.0612985710885,1176.9160960419717,0.0,20.463900476303834,0.0,0.0,0.0,0.0,0.0
5902,scenario_1,78.787,0.0,0.0,0.0,78.787,1052.8939100304212,0.0,0.0,0.0,0.0,0.0,0.0,0.0
5903,scenario_1,38.691,0.0,0.0,0.0,38.691,970.8241183637546,0.0,0.0,0.0,0.0,0.0,0.0,0.0
5904,scenario_1,37.305,0.0,37.305,0.0,0.0,930.5209933637545,0.0,12.435,0.0,0.0,0.0,0.0,0.0
5905,scenario_1,44.905,0.0,0.0,0.0,44.905,930.5209933637545,0.0,0.0,0.0,0.0,0.0,0.0,0.0
5906,scenario_1,49.228,0.0,0.0,0.0,49.228,883.7449516970879,0.0,0.0,0.0,0.0,0.0,0.0,0.0
5907,scenario_1,4.947,0.0,0.0,0.0,4.947,832.4657850304212,0.0,0.0,0.0,0.0,0.0,0.0,0.0
5908,scenario_1,59.367,0.0,0.0,0.0,59.367,827.3126600304212,0.0,0.0,0.0,0.0,0.0,0.0,0.0
5909,scenario_1,99.328,0.0,61.3917014289115,0.0,37.9362985710885,765.4720350304211,0.0,20.463900476303834,0.0,0.0,0.0,0.0,0.0
5910,scenario_1,126.138,16.615115094565105,61.3917014289115,0.0,48.13118347652339,725.955057352204,0.0,20.463900476303834,0.0,0.0,0.0,0.0,16.615115094565105
5911,scenario_1,220.572,18.894256536856236,0.0,0.0,201.67774346314377,675.8184078974921,0.0,0.0,0.0,0.0,0.0,0.0,18.894256536856236
5912,scenario_1,264.714,185.54125123140273,10.384459328481313,0.0,68.78828944011596,465.73742512338396,0.0,3.461486442827104,0.0,0.0,0.0,0.0,185.54125123140273
5913,scenario_1,207.149,207.149,0.0,0.0,0.0,394.0829569565965,0.0,0.0,0.0,0.0,0.0,0.0,207.149
5914,scenario_1,122.545,516.6279569565966,0.0,394.0829569565966,0.0,394.0829569565965,0.0,0.0,0.0,0.0,0.0,0.0,516.6279569565966
5915,scenario_1,10.557,404.6399569565966,0.0,394.0829569565966,0.0,768.4617660653632,0.0,0.0,0.0,0.0,0.0,0.0,404.6399569565966
5916,scenario_1,102.163,496.2459569565966,0.0,394.0829569565966,0.0,1142.84057517413,0.0,0.0,0.0,0.0,0.0,0.0,496.2459569565966
5917,scenario_1,112.917,112.917,0.0,0.0,0.0,1517.2193842828967,0.0,0.0,0.0,0.0,0.0,0.0,112.917
5918,scenario_1,134.378,513.0938919490752,0.0,378.7158919490752,0.0,1517.2193842828967,0.0,0.0,0.0,0.0,0.0,0.0,513.0938919490752
5919,scenario_1,138.209,236.54089805101557,0.0,98.33189805101556,0.0,1876.9994816345181,0.0,0.0,0.0,0.0,0.0,0.0,236.54089805101557
5920,scenario_1,146.017,146.017,0.0,0.0,0.0,1970.414784782983,0.0,0.0,0.0,0.0,0.0,0.0,146.017
5921,scenario_1,190.613,26.010049284162132,0.0,0.0,164.60295071583786,1970.414784782983,0.0,0.0,0.0,0.0,0.0,0.0,26.010049284162132
5922,scenario_1,242.026,0.0,61.3917014289115,0.0,180.6342985710885,1798.9533777873185,0.0,20.463900476303834,0.0,0.0,0.0,0.0,0.0
5923,scenario_1,245.409,0.0,0.0,0.0,245.409,1610.7926501091013,0.0,0.0,0.0,0.0,0.0,0.0,0.0
5924,scenario_1,223.979,0.0,61.3917014289115,0.0,162.58729857108852,1355.1582751091012,0.0,20.463900476303834,0.0,0.0,0.0,0.0,0.0
5925,scenario_1,158.904,0.0,48.688610516341356,0.0,110.21538948365864,1185.7965057642173,0.0,16.22953683878045,0.0,0.0,0.0,0.0,0.0
5926,scenario_1,72.555,0.0,0.0,0.0,72.555,1070.9888083854062,0.0,0.0,0.0,0.0,0.0,0.0,0.0
5927,scenario_1,38.803,0.0,0.0,0.0,38.803,995.4106833854061,0.0,0.0,0.0,0.0,0.0,0.0,0.0
5928,scenario_1,39.168,0.0,0.0,0.0,39.168,954.9908917187394,0.0,0.0,0.0,0.0,0.0,0.0,0.0
5929,scenario_1,45.247,0.0,45.247,0.0,0.0,914.1908917187394,0.0,15.082333333333333,0.0,0.0,0.0,0.0,0.0
5930,scenario_1,46.742,0.0,0.0,0.0,46.742,914.1908917187394,0.0,0.0,0.0,0.0,0.0,0.0,0.0
5931,scenario_1,54.995,0.0,0.0,0.0,54.995,865.5013083854061,0.0,0.0,0.0,0.0,0.0,0.0,0.0
5932,scenario_1,54.123,0.0,0.0,0.0,54.123,808.2148500520727,0.0,0.0,0.0,0.0,0.0,0.0,0.0
5933,scenario_1,7.043,0.0,0.0,0.0,7.043,751.8367250520728,0.0,0.0,0.0,0.0,0.0,0.0,0.0
5934,scenario_1,123.495,29.855013091386102,0.0,0.0,93.6399869086139,744.5002667187395,0.0,0.0,0.0,0.0,0.0,0.0,29.855013091386102
5935,scenario_1,222.112,83.95417579981563,0.0,0.0,138.15782420018436,646.9586136889333,0.0,0.0,0.0,0.0,0.0,0.0,83.95417579981563
5936,scenario_1,258.036,153.43319373714104,0.0,0.0,104.60280626285896,503.0442134804079,0.0,0.0,0.0,0.0,0.0,0.0,153.43319373714104
5937,scenario_1,21.276,21.276,0.0,0.0,0.0,394.0829569565965,0.0,0.0,0.0,0.0,0.0,0.0,21.276
5938,scenario_1,12.295,406.3779569565966,0.0,394.0829569565966,0.0,394.0829569565965,0.0,0.0,0.0,0.0,0.0,0.0,406.3779569565966
5939,scenario_1,112.986,507.0689569565966,0.0,394.0829569565966,0.0,768.4617660653632,0.0,0.0,0.0,0.0,0.0,0.0,507.0689569565966
5940,scenario_1,107.984,502.0669569565966,0.0,394.0829569565966,0.0,1142.84057517413,0.0,0.0,0.0,0.0,0.0,0.0,502.0669569565966
5941,scenario_1,99.038,493.1209569565966,0.0,394.0829569565966,0.0,1517.2193842828967,0.0,0.0,0.0,0.0,0.0,0.0,493.1209569565966
5942,scenario_1,124.929,124.929,0.0,0.0,0.0,1891.5981933916635,0.0,0.0,0.0,0.0,0.0,0.0,124.929
5943,scenario_1,144.301,206.8799304601819,0.0,62.57893046018191,0.0,1891.5981933916635,0.0,0.0,0.0,0.0,0.0,0.0,206.8799304601819
5944,scenario_1,157.379,177.76490258331216,0.0,20.38590258331217,0.0,1951.0481773288363,0.0,0.0,0.0,0.0,0.0,0.0,177.76490258331216
5945,scenario_1,189.483,41.94664135392301,61.3917014289115,0.0,86.14465721716549,1970.414784782983,0.0,20.463900476303834,0.0,0.0,0.0,0.0,41.94664135392301
5946,scenario_1,288.893,0.0,0.0,0.0,288.893,1880.6807668484355,0.0,0.0,0.0,0.0,0.0,0.0,0.0
5947,scenario_1,295.799,0.0,0.0,0.0,295.799,1579.750558515102,0.0,0.0,0.0,0.0,0.0,0.0,0.0
5948,scenario_1,212.611,0.0,61.3917014289115,0.0,151.21929857108847,1271.6266001817687,0.0,20.463900476303834,0.0,0.0,0.0,0.0,0.0
5949,scenario_1,134.229,0.0,0.0,0.0,134.229,1114.1064975035515,0.0,0.0,0.0,0.0,0.0,0.0,0.0
5950,scenario_1,54.572,0.0,0.0,0.0,54.572,974.2846225035514,0.0,0.0,0.0,0.0,0.0,0.0,0.0
5951,scenario_1,20.587,0.0,0.0,0.0,20.587,917.4387891702181,0.0,0.0,0.0,0.0,0.0,0.0,0.0
5952,scenario_1,38.675,0.0,0.0,0.0,38.675,895.9939975035514,0.0,0.0,0.0,0.0,0.0,0.0,0.0
5953,scenario_1,45.417,0.0,0.0,0.0,45.417,855.7075391702181,0.0,0.0,0.0,0.0,0.0,0.0,0.0
5954,scenario_1,51.604,0.0,51.604,0.0,0.0,808.398164170218,0.0,17.201333333333334,0.0,0.0,0.0,0.0,0.0
5955,scenario_1,56.197,0.0,0.0,0.0,56.197,808.398164170218,0.0,0.0,0.0,0.0,0.0,0.0,0.0
5956,scenario_1,6.772,0.0,0.0,0.0,6.772,749.8596225035513,0.0,0.0,0.0,0.0,0.0,0.0,0.0
5957,scenario_1,65.756,0.0,61.3917014289115,0.0,4.364298571088497,742.8054558368847,0.0,20.463900476303834,0.0,0.0,0.0,0.0,0.0
5958,scenario_1,113.448,30.60312822129846,0.0,0.0,82.84487177870153,738.2593114920008,0.0,0.0,0.0,0.0,0.0,0.0,30.60312822129846
5959,scenario_1,213.502,0.0,57.94674125028314,0.0,155.55525874971687,651.9625700558535,0.0,19.315580416761048,0.0,0.0,0.0,0.0,0.0
5960,scenario_1,279.499,187.48983017443024,0.0,0.0,92.00916982556978,489.92584219156504,0.0,0.0,0.0,0.0,0.0,0.0,187.48983017443024
5961,scenario_1,239.547,345.88146140052527,0.0,106.33446140052527,0.0,394.0829569565965,0.0,0.0,0.0,0.0,0.0,0.0,345.88146140052527
5962,scenario_1,16.759,336.33864398757345,0.0,319.57964398757343,0.0,495.1006952870955,0.0,0.0,0.0,0.0,0.0,0.0,336.33864398757345
5963,scenario_1,102.028,102.028,0.0,0.0,0.0,798.7013570752903,0.0,0.0,0.0,0.0,0.0,0.0,102.028
5964,scenario_1,102.427,496.5099569565966,0.0,394.0829569565966,0.0,798.7013570752903,0.0,0.0,0.0,0.0,0.0,0.0,496.5099569565966
5965,scenario_1,111.266,505.3489569565966,0.0,394.0829569565966,0.0,1173.080166184057,0.0,0.0,0.0,0.0,0.0,0.0,505.3489569565966
5966,scenario_1,133.381,523.6109988335409,0.0,390.2299988335409,0.0,1547.4589752928237,0.0,0.0,0.0,0.0,0.0,0.0,523.6109988335409
5967,scenario_1,163.597,218.5836427350478,0.0,54.986642735047774,0.0,1918.1774741846875,0.0,0.0,0.0,0.0,0.0,0.0,218.5836427350478
5968,scenario_1,164.199,164.199,0.0,0.0,0.0,1970.414784782983,0.0,0.0,0.0,0.0,0.0,0.0,164.199
5969,scenario_1,204.393,39.023772939381715,0.0,0.0,165.3692270606183,1970.414784782983,0.0,0.0,0.0,0.0,0.0,0.0,39.023772939381715
5970,scenario_1,276.746,0.0,61.3917014289115,0.0,215.35429857108846,1798.1551732615055,0.0,20.463900476303834,0.0,0.0,0.0,0.0,0.0
5971,scenario_1,295.894,0.0,61.3917014289115,0.0,234.5022985710885,1573.8277789166218,0.0,20.463900476303834,0.0,0.0,0.0,0.0,0.0
5972,scenario_1,234.048,0.0,61.3917014289115,0.0,172.65629857108848,1329.5545512384047,0.0,20.463900476303834,0.0,0.0,0.0,0.0,0.0
5973,scenario_1,152.378,0.0,61.3917014289115,0.0,90.98629857108848,1149.7042402268542,0.0,20.463900476303834,0.0,0.0,0.0,0.0,0.0
5974,scenario_1,81.809,0.0,0.0,0.0,81.809,1054.9268458819704,0.0,0.0,0.0,0.0,0.0,0.0,0.0
5975,scenario_1,45.709,0.0,0.0,0.0,45.709,969.709137548637,0.0,0.0,0.0,0.0,0.0,0.0,0.0
5976,scenario_1,18.015,0.0,0.0,0.0,18.015,922.0955958819703,0.0,0.0,0.0,0.0,0.0,0.0,0.0
5977,scenario_1,42.926,0.0,42.926,0.0,0.0,903.3299708819703,0.0,14.308666666666667,0.0,0.0,0.0,0.0,0.0
5978,scenario_1,50.319,0.0,0.0,0.0,50.319,903.3299708819703,0.0,0.0,0.0,0.0,0.0,0.0,0.0
5979,scenario_1,49.937,0.0,0.0,0.0,49.937,850.9143458819703,0.0,0.0,0.0,0.0,0.0,0.0,0.0
5980,scenario_1,53.314,0.0,0.0,0.0,53.314,798.896637548637,0.0,0.0,0.0,0.0,0.0,0.0,0.0
5981,scenario_1,75.525,0.0,61.3917014289115,0.0,14.133298571088503,743.3612208819703,0.0,20.463900476303834,0.0,0.0,0.0,0.0,0.0
5982,scenario_1,13.178,4.819253278737733,0.0,0.0,8.358746721262268,728.6390348704198,0.0,0.0,0.0,0.0,0.0,0.0,4.819253278737733
5983,scenario_1,230.927,26.83645553232113,0.0,0.0,204.09054446767885,719.9320070357716,0.0,0.0,0.0,0.0,0.0,0.0,26.83645553232113
5984,scenario_1,26.411,58.48346533024147,0.0,32.07246533024147,0.0,507.3376898819394,0.0,0.0,0.0,0.0,0.0,0.0,58.48346533024147
5985,scenario_1,22.58,109.1552168620958,0.0,86.5752168620958,0.0,537.8065319456688,0.0,0.0,0.0,0.0,0.0,0.0,109.1552168620958
5986,scenario_1,13.445,185.03670846936882,0.0,171.59170846936883,0.0,620.0529879646598,0.0,0.0,0.0,0.0,0.0,0.0,185.03670846936882
5987,scenario_1,96.667,334.7467245832251,0.0,238.0797245832251,0.0,783.0651110105601,0.0,0.0,0.0,0.0,0.0,0.0,334.7467245832251
5988,scenario_1,105.866,285.0927575885771,0.0,179.22675758857713,0.0,1009.240849364624,0.0,0.0,0.0,0.0,0.0,0.0,285.0927575885771
5989,scenario_1,103.256,405.2348280446183,0.0,301.97882804461835,0.0,1179.5062690737723,0.0,0.0,0.0,0.0,0.0,0.0,405.2348280446183
5990,scenario_1,112.246,411.0109727685928,0.0,298.7649727685928,0.0,1466.3861557161597,0.0,0.0,0.0,0.0,0.0,0.0,411.0109727685928
5991,scenario_1,127.649,272.74885794502325,0.0,145.09985794502325,0.0,1750.212879846323,0.0,0.0,0.0,0.0,0.0,0.0,272.74885794502325
5992,scenario_1,185.632,33.87395716138038,0.0,0.0,151.75804283861962,1888.057744894095,0.0,0.0,0.0,0.0,0.0,0.0,33.87395716138038
5993,scenario_1,19.904,29.333072303075156,0.0,9.429072303075156,0.0,1729.976450270533,0.0,0.0,0.0,0.0,0.0,0.0,29.333072303075156
5994,scenario_1,262.898,0.0,0.0,0.0,262.898,1738.9340689584544,0.0,0.0,0.0,0.0,0.0,0.0,0.0
5995,scenario_1,289.959,0.0,61.3917014289115,0.0,228.5672985710885,1465.081985625121,0.0,20.463900476303834,0.0,0.0,0.0,0.0,0.0
5996,scenario_1,238.403,0.0,0.0,0.0,238.403,1226.9910496135703,0.0,0.0,0.0,0.0,0.0,0.0,0.0
5997,scenario_1,17.938,0.0,0.0,0.0,17.938,978.654591280237,0.0,0.0,0.0,0.0,0.0,0.0,0.0
5998,scenario_1,64.366,0.0,0.0,0.0,64.366,959.9691746135703,0.0,0.0,0.0,0.0,0.0,0.0,0.0
5999,scenario_1,2.455,0.0,0.0,0.0,2.455,892.9212579469037,0.0,0.0,0.0,0.0,0.0,0.0,0.0
6000,scenario_1,22.009,0.0,0.0,0.0,22.009,890.363966280237,0.0,0.0,0.0,0.0,0.0,0.0,0.0
6001,scenario_1,50.012,0.0,0.0,0.0,50.012,867.4379246135703,0.0,0.0,0.0,0.0,0.0,0.0,0.0
6002,scenario_1,58.221,0.0,58.221,0.0,0.0,815.342091280237,0.0,19.407,0.0,0.0,0.0,0.0,0.0
6003,scenario_1,57.105,0.0,22.26227918043194,0.0,34.84272081956806,815.342091280237,0.0,7.420759726810647,0.0,0.0,0.0,0.0,0.0
6004,scenario_1,70.717,0.0,0.0,0.0,70.717,779.0475904265203,0.0,0.0,0.0,0.0,0.0,0.0,0.0
6005,scenario_1,83.792,0.0,0.0,0.0,83.792,705.3840487598536,0.0,0.0,0.0,0.0,0.0,0.0,0.0
6006,scenario_1,129.768,10.456213792495946,0.0,0.0,119.31178620750406,618.1007154265203,0.0,0.0,0.0,0.0,0.0,0.0,10.456213792495946
6007,scenario_1,170.898,111.37346521241732,0.0,0.0,59.52453478758268,493.81760479370354,0.0,0.0,0.0,0.0,0.0,0.0,111.37346521241732
6008,scenario_1,206.439,301.14243682913866,0.0,94.70343682913867,0.0,431.8128810566382,0.0,0.0,0.0,0.0,0.0,0.0,301.14243682913866
6009,scenario_1,186.428,420.43200399760536,0.0,234.00400399760537,0.0,521.7811460443199,0.0,0.0,0.0,0.0,0.0,0.0,420.43200399760536
6010,scenario_1,148.677,199.41617718733536,0.0,50.73917718733537,0.0,744.084949842045,0.0,0.0,0.0,0.0,0.0,0.0,199.41617718733536
6011,scenario_1,130.328,99.25573991046485,0.0,0.0,31.07226008953515,792.2871681700136,0.0,0.0,0.0,0.0,0.0,0.0,99.25573991046485
6012,scenario_1,115.992,396.7445912214269,0.0,280.7525912214269,0.0,759.9202305767478,0.0,0.0,0.0,0.0,0.0,0.0,396.7445912214269
6013,scenario_1,128.074,435.91624738416346,0.0,307.84224738416344,0.0,1026.6351922371034,0.0,0.0,0.0,0.0,0.0,0.0,435.91624738416346
6014,scenario_1,13.989,408.0719569565966,0.0,394.0829569565966,0.0,1319.0853272520587,0.0,0.0,0.0,0.0,0.0,0.0,408.0719569565966
6015,scenario_1,158.817,388.35004354275924,0.0,229.53304354275923,0.0,1693.4641363608255,0.0,0.0,0.0,0.0,0.0,0.0,388.35004354275924
6016,scenario_1,209.434,194.34465252758068,0.0,0.0,15.08934747241932,1911.5205277264467,0.0,0.0,0.0,0.0,0.0,0.0,194.34465252758068
6017,scenario_1,221.557,40.354721949574625,61.3917014289115,0.0,119.81057662151387,1895.8024574426765,0.0,20.463900476303834,0.0,0.0,0.0,0.0,40.354721949574625
6018,scenario_1,254.354,0.0,61.3917014289115,0.0,192.96229857108852,1770.9997734619328,0.0,20.463900476303834,0.0,0.0,0.0,0.0,0.0
6019,scenario_1,233.817,0.0,61.3917014289115,0.0,172.4252985710885,1569.997379117049,0.0,20.463900476303834,0.0,0.0,0.0,0.0,0.0
6020,scenario_1,191.507,0.0,61.3917014289115,0.0,130.1152985710885,1390.3876931054983,0.0,20.463900476303834,0.0,0.0,0.0,0.0,0.0
6021,scenario_1,12.288,0.0,12.288,0.0,0.0,1254.8509237606145,0.0,4.096,0.0,0.0,0.0,0.0,0.0
6022,scenario_1,42.538,0.0,42.538,0.0,0.0,1254.8509237606145,0.0,14.179333333333332,0.0,0.0,0.0,0.0,0.0
6023,scenario_1,27.552,0.0,27.552,0.0,0.0,1254.8509237606145,0.0,9.184,0.0,0.0,0.0,0.0,0.0
6024,scenario_1,33.807,0.0,0.0,0.0,33.807,1254.8509237606145,0.0,0.0,0.0,0.0,0.0,0.0,0.0
6025,scenario_1,40.335,0.0,40.335,0.0,0.0,1219.6352987606144,0.0,13.445,0.0,0.0,0.0,0.0,0.0
6026,scenario_1,42.664,0.0,42.664,0.0,0.0,1219.6352987606144,0.0,14.221333333333334,0.0,0.0,0.0,0.0,0.0
6027,scenario_1,43.501,0.0,43.501,0.0,0.0,1219.6352987606144,0.0,14.500333333333332,0.0,0.0,0.0,0.0,0.0
6028,scenario_1,51.628,0.0,0.0,0.0,51.628,1219.6352987606144,0.0,0.0,0.0,0.0,0.0,0.0,0.0
6029,scenario_1,80.589,0.0,61.3917014289115,0.0,19.197298571088496,1165.8561320939477,0.0,20.463900476303834,0.0,0.0,0.0,0.0,0.0
6030,scenario_1,110.462,14.640439112122031,61.3917014289115,0.0,34.429859458966476,1145.8589460823973,0.0,20.463900476303834,0.0,0.0,0.0,0.0,14.640439112122031
6031,scenario_1,157.098,24.19195553821234,61.3917014289115,0.0,71.51434303287617,1109.994509145974,0.0,20.463900476303834,0.0,0.0,0.0,0.0,24.19195553821234
6032,scenario_1,20.984,58.63134855359625,0.0,37.647348553596245,0.0,1035.5004018200614,0.0,0.0,0.0,0.0,0.0,0.0,58.63134855359625
6033,scenario_1,198.065,191.73494858602592,0.0,0.0,6.330051413974076,1071.2653829459778,0.0,0.0,0.0,0.0,0.0,0.0,191.73494858602592
6034,scenario_1,164.448,308.97154865380287,0.0,144.52354865380286,0.0,1064.6715793897547,0.0,0.0,0.0,0.0,0.0,0.0,308.97154865380287
6035,scenario_1,130.623,339.5398808225473,0.0,208.91688082254728,0.0,1201.9689506108675,0.0,0.0,0.0,0.0,0.0,0.0,339.5398808225473
6036,scenario_1,124.021,360.80896794621833,0.0,236.78796794621832,0.0,1400.4399873922873,0.0,0.0,0.0,0.0,0.0,0.0,360.80896794621833
6037,scenario_1,134.788,248.71348464330418,0.0,113.92548464330417,0.0,1625.3885569411948,0.0,0.0,0.0,0.0,0.0,0.0,248.71348464330418
6038,scenario_1,158.617,376.82385113422583,0.0,218.20685113422584,0.0,1733.6177673523337,0.0,0.0,0.0,0.0,0.0,0.0,376.82385113422583
6039,scenario_1,146.588,148.9879980233595,0.0,2.399998023359501,0.0,1940.9142759298481,0.0,0.0,0.0,0.0,0.0,0.0,148.9879980233595
6040,scenario_1,163.387,121.37733032171043,0.0,0.0,42.00966967828957,1943.1942740520396,0.0,0.0,0.0,0.0,0.0,0.0,121.37733032171043
6041,scenario_1,220.689,26.827756519182614,61.3917014289115,0.0,132.46954205190588,1899.434201470488,0.0,20.463900476303834,0.0,0.0,0.0,0.0,26.827756519182614
6042,scenario_1,244.398,0.0,61.3917014289115,0.0,183.0062985710885,1761.4450951664194,0.0,20.463900476303834,0.0,0.0,0.0,0.0,0.0
6043,scenario_1,244.535,0.0,61.3917014289115,0.0,183.1432985710885,1570.8135341548689,0.0,20.463900476303834,0.0,0.0,0.0,0.0,0.0
6044,scenario_1,182.867,0.0,61.3917014289115,0.0,121.47529857108849,1380.039264809985,0.0,20.463900476303834,0.0,0.0,0.0,0.0,0.0
6045,scenario_1,105.172,0.0,61.3917014289115,0.0,43.780298571088494,1253.5024954651012,0.0,20.463900476303834,0.0,0.0,0.0,0.0,0.0
6046,scenario_1,78.595,0.0,61.3917014289115,0.0,17.203298571088496,1207.898017786884,0.0,20.463900476303834,0.0,0.0,0.0,0.0,0.0
6047,scenario_1,26.264,0.0,26.264,0.0,0.0,1189.9779151086668,0.0,8.754666666666667,0.0,0.0,0.0,0.0,0.0
6048,scenario_1,36.107,0.0,0.0,0.0,36.107,1189.9779151086668,0.0,0.0,0.0,0.0,0.0,0.0,0.0
6049,scenario_1,42.577,0.0,42.577,0.0,0.0,1152.3664567753335,0.0,14.192333333333332,0.0,0.0,0.0,0.0,0.0
6050,scenario_1,41.357,0.0,41.357,0.0,0.0,1152.3664567753335,0.0,13.785666666666666,0.0,0.0,0.0,0.0,0.0
6051,scenario_1,47.296,0.0,47.296,0.0,0.0,1152.3664567753335,0.0,15.765333333333333,0.0,0.0,0.0,0.0,0.0
6052,scenario_1,51.817,0.0,51.817,0.0,0.0,1152.3664567753335,0.0,17.272333333333332,0.0,0.0,0.0,0.0,0.0
6053,scenario_1,65.297,0.0,61.3917014289115,0.0,3.905298571088494,1152.3664567753335,0.0,20.463900476303834,0.0,0.0,0.0,0.0,0.0
6054,scenario_1,150.685,29.167791053443352,61.3917014289115,0.0,60.12550751764515,1148.2984374304497,0.0,20.463900476303834,0.0,0.0,0.0,0.0,29.167791053443352
6055,scenario_1,225.868,136.9137677870996,61.3917014289115,0.0,27.56253078398889,1085.6677004329026,0.0,20.463900476303834,0.0,0.0,0.0,0.0,136.9137677870996
6056,scenario_1,287.447,81.01390935899731,61.3917014289115,0.0,145.0413892120912,1056.9567308662474,0.0,20.463900476303834,0.0,0.0,0.0,0.0,81.01390935899731
6057,scenario_1,24.528,45.26966437283603,0.0,20.741664372836034,0.0,905.8719504369858,0.0,0.0,0.0,0.0,0.0,0.0,45.26966437283603
6058,scenario_1,149.337,344.96806502098116,0.0,195.63106502098117,0.0,925.57653159118,0.0,0.0,0.0,0.0,0.0,0.0,344.96806502098116
6059,scenario_1,103.024,272.7749549844388,0.0,169.7509549844388,0.0,1111.426043361112,0.0,0.0,0.0,0.0,0.0,0.0,272.7749549844388
6060,scenario_1,84.831,270.1739500560226,0.0,185.34295005602257,0.0,1272.689450596329,0.0,0.0,0.0,0.0,0.0,0.0,270.1739500560226
6061,scenario_1,94.112,253.28916555416347,0.0,159.17716555416348,0.0,1448.7652531495503,0.0,0.0,0.0,0.0,0.0,0.0,253.28916555416347
6062,scenario_1,117.414,197.3284140340916,0.0,79.91441403409159,0.0,1599.9835604260056,0.0,0.0,0.0,0.0,0.0,0.0,197.3284140340916
6063,scenario_1,126.296,31.02937986508573,61.3917014289115,0.0,33.874918706002774,1675.9022537583926,0.0,20.463900476303834,0.0,0.0,0.0,0.0,31.02937986508573
6064,scenario_1,140.226,51.141498241334176,61.3917014289115,0.0,27.69280032975432,1640.6158801063063,0.0,20.463900476303834,0.0,0.0,0.0,0.0,51.141498241334176
6065,scenario_1,200.547,22.904501593712006,61.3917014289115,0.0,116.25079697737648,1611.7692130961457,0.0,20.463900476303834,0.0,0.0,0.0,0.0,22.904501593712006
6066,scenario_1,269.301,0.0,61.3917014289115,0.0,207.90929857108847,1490.6746329113785,0.0,20.463900476303834,0.0,0.0,0.0,0.0,0.0
6067,scenario_1,279.186,0.0,61.3917014289115,0.0,217.79429857108846,1274.102446899828,0.0,20.463900476303834,0.0,0.0,0.0,0.0,0.0
6068,scenario_1,228.956,0.0,61.3917014289115,0.0,167.5642985710885,1047.2333858882776,0.0,20.463900476303834,0.0,0.0,0.0,0.0,0.0
6069,scenario_1,177.624,0.0,61.3917014289115,0.0,116.23229857108849,872.6872415433936,0.0,20.463900476303834,0.0,0.0,0.0,0.0,0.0
6070,scenario_1,86.192,0.0,61.3917014289115,0.0,24.80029857108849,751.6119305318431,0.0,20.463900476303834,0.0,0.0,0.0,0.0,0.0
6071,scenario_1,3.105,0.0,0.0,0.0,3.105,725.7782861869592,0.0,0.0,0.0,0.0,0.0,0.0,0.0
6072,scenario_1,35.877,0.0,0.0,0.0,35.877,722.5439111869592,0.0,0.0,0.0,0.0,0.0,0.0,0.0
6073,scenario_1,42.379,0.0,42.379,0.0,0.0,685.1720361869592,0.0,14.126333333333333,0.0,0.0,0.0,0.0,0.0
6074,scenario_1,45.658,0.0,45.658,0.0,0.0,685.1720361869592,0.0,15.219333333333333,0.0,0.0,0.0,0.0,0.0
6075,scenario_1,44.498,0.0,44.498,0.0,0.0,685.1720361869592,0.0,14.832666666666666,0.0,0.0,0.0,0.0,0.0
6076,scenario_1,52.856,0.0,52.856,0.0,0.0,685.1720361869592,0.0,17.618666666666666,0.0,0.0,0.0,0.0,0.0
6077,scenario_1,86.008,0.0,61.3917014289115,0.0,24.616298571088493,685.1720361869592,0.0,20.463900476303834,0.0,0.0,0.0,0.0,0.0
6078,scenario_1,121.775,7.507248338539104,61.3917014289115,0.0,52.8760502325494,659.5300585087421,0.0,20.463900476303834,0.0,0.0,0.0,0.0,7.507248338539104
6079,scenario_1,22.688,145.32571349204434,0.0,122.63771349204434,0.0,604.4508395165032,0.0,0.0,0.0,0.0,0.0,0.0,145.32571349204434
6080,scenario_1,254.163,124.80474149828565,61.3917014289115,0.0,67.96655707280287,720.9566673339452,0.0,20.463900476303834,0.0,0.0,0.0,0.0,124.80474149828565
6081,scenario_1,204.063,160.28801609029145,0.0,0.0,43.77498390970854,650.1581703831089,0.0,0.0,0.0,0.0,0.0,0.0,160.28801609029145
6082,scenario_1,139.751,303.813033862663,0.0,164.06203386266301,0.0,604.5592288104958,0.0,0.0,0.0,0.0,0.0,0.0,303.813033862663
6083,scenario_1,103.599,378.2852853414965,0.0,274.6862853414965,0.0,760.4181609800257,0.0,0.0,0.0,0.0,0.0,0.0,378.2852853414965
6084,scenario_1,92.777,331.85865222123783,0.0,239.08165222123785,0.0,1021.3701320544474,0.0,0.0,0.0,0.0,0.0,0.0,331.85865222123783
6085,scenario_1,106.936,429.3397934514455,0.0,322.4037934514455,0.0,1248.4977016646233,0.0,0.0,0.0,0.0,0.0,0.0,429.3397934514455
6086,scenario_1,127.548,49.906238375664934,61.3917014289115,0.0,16.250060195423558,1554.7813054434964,0.0,20.463900476303834,0.0,0.0,0.0,0.0,49.906238375664934
6087,scenario_1,148.817,61.05837321924214,61.3917014289115,0.0,26.366925351846362,1537.8541594065969,0.0,20.463900476303834,0.0,0.0,0.0,0.0,61.05837321924214
6088,scenario_1,143.575,132.21630069230108,0.0,0.0,11.358699307698913,1510.3886121650903,0.0,0.0,0.0,0.0,0.0,0.0,132.21630069230108
6089,scenario_1,184.551,22.65223021269505,61.3917014289115,0.0,100.50706835839343,1498.5566337195705,0.0,20.463900476303834,0.0,0.0,0.0,0.0,22.65223021269505
6090,scenario_1,247.005,0.0,61.3917014289115,0.0,185.61329857108848,1393.861770846244,0.0,20.463900476303834,0.0,0.0,0.0,0.0,0.0
6091,scenario_1,288.617,0.0,61.3917014289115,0.0,227.2252985710885,1200.5145848346936,0.0,20.463900476303834,0.0,0.0,0.0,0.0,0.0
6092,scenario_1,233.676,0.0,61.3917014289115,0.0,172.28429857108847,963.8215654898097,0.0,20.463900476303834,0.0,0.0,0.0,0.0,0.0
6093,scenario_1,157.076,0.0,61.3917014289115,0.0,95.68429857108849,784.3587544782591,0.0,20.463900476303834,0.0,0.0,0.0,0.0,0.0
6094,scenario_1,85.629,0.0,61.3917014289115,0.0,24.237298571088502,684.6876101333753,0.0,20.463900476303834,0.0,0.0,0.0,0.0,0.0
6095,scenario_1,25.069,0.0,25.069,0.0,0.0,659.4404241218248,0.0,8.356333333333334,0.0,0.0,0.0,0.0,0.0
6096,scenario_1,28.669,0.0,0.0,0.0,28.669,659.4404241218248,0.0,0.0,0.0,0.0,0.0,0.0,0.0
6097,scenario_1,45.891,0.0,45.891,0.0,0.0,629.576882455158,0.0,15.296999999999999,0.0,0.0,0.0,0.0,0.0
6098,scenario_1,41.276,0.0,41.276,0.0,0.0,629.576882455158,0.0,13.758666666666668,0.0,0.0,0.0,0.0,0.0
6099,scenario_1,46.227,0.0,46.227,0.0,0.0,629.576882455158,0.0,15.408999999999999,0.0,0.0,0.0,0.0,0.0
6100,scenario_1,51.187,0.0,51.187,0.0,0.0,629.576882455158,0.0,17.06233333333333,0.0,0.0,0.0,0.0,0.0
6101,scenario_1,83.656,0.0,61.3917014289115,0.0,22.264298571088503,629.576882455158,0.0,20.463900476303834,0.0,0.0,0.0,0.0,0.0
6102,scenario_1,135.103,5.332495053910163,61.3917014289115,0.0,68.37880351717835,606.3849047769409,0.0,20.463900476303834,0.0,0.0,0.0,0.0,5.332495053910163
6103,scenario_1,211.162,70.5315985270858,61.3917014289115,0.0,79.2387000440027,535.1569844465467,0.0,20.463900476303834,0.0,0.0,0.0,0.0,70.5315985270858
6104,scenario_1,270.678,153.09393222473892,61.3917014289115,0.0,56.19236634634957,452.6166719007106,0.0,20.463900476303834,0.0,0.0,0.0,0.0,153.09393222473892
6105,scenario_1,23.424,299.52442038537475,0.0,276.1004203853748,0.0,394.0829569565965,0.0,0.0,0.0,0.0,0.0,0.0,299.52442038537475
6106,scenario_1,181.447,409.5408395481836,0.0,228.0938395481836,0.0,656.3783563227025,0.0,0.0,0.0,0.0,0.0,0.0,409.5408395481836
6107,scenario_1,120.661,496.913727511436,0.0,376.252727511436,0.0,873.0675038934769,0.0,0.0,0.0,0.0,0.0,0.0,496.913727511436
6108,scenario_1,106.756,500.6977982266903,0.0,393.94179822669025,0.0,1230.507595029341,0.0,0.0,0.0,0.0,0.0,0.0,500.6977982266903
6109,scenario_1,83.534,83.534,0.0,0.0,0.0,1604.7523033446967,0.0,0.0,0.0,0.0,0.0,0.0,83.534
6110,scenario_1,119.751,339.26839063736884,0.0,219.5173906373688,0.0,1604.7523033446967,0.0,0.0,0.0,0.0,0.0,0.0,339.26839063736884
6111,scenario_1,120.346,285.73648456082725,0.0,165.39048456082725,0.0,1813.293824450197,0.0,0.0,0.0,0.0,0.0,0.0,285.73648456082725
6112,scenario_1,14.198,14.198,0.0,0.0,0.0,1970.414784782983,0.0,0.0,0.0,0.0,0.0,0.0,14.198
6113,scenario_1,208.356,31.055476904501276,0.0,0.0,177.3005230954987,1970.414784782983,0.0,0.0,0.0,0.0,0.0,0.0,31.055476904501276
6114,scenario_1,261.352,0.0,61.3917014289115,0.0,199.96029857108846,1785.7267398918384,0.0,20.463900476303834,0.0,0.0,0.0,0.0,0.0
6115,scenario_1,294.322,0.0,0.0,0.0,294.322,1577.4347622136213,0.0,0.0,0.0,0.0,0.0,0.0,0.0
6116,scenario_1,235.908,0.0,0.0,0.0,235.908,1270.8493455469547,0.0,0.0,0.0,0.0,0.0,0.0,0.0
6117,scenario_1,150.726,0.0,0.0,0.0,150.726,1025.1118455469548,0.0,0.0,0.0,0.0,0.0,0.0,0.0
6118,scenario_1,63.178,0.0,0.0,0.0,63.178,868.1055955469548,0.0,0.0,0.0,0.0,0.0,0.0,0.0
6119,scenario_1,41.848,0.0,0.0,0.0,41.848,802.2951788802881,0.0,0.0,0.0,0.0,0.0,0.0,0.0
6120,scenario_1,17.156,0.0,0.0,0.0,17.156,758.7035122136214,0.0,0.0,0.0,0.0,0.0,0.0,0.0
6121,scenario_1,24.693,0.0,0.0,0.0,24.693,740.8326788802881,0.0,0.0,0.0,0.0,0.0,0.0,0.0
6122,scenario_1,45.241,0.0,0.0,0.0,45.241,715.1108038802881,0.0,0.0,0.0,0.0,0.0,0.0,0.0
6123,scenario_1,5.081,0.0,0.0,0.0,5.081,667.9847622136215,0.0,0.0,0.0,0.0,0.0,0.0,0.0
6124,scenario_1,50.013,0.0,0.0,0.0,50.013,662.6920538802882,0.0,0.0,0.0,0.0,0.0,0.0,0.0
6125,scenario_1,72.745,0.0,56.26131827297068,0.0,16.483681727029325,610.5951788802882,0.0,18.753772757656893,0.0,0.0,0.0,0.0,0.0
6126,scenario_1,126.417,30.524837103051816,0.0,0.0,95.89216289694818,593.4246770812994,0.0,0.0,0.0,0.0,0.0,0.0,30.524837103051816
6127,scenario_1,214.374,118.89811157723345,0.0,0.0,95.47588842276654,493.5370073969783,0.0,0.0,0.0,0.0,0.0,0.0,118.89811157723345
6128,scenario_1,235.616,235.616,0.0,0.0,0.0,394.0829569565965,0.0,0.0,0.0,0.0,0.0,0.0,235.616
6129,scenario_1,209.714,382.07805506988933,0.0,172.36405506988933,0.0,394.0829569565965,0.0,0.0,0.0,0.0,0.0,0.0,382.07805506988933
6130,scenario_1,146.327,467.15440356457356,0.0,320.82740356457356,0.0,557.8288092729913,0.0,0.0,0.0,0.0,0.0,0.0,467.15440356457356
6131,scenario_1,128.438,478.985061432955,0.0,350.547061432955,0.0,862.6148426593361,0.0,0.0,0.0,0.0,0.0,0.0,478.985061432955
6132,scenario_1,9.381,403.4639569565966,0.0,394.0829569565966,0.0,1195.6345510206434,0.0,0.0,0.0,0.0,0.0,0.0,403.4639569565966
6133,scenario_1,108.255,289.2943809344803,0.0,181.03938093448028,0.0,1570.01336012941,0.0,0.0,0.0,0.0,0.0,0.0,289.2943809344803
6134,scenario_1,110.853,170.2300780100354,0.0,59.37707801003542,0.0,1742.0007720171664,0.0,0.0,0.0,0.0,0.0,0.0,170.2300780100354
6135,scenario_1,10.885,191.94372490135032,0.0,181.05872490135033,0.0,1798.4089961267,0.0,0.0,0.0,0.0,0.0,0.0,191.94372490135032
6136,scenario_1,126.115,126.115,0.0,0.0,0.0,1970.414784782983,0.0,0.0,0.0,0.0,0.0,0.0,126.115
6137,scenario_1,175.185,24.84438152360102,0.0,0.0,150.340618476399,1970.414784782983,0.0,0.0,0.0,0.0,0.0,0.0,24.84438152360102
6138,scenario_1,251.166,0.0,61.3917014289115,0.0,189.77429857108848,1813.8099738700673,0.0,20.463900476303834,0.0,0.0,0.0,0.0,0.0
6139,scenario_1,285.846,0.0,0.0,0.0,285.846,1616.1284128585169,0.0,0.0,0.0,0.0,0.0,0.0,0.0
6140,scenario_1,261.336,0.0,0.0,0.0,261.336,1318.3721628585167,0.0,0.0,0.0,0.0,0.0,0.0,0.0
6141,scenario_1,187.484,0.0,0.0,0.0,187.484,1046.1471628585168,0.0,0.0,0.0,0.0,0.0,0.0,0.0
6142,scenario_1,92.032,0.0,0.0,0.0,92.032,850.8513295251835,0.0,0.0,0.0,0.0,0.0,0.0,0.0
6143,scenario_1,39.785,0.0,0.0,0.0,39.785,754.9846628585168,0.0,0.0,0.0,0.0,0.0,0.0,0.0
6144,scenario_1,20.979,0.0,0.0,0.0,20.979,713.5419545251834,0.0,0.0,0.0,0.0,0.0,0.0,0.0
6145,scenario_1,23.338,0.0,0.0,0.0,23.338,691.6888295251835,0.0,0.0,0.0,0.0,0.0,0.0,0.0
6146,scenario_1,29.843,0.0,0.0,0.0,29.843,667.3784128585168,0.0,0.0,0.0,0.0,0.0,0.0,0.0
6147,scenario_1,46.307,0.0,0.0,0.0,46.307,636.2919545251834,0.0,0.0,0.0,0.0,0.0,0.0,0.0
6148,scenario_1,61.947,0.0,0.0,0.0,61.947,588.0554961918501,0.0,0.0,0.0,0.0,0.0,0.0,0.0
6149,scenario_1,74.285,0.0,44.33820660147826,0.0,29.94679339852173,523.5273711918501,0.0,14.779402200492754,0.0,0.0,0.0,0.0,0.0
6150,scenario_1,116.884,35.291896302958456,0.0,0.0,81.59210369704155,492.3327947350566,0.0,0.0,0.0,0.0,0.0,0.0,35.291896302958456
6151,scenario_1,209.656,196.92825942971984,0.0,0.0,12.727740570280162,407.34102005063835,0.0,0.0,0.0,0.0,0.0,0.0,196.92825942971984
6152,scenario_1,264.527,377.66765540866186,0.0,113.14065540866187,0.0,394.0829569565965,0.0,0.0,0.0,0.0,0.0,0.0,377.66765540866186
6153,scenario_1,236.459,436.4294891593359,0.0,199.9704891593359,0.0,501.56657959482527,0.0,0.0,0.0,0.0,0.0,0.0,436.4294891593359
6154,scenario_1,149.536,517.2153464291716,0.0,367.6793464291717,0.0,691.5385442961943,0.0,0.0,0.0,0.0,0.0,0.0,517.2153464291716
6155,scenario_1,96.685,490.7679569565966,0.0,394.0829569565966,0.0,1040.8339234039074,0.0,0.0,0.0,0.0,0.0,0.0,490.7679569565966
6156,scenario_1,100.832,100.832,0.0,0.0,0.0,1415.2127325126742,0.0,0.0,0.0,0.0,0.0,0.0,100.832
6157,scenario_1,87.715,278.05525595951786,0.0,190.34025595951786,0.0,1415.2127325126742,0.0,0.0,0.0,0.0,0.0,0.0,278.05525595951786
6158,scenario_1,110.582,504.6649569565966,0.0,394.0829569565966,0.0,1596.0359756742162,0.0,0.0,0.0,0.0,0.0,0.0,504.6649569565966
6159,scenario_1,159.426,159.426,0.0,0.0,0.0,1970.414784782983,0.0,0.0,0.0,0.0,0.0,0.0,159.426
6160,scenario_1,151.471,151.471,0.0,0.0,0.0,1970.414784782983,0.0,0.0,0.0,0.0,0.0,0.0,151.471
6161,scenario_1,191.712,5.1324177517243,0.0,0.0,186.5795822482757,1970.414784782983,0.0,0.0,0.0,0.0,0.0,0.0,5.1324177517243
6162,scenario_1,239.074,0.0,61.3917014289115,0.0,177.6822985710885,1776.0610532743624,0.0,20.463900476303834,0.0,0.0,0.0,0.0,0.0
6163,scenario_1,272.986,0.0,0.0,0.0,272.986,1590.9753255961452,0.0,0.0,0.0,0.0,0.0,0.0,0.0
6164,scenario_1,259.631,0.0,0.0,0.0,259.631,1306.6149089294786,0.0,0.0,0.0,0.0,0.0,0.0,0.0
6165,scenario_1,20.158,0.0,0.0,0.0,20.158,1036.1659505961452,0.0,0.0,0.0,0.0,0.0,0.0,0.0
6166,scenario_1,85.479,0.0,61.3917014289115,0.0,24.087298571088496,1015.1680339294785,0.0,20.463900476303834,0.0,0.0,0.0,0.0,0.0
6167,scenario_1,40.284,0.0,0.0,0.0,40.284,990.077097917928,0.0,0.0,0.0,0.0,0.0,0.0,0.0
6168,scenario_1,37.955,0.0,0.0,0.0,37.955,948.114597917928,0.0,0.0,0.0,0.0,0.0,0.0,0.0
6169,scenario_1,46.695,0.0,0.0,0.0,46.695,908.5781395845946,0.0,0.0,0.0,0.0,0.0,0.0,0.0
6170,scenario_1,50.448,0.0,0.0,0.0,50.448,859.9375145845946,0.0,0.0,0.0,0.0,0.0,0.0,0.0
6171,scenario_1,47.448,0.0,0.0,0.0,47.448,807.3875145845947,0.0,0.0,0.0,0.0,0.0,0.0,0.0
6172,scenario_1,57.197,0.0,11.112765762757405,0.0,46.0842342372426,757.9625145845947,0.0,3.7042552542524683,0.0,0.0,0.0,0.0,0.0
6173,scenario_1,80.509,0.0,0.0,0.0,80.509,709.9581039208003,0.0,0.0,0.0,0.0,0.0,0.0,0.0
6174,scenario_1,127.924,17.96346213103505,0.0,0.0,109.96053786896496,626.0945622541336,0.0,0.0,0.0,0.0,0.0,0.0,17.96346213103505
6175,scenario_1,159.784,58.257290988640065,0.0,0.0,101.52670901135993,511.5523353072951,0.0,0.0,0.0,0.0,0.0,0.0,58.257290988640065
6176,scenario_1,180.138,107.50240436577779,61.3917014289115,0.0,11.24389420531071,405.7953467537952,0.0,20.463900476303834,0.0,0.0,0.0,0.0,107.50240436577779
6177,scenario_1,181.844,181.844,0.0,0.0,0.0,394.0829569565965,0.0,0.0,0.0,0.0,0.0,0.0,181.844
6178,scenario_1,149.882,543.9649569565966,0.0,394.0829569565966,0.0,394.0829569565965,0.0,0.0,0.0,0.0,0.0,0.0,543.9649569565966
6179,scenario_1,147.227,541.3099569565966,0.0,394.0829569565966,0.0,768.4617660653632,0.0,0.0,0.0,0.0,0.0,0.0,541.3099569565966
6180,scenario_1,126.809,520.8919569565966,0.0,394.0829569565966,0.0,1142.84057517413,0.0,0.0,0.0,0.0,0.0,0.0,520.8919569565966
6181,scenario_1,123.573,517.6559569565966,0.0,394.0829569565966,0.0,1517.2193842828967,0.0,0.0,0.0,0.0,0.0,0.0,517.6559569565966
6182,scenario_1,168.757,168.757,0.0,0.0,0.0,1891.5981933916635,0.0,0.0,0.0,0.0,0.0,0.0,168.757
6183,scenario_1,161.666,244.63083304349414,0.0,82.96483304349414,0.0,1891.5981933916635,0.0,0.0,0.0,0.0,0.0,0.0,244.63083304349414
6184,scenario_1,180.141,174.51960158490323,0.0,0.0,5.621398415096763,1970.414784782983,0.0,0.0,0.0,0.0,0.0,0.0,174.51960158490323
6185,scenario_1,209.808,20.834136466745253,61.3917014289115,0.0,127.58216210434323,1964.5591614339237,0.0,20.463900476303834,0.0,0.0,0.0,0.0,20.834136466745253
6186,scenario_1,237.774,0.0,61.3917014289115,0.0,176.38229857108848,1831.661075908566,0.0,20.463900476303834,0.0,0.0,0.0,0.0,0.0
6187,scenario_1,276.036,0.0,61.3917014289115,0.0,214.64429857108848,1647.9295148970155,0.0,20.463900476303834,0.0,0.0,0.0,0.0,0.0
6188,scenario_1,198.042,0.0,61.3917014289115,0.0,136.6502985710885,1424.341703885465,0.0,20.463900476303834,0.0,0.0,0.0,0.0,0.0
6189,scenario_1,130.346,0.0,27.780641835333682,0.0,102.56535816466632,1281.9976428739144,0.0,9.260213945111227,0.0,0.0,0.0,0.0,0.0
6190,scenario_1,71.295,0.0,61.3917014289115,0.0,9.903298571088499,1175.1587281190536,0.0,20.463900476303834,0.0,0.0,0.0,0.0,0.0
6191,scenario_1,47.985,0.0,47.985,0.0,0.0,1164.842792107503,0.0,15.995,0.0,0.0,0.0,0.0,0.0
6192,scenario_1,3.673,0.0,0.0,0.0,3.673,1164.842792107503,0.0,0.0,0.0,0.0,0.0,0.0,0.0
6193,scenario_1,38.965,0.0,0.0,0.0,38.965,1161.0167504408364,0.0,0.0,0.0,0.0,0.0,0.0,0.0
6194,scenario_1,40.887,0.0,40.887,0.0,0.0,1120.4282087741697,0.0,13.629,0.0,0.0,0.0,0.0,0.0
6195,scenario_1,48.103,0.0,0.0,0.0,48.103,1120.4282087741697,0.0,0.0,0.0,0.0,0.0,0.0,0.0
6196,scenario_1,66.162,0.0,61.3917014289115,0.0,4.770298571088503,1070.320917107503,0.0,20.463900476303834,0.0,0.0,0.0,0.0,0.0
6197,scenario_1,91.533,0.0,61.3917014289115,0.0,30.141298571088498,1065.3518560959524,0.0,20.463900476303834,0.0,0.0,0.0,0.0,0.0
6198,scenario_1,124.035,30.316060787727434,61.3917014289115,0.0,32.327237783361056,1033.9546700844019,0.0,20.463900476303834,0.0,0.0,0.0,0.0,30.316060787727434
6199,scenario_1,16.684,127.55362965005665,0.0,110.86962965005665,0.0,1000.2804640600675,0.0,0.0,0.0,0.0,0.0,0.0,127.55362965005665
6200,scenario_1,203.535,110.78193231899824,61.3917014289115,0.0,31.36136625209025,1105.6066122276213,0.0,20.463900476303834,0.0,0.0,0.0,0.0,110.78193231899824
6201,scenario_1,198.432,188.85557523717722,0.0,0.0,9.576424762822768,1072.938522381694,0.0,0.0,0.0,0.0,0.0,0.0,188.85557523717722
6202,scenario_1,161.899,136.93986482651516,0.0,0.0,24.95913517348484,1062.9630799204201,0.0,0.0,0.0,0.0,0.0,0.0,136.93986482651516
6203,scenario_1,135.861,333.85072622995796,0.0,197.98972622995797,0.0,1036.9639807813735,0.0,0.0,0.0,0.0,0.0,0.0,333.85072622995796
6204,scenario_1,12.299,122.5690951216871,0.0,110.27009512168709,0.0,1225.0542206998336,0.0,0.0,0.0,0.0,0.0,0.0,122.5690951216871
6205,scenario_1,137.972,117.3235901991621,0.0,0.0,20.64840980083791,1329.8108110654364,0.0,0.0,0.0,0.0,0.0,0.0,117.3235901991621
6206,scenario_1,178.765,362.2443051140734,0.0,183.47930511407344,0.0,1308.3020508562302,0.0,0.0,0.0,0.0,0.0,0.0,362.2443051140734
6207,scenario_1,153.221,218.8149764862255,0.0,65.5939764862255,0.0,1482.6073907146,0.0,0.0,0.0,0.0,0.0,0.0,218.8149764862255
6208,scenario_1,161.276,117.79333690864195,0.0,0.0,43.48266309135806,1544.9216683765142,0.0,0.0,0.0,0.0,0.0,0.0,117.79333690864195
6209,scenario_1,217.388,26.42760191481089,61.3917014289115,0.0,129.5686966562776,1499.6272276563495,0.0,20.463900476303834,0.0,0.0,0.0,0.0,26.42760191481089
6210,scenario_1,254.055,0.0,61.3917014289115,0.0,192.6632985710885,1364.6598353060604,0.0,20.463900476303834,0.0,0.0,0.0,0.0,0.0
6211,scenario_1,232.499,0.0,61.3917014289115,0.0,171.1072985710885,1163.9688992945098,0.0,20.463900476303834,0.0,0.0,0.0,0.0,0.0
6212,scenario_1,179.398,0.0,61.3917014289115,0.0,118.0062985710885,985.7321299496259,0.0,20.463900476303834,0.0,0.0,0.0,0.0,0.0
6213,scenario_1,118.287,0.0,61.3917014289115,0.0,56.8952985710885,862.8089022714087,0.0,20.463900476303834,0.0,0.0,0.0,0.0,0.0
6214,scenario_1,85.402,0.0,61.3917014289115,0.0,24.010298571088498,803.5429662598582,0.0,20.463900476303834,0.0,0.0,0.0,0.0,0.0
6215,scenario_1,28.336,0.0,0.0,0.0,28.336,778.532238581641,0.0,0.0,0.0,0.0,0.0,0.0,0.0
6216,scenario_1,34.656,0.0,34.656,0.0,0.0,749.0155719149743,0.0,11.552,0.0,0.0,0.0,0.0,0.0
6217,scenario_1,44.102,0.0,44.102,0.0,0.0,749.0155719149743,0.0,14.700666666666665,0.0,0.0,0.0,0.0,0.0
6218,scenario_1,53.374,0.0,53.374,0.0,0.0,749.0155719149743,0.0,17.791333333333334,0.0,0.0,0.0,0.0,0.0
6219,scenario_1,48.701,0.0,0.0,0.0,48.701,749.0155719149743,0.0,0.0,0.0,0.0,0.0,0.0,0.0
6220,scenario_1,63.988,0.0,61.3917014289115,0.0,2.5962985710884965,698.2853635816409,0.0,20.463900476303834,0.0,0.0,0.0,0.0,0.0
6221,scenario_1,83.623,0.0,61.3917014289115,0.0,22.2312985710885,695.5808859034238,0.0,20.463900476303834,0.0,0.0,0.0,0.0,0.0
6222,scenario_1,136.792,22.060697319275977,61.3917014289115,0.0,53.339601251812525,672.4232832252065,0.0,20.463900476303834,0.0,0.0,0.0,0.0,22.060697319275977
6223,scenario_1,240.661,30.246468682619312,0.0,0.0,210.4145313173807,616.8611985879019,0.0,0.0,0.0,0.0,0.0,0.0,30.246468682619312
6224,scenario_1,28.845,25.392419351327515,0.0,0.0,3.452580648672484,397.679395132297,0.0,0.0,0.0,0.0,0.0,0.0,25.392419351327515
6225,scenario_1,226.479,307.50141543339373,0.0,81.02241543339372,0.0,394.0829569565965,0.0,0.0,0.0,0.0,0.0,0.0,307.50141543339373
6226,scenario_1,146.475,211.1337478849161,0.0,64.6587478849161,0.0,471.0542516183205,0.0,0.0,0.0,0.0,0.0,0.0,211.1337478849161
6227,scenario_1,87.521,481.6039569565966,0.0,394.0829569565966,0.0,532.4800621089908,0.0,0.0,0.0,0.0,0.0,0.0,481.6039569565966
6228,scenario_1,88.641,482.7239569565966,0.0,394.0829569565966,0.0,906.8588712177575,0.0,0.0,0.0,0.0,0.0,0.0,482.7239569565966
6229,scenario_1,116.935,320.98488579809316,0.0,204.04988579809316,0.0,1281.2376803265242,0.0,0.0,0.0,0.0,0.0,0.0,320.98488579809316
6230,scenario_1,110.435,292.94796645265683,0.0,182.51296645265683,0.0,1475.0850718347128,0.0,0.0,0.0,0.0,0.0,0.0,292.94796645265683
6231,scenario_1,114.133,369.00343832270016,0.0,254.87043832270018,0.0,1648.4723899647367,0.0,0.0,0.0,0.0,0.0,0.0,369.00343832270016
6232,scenario_1,155.564,201.24296994642367,0.0,45.67896994642368,0.0,1890.599306371302,0.0,0.0,0.0,0.0,0.0,0.0,201.24296994642367
6233,scenario_1,175.575,14.196789442057726,61.3917014289115,0.0,99.98650912903075,1933.9943278204044,0.0,20.463900476303834,0.0,0.0,0.0,0.0,14.196789442057726
6234,scenario_1,27.341,0.0,0.0,0.0,27.341,1829.8417141443306,0.0,0.0,0.0,0.0,0.0,0.0,0.0
6235,scenario_1,306.047,0.0,61.3917014289115,0.0,244.6552985710885,1801.3615058109972,0.0,20.463900476303834,0.0,0.0,0.0,0.0,0.0
6236,scenario_1,274.659,0.0,61.3917014289115,0.0,213.26729857108847,1546.5122364661133,0.0,20.463900476303834,0.0,0.0,0.0,0.0,0.0
6237,scenario_1,163.894,0.0,42.0693190359613,0.0,121.8246809640387,1324.358800454563,0.0,14.023106345320434,0.0,0.0,0.0,0.0,0.0
6238,scenario_1,84.502,0.0,61.3917014289115,0.0,23.110298571088492,1197.4580911170226,0.0,20.463900476303834,0.0,0.0,0.0,0.0,0.0
6239,scenario_1,63.352,0.0,0.0,0.0,63.352,1173.3848634388055,0.0,0.0,0.0,0.0,0.0,0.0,0.0
6240,scenario_1,19.307,0.0,19.307,0.0,0.0,1107.3931967721387,0.0,6.435666666666666,0.0,0.0,0.0,0.0,0.0
6241,scenario_1,24.255,0.0,0.0,0.0,24.255,1107.3931967721387,0.0,0.0,0.0,0.0,0.0,0.0,0.0
6242,scenario_1,28.872,0.0,28.872,0.0,0.0,1082.1275717721387,0.0,9.624,0.0,0.0,0.0,0.0,0.0
6243,scenario_1,48.603,0.0,0.0,0.0,48.603,1082.1275717721387,0.0,0.0,0.0,0.0,0.0,0.0,0.0
6244,scenario_1,56.491,0.0,0.0,0.0,56.491,1031.4994467721388,0.0,0.0,0.0,0.0,0.0,0.0,0.0
6245,scenario_1,79.072,0.0,61.3917014289115,0.0,17.6802985710885,972.654655105472,0.0,20.463900476303834,0.0,0.0,0.0,0.0,0.0
6246,scenario_1,152.126,33.96094729276554,61.3917014289115,0.0,56.77335127832296,954.2376774272548,0.0,20.463900476303834,0.0,0.0,0.0,0.0,33.96094729276554
6247,scenario_1,208.649,201.1472808019,0.0,0.0,7.501719198100005,895.0987698456684,0.0,0.0,0.0,0.0,0.0,0.0,201.1472808019
6248,scenario_1,265.658,302.9170355093959,0.0,37.25903550939586,0.0,887.2844790143142,0.0,0.0,0.0,0.0,0.0,0.0,302.9170355093959
6249,scenario_1,209.328,326.8219236140372,0.0,117.49392361403719,0.0,922.6805627482403,0.0,0.0,0.0,0.0,0.0,0.0,326.8219236140372
6250,scenario_1,123.251,294.66167204094444,0.0,171.41067204094443,0.0,1034.2997901815756,0.0,0.0,0.0,0.0,0.0,0.0,294.66167204094444
6251,scenario_1,130.229,505.43006137404285,0.0,375.20106137404287,0.0,1197.1399286204728,0.0,0.0,0.0,0.0,0.0,0.0,505.43006137404285
6252,scenario_1,11.484,131.40729247041912,0.0,119.92329247041913,0.0,1553.5809369258134,0.0,0.0,0.0,0.0,0.0,0.0,131.40729247041912
6253,scenario_1,11.026,92.03555900549678,0.0,81.00955900549678,0.0,1667.5080647727116,0.0,0.0,0.0,0.0,0.0,0.0,92.03555900549678
6254,scenario_1,109.992,310.99841871507704,0.0,201.00641871507702,0.0,1744.4671458279336,0.0,0.0,0.0,0.0,0.0,0.0,310.99841871507704
6255,scenario_1,133.836,34.378499923414296,61.3917014289115,0.0,38.065798647674214,1935.4232436072566,0.0,20.463900476303834,0.0,0.0,0.0,0.0,34.378499923414296
6256,scenario_1,13.85,24.505120011198905,0.0,10.655120011198905,0.0,1895.7713700159293,0.0,0.0,0.0,0.0,0.0,0.0,24.505120011198905
6257,scenario_1,192.418,9.055672677194911,61.3917014289115,0.0,121.9706258938936,1905.8937340265682,0.0,20.463900476303834,0.0,0.0,0.0,0.0,9.055672677194911
6258,scenario_1,244.024,0.0,61.3917014289115,0.0,182.63229857108848,1778.840998720429,0.0,20.463900476303834,0.0,0.0,0.0,0.0,0.0
6259,scenario_1,268.126,0.0,61.3917014289115,0.0,206.73429857108846,1588.599021042212,0.0,20.463900476303834,0.0,0.0,0.0,0.0,0.0
6260,scenario_1,230.835,0.0,61.3917014289115,0.0,169.44329857108852,1373.2507933639947,0.0,20.463900476303834,0.0,0.0,0.0,0.0,0.0
6261,scenario_1,11.204,0.0,11.204,0.0,0.0,1196.7473573524442,0.0,3.734666666666667,0.0,0.0,0.0,0.0,0.0
6262,scenario_1,48.334,0.0,48.334,0.0,0.0,1196.7473573524442,0.0,16.111333333333334,0.0,0.0,0.0,0.0,0.0
6263,scenario_1,26.003,0.0,26.003,0.0,0.0,1196.7473573524442,0.0,8.667666666666667,0.0,0.0,0.0,0.0,0.0
6264,scenario_1,16.984,0.0,0.0,0.0,16.984,1196.7473573524442,0.0,0.0,0.0,0.0,0.0,0.0,0.0
6265,scenario_1,24.431,0.0,24.431,0.0,0.0,1179.0556906857776,0.0,8.143666666666666,0.0,0.0,0.0,0.0,0.0
6266,scenario_1,27.704,0.0,0.0,0.0,27.704,1179.0556906857776,0.0,0.0,0.0,0.0,0.0,0.0,0.0
6267,scenario_1,46.548,0.0,46.548,0.0,0.0,1150.1973573524442,0.0,15.516,0.0,0.0,0.0,0.0,0.0
6268,scenario_1,60.427,0.0,0.0,0.0,60.427,1150.1973573524442,0.0,0.0,0.0,0.0,0.0,0.0,0.0
6269,scenario_1,71.075,0.0,61.3917014289115,0.0,9.6832985710885,1087.2525656857777,0.0,20.463900476303834,0.0,0.0,0.0,0.0,0.0
6270,scenario_1,125.502,25.818670995114786,61.3917014289115,0.0,38.291627575973706,1077.1657963408938,0.0,20.463900476303834,0.0,0.0,0.0,0.0,25.818670995114786
6271,scenario_1,234.994,108.09393725919688,61.3917014289115,0.0,65.50836131189162,1037.2786842825878,0.0,20.463900476303834,0.0,0.0,0.0,0.0,108.09393725919688
6272,scenario_1,250.169,141.36766251401966,61.3917014289115,0.0,47.40963605706885,969.0408079160342,0.0,20.463900476303834,0.0,0.0,0.0,0.0,141.36766251401966
6273,scenario_1,241.441,293.9222559241706,0.0,52.4812559241706,0.0,919.6557703565875,0.0,0.0,0.0,0.0,0.0,0.0,293.9222559241706
6274,scenario_1,120.785,402.0857852884756,0.0,281.3007852884756,0.0,969.5129634845496,0.0,0.0,0.0,0.0,0.0,0.0,402.0857852884756
6275,scenario_1,98.663,492.7459569565966,0.0,394.0829569565966,0.0,1236.7487095086015,0.0,0.0,0.0,0.0,0.0,0.0,492.7459569565966
6276,scenario_1,104.659,482.85612227959444,0.0,378.19712227959445,0.0,1611.1275186173682,0.0,0.0,0.0,0.0,0.0,0.0,482.85612227959444
6277,scenario_1,104.218,71.93213964238684,0.0,0.0,32.28586035761316,1970.414784782983,0.0,0.0,0.0,0.0,0.0,0.0,71.93213964238684
6278,scenario_1,102.873,65.6688501826555,37.2041498173445,0.0,0.0,1936.7836802438026,0.0,12.401383272448166,0.0,0.0,0.0,0.0,65.6688501826555
6279,scenario_1,122.553,107.30232706359195,0.0,0.0,15.250672936408051,1936.7836802438026,0.0,0.0,0.0,0.0,0.0,0.0,107.30232706359195
6280,scenario_1,157.439,58.63134855359625,61.3917014289115,0.0,37.41595001749225,1920.897562601711,0.0,20.463900476303834,0.0,0.0,0.0,0.0,58.63134855359625
6281,scenario_1,188.926,6.32418255170096,61.3917014289115,0.0,121.21011601938751,1881.9226146668232,0.0,20.463900476303834,0.0,0.0,0.0,0.0,6.32418255170096
6282,scenario_1,248.852,0.0,61.3917014289115,0.0,187.46029857108852,1755.6620771466278,0.0,20.463900476303834,0.0,0.0,0.0,0.0,0.0
6283,scenario_1,283.458,0.0,61.3917014289115,0.0,222.0662985710885,1560.390932801744,0.0,20.463900476303834,0.0,0.0,0.0,0.0,0.0
6284,scenario_1,254.252,0.0,61.3917014289115,0.0,192.8602985710885,1329.0718717901934,0.0,20.463900476303834,0.0,0.0,0.0,0.0,0.0
6285,scenario_1,15.327,0.0,15.327,0.0,0.0,1128.1757274453096,0.0,5.109,0.0,0.0,0.0,0.0,0.0
6286,scenario_1,73.362,0.0,61.3917014289115,0.0,11.970298571088492,1128.1757274453096,0.0,20.463900476303834,0.0,0.0,0.0,0.0,0.0
6287,scenario_1,41.628,0.0,41.628,0.0,0.0,1115.706666433759,0.0,13.876,0.0,0.0,0.0,0.0,0.0
6288,scenario_1,36.769,0.0,36.769,0.0,0.0,1115.706666433759,0.0,12.256333333333332,0.0,0.0,0.0,0.0,0.0
6289,scenario_1,36.291,0.0,36.291,0.0,0.0,1115.706666433759,0.0,12.097,0.0,0.0,0.0,0.0,0.0
6290,scenario_1,42.709,0.0,42.709,0.0,0.0,1115.706666433759,0.0,14.236333333333334,0.0,0.0,0.0,0.0,0.0
6291,scenario_1,5.303,0.0,0.0,0.0,5.303,1115.706666433759,0.0,0.0,0.0,0.0,0.0,0.0,0.0
6292,scenario_1,52.485,0.0,52.485,0.0,0.0,1110.1827081004255,0.0,17.495,0.0,0.0,0.0,0.0,0.0
6293,scenario_1,72.641,0.0,61.3917014289115,0.0,11.249298571088502,1110.1827081004255,0.0,20.463900476303834,0.0,0.0,0.0,0.0,0.0
6294,scenario_1,158.741,1.9311809167504996,61.3917014289115,0.0,95.41811765433802,1098.4646887555416,0.0,20.463900476303834,0.0,0.0,0.0,0.0,1.9311809167504996
6295,scenario_1,223.333,100.03865109293129,61.3917014289115,0.0,61.902647478157206,999.0708161989395,0.0,20.463900476303834,0.0,0.0,0.0,0.0,100.03865109293129
6296,scenario_1,25.005,105.97137805339902,0.0,80.96637805339903,0.0,934.5888917425257,0.0,0.0,0.0,0.0,0.0,0.0,105.97137805339902
6297,scenario_1,208.532,106.2932415395241,61.3917014289115,0.0,40.847057031564404,1011.5069508932547,0.0,20.463900476303834,0.0,0.0,0.0,0.0,106.2932415395241
6298,scenario_1,144.372,325.39528545932063,0.0,181.02328545932062,0.0,968.9579331520418,0.0,0.0,0.0,0.0,0.0,0.0,325.39528545932063
6299,scenario_1,85.772,93.74056558064586,0.0,7.968565580645858,0.0,1140.9300543383965,0.0,0.0,0.0,0.0,0.0,0.0,93.74056558064586
6300,scenario_1,81.912,224.81729555180138,0.0,142.90529555180137,0.0,1148.5001916400101,0.0,0.0,0.0,0.0,0.0,0.0,224.81729555180138
6301,scenario_1,101.867,292.6956950716399,0.0,190.82869507163986,0.0,1284.2602224142215,0.0,0.0,0.0,0.0,0.0,0.0,292.6956950716399
6302,scenario_1,9.016,135.2609552907816,0.0,126.24495529078159,0.0,1465.5474827322794,0.0,0.0,0.0,0.0,0.0,0.0,135.2609552907816
6303,scenario_1,11.256,199.0421196223792,0.0,187.7861196223792,0.0,1585.4801902585218,0.0,0.0,0.0,0.0,0.0,0.0,199.0421196223792
6304,scenario_1,146.776,206.91472651273594,0.0,60.13872651273593,0.0,1763.877003899782,0.0,0.0,0.0,0.0,0.0,0.0,206.91472651273594
6305,scenario_1,170.797,11.343513132624555,61.3917014289115,0.0,98.06178543846393,1821.0087940868812,0.0,20.463900476303834,0.0,0.0,0.0,0.0,11.343513132624555
6306,scenario_1,271.031,0.0,61.3917014289115,0.0,209.6392985710885,1718.8611009218146,0.0,20.463900476303834,0.0,0.0,0.0,0.0,0.0
6307,scenario_1,284.549,0.0,61.3917014289115,0.0,223.15729857108846,1500.4868315769306,0.0,20.463900476303834,0.0,0.0,0.0,0.0,0.0
6308,scenario_1,247.844,0.0,61.3917014289115,0.0,186.45229857108848,1268.0313122320467,0.0,20.463900476303834,0.0,0.0,0.0,0.0,0.0
6309,scenario_1,160.862,0.0,61.3917014289115,0.0,99.47029857108849,1073.8101678871628,0.0,20.463900476303834,0.0,0.0,0.0,0.0,0.0
6310,scenario_1,83.986,0.0,61.3917014289115,0.0,22.5942985710885,970.195273542279,0.0,20.463900476303834,0.0,0.0,0.0,0.0,0.0
6311,scenario_1,46.471,0.0,46.471,0.0,0.0,946.6595458640618,0.0,15.490333333333332,0.0,0.0,0.0,0.0,0.0
6312,scenario_1,20.018,0.0,0.0,0.0,20.018,946.6595458640618,0.0,0.0,0.0,0.0,0.0,0.0,0.0
6313,scenario_1,25.801,0.0,25.801,0.0,0.0,925.8074625307285,0.0,8.600333333333333,0.0,0.0,0.0,0.0,0.0
6314,scenario_1,32.469,0.0,32.469,0.0,0.0,925.8074625307285,0.0,10.823,0.0,0.0,0.0,0.0,0.0
6315,scenario_1,53.462,0.0,53.462,0.0,0.0,925.8074625307285,0.0,17.820666666666668,0.0,0.0,0.0,0.0,0.0
6316,scenario_1,57.135,0.0,8.858298332630184,0.0,48.276701667369814,925.8074625307285,0.0,2.9527661108767282,0.0,0.0,0.0,0.0,0.0
6317,scenario_1,81.495,0.0,61.3917014289115,0.0,20.1032985710885,875.5192316272182,0.0,20.463900476303834,0.0,0.0,0.0,0.0,0.0
6318,scenario_1,136.045,17.493715421555198,61.3917014289115,0.0,57.15958314953329,854.5782956156677,0.0,20.463900476303834,0.0,0.0,0.0,0.0,17.493715421555198
6319,scenario_1,213.354,21.530057517826517,61.3917014289115,0.0,130.43224105326198,795.0370631682372,0.0,20.463900476303834,0.0,0.0,0.0,0.0,21.530057517826517
6320,scenario_1,241.701,29.17649006658187,61.3917014289115,0.0,151.1328085045066,659.1701454044226,0.0,20.463900476303834,0.0,0.0,0.0,0.0,29.17649006658187
6321,scenario_1,202.592,37.84940616568208,61.3917014289115,0.0,103.35089240540641,501.74013654556154,0.0,20.463900476303834,0.0,0.0,0.0,0.0,37.84940616568208
6322,scenario_1,111.435,111.435,0.0,0.0,0.0,394.0829569565965,0.0,0.0,0.0,0.0,0.0,0.0,111.435
6323,scenario_1,100.703,494.7859569565966,0.0,394.0829569565966,0.0,394.0829569565965,0.0,0.0,0.0,0.0,0.0,0.0,494.7859569565966
6324,scenario_1,127.566,127.566,0.0,0.0,0.0,768.4617660653632,0.0,0.0,0.0,0.0,0.0,0.0,127.566
6325,scenario_1,127.916,521.9989569565967,0.0,394.0829569565966,0.0,768.4617660653632,0.0,0.0,0.0,0.0,0.0,0.0,521.9989569565967
6326,scenario_1,113.644,507.7269569565966,0.0,394.0829569565966,0.0,1142.84057517413,0.0,0.0,0.0,0.0,0.0,0.0,507.7269569565966
6327,scenario_1,125.162,258.52521476272636,0.0,133.36321476272636,0.0,1517.2193842828967,0.0,0.0,0.0,0.0,0.0,0.0,258.52521476272636
6328,scenario_1,144.601,144.601,0.0,0.0,0.0,1643.9144383074868,0.0,0.0,0.0,0.0,0.0,0.0,144.601
6329,scenario_1,18.116,18.116,0.0,0.0,0.0,1643.9144383074868,0.0,0.0,0.0,0.0,0.0,0.0,18.116
6330,scenario_1,243.307,0.0,0.0,0.0,243.307,1643.9144383074868,0.0,0.0,0.0,0.0,0.0,0.0,0.0
6331,scenario_1,283.353,0.0,0.0,0.0,283.353,1390.4696466408202,0.0,0.0,0.0,0.0,0.0,0.0,0.0
6332,scenario_1,227.795,0.0,0.0,0.0,227.795,1095.3102716408202,0.0,0.0,0.0,0.0,0.0,0.0,0.0
6333,scenario_1,14.799,0.0,0.0,0.0,14.799,858.0238133074869,0.0,0.0,0.0,0.0,0.0,0.0,0.0
6334,scenario_1,72.998,0.0,0.0,0.0,72.998,842.6081883074869,0.0,0.0,0.0,0.0,0.0,0.0,0.0
6335,scenario_1,3.457,0.0,0.0,0.0,3.457,766.5686049741536,0.0,0.0,0.0,0.0,0.0,0.0,0.0
6336,scenario_1,40.474,0.0,0.0,0.0,40.474,762.9675633074869,0.0,0.0,0.0,0.0,0.0,0.0,0.0
6337,scenario_1,49.108,0.0,0.0,0.0,49.108,720.8071466408203,0.0,0.0,0.0,0.0,0.0,0.0,0.0
6338,scenario_1,47.429,0.0,0.0,0.0,47.429,669.6529799741536,0.0,0.0,0.0,0.0,0.0,0.0,0.0
6339,scenario_1,47.843,0.0,0.0,0.0,47.843,620.2477716408202,0.0,0.0,0.0,0.0,0.0,0.0,0.0
6340,scenario_1,5.606,0.0,0.0,0.0,5.606,570.4113133074869,0.0,0.0,0.0,0.0,0.0,0.0,0.0
6341,scenario_1,70.104,0.0,0.0,0.0,70.104,564.5717299741536,0.0,0.0,0.0,0.0,0.0,0.0,0.0
6342,scenario_1,119.323,25.757777903145175,0.0,0.0,93.56522209685482,491.5467299741536,0.0,0.0,0.0,0.0,0.0,0.0,25.757777903145175
6343,scenario_1,170.986,170.986,0.0,0.0,0.0,394.0829569565965,0.0,0.0,0.0,0.0,0.0,0.0,170.986
6344,scenario_1,20.018,295.27930197377907,0.0,275.26130197377904,0.0,394.0829569565965,0.0,0.0,0.0,0.0,0.0,0.0,295.27930197377907
6345,scenario_1,177.828,428.1219316120533,0.0,250.29393161205329,0.0,655.5811938316865,0.0,0.0,0.0,0.0,0.0,0.0,428.1219316120533
6346,scenario_1,175.152,175.152,0.0,0.0,0.0,893.3604288631371,0.0,0.0,0.0,0.0,0.0,0.0,175.152
6347,scenario_1,136.633,530.7159569565966,0.0,394.0829569565966,0.0,893.3604288631371,0.0,0.0,0.0,0.0,0.0,0.0,530.7159569565966
6348,scenario_1,120.095,437.05581810530896,0.0,316.96081810530893,0.0,1267.739237971904,0.0,0.0,0.0,0.0,0.0,0.0,437.05581810530896
6349,scenario_1,123.359,123.359,0.0,0.0,0.0,1568.8520151719474,0.0,0.0,0.0,0.0,0.0,0.0,123.359
6350,scenario_1,143.552,143.552,0.0,0.0,0.0,1568.8520151719474,0.0,0.0,0.0,0.0,0.0,0.0,143.552
6351,scenario_1,16.763,399.1629168739343,0.0,382.39991687393433,0.0,1568.8520151719474,0.0,0.0,0.0,0.0,0.0,0.0,399.1629168739343
6352,scenario_1,171.137,198.0069370588958,0.0,26.8699370588958,0.0,1932.131936202185,0.0,0.0,0.0,0.0,0.0,0.0,198.0069370588958
6353,scenario_1,198.223,21.773629885704956,0.0,0.0,176.44937011429505,1957.658376408136,0.0,0.0,0.0,0.0,0.0,0.0,21.773629885704956
6354,scenario_1,222.928,0.0,0.0,0.0,222.928,1773.8569492057454,0.0,0.0,0.0,0.0,0.0,0.0,0.0
6355,scenario_1,227.815,0.0,0.0,0.0,227.815,1541.6402825390787,0.0,0.0,0.0,0.0,0.0,0.0,0.0
6356,scenario_1,18.205,0.0,0.0,0.0,18.205,1304.332990872412,0.0,0.0,0.0,0.0,0.0,0.0,0.0
6357,scenario_1,112.544,0.0,0.0,0.0,112.544,1285.3694492057452,0.0,0.0,0.0,0.0,0.0,0.0,0.0
6358,scenario_1,71.647,0.0,0.0,0.0,71.647,1168.136115872412,0.0,0.0,0.0,0.0,0.0,0.0,0.0
6359,scenario_1,41.378,0.0,0.0,0.0,41.378,1093.5038242057453,0.0,0.0,0.0,0.0,0.0,0.0,0.0
6360,scenario_1,15.815,0.0,0.0,0.0,15.815,1050.401740872412,0.0,0.0,0.0,0.0,0.0,0.0,0.0
6361,scenario_1,2.083,0.0,0.0,0.0,2.083,1033.9277825390786,0.0,0.0,0.0,0.0,0.0,0.0,0.0
6362,scenario_1,31.611,0.0,0.0,0.0,31.611,1031.757990872412,0.0,0.0,0.0,0.0,0.0,0.0,0.0
6363,scenario_1,51.247,0.0,0.0,0.0,51.247,998.8298658724119,0.0,0.0,0.0,0.0,0.0,0.0,0.0
6364,scenario_1,61.917,0.0,0.0,0.0,61.917,945.4475742057452,0.0,0.0,0.0,0.0,0.0,0.0,0.0
6365,scenario_1,97.938,0.0,0.0,0.0,97.938,880.9506992057452,0.0,0.0,0.0,0.0,0.0,0.0,0.0
6366,scenario_1,107.613,34.848246632894146,0.0,0.0,72.76475336710585,778.9319492057452,0.0,0.0,0.0,0.0,0.0,0.0,34.848246632894146
6367,scenario_1,166.002,151.84127433279266,0.0,0.0,14.160725667207345,703.13533111501,0.0,0.0,0.0,0.0,0.0,0.0,151.84127433279266
6368,scenario_1,184.348,184.348,0.0,0.0,0.0,688.384575211669,0.0,0.0,0.0,0.0,0.0,0.0,184.348
6369,scenario_1,168.296,512.9112126731665,0.0,344.61521267316647,0.0,688.384575211669,0.0,0.0,0.0,0.0,0.0,0.0,512.9112126731665
6370,scenario_1,128.376,128.376,0.0,0.0,0.0,1015.7690272511771,0.0,0.0,0.0,0.0,0.0,0.0,128.376
6371,scenario_1,120.402,514.4849569565966,0.0,394.0829569565966,0.0,1015.7690272511771,0.0,0.0,0.0,0.0,0.0,0.0,514.4849569565966
6372,scenario_1,155.051,155.051,0.0,0.0,0.0,1390.147836359944,0.0,0.0,0.0,0.0,0.0,0.0,155.051
6373,scenario_1,14.998,409.0809569565966,0.0,394.0829569565966,0.0,1390.147836359944,0.0,0.0,0.0,0.0,0.0,0.0,409.0809569565966
6374,scenario_1,17.821,108.09544362364613,0.0,90.27444362364614,0.0,1764.5266454687107,0.0,0.0,0.0,0.0,0.0,0.0,108.09544362364613
6375,scenario_1,141.749,141.749,0.0,0.0,0.0,1850.2873669111746,0.0,0.0,0.0,0.0,0.0,0.0,141.749
6376,scenario_1,169.457,169.457,0.0,0.0,0.0,1850.2873669111746,0.0,0.0,0.0,0.0,0.0,0.0,169.457
6377,scenario_1,202.236,12.657064116540436,0.0,0.0,189.57893588345956,1850.2873669111746,0.0,0.0,0.0,0.0,0.0,0.0,12.657064116540436
6378,scenario_1,210.697,0.0,0.0,0.0,210.697,1652.8093086992376,0.0,0.0,0.0,0.0,0.0,0.0,0.0
6379,scenario_1,203.524,0.0,0.0,0.0,203.524,1433.3332670325708,0.0,0.0,0.0,0.0,0.0,0.0,0.0
6380,scenario_1,156.729,0.0,0.0,0.0,156.729,1221.3291003659042,0.0,0.0,0.0,0.0,0.0,0.0,0.0
6381,scenario_1,11.931,0.0,0.0,0.0,11.931,1058.069725365904,0.0,0.0,0.0,0.0,0.0,0.0,0.0
6382,scenario_1,49.673,0.0,0.0,0.0,49.673,1045.6416003659042,0.0,0.0,0.0,0.0,0.0,0.0,0.0
6383,scenario_1,34.905,0.0,0.0,0.0,34.905,993.8988920325708,0.0,0.0,0.0,0.0,0.0,0.0,0.0
6384,scenario_1,4.01,0.0,0.0,0.0,4.01,957.5395170325708,0.0,0.0,0.0,0.0,0.0,0.0,0.0
6385,scenario_1,42.804,0.0,0.0,0.0,42.804,953.3624336992374,0.0,0.0,0.0,0.0,0.0,0.0,0.0
6386,scenario_1,41.272,0.0,0.0,0.0,41.272,908.7749336992374,0.0,0.0,0.0,0.0,0.0,0.0,0.0
6387,scenario_1,4.697,0.0,0.0,0.0,4.697,865.7832670325707,0.0,0.0,0.0,0.0,0.0,0.0,0.0
6388,scenario_1,54.988,0.0,0.0,0.0,54.988,860.8905586992374,0.0,0.0,0.0,0.0,0.0,0.0,0.0
6389,scenario_1,74.575,0.0,0.0,0.0,74.575,803.6113920325707,0.0,0.0,0.0,0.0,0.0,0.0,0.0
6390,scenario_1,131.826,38.94548182113507,0.0,0.0,92.88051817886492,725.9291003659041,0.0,0.0,0.0,0.0,0.0,0.0,38.94548182113507
6391,scenario_1,203.133,203.133,0.0,0.0,0.0,629.1785605962532,0.0,0.0,0.0,0.0,0.0,0.0,203.133
6392,scenario_1,27.276,326.3086818388648,0.0,299.0326818388648,0.0,629.1785605962532,0.0,0.0,0.0,0.0,0.0,0.0,326.3086818388648
6393,scenario_1,220.051,544.6800086550261,0.0,324.6290086550261,0.0,913.2596083431747,0.0,0.0,0.0,0.0,0.0,0.0,544.6800086550261
6394,scenario_1,139.905,139.905,0.0,0.0,0.0,1221.6571665654494,0.0,0.0,0.0,0.0,0.0,0.0,139.905
6395,scenario_1,107.794,501.8769569565966,0.0,394.0829569565966,0.0,1221.6571665654494,0.0,0.0,0.0,0.0,0.0,0.0,501.8769569565966
6396,scenario_1,88.225,88.225,0.0,0.0,0.0,1596.0359756742162,0.0,0.0,0.0,0.0,0.0,0.0,88.225
6397,scenario_1,126.188,520.2709569565966,0.0,394.0829569565966,0.0,1596.0359756742162,0.0,0.0,0.0,0.0,0.0,0.0,520.2709569565966
6398,scenario_1,136.159,136.159,0.0,0.0,0.0,1970.414784782983,0.0,0.0,0.0,0.0,0.0,0.0,136.159
6399,scenario_1,131.773,131.773,0.0,0.0,0.0,1970.414784782983,0.0,0.0,0.0,0.0,0.0,0.0,131.773
6400,scenario_1,151.531,151.531,0.0,0.0,0.0,1970.414784782983,0.0,0.0,0.0,0.0,0.0,0.0,151.531
6401,scenario_1,171.489,4.575680910859291,0.0,0.0,166.9133190891407,1970.414784782983,0.0,0.0,0.0,0.0,0.0,0.0,4.575680910859291
6402,scenario_1,250.042,0.0,0.0,0.0,250.042,1796.546744065128,0.0,0.0,0.0,0.0,0.0,0.0,0.0
6403,scenario_1,29.416,0.0,0.0,0.0,29.416,1536.0863273984614,0.0,0.0,0.0,0.0,0.0,0.0,0.0
6404,scenario_1,241.227,0.0,0.0,0.0,241.227,1505.4446607317948,0.0,0.0,0.0,0.0,0.0,0.0,0.0
6405,scenario_1,137.364,0.0,0.0,0.0,137.364,1254.1665357317947,0.0,0.0,0.0,0.0,0.0,0.0,0.0
6406,scenario_1,68.989,0.0,0.0,0.0,68.989,1111.0790357317946,0.0,0.0,0.0,0.0,0.0,0.0,0.0
6407,scenario_1,2.9,0.0,0.0,0.0,2.9,1039.215494065128,0.0,0.0,0.0,0.0,0.0,0.0,0.0
6408,scenario_1,38.286,0.0,0.0,0.0,38.286,1036.1946607317948,0.0,0.0,0.0,0.0,0.0,0.0,0.0
6409,scenario_1,38.268,0.0,0.0,0.0,38.268,996.3134107317948,0.0,0.0,0.0,0.0,0.0,0.0,0.0
6410,scenario_1,39.551,0.0,0.0,0.0,39.551,956.4509107317948,0.0,0.0,0.0,0.0,0.0,0.0,0.0
6411,scenario_1,4.615,0.0,0.0,0.0,4.615,915.2519523984615,0.0,0.0,0.0,0.0,0.0,0.0,0.0
6412,scenario_1,5.859,0.0,0.0,0.0,5.859,910.4446607317949,0.0,0.0,0.0,0.0,0.0,0.0,0.0
6413,scenario_1,63.329,0.0,0.0,0.0,63.329,904.3415357317949,0.0,0.0,0.0,0.0,0.0,0.0,0.0
6414,scenario_1,115.097,38.632317348148504,0.0,0.0,76.46468265185149,838.3738273984616,0.0,0.0,0.0,0.0,0.0,0.0,38.632317348148504
6415,scenario_1,206.768,202.17376435224486,0.0,0.0,4.594235647755141,758.723116302783,0.0,0.0,0.0,0.0,0.0,0.0,202.17376435224486
6416,scenario_1,252.279,252.279,0.0,0.0,0.0,753.9374541697047,0.0,0.0,0.0,0.0,0.0,0.0,252.279
6417,scenario_1,217.771,217.771,0.0,0.0,0.0,753.9374541697047,0.0,0.0,0.0,0.0,0.0,0.0,217.771
6418,scenario_1,146.947,541.0299569565966,0.0,394.0829569565966,0.0,753.9374541697047,0.0,0.0,0.0,0.0,0.0,0.0,541.0299569565966
6419,scenario_1,125.085,519.1679569565966,0.0,394.0829569565966,0.0,1128.3162632784715,0.0,0.0,0.0,0.0,0.0,0.0,519.1679569565966
6420,scenario_1,10.894,404.9769569565966,0.0,394.0829569565966,0.0,1502.6950723872383,0.0,0.0,0.0,0.0,0.0,0.0,404.9769569565966
6421,scenario_1,123.674,123.674,0.0,0.0,0.0,1877.073881496005,0.0,0.0,0.0,0.0,0.0,0.0,123.674
6422,scenario_1,113.163,211.41658240734515,0.0,98.25358240734515,0.0,1877.073881496005,0.0,0.0,0.0,0.0,0.0,0.0,211.41658240734515
6423,scenario_1,119.293,119.293,0.0,0.0,0.0,1970.414784782983,0.0,0.0,0.0,0.0,0.0,0.0,119.293
6424,scenario_1,152.708,152.708,0.0,0.0,0.0,1970.414784782983,0.0,0.0,0.0,0.0,0.0,0.0,152.708
6425,scenario_1,182.537,14.30987661285843,0.0,0.0,168.22712338714157,1970.414784782983,0.0,0.0,0.0,0.0,0.0,0.0,14.30987661285843
6426,scenario_1,295.841,0.0,0.0,0.0,295.841,1795.178197921377,0.0,0.0,0.0,0.0,0.0,0.0,0.0
6427,scenario_1,287.232,0.0,0.0,0.0,287.232,1487.0104895880436,0.0,0.0,0.0,0.0,0.0,0.0,0.0
6428,scenario_1,241.892,0.0,0.0,0.0,241.892,1187.8104895880435,0.0,0.0,0.0,0.0,0.0,0.0,0.0
6429,scenario_1,16.857,0.0,0.0,0.0,16.857,935.8396562547102,0.0,0.0,0.0,0.0,0.0,0.0,0.0
6430,scenario_1,60.981,0.0,0.0,0.0,60.981,918.2802812547102,0.0,0.0,0.0,0.0,0.0,0.0,0.0
6431,scenario_1,28.702,0.0,0.0,0.0,28.702,854.7584062547102,0.0,0.0,0.0,0.0,0.0,0.0,0.0
6432,scenario_1,33.435,0.0,0.0,0.0,33.435,824.8604895880435,0.0,0.0,0.0,0.0,0.0,0.0,0.0
6433,scenario_1,43.824,0.0,0.0,0.0,43.824,790.0323645880435,0.0,0.0,0.0,0.0,0.0,0.0,0.0
6434,scenario_1,43.887,0.0,0.0,0.0,43.887,744.3823645880435,0.0,0.0,0.0,0.0,0.0,0.0,0.0
6435,scenario_1,46.056,0.0,0.0,0.0,46.056,698.6667395880435,0.0,0.0,0.0,0.0,0.0,0.0,0.0
6436,scenario_1,58.318,0.0,0.0,0.0,58.318,650.6917395880434,0.0,0.0,0.0,0.0,0.0,0.0,0.0
6437,scenario_1,70.713,0.0,0.0,0.0,70.713,589.9438229213767,0.0,0.0,0.0,0.0,0.0,0.0,0.0
6438,scenario_1,121.052,26.784261453490036,0.0,0.0,94.26773854650997,516.2844479213768,0.0,0.0,0.0,0.0,0.0,0.0,26.784261453490036
6439,scenario_1,22.272,150.07537466567396,0.0,127.80337466567397,0.0,418.0888869354289,0.0,0.0,0.0,0.0,0.0,0.0,150.07537466567396
6440,scenario_1,249.347,311.4681654245569,0.0,62.12116542455689,0.0,539.5020928678191,0.0,0.0,0.0,0.0,0.0,0.0,311.4681654245569
6441,scenario_1,204.538,204.538,0.0,0.0,0.0,598.5172000211481,0.0,0.0,0.0,0.0,0.0,0.0,204.538
6442,scenario_1,161.763,161.763,0.0,0.0,0.0,598.5172000211481,0.0,0.0,0.0,0.0,0.0,0.0,161.763
6443,scenario_1,117.983,512.0659569565967,0.0,394.0829569565966,0.0,598.5172000211481,0.0,0.0,0.0,0.0,0.0,0.0,512.0659569565967
6444,scenario_1,96.998,491.0809569565966,0.0,394.0829569565966,0.0,972.8960091299149,0.0,0.0,0.0,0.0,0.0,0.0,491.0809569565966
6445,scenario_1,126.173,520.2559569565966,0.0,394.0829569565966,0.0,1347.2748182386817,0.0,0.0,0.0,0.0,0.0,0.0,520.2559569565966
6446,scenario_1,11.996,273.84984993214147,0.0,261.8538499321415,0.0,1721.6536273474485,0.0,0.0,0.0,0.0,0.0,0.0,273.84984993214147
6447,scenario_1,138.495,138.495,0.0,0.0,0.0,1970.414784782983,0.0,0.0,0.0,0.0,0.0,0.0,138.495
6448,scenario_1,151.278,151.278,0.0,0.0,0.0,1970.414784782983,0.0,0.0,0.0,0.0,0.0,0.0,151.278
6449,scenario_1,195.621,15.693019701882438,0.0,0.0,179.92798029811757,1970.414784782983,0.0,0.0,0.0,0.0,0.0,0.0,15.693019701882438
6450,scenario_1,261.415,0.0,61.3917014289115,0.0,200.0232985710885,1782.989805305777,0.0,20.463900476303834,0.0,0.0,0.0,0.0,0.0
6451,scenario_1,285.646,0.0,0.0,0.0,285.646,1574.6322026275598,0.0,0.0,0.0,0.0,0.0,0.0,0.0
6452,scenario_1,239.863,0.0,0.0,0.0,239.863,1277.084285960893,0.0,0.0,0.0,0.0,0.0,0.0,0.0
6453,scenario_1,177.929,0.0,61.3917014289115,0.0,116.5372985710885,1027.2269942942264,0.0,20.463900476303834,0.0,0.0,0.0,0.0,0.0
6454,scenario_1,80.621,0.0,0.0,0.0,80.621,905.8339749493425,0.0,0.0,0.0,0.0,0.0,0.0,0.0
6455,scenario_1,49.975,0.0,0.0,0.0,49.975,821.8537666160091,0.0,0.0,0.0,0.0,0.0,0.0,0.0
6456,scenario_1,39.029,0.0,0.0,0.0,39.029,769.7964749493425,0.0,0.0,0.0,0.0,0.0,0.0,0.0
6457,scenario_1,43.561,0.0,0.0,0.0,43.561,729.1412666160091,0.0,0.0,0.0,0.0,0.0,0.0,0.0
6458,scenario_1,44.609,0.0,0.0,0.0,44.609,683.7652249493425,0.0,0.0,0.0,0.0,0.0,0.0,0.0
6459,scenario_1,45.804,0.0,0.0,0.0,45.804,637.2975166160091,0.0,0.0,0.0,0.0,0.0,0.0,0.0
6460,scenario_1,52.779,0.0,0.0,0.0,52.779,589.5850166160092,0.0,0.0,0.0,0.0,0.0,0.0,0.0
6461,scenario_1,74.323,0.0,44.1375659367295,0.0,30.185434063270492,534.6068916160092,0.0,14.712521978909834,0.0,0.0,0.0,0.0,0.0
6462,scenario_1,115.757,32.91706571614365,0.0,0.0,82.83993428385637,503.16373113343576,0.0,0.0,0.0,0.0,0.0,0.0,32.91706571614365
6463,scenario_1,189.438,167.56039107409063,0.0,0.0,21.877608925909357,416.8721329210854,0.0,0.0,0.0,0.0,0.0,0.0,167.56039107409063
6464,scenario_1,234.044,326.22169170747964,0.0,92.17769170747962,0.0,394.0829569565965,0.0,0.0,0.0,0.0,0.0,0.0,326.22169170747964
6465,scenario_1,219.686,418.59651222537855,0.0,198.91051222537854,0.0,481.6517640787021,0.0,0.0,0.0,0.0,0.0,0.0,418.59651222537855
6466,scenario_1,142.624,142.624,0.0,0.0,0.0,670.6167506928117,0.0,0.0,0.0,0.0,0.0,0.0,142.624
6467,scenario_1,110.992,505.0749569565966,0.0,394.0829569565966,0.0,670.6167506928117,0.0,0.0,0.0,0.0,0.0,0.0,505.0749569565966
6468,scenario_1,122.868,516.9509569565967,0.0,394.0829569565966,0.0,1044.9955598015786,0.0,0.0,0.0,0.0,0.0,0.0,516.9509569565967
6469,scenario_1,93.394,487.4769569565966,0.0,394.0829569565966,0.0,1419.3743689103453,0.0,0.0,0.0,0.0,0.0,0.0,487.4769569565966
6470,scenario_1,131.932,131.932,0.0,0.0,0.0,1793.753178019112,0.0,0.0,0.0,0.0,0.0,0.0,131.932
6471,scenario_1,129.642,315.60158606723246,0.0,185.9595860672325,0.0,1793.753178019112,0.0,0.0,0.0,0.0,0.0,0.0,315.60158606723246
6472,scenario_1,132.396,132.396,0.0,0.0,0.0,1970.414784782983,0.0,0.0,0.0,0.0,0.0,0.0,132.396
6473,scenario_1,192.907,13.32688812820615,0.0,0.0,179.58011187179386,1970.414784782983,0.0,0.0,0.0,0.0,0.0,0.0,13.32688812820615
6474,scenario_1,257.048,0.0,61.3917014289115,0.0,195.65629857108848,1783.3521682498642,0.0,20.463900476303834,0.0,0.0,0.0,0.0,0.0
6475,scenario_1,265.808,0.0,0.0,0.0,265.808,1579.5435239049805,0.0,0.0,0.0,0.0,0.0,0.0,0.0
6476,scenario_1,225.006,0.0,0.0,0.0,225.006,1302.660190571647,0.0,0.0,0.0,0.0,0.0,0.0,0.0
6477,scenario_1,164.033,0.0,0.0,0.0,164.033,1068.2789405716471,0.0,0.0,0.0,0.0,0.0,0.0,0.0
6478,scenario_1,66.932,0.0,0.0,0.0,66.932,897.4112322383138,0.0,0.0,0.0,0.0,0.0,0.0,0.0
6479,scenario_1,3.974,0.0,0.0,0.0,3.974,827.6903989049805,0.0,0.0,0.0,0.0,0.0,0.0,0.0
6480,scenario_1,32.181,0.0,22.187045245220993,0.0,9.993954754779006,823.5508155716471,0.0,7.395681748406997,0.0,0.0,0.0,0.0,0.0
6481,scenario_1,40.405,0.0,0.0,0.0,40.405,813.140446035419,0.0,0.0,0.0,0.0,0.0,0.0,0.0
6482,scenario_1,45.767,0.0,45.767,0.0,0.0,771.0519043687524,0.0,15.255666666666668,0.0,0.0,0.0,0.0,0.0
6483,scenario_1,46.359,0.0,0.0,0.0,46.359,771.0519043687524,0.0,0.0,0.0,0.0,0.0,0.0,0.0
6484,scenario_1,53.598,0.0,0.0,0.0,53.598,722.7612793687524,0.0,0.0,0.0,0.0,0.0,0.0,0.0
6485,scenario_1,90.273,0.0,0.0,0.0,90.273,666.9300293687525,0.0,0.0,0.0,0.0,0.0,0.0,0.0
6486,scenario_1,121.883,26.540689085611593,0.0,0.0,95.3423109143884,572.8956543687525,0.0,0.0,0.0,0.0,0.0,0.0,26.540689085611593
6487,scenario_1,216.285,139.96712139871863,0.0,0.0,76.31787860128136,473.5807471662646,0.0,0.0,0.0,0.0,0.0,0.0,139.96712139871863
6488,scenario_1,25.692,217.75369688332657,0.0,192.06169688332656,0.0,394.0829569565965,0.0,0.0,0.0,0.0,0.0,0.0,217.75369688332657
6489,scenario_1,241.885,241.885,0.0,0.0,0.0,576.5415689957567,0.0,0.0,0.0,0.0,0.0,0.0,241.885
6490,scenario_1,153.206,488.46698575393714,0.0,335.2609857539371,0.0,576.5415689957567,0.0,0.0,0.0,0.0,0.0,0.0,488.46698575393714
6491,scenario_1,88.594,482.6769569565966,0.0,394.0829569565966,0.0,895.039505461997,0.0,0.0,0.0,0.0,0.0,0.0,482.6769569565966
6492,scenario_1,96.085,490.1679569565966,0.0,394.0829569565966,0.0,1269.4183145707639,0.0,0.0,0.0,0.0,0.0,0.0,490.1679569565966
6493,scenario_1,110.646,283.26064861503414,0.0,172.61464861503413,0.0,1643.7971236795306,0.0,0.0,0.0,0.0,0.0,0.0,283.26064861503414
6494,scenario_1,120.934,120.934,0.0,0.0,0.0,1807.781039863813,0.0,0.0,0.0,0.0,0.0,0.0,120.934
6495,scenario_1,113.453,113.453,0.0,0.0,0.0,1807.781039863813,0.0,0.0,0.0,0.0,0.0,0.0,113.453
6496,scenario_1,14.661,185.85441570438928,0.0,171.19341570438928,0.0,1807.781039863813,0.0,0.0,0.0,0.0,0.0,0.0,185.85441570438928
6497,scenario_1,185.638,13.492169377837948,0.0,0.0,172.14583062216207,1970.414784782983,0.0,0.0,0.0,0.0,0.0,0.0,13.492169377837948
6498,scenario_1,249.428,0.0,0.0,0.0,249.428,1791.0962112182308,0.0,0.0,0.0,0.0,0.0,0.0,0.0
6499,scenario_1,262.842,0.0,0.0,0.0,262.842,1531.2753778848974,0.0,0.0,0.0,0.0,0.0,0.0,0.0
6500,scenario_1,232.713,0.0,0.0,0.0,232.713,1257.4816278848973,0.0,0.0,0.0,0.0,0.0,0.0,0.0
6501,scenario_1,155.822,0.0,0.0,0.0,155.822,1015.0722528848974,0.0,0.0,0.0,0.0,0.0,0.0,0.0
6502,scenario_1,63.795,0.0,0.0,0.0,63.795,852.757669551564,0.0,0.0,0.0,0.0,0.0,0.0,0.0
6503,scenario_1,21.886,0.0,0.0,0.0,21.886,786.304544551564,0.0,0.0,0.0,0.0,0.0,0.0,0.0
6504,scenario_1,38.289,0.0,0.0,0.0,38.289,763.5066278848974,0.0,0.0,0.0,0.0,0.0,0.0,0.0
6505,scenario_1,41.776,0.0,0.0,0.0,41.776,723.6222528848974,0.0,0.0,0.0,0.0,0.0,0.0,0.0
6506,scenario_1,44.126,0.0,0.0,0.0,44.126,680.1055862182308,0.0,0.0,0.0,0.0,0.0,0.0,0.0
6507,scenario_1,41.875,0.0,0.0,0.0,41.875,634.1410028848975,0.0,0.0,0.0,0.0,0.0,0.0,0.0
6508,scenario_1,48.567,0.0,0.0,0.0,48.567,590.5212112182309,0.0,0.0,0.0,0.0,0.0,0.0,0.0
6509,scenario_1,78.592,0.0,16.067578636684736,0.0,62.52442136331526,539.9305862182308,0.0,5.355859545561579,0.0,0.0,0.0,0.0,0.0
6510,scenario_1,120.706,43.21669727214631,0.0,0.0,77.4893027278537,474.8009806314441,0.0,0.0,0.0,0.0,0.0,0.0,43.21669727214631
6511,scenario_1,186.953,186.953,0.0,0.0,0.0,394.0829569565965,0.0,0.0,0.0,0.0,0.0,0.0,186.953
6512,scenario_1,203.011,347.36029363407295,0.0,144.34929363407295,0.0,394.0829569565965,0.0,0.0,0.0,0.0,0.0,0.0,347.36029363407295
6513,scenario_1,176.792,412.64638723863374,0.0,235.85438723863373,0.0,531.2147859089657,0.0,0.0,0.0,0.0,0.0,0.0,412.64638723863374
6514,scenario_1,154.045,479.50700222126596,0.0,325.46200222126595,0.0,755.2764537856677,0.0,0.0,0.0,0.0,0.0,0.0,479.50700222126596
6515,scenario_1,140.265,462.187267062481,0.0,321.922267062481,0.0,1064.4653558958703,0.0,0.0,0.0,0.0,0.0,0.0,462.187267062481
6516,scenario_1,126.174,126.174,0.0,0.0,0.0,1370.2915096052272,0.0,0.0,0.0,0.0,0.0,0.0,126.174
6517,scenario_1,147.518,490.53735088090383,0.0,343.01935088090386,0.0,1370.2915096052272,0.0,0.0,0.0,0.0,0.0,0.0,490.53735088090383
6518,scenario_1,147.445,436.13435983252316,0.0,288.68935983252317,0.0,1696.159892942086,0.0,0.0,0.0,0.0,0.0,0.0,436.13435983252316
6519,scenario_1,159.458,159.458,0.0,0.0,0.0,1970.414784782983,0.0,0.0,0.0,0.0,0.0,0.0,159.458
6520,scenario_1,17.532,17.532,0.0,0.0,0.0,1970.414784782983,0.0,0.0,0.0,0.0,0.0,0.0,17.532
6521,scenario_1,231.549,5.123718738585785,0.0,0.0,226.42528126141423,1970.414784782983,0.0,0.0,0.0,0.0,0.0,0.0,5.123718738585785
6522,scenario_1,25.857,0.0,0.0,0.0,25.857,1734.555116802343,0.0,0.0,0.0,0.0,0.0,0.0,0.0
6523,scenario_1,251.515,0.0,61.3917014289115,0.0,190.12329857108847,1707.620741802343,0.0,20.463900476303834,0.0,0.0,0.0,0.0,0.0
6524,scenario_1,198.016,0.0,61.3917014289115,0.0,136.6242985710885,1509.5756391241257,0.0,20.463900476303834,0.0,0.0,0.0,0.0,0.0
6525,scenario_1,132.046,0.0,61.3917014289115,0.0,70.65429857108849,1367.2586614459085,0.0,20.463900476303834,0.0,0.0,0.0,0.0,0.0
6526,scenario_1,66.432,0.0,0.0,0.0,66.432,1293.6604337676913,0.0,0.0,0.0,0.0,0.0,0.0,0.0
6527,scenario_1,45.338,0.0,0.0,0.0,45.338,1224.4604337676913,0.0,0.0,0.0,0.0,0.0,0.0,0.0
6528,scenario_1,16.993,0.0,0.0,0.0,16.993,1177.2333504343578,0.0,0.0,0.0,0.0,0.0,0.0,0.0
6529,scenario_1,19.091,0.0,19.091,0.0,0.0,1159.5323087676911,0.0,6.363666666666667,0.0,0.0,0.0,0.0,0.0
6530,scenario_1,38.122,0.0,0.0,0.0,38.122,1159.5323087676911,0.0,0.0,0.0,0.0,0.0,0.0,0.0
6531,scenario_1,43.046,0.0,0.0,0.0,43.046,1119.8218921010246,0.0,0.0,0.0,0.0,0.0,0.0,0.0
6532,scenario_1,48.696,0.0,0.0,0.0,48.696,1074.9823087676912,0.0,0.0,0.0,0.0,0.0,0.0,0.0
6533,scenario_1,64.769,0.0,61.3917014289115,0.0,3.3772985710885024,1024.2573087676913,0.0,20.463900476303834,0.0,0.0,0.0,0.0,0.0
6534,scenario_1,12.343,36.06610847228635,0.0,23.723108472286352,0.0,1020.7392894228074,0.0,0.0,0.0,0.0,0.0,0.0,36.06610847228635
6535,scenario_1,187.682,120.5857201261055,0.0,0.0,67.09627987389449,1043.2762424714795,0.0,0.0,0.0,0.0,0.0,0.0,120.5857201261055
6536,scenario_1,212.189,89.93909683911447,0.0,0.0,122.24990316088552,973.384284269506,0.0,0.0,0.0,0.0,0.0,0.0,89.93909683911447
6537,scenario_1,212.546,52.19407883109458,61.3917014289115,0.0,98.96021973999392,846.0406351435836,0.0,20.463900476303834,0.0,0.0,0.0,0.0,52.19407883109458
6538,scenario_1,162.385,204.45290579453598,0.0,42.06790579453599,0.0,742.9570729144233,0.0,0.0,0.0,0.0,0.0,0.0,204.45290579453598
6539,scenario_1,137.591,249.2702214841692,0.0,111.6792214841692,0.0,782.9215834192324,0.0,0.0,0.0,0.0,0.0,0.0,249.2702214841692
6540,scenario_1,137.999,163.20218549169422,0.0,25.203185491694228,0.0,889.0168438291931,0.0,0.0,0.0,0.0,0.0,0.0,163.20218549169422
6541,scenario_1,138.243,438.0388065899613,0.0,299.79580658996133,0.0,912.9598700463026,0.0,0.0,0.0,0.0,0.0,0.0,438.0388065899613
6542,scenario_1,150.155,494.6519840954218,0.0,344.4969840954218,0.0,1197.7658863067659,0.0,0.0,0.0,0.0,0.0,0.0,494.6519840954218
6543,scenario_1,138.108,340.496772267784,0.0,202.38877226778402,0.0,1525.0380211974166,0.0,0.0,0.0,0.0,0.0,0.0,340.496772267784
6544,scenario_1,173.574,160.3663072085381,0.0,0.0,13.207692791461909,1717.3073548518114,0.0,0.0,0.0,0.0,0.0,0.0,160.3663072085381
6545,scenario_1,205.907,7.968296034880439,0.0,0.0,197.93870396511957,1703.549341527372,0.0,0.0,0.0,0.0,0.0,0.0,7.968296034880439
6546,scenario_1,245.258,0.0,61.3917014289115,0.0,183.86629857108852,1497.3631915637059,0.0,20.463900476303834,0.0,0.0,0.0,0.0,0.0
6547,scenario_1,244.825,0.0,61.3917014289115,0.0,183.43329857108847,1305.8357972188219,0.0,20.463900476303834,0.0,0.0,0.0,0.0,0.0
6548,scenario_1,193.775,0.0,61.3917014289115,0.0,132.38329857108852,1114.7594445406048,0.0,20.463900476303834,0.0,0.0,0.0,0.0,0.0
6549,scenario_1,111.176,0.0,61.3917014289115,0.0,49.7842985710885,976.8601751957209,0.0,20.463900476303834,0.0,0.0,0.0,0.0,0.0
6550,scenario_1,80.766,0.0,0.0,0.0,80.766,925.0015308508371,0.0,0.0,0.0,0.0,0.0,0.0,0.0
6551,scenario_1,49.891,0.0,0.0,0.0,49.891,840.870280850837,0.0,0.0,0.0,0.0,0.0,0.0,0.0
6552,scenario_1,31.192,0.0,0.0,0.0,31.192,788.9004891841704,0.0,0.0,0.0,0.0,0.0,0.0,0.0
6553,scenario_1,3.598,0.0,0.0,0.0,3.598,756.4088225175037,0.0,0.0,0.0,0.0,0.0,0.0,0.0
6554,scenario_1,4.0,0.0,0.0,0.0,4.0,752.660905850837,0.0,0.0,0.0,0.0,0.0,0.0,0.0
6555,scenario_1,41.992,0.0,0.0,0.0,41.992,748.4942391841704,0.0,0.0,0.0,0.0,0.0,0.0,0.0
6556,scenario_1,53.239,0.0,0.0,0.0,53.239,704.7525725175037,0.0,0.0,0.0,0.0,0.0,0.0,0.0
6557,scenario_1,6.527,0.0,0.0,0.0,6.527,649.295280850837,0.0,0.0,0.0,0.0,0.0,0.0,0.0
6558,scenario_1,124.801,3.3317220320515375,0.0,0.0,121.46927796794847,642.4963225175037,0.0,0.0,0.0,0.0,0.0,0.0,3.3317220320515375
6559,scenario_1,213.351,63.163534398762955,33.179912630714576,0.0,117.00755297052247,515.9658246342241,0.0,11.059970876904858,0.0,0.0,0.0,0.0,63.163534398762955
6560,scenario_1,246.554,246.554,0.0,0.0,0.0,394.0829569565965,0.0,0.0,0.0,0.0,0.0,0.0,246.554
6561,scenario_1,213.309,296.27383304349416,0.0,82.96483304349414,0.0,394.0829569565965,0.0,0.0,0.0,0.0,0.0,0.0,296.27383304349416
6562,scenario_1,142.452,536.5349569565966,0.0,394.0829569565966,0.0,472.8995483479159,0.0,0.0,0.0,0.0,0.0,0.0,536.5349569565966
6563,scenario_1,112.493,112.493,0.0,0.0,0.0,847.2783574566827,0.0,0.0,0.0,0.0,0.0,0.0,112.493
6564,scenario_1,111.147,505.2299569565966,0.0,394.0829569565966,0.0,847.2783574566827,0.0,0.0,0.0,0.0,0.0,0.0,505.2299569565966
6565,scenario_1,101.089,495.1719569565966,0.0,394.0829569565966,0.0,1221.6571665654494,0.0,0.0,0.0,0.0,0.0,0.0,495.1719569565966
6566,scenario_1,113.753,507.8359569565966,0.0,394.0829569565966,0.0,1596.0359756742162,0.0,0.0,0.0,0.0,0.0,0.0,507.8359569565966
6567,scenario_1,152.071,152.071,0.0,0.0,0.0,1970.414784782983,0.0,0.0,0.0,0.0,0.0,0.0,152.071
6568,scenario_1,194.021,187.47243214815322,0.0,0.0,6.548567851846769,1970.414784782983,0.0,0.0,0.0,0.0,0.0,0.0,187.47243214815322
6569,scenario_1,21.723,10.77807727862103,0.0,0.0,10.944922721378969,1963.5933599373093,0.0,0.0,0.0,0.0,0.0,0.0,10.77807727862103
6570,scenario_1,253.824,0.0,61.3917014289115,0.0,192.4322985710885,1952.1923987692062,0.0,20.463900476303834,0.0,0.0,0.0,0.0,0.0
6571,scenario_1,271.152,0.0,0.0,0.0,271.152,1751.7420877576556,0.0,0.0,0.0,0.0,0.0,0.0,0.0
6572,scenario_1,220.191,0.0,0.0,0.0,220.191,1469.2920877576555,0.0,0.0,0.0,0.0,0.0,0.0,0.0
6573,scenario_1,169.675,0.0,0.0,0.0,169.675,1239.9264627576554,0.0,0.0,0.0,0.0,0.0,0.0,0.0
6574,scenario_1,76.449,0.0,0.0,0.0,76.449,1063.1816710909886,0.0,0.0,0.0,0.0,0.0,0.0,0.0
6575,scenario_1,42.361,0.0,0.0,0.0,42.361,983.5472960909887,0.0,0.0,0.0,0.0,0.0,0.0,0.0
6576,scenario_1,23.927,0.0,0.0,0.0,23.927,939.421254424322,0.0,0.0,0.0,0.0,0.0,0.0,0.0
6577,scenario_1,43.165,0.0,0.0,0.0,43.165,914.4972960909887,0.0,0.0,0.0,0.0,0.0,0.0,0.0
6578,scenario_1,49.078,0.0,0.0,0.0,49.078,869.5337544243221,0.0,0.0,0.0,0.0,0.0,0.0,0.0
6579,scenario_1,47.757,0.0,0.0,0.0,47.757,818.4108377576554,0.0,0.0,0.0,0.0,0.0,0.0,0.0
6580,scenario_1,5.284,0.0,0.0,0.0,5.284,768.6639627576553,0.0,0.0,0.0,0.0,0.0,0.0,0.0
6581,scenario_1,80.031,0.0,13.353781181645786,0.0,66.67721881835422,763.1597960909886,0.0,4.451260393881928,0.0,0.0,0.0,0.0,0.0
6582,scenario_1,127.643,17.806879894541765,0.0,0.0,109.83612010545824,693.7043598218696,0.0,0.0,0.0,0.0,0.0,0.0,17.806879894541765
6583,scenario_1,204.108,111.96499810583639,0.0,0.0,92.14300189416362,579.2917347120173,0.0,0.0,0.0,0.0,0.0,0.0,111.96499810583639
6584,scenario_1,269.224,183.56657524895965,0.0,0.0,85.65742475104034,483.3094410722635,0.0,0.0,0.0,0.0,0.0,0.0,183.56657524895965
6585,scenario_1,253.765,377.9634218553714,0.0,124.19842185537141,0.0,394.0829569565965,0.0,0.0,0.0,0.0,0.0,0.0,377.9634218553714
6586,scenario_1,140.999,535.0819569565966,0.0,394.0829569565966,0.0,512.0714577191993,0.0,0.0,0.0,0.0,0.0,0.0,535.0819569565966
6587,scenario_1,98.198,492.2809569565966,0.0,394.0829569565966,0.0,886.4502668279661,0.0,0.0,0.0,0.0,0.0,0.0,492.2809569565966
6588,scenario_1,97.544,491.6269569565966,0.0,394.0829569565966,0.0,1260.8290759367328,0.0,0.0,0.0,0.0,0.0,0.0,491.6269569565966
6589,scenario_1,106.755,301.6730766305881,0.0,194.91807663058813,0.0,1635.2078850454996,0.0,0.0,0.0,0.0,0.0,0.0,301.6730766305881
6590,scenario_1,109.316,267.24729151413123,0.0,157.93129151413126,0.0,1820.3800578445582,0.0,0.0,0.0,0.0,0.0,0.0,267.24729151413123
6591,scenario_1,112.801,95.6369504448423,0.0,0.0,17.164049555157703,1970.414784782983,0.0,0.0,0.0,0.0,0.0,0.0,95.6369504448423
6592,scenario_1,141.282,125.78772998293795,0.0,0.0,15.494270017062064,1952.5355664963604,0.0,0.0,0.0,0.0,0.0,0.0,125.78772998293795
6593,scenario_1,224.349,5.671756566312277,0.0,0.0,218.67724343368772,1936.395701895254,0.0,0.0,0.0,0.0,0.0,0.0,5.671756566312277
6594,scenario_1,262.799,0.0,61.3917014289115,0.0,201.40729857108846,1708.6069066518294,0.0,20.463900476303834,0.0,0.0,0.0,0.0,0.0
6595,scenario_1,268.666,0.0,34.97757781733188,0.0,233.68842218266812,1498.8076373069455,0.0,11.659192605777292,0.0,0.0,0.0,0.0,0.0
6596,scenario_1,228.641,0.0,0.0,0.0,228.641,1255.3821975333328,0.0,0.0,0.0,0.0,0.0,0.0,0.0
6597,scenario_1,157.604,0.0,0.0,0.0,157.604,1017.2144891999995,0.0,0.0,0.0,0.0,0.0,0.0,0.0
6598,scenario_1,57.801,0.0,0.0,0.0,57.801,853.0436558666662,0.0,0.0,0.0,0.0,0.0,0.0,0.0
6599,scenario_1,24.085,0.0,24.085,0.0,0.0,792.8342808666662,0.0,8.028333333333334,0.0,0.0,0.0,0.0,0.0
6600,scenario_1,37.479,0.0,0.0,0.0,37.479,792.8342808666662,0.0,0.0,0.0,0.0,0.0,0.0,0.0
6601,scenario_1,44.673,0.0,0.0,0.0,44.673,753.7936558666662,0.0,0.0,0.0,0.0,0.0,0.0,0.0
6602,scenario_1,41.016,0.0,0.0,0.0,41.016,707.2592808666662,0.0,0.0,0.0,0.0,0.0,0.0,0.0
6603,scenario_1,4.32,0.0,0.0,0.0,4.32,664.5342808666662,0.0,0.0,0.0,0.0,0.0,0.0,0.0
6604,scenario_1,52.121,0.0,0.0,0.0,52.121,660.0342808666662,0.0,0.0,0.0,0.0,0.0,0.0,0.0
6605,scenario_1,77.675,0.0,61.3917014289115,0.0,16.283298571088494,605.7415725333328,0.0,20.463900476303834,0.0,0.0,0.0,0.0,0.0
6606,scenario_1,128.192,42.45988312909544,0.0,0.0,85.73211687090458,588.779803188449,0.0,0.0,0.0,0.0,0.0,0.0,42.45988312909544
6607,scenario_1,212.733,111.55614448832614,0.0,0.0,101.17685551167386,499.4755147812568,0.0,0.0,0.0,0.0,0.0,0.0,111.55614448832614
6608,scenario_1,251.448,251.448,0.0,0.0,0.0,394.0829569565965,0.0,0.0,0.0,0.0,0.0,0.0,251.448
6609,scenario_1,222.835,222.835,0.0,0.0,0.0,394.0829569565965,0.0,0.0,0.0,0.0,0.0,0.0,222.835
6610,scenario_1,145.492,300.9684565663684,0.0,155.4764565663684,0.0,394.0829569565965,0.0,0.0,0.0,0.0,0.0,0.0,300.9684565663684
6611,scenario_1,9.281,403.3639569565966,0.0,394.0829569565966,0.0,541.7855906946464,0.0,0.0,0.0,0.0,0.0,0.0,403.3639569565966
6612,scenario_1,104.457,498.5399569565966,0.0,394.0829569565966,0.0,916.1643998034132,0.0,0.0,0.0,0.0,0.0,0.0,498.5399569565966
6613,scenario_1,98.809,492.8919569565966,0.0,394.0829569565966,0.0,1290.54320891218,0.0,0.0,0.0,0.0,0.0,0.0,492.8919569565966
6614,scenario_1,135.619,457.19033343372223,0.0,321.57133343372226,0.0,1664.9220180209468,0.0,0.0,0.0,0.0,0.0,0.0,457.19033343372223
6615,scenario_1,123.614,123.614,0.0,0.0,0.0,1970.414784782983,0.0,0.0,0.0,0.0,0.0,0.0,123.614
6616,scenario_1,166.031,161.90603253405538,0.0,0.0,4.124967465944621,1970.414784782983,0.0,0.0,0.0,0.0,0.0,0.0,161.90603253405538
6617,scenario_1,192.732,7.350666102045819,0.0,0.0,185.3813338979542,1966.1179436726238,0.0,0.0,0.0,0.0,0.0,0.0,7.350666102045819
6618,scenario_1,238.912,0.0,61.3917014289115,0.0,177.52029857108852,1773.0123875289214,0.0,20.463900476303834,0.0,0.0,0.0,0.0,0.0
6619,scenario_1,294.215,0.0,12.693661730014469,0.0,281.5213382699855,1588.095409850704,0.0,4.23122057667149,0.0,0.0,0.0,0.0,0.0
6620,scenario_1,232.142,0.0,0.0,0.0,232.142,1294.8440158194692,0.0,0.0,0.0,0.0,0.0,0.0,0.0
6621,scenario_1,162.669,0.0,0.0,0.0,162.669,1053.0294324861359,0.0,0.0,0.0,0.0,0.0,0.0,0.0
6622,scenario_1,75.432,0.0,0.0,0.0,75.432,883.5825574861359,0.0,0.0,0.0,0.0,0.0,0.0,0.0
6623,scenario_1,42.559,0.0,0.0,0.0,42.559,805.0075574861359,0.0,0.0,0.0,0.0,0.0,0.0,0.0
6624,scenario_1,20.281,0.0,0.0,0.0,20.281,760.6752658194691,0.0,0.0,0.0,0.0,0.0,0.0,0.0
6625,scenario_1,40.206,0.0,0.0,0.0,40.206,739.5492241528025,0.0,0.0,0.0,0.0,0.0,0.0,0.0
6626,scenario_1,45.865,0.0,0.0,0.0,45.865,697.6679741528025,0.0,0.0,0.0,0.0,0.0,0.0,0.0
6627,scenario_1,46.336,0.0,0.0,0.0,46.336,649.8919324861358,0.0,0.0,0.0,0.0,0.0,0.0,0.0
6628,scenario_1,55.751,0.0,0.0,0.0,55.751,601.6252658194692,0.0,0.0,0.0,0.0,0.0,0.0,0.0
6629,scenario_1,73.898,0.0,61.3917014289115,0.0,12.506298571088493,543.5513074861359,0.0,20.463900476303834,0.0,0.0,0.0,0.0,0.0
6630,scenario_1,126.183,32.51691111177192,0.0,0.0,93.66608888822809,530.523913141252,0.0,0.0,0.0,0.0,0.0,0.0,32.51691111177192
6631,scenario_1,230.618,193.30077095095876,0.0,0.0,37.31722904904123,432.9550705493478,0.0,0.0,0.0,0.0,0.0,0.0,193.30077095095876
6632,scenario_1,244.353,244.353,0.0,0.0,0.0,394.0829569565965,0.0,0.0,0.0,0.0,0.0,0.0,244.353
6633,scenario_1,208.738,521.9494873240843,0.0,313.2114873240843,0.0,394.0829569565965,0.0,0.0,0.0,0.0,0.0,0.0,521.9494873240843
6634,scenario_1,142.366,142.366,0.0,0.0,0.0,691.6338699144766,0.0,0.0,0.0,0.0,0.0,0.0,142.366
6635,scenario_1,130.382,521.523235680297,0.0,391.14123568029703,0.0,691.6338699144766,0.0,0.0,0.0,0.0,0.0,0.0,521.523235680297
6636,scenario_1,109.118,503.2009569565966,0.0,394.0829569565966,0.0,1063.2180438107587,0.0,0.0,0.0,0.0,0.0,0.0,503.2009569565966
6637,scenario_1,98.857,492.9399569565966,0.0,394.0829569565966,0.0,1437.5968529195254,0.0,0.0,0.0,0.0,0.0,0.0,492.9399569565966
6638,scenario_1,107.791,107.791,0.0,0.0,0.0,1811.9756620282922,0.0,0.0,0.0,0.0,0.0,0.0,107.791
6639,scenario_1,12.174,12.174,0.0,0.0,0.0,1811.9756620282922,0.0,0.0,0.0,0.0,0.0,0.0,12.174
6640,scenario_1,154.924,154.924,0.0,0.0,0.0,1811.9756620282922,0.0,0.0,0.0,0.0,0.0,0.0,154.924
6641,scenario_1,175.673,2.6966940729398865,0.0,0.0,172.9763059270601,1811.9756620282922,0.0,0.0,0.0,0.0,0.0,0.0,2.6966940729398865
6642,scenario_1,236.702,0.0,0.0,0.0,236.702,1631.7920100209378,0.0,0.0,0.0,0.0,0.0,0.0,0.0
6643,scenario_1,247.769,0.0,0.0,0.0,247.769,1385.2274266876045,0.0,0.0,0.0,0.0,0.0,0.0,0.0
6644,scenario_1,215.346,0.0,0.0,0.0,215.346,1127.1347183542712,0.0,0.0,0.0,0.0,0.0,0.0,0.0
6645,scenario_1,14.866,0.0,0.0,0.0,14.866,902.8159683542711,0.0,0.0,0.0,0.0,0.0,0.0,0.0
6646,scenario_1,7.186,0.0,0.0,0.0,7.186,887.3305516876045,0.0,0.0,0.0,0.0,0.0,0.0,0.0
6647,scenario_1,33.844,0.0,0.0,0.0,33.844,879.8451350209378,0.0,0.0,0.0,0.0,0.0,0.0,0.0
6648,scenario_1,38.213,0.0,0.0,0.0,38.213,844.5909683542711,0.0,0.0,0.0,0.0,0.0,0.0,0.0
6649,scenario_1,39.383,0.0,0.0,0.0,39.383,804.7857600209378,0.0,0.0,0.0,0.0,0.0,0.0,0.0
6650,scenario_1,41.871,0.0,0.0,0.0,41.871,763.7618016876045,0.0,0.0,0.0,0.0,0.0,0.0,0.0
6651,scenario_1,42.907,0.0,0.0,0.0,42.907,720.1461766876045,0.0,0.0,0.0,0.0,0.0,0.0,0.0
6652,scenario_1,51.956,0.0,0.0,0.0,51.956,675.4513850209378,0.0,0.0,0.0,0.0,0.0,0.0,0.0
6653,scenario_1,80.193,0.0,0.0,0.0,80.193,621.3305516876044,0.0,0.0,0.0,0.0,0.0,0.0,0.0
6654,scenario_1,14.159,41.346409447365424,0.0,27.187409447365425,0.0,537.7961766876044,0.0,0.0,0.0,0.0,0.0,0.0,41.346409447365424
6655,scenario_1,220.171,131.42469049669614,0.0,0.0,88.74630950330385,563.6242156626016,0.0,0.0,0.0,0.0,0.0,0.0,131.42469049669614
6656,scenario_1,254.022,245.6775290579622,0.0,0.0,8.344470942037788,471.1801432633268,0.0,0.0,0.0,0.0,0.0,0.0,245.6775290579622
6657,scenario_1,21.45,388.8284892653776,0.0,367.3784892653776,0.0,462.48798603203744,0.0,0.0,0.0,0.0,0.0,0.0,388.8284892653776
6658,scenario_1,135.107,516.5734972044816,0.0,381.4664972044816,0.0,811.4975508341461,0.0,0.0,0.0,0.0,0.0,0.0,516.5734972044816
6659,scenario_1,115.882,115.882,0.0,0.0,0.0,1173.8907231784035,0.0,0.0,0.0,0.0,0.0,0.0,115.882
6660,scenario_1,103.492,497.5749569565966,0.0,394.0829569565966,0.0,1173.8907231784035,0.0,0.0,0.0,0.0,0.0,0.0,497.5749569565966
6661,scenario_1,88.779,482.8619569565966,0.0,394.0829569565966,0.0,1548.2695322871703,0.0,0.0,0.0,0.0,0.0,0.0,482.8619569565966
6662,scenario_1,10.809,10.809,0.0,0.0,0.0,1922.648341395937,0.0,0.0,0.0,0.0,0.0,0.0,10.809
6663,scenario_1,143.565,193.84546672320621,0.0,50.280466723206224,0.0,1922.648341395937,0.0,0.0,0.0,0.0,0.0,0.0,193.84546672320621
6664,scenario_1,152.459,152.459,0.0,0.0,0.0,1970.414784782983,0.0,0.0,0.0,0.0,0.0,0.0,152.459
6665,scenario_1,200.533,10.056059188124223,0.0,0.0,190.47694081187575,1970.414784782983,0.0,0.0,0.0,0.0,0.0,0.0,10.056059188124223
6666,scenario_1,273.462,0.0,29.633055564750947,0.0,243.82894443524904,1772.0013047706123,0.0,9.877685188250316,0.0,0.0,0.0,0.0,0.0
6667,scenario_1,279.532,0.0,0.0,0.0,279.532,1518.0128209838945,0.0,0.0,0.0,0.0,0.0,0.0,0.0
6668,scenario_1,254.177,0.0,0.0,0.0,254.177,1226.833654317228,0.0,0.0,0.0,0.0,0.0,0.0,0.0
6669,scenario_1,169.901,0.0,0.0,0.0,169.901,962.0659459838945,0.0,0.0,0.0,0.0,0.0,0.0,0.0
6670,scenario_1,77.105,0.0,0.0,0.0,77.105,785.0857376505611,0.0,0.0,0.0,0.0,0.0,0.0,0.0
6671,scenario_1,35.433,0.0,0.0,0.0,35.433,704.7680293172277,0.0,0.0,0.0,0.0,0.0,0.0,0.0
6672,scenario_1,32.776,0.0,0.0,0.0,32.776,667.8586543172278,0.0,0.0,0.0,0.0,0.0,0.0,0.0
6673,scenario_1,41.151,0.0,0.0,0.0,41.151,633.7169876505611,0.0,0.0,0.0,0.0,0.0,0.0,0.0
6674,scenario_1,48.707,0.0,0.0,0.0,48.707,590.8513626505611,0.0,0.0,0.0,0.0,0.0,0.0,0.0
6675,scenario_1,5.546,0.0,0.0,0.0,5.546,540.1149043172278,0.0,0.0,0.0,0.0,0.0,0.0,0.0
6676,scenario_1,60.062,0.0,0.0,0.0,60.062,534.3378209838945,0.0,0.0,0.0,0.0,0.0,0.0,0.0
6677,scenario_1,7.555,0.0,0.0,0.0,7.555,471.77323765056116,0.0,0.0,0.0,0.0,0.0,0.0,0.0
6678,scenario_1,93.203,26.175330533793932,0.0,0.0,67.02766946620608,463.90344598389447,0.0,0.0,0.0,0.0,0.0,0.0,26.175330533793932
6679,scenario_1,143.617,143.617,0.0,0.0,0.0,394.0829569565965,0.0,0.0,0.0,0.0,0.0,0.0,143.617
6680,scenario_1,187.057,347.6560600807825,0.0,160.5990600807825,0.0,394.0829569565965,0.0,0.0,0.0,0.0,0.0,0.0,347.6560600807825
6681,scenario_1,183.696,439.12618323227576,0.0,255.43018323227577,0.0,546.6520640333399,0.0,0.0,0.0,0.0,0.0,0.0,439.12618323227576
6682,scenario_1,153.663,153.663,0.0,0.0,0.0,789.3107381040019,0.0,0.0,0.0,0.0,0.0,0.0,153.663
6683,scenario_1,121.699,484.3523525394192,0.0,362.6533525394192,0.0,789.3107381040019,0.0,0.0,0.0,0.0,0.0,0.0,484.3523525394192
6684,scenario_1,131.139,512.1978935958082,0.0,381.0588935958082,0.0,1133.8314230164501,0.0,0.0,0.0,0.0,0.0,0.0,512.1978935958082
6685,scenario_1,136.432,136.432,0.0,0.0,0.0,1495.837371932468,0.0,0.0,0.0,0.0,0.0,0.0,136.432
6686,scenario_1,150.458,150.458,0.0,0.0,0.0,1495.837371932468,0.0,0.0,0.0,0.0,0.0,0.0,150.458
6687,scenario_1,15.864,309.8936440464856,0.0,294.0296440464856,0.0,1495.837371932468,0.0,0.0,0.0,0.0,0.0,0.0,309.8936440464856
6688,scenario_1,214.694,178.1470900636643,0.0,0.0,36.54690993633568,1775.1655337766292,0.0,0.0,0.0,0.0,0.0,0.0,178.1470900636643
6689,scenario_1,207.257,0.0,0.0,0.0,207.257,1737.0958359262795,0.0,0.0,0.0,0.0,0.0,0.0,0.0
6690,scenario_1,241.406,0.0,0.0,0.0,241.406,1521.2031275929462,0.0,0.0,0.0,0.0,0.0,0.0,0.0
6691,scenario_1,21.624,0.0,0.0,0.0,21.624,1269.7385442596128,0.0,0.0,0.0,0.0,0.0,0.0,0.0
6692,scenario_1,168.172,0.0,0.0,0.0,168.172,1247.2135442596127,0.0,0.0,0.0,0.0,0.0,0.0,0.0
6693,scenario_1,119.046,0.0,0.0,0.0,119.046,1072.034377592946,0.0,0.0,0.0,0.0,0.0,0.0,0.0
6694,scenario_1,80.949,0.0,0.0,0.0,80.949,948.0281275929459,0.0,0.0,0.0,0.0,0.0,0.0,0.0
6695,scenario_1,46.517,0.0,0.0,0.0,46.517,863.7062525929459,0.0,0.0,0.0,0.0,0.0,0.0,0.0
6696,scenario_1,17.676,0.0,0.0,0.0,17.676,815.2510442596126,0.0,0.0,0.0,0.0,0.0,0.0,0.0
6697,scenario_1,27.765,0.0,0.0,0.0,27.765,796.8385442596126,0.0,0.0,0.0,0.0,0.0,0.0,0.0
6698,scenario_1,4.728,0.0,0.0,0.0,4.728,767.9166692596126,0.0,0.0,0.0,0.0,0.0,0.0,0.0
6699,scenario_1,45.853,0.0,0.0,0.0,45.853,762.9916692596126,0.0,0.0,0.0,0.0,0.0,0.0,0.0
6700,scenario_1,58.678,0.0,0.0,0.0,58.678,715.228127592946,0.0,0.0,0.0,0.0,0.0,0.0,0.0
6701,scenario_1,93.344,0.0,0.0,0.0,93.344,654.1052109262793,0.0,0.0,0.0,0.0,0.0,0.0,0.0
6702,scenario_1,11.793,11.793,0.0,0.0,0.0,556.8718775929459,0.0,0.0,0.0,0.0,0.0,0.0,11.793
6703,scenario_1,173.126,142.97697994464508,0.0,0.0,30.149020055354924,556.8718775929459,0.0,0.0,0.0,0.0,0.0,0.0,142.97697994464508
6704,scenario_1,181.254,181.254,0.0,0.0,0.0,525.4666483686178,0.0,0.0,0.0,0.0,0.0,0.0,181.254
6705,scenario_1,167.675,167.675,0.0,0.0,0.0,525.4666483686178,0.0,0.0,0.0,0.0,0.0,0.0,167.675
6706,scenario_1,147.516,499.7844018471461,0.0,352.26840184714615,0.0,525.4666483686178,0.0,0.0,0.0,0.0,0.0,0.0,499.7844018471461
6707,scenario_1,157.473,475.502588235858,0.0,318.029588235858,0.0,860.1216301234067,0.0,0.0,0.0,0.0,0.0,0.0,475.502588235858
6708,scenario_1,128.773,128.773,0.0,0.0,0.0,1162.2497389474718,0.0,0.0,0.0,0.0,0.0,0.0,128.773
6709,scenario_1,11.915,405.9979569565966,0.0,394.0829569565966,0.0,1162.2497389474718,0.0,0.0,0.0,0.0,0.0,0.0,405.9979569565966
6710,scenario_1,14.278,408.3609569565966,0.0,394.0829569565966,0.0,1536.6285480562385,0.0,0.0,0.0,0.0,0.0,0.0,408.3609569565966
6711,scenario_1,156.767,156.767,0.0,0.0,0.0,1911.0073571650053,0.0,0.0,0.0,0.0,0.0,0.0,156.767
6712,scenario_1,184.294,155.09470524659756,0.0,0.0,29.199294753402455,1911.0073571650053,0.0,0.0,0.0,0.0,0.0,0.0,155.09470524659756
6713,scenario_1,219.947,1.835491772226826,0.0,0.0,218.1115082277732,1880.591425130211,0.0,0.0,0.0,0.0,0.0,0.0,1.835491772226826
6714,scenario_1,235.947,0.0,0.0,0.0,235.947,1653.3919373929473,0.0,0.0,0.0,0.0,0.0,0.0,0.0
6715,scenario_1,222.818,0.0,0.0,0.0,222.818,1407.6138123929472,0.0,0.0,0.0,0.0,0.0,0.0,0.0
6716,scenario_1,170.598,0.0,0.0,0.0,170.598,1175.5117290596138,0.0,0.0,0.0,0.0,0.0,0.0,0.0
6717,scenario_1,111.839,0.0,0.0,0.0,111.839,997.8054790596138,0.0,0.0,0.0,0.0,0.0,0.0,0.0
6718,scenario_1,74.084,0.0,0.0,0.0,74.084,881.3065207262805,0.0,0.0,0.0,0.0,0.0,0.0,0.0
6719,scenario_1,42.196,0.0,0.0,0.0,42.196,804.1356873929471,0.0,0.0,0.0,0.0,0.0,0.0,0.0
6720,scenario_1,19.414,0.0,0.0,0.0,19.414,760.1815207262805,0.0,0.0,0.0,0.0,0.0,0.0,0.0
6721,scenario_1,24.042,0.0,0.0,0.0,24.042,739.9586040596138,0.0,0.0,0.0,0.0,0.0,0.0,0.0
6722,scenario_1,34.798,0.0,0.0,0.0,34.798,714.9148540596137,0.0,0.0,0.0,0.0,0.0,0.0,0.0
6723,scenario_1,52.395,0.0,0.0,0.0,52.395,678.666937392947,0.0,0.0,0.0,0.0,0.0,0.0,0.0
6724,scenario_1,56.655,0.0,0.0,0.0,56.655,624.088812392947,0.0,0.0,0.0,0.0,0.0,0.0,0.0
6725,scenario_1,7.766,0.0,0.0,0.0,7.766,565.073187392947,0.0,0.0,0.0,0.0,0.0,0.0,0.0
6726,scenario_1,12.285,12.285,0.0,0.0,0.0,556.9836040596138,0.0,0.0,0.0,0.0,0.0,0.0,12.285
6727,scenario_1,195.424,167.68217725802984,0.0,0.0,27.741822741970168,556.9836040596138,0.0,0.0,0.0,0.0,0.0,0.0,167.68217725802984
6728,scenario_1,259.656,191.7088515466104,0.0,0.0,67.94714845338962,528.0858720367281,0.0,0.0,0.0,0.0,0.0,0.0,191.7088515466104
6729,scenario_1,218.922,158.2263499764632,0.0,0.0,60.695650023536786,457.30759239778064,0.0,0.0,0.0,0.0,0.0,0.0,158.2263499764632
6730,scenario_1,133.556,133.556,0.0,0.0,0.0,394.0829569565965,0.0,0.0,0.0,0.0,0.0,0.0,133.556
6731,scenario_1,9.645,403.7279569565966,0.0,394.0829569565966,0.0,394.0829569565965,0.0,0.0,0.0,0.0,0.0,0.0,403.7279569565966
6732,scenario_1,9.064,403.1469569565966,0.0,394.0829569565966,0.0,768.4617660653632,0.0,0.0,0.0,0.0,0.0,0.0,403.1469569565966
6733,scenario_1,129.748,465.5972802127792,0.0,335.8492802127792,0.0,1142.84057517413,0.0,0.0,0.0,0.0,0.0,0.0,465.5972802127792
6734,scenario_1,123.997,423.2140173016245,0.0,299.2170173016245,0.0,1461.8973913762702,0.0,0.0,0.0,0.0,0.0,0.0,423.2140173016245
6735,scenario_1,136.116,136.116,0.0,0.0,0.0,1746.1535578128135,0.0,0.0,0.0,0.0,0.0,0.0,136.116
6736,scenario_1,175.019,173.6062052053591,0.0,0.0,1.4127947946409165,1746.1535578128135,0.0,0.0,0.0,0.0,0.0,0.0,173.6062052053591
6737,scenario_1,19.939,6.019717091852908,0.0,0.0,13.919282908147093,1744.6818965683958,0.0,0.0,0.0,0.0,0.0,0.0,6.019717091852908
6738,scenario_1,269.353,0.0,0.0,0.0,269.353,1730.182643539076,0.0,0.0,0.0,0.0,0.0,0.0,0.0
6739,scenario_1,300.361,0.0,0.0,0.0,300.361,1449.6066018724093,0.0,0.0,0.0,0.0,0.0,0.0,0.0
6740,scenario_1,239.076,0.0,0.0,0.0,239.076,1136.7305602057427,0.0,0.0,0.0,0.0,0.0,0.0,0.0
6741,scenario_1,142.668,0.0,0.0,0.0,142.668,887.6930602057425,0.0,0.0,0.0,0.0,0.0,0.0,0.0
6742,scenario_1,6.666,0.0,0.0,0.0,6.666,739.0805602057426,0.0,0.0,0.0,0.0,0.0,0.0,0.0
6743,scenario_1,26.043,0.0,0.0,0.0,26.043,732.1368102057426,0.0,0.0,0.0,0.0,0.0,0.0,0.0
6744,scenario_1,3.986,0.0,0.0,0.0,3.986,705.0086852057426,0.0,0.0,0.0,0.0,0.0,0.0,0.0
6745,scenario_1,38.526,0.0,0.0,0.0,38.526,700.8566018724093,0.0,0.0,0.0,0.0,0.0,0.0,0.0
6746,scenario_1,41.526,0.0,0.0,0.0,41.526,660.7253518724093,0.0,0.0,0.0,0.0,0.0,0.0,0.0
6747,scenario_1,4.834,0.0,0.0,0.0,4.834,617.4691018724093,0.0,0.0,0.0,0.0,0.0,0.0,0.0
6748,scenario_1,49.876,0.0,0.0,0.0,49.876,612.4336852057426,0.0,0.0,0.0,0.0,0.0,0.0,0.0
6749,scenario_1,79.044,0.0,0.0,0.0,79.044,560.4795185390759,0.0,0.0,0.0,0.0,0.0,0.0,0.0
6750,scenario_1,128.289,47.59230088081974,0.0,0.0,80.69669911918024,478.14201853907593,0.0,0.0,0.0,0.0,0.0,0.0,47.59230088081974
6751,scenario_1,207.299,207.299,0.0,0.0,0.0,394.0829569565965,0.0,0.0,0.0,0.0,0.0,0.0,207.299
6752,scenario_1,274.833,274.833,0.0,0.0,0.0,394.0829569565965,0.0,0.0,0.0,0.0,0.0,0.0,274.833
6753,scenario_1,211.595,529.6700305291325,0.0,318.0750305291325,0.0,394.0829569565965,0.0,0.0,0.0,0.0,0.0,0.0,529.6700305291325
6754,scenario_1,137.599,531.6819569565967,0.0,394.0829569565966,0.0,696.2542359592724,0.0,0.0,0.0,0.0,0.0,0.0,531.6819569565967
6755,scenario_1,95.407,95.407,0.0,0.0,0.0,1070.633045068039,0.0,0.0,0.0,0.0,0.0,0.0,95.407
6756,scenario_1,9.808,403.8909569565966,0.0,394.0829569565966,0.0,1070.633045068039,0.0,0.0,0.0,0.0,0.0,0.0,403.8909569565966
6757,scenario_1,127.902,521.9849569565966,0.0,394.0829569565966,0.0,1445.0118541768059,0.0,0.0,0.0,0.0,0.0,0.0,521.9849569565966
6758,scenario_1,130.876,130.876,0.0,0.0,0.0,1819.3906632855726,0.0,0.0,0.0,0.0,0.0,0.0,130.876
6759,scenario_1,139.961,139.961,0.0,0.0,0.0,1819.3906632855726,0.0,0.0,0.0,0.0,0.0,0.0,139.961
6760,scenario_1,19.444,178.4167594709583,0.0,158.97275947095832,0.0,1819.3906632855726,0.0,0.0,0.0,0.0,0.0,0.0,178.4167594709583
6761,scenario_1,195.209,0.0,27.505268623554002,0.0,167.703731376446,1970.414784782983,0.0,9.168422874518,0.0,0.0,0.0,0.0,0.0
6762,scenario_1,255.525,0.0,0.0,0.0,255.525,1795.7233979325183,0.0,0.0,0.0,0.0,0.0,0.0,0.0
6763,scenario_1,303.319,0.0,0.0,0.0,303.319,1529.5515229325183,0.0,0.0,0.0,0.0,0.0,0.0,0.0
6764,scenario_1,261.087,0.0,0.0,0.0,261.087,1213.5942312658517,0.0,0.0,0.0,0.0,0.0,0.0,0.0
6765,scenario_1,152.787,0.0,0.0,0.0,152.787,941.6286062658517,0.0,0.0,0.0,0.0,0.0,0.0,0.0
6766,scenario_1,50.872,0.0,0.0,0.0,50.872,782.4754812658516,0.0,0.0,0.0,0.0,0.0,0.0,0.0
6767,scenario_1,21.586,0.0,21.586,0.0,0.0,729.4838145991849,0.0,7.195333333333333,0.0,0.0,0.0,0.0,0.0
6768,scenario_1,31.143,0.0,0.0,0.0,31.143,729.4838145991849,0.0,0.0,0.0,0.0,0.0,0.0,0.0
6769,scenario_1,41.119,0.0,0.0,0.0,41.119,697.043189599185,0.0,0.0,0.0,0.0,0.0,0.0,0.0
6770,scenario_1,44.446,0.0,0.0,0.0,44.446,654.2108979325183,0.0,0.0,0.0,0.0,0.0,0.0,0.0
6771,scenario_1,44.883,0.0,0.0,0.0,44.883,607.9129812658516,0.0,0.0,0.0,0.0,0.0,0.0,0.0
6772,scenario_1,57.027,0.0,0.0,0.0,57.027,561.1598562658517,0.0,0.0,0.0,0.0,0.0,0.0,0.0
6773,scenario_1,76.041,0.0,61.3917014289115,0.0,14.649298571088494,501.75673126585167,0.0,20.463900476303834,0.0,0.0,0.0,0.0,0.0
6774,scenario_1,131.247,42.52947523420357,0.0,0.0,88.71752476579644,486.49704525430116,0.0,0.0,0.0,0.0,0.0,0.0,42.52947523420357
6775,scenario_1,22.552,217.73629885704958,0.0,195.18429885704958,0.0,394.0829569565965,0.0,0.0,0.0,0.0,0.0,0.0,217.73629885704958
6776,scenario_1,255.133,255.133,0.0,0.0,0.0,579.5080408707936,0.0,0.0,0.0,0.0,0.0,0.0,255.133
6777,scenario_1,225.339,225.339,0.0,0.0,0.0,579.5080408707936,0.0,0.0,0.0,0.0,0.0,0.0,225.339
6778,scenario_1,151.872,545.9549569565966,0.0,394.0829569565966,0.0,579.5080408707936,0.0,0.0,0.0,0.0,0.0,0.0,545.9549569565966
6779,scenario_1,136.495,530.5779569565966,0.0,394.0829569565966,0.0,953.8868499795603,0.0,0.0,0.0,0.0,0.0,0.0,530.5779569565966
6780,scenario_1,101.976,496.0589569565966,0.0,394.0829569565966,0.0,1328.265659088327,0.0,0.0,0.0,0.0,0.0,0.0,496.0589569565966
6781,scenario_1,113.265,113.265,0.0,0.0,0.0,1702.6444681970938,0.0,0.0,0.0,0.0,0.0,0.0,113.265
6782,scenario_1,104.317,386.18049114304114,0.0,281.86349114304113,0.0,1702.6444681970938,0.0,0.0,0.0,0.0,0.0,0.0,386.18049114304114
6783,scenario_1,140.352,140.352,0.0,0.0,0.0,1970.414784782983,0.0,0.0,0.0,0.0,0.0,0.0,140.352
6784,scenario_1,160.104,160.104,0.0,0.0,0.0,1970.414784782983,0.0,0.0,0.0,0.0,0.0,0.0,160.104
6785,scenario_1,192.197,4.3408075561193655,0.0,0.0,187.85619244388064,1970.414784782983,0.0,0.0,0.0,0.0,0.0,0.0,4.3408075561193655
6786,scenario_1,261.536,0.0,0.0,0.0,261.536,1774.7312509872738,0.0,0.0,0.0,0.0,0.0,0.0,0.0
6787,scenario_1,288.073,0.0,0.0,0.0,288.073,1502.2979176539404,0.0,0.0,0.0,0.0,0.0,0.0,0.0
6788,scenario_1,256.019,0.0,0.0,0.0,256.019,1202.2218759872737,0.0,0.0,0.0,0.0,0.0,0.0,0.0
6789,scenario_1,161.065,0.0,0.0,0.0,161.065,935.5354176539404,0.0,0.0,0.0,0.0,0.0,0.0,0.0
6790,scenario_1,62.806,0.0,0.0,0.0,62.806,767.7593759872736,0.0,0.0,0.0,0.0,0.0,0.0,0.0
6791,scenario_1,21.601,0.0,0.0,0.0,21.601,702.336459320607,0.0,0.0,0.0,0.0,0.0,0.0,0.0
6792,scenario_1,39.652,0.0,0.0,0.0,39.652,679.8354176539403,0.0,0.0,0.0,0.0,0.0,0.0,0.0
6793,scenario_1,3.98,0.0,0.0,0.0,3.98,638.5312509872737,0.0,0.0,0.0,0.0,0.0,0.0,0.0
6794,scenario_1,36.917,0.0,0.0,0.0,36.917,634.3854176539403,0.0,0.0,0.0,0.0,0.0,0.0,0.0
6795,scenario_1,42.005,0.0,0.0,0.0,42.005,595.930209320607,0.0,0.0,0.0,0.0,0.0,0.0,0.0
6796,scenario_1,52.438,0.0,0.0,0.0,52.438,552.1750009872736,0.0,0.0,0.0,0.0,0.0,0.0,0.0
6797,scenario_1,63.361,0.0,23.617746391355006,0.0,39.74325360864499,497.5520843206069,0.0,7.8725821304516685,0.0,0.0,0.0,0.0,0.0
6798,scenario_1,108.145,48.557891339194995,0.0,0.0,59.587108660805,456.1528618116017,0.0,0.0,0.0,0.0,0.0,0.0,48.557891339194995
6799,scenario_1,220.362,220.362,0.0,0.0,0.0,394.0829569565965,0.0,0.0,0.0,0.0,0.0,0.0,220.362
6800,scenario_1,293.166,402.99048265488125,0.0,109.82448265488125,0.0,394.0829569565965,0.0,0.0,0.0,0.0,0.0,0.0,402.99048265488125
6801,scenario_1,228.058,550.2038819979836,0.0,322.14588199798357,0.0,498.41621547873365,0.0,0.0,0.0,0.0,0.0,0.0,550.2038819979836
6802,scenario_1,13.885,407.9679569565966,0.0,394.0829569565966,0.0,804.4548033768181,0.0,0.0,0.0,0.0,0.0,0.0,407.9679569565966
6803,scenario_1,104.881,0.0,0.0,0.0,104.881,1178.8336124855848,0.0,0.0,0.0,0.0,0.0,0.0,0.0
6804,scenario_1,144.288,538.3709569565966,0.0,394.0829569565966,0.0,1069.5825708189182,0.0,0.0,0.0,0.0,0.0,0.0,538.3709569565966
6805,scenario_1,109.589,503.6719569565966,0.0,394.0829569565966,0.0,1443.961379927685,0.0,0.0,0.0,0.0,0.0,0.0,503.6719569565966
6806,scenario_1,106.379,266.45752183845394,0.0,160.07852183845395,0.0,1818.3401890364516,0.0,0.0,0.0,0.0,0.0,0.0,266.45752183845394
6807,scenario_1,120.604,120.604,0.0,0.0,0.0,1970.414784782983,0.0,0.0,0.0,0.0,0.0,0.0,120.604
6808,scenario_1,150.074,143.05527106289173,0.0,0.0,7.018728937108278,1970.414784782983,0.0,0.0,0.0,0.0,0.0,0.0,143.05527106289173
6809,scenario_1,208.978,3.4187121634366955,0.0,0.0,205.5592878365633,1963.1036088068286,0.0,0.0,0.0,0.0,0.0,0.0,3.4187121634366955
6810,scenario_1,243.291,0.0,61.3917014289115,0.0,181.89929857108848,1748.9793506437418,0.0,20.463900476303834,0.0,0.0,0.0,0.0,0.0
6811,scenario_1,254.905,0.0,0.0,0.0,254.905,1559.5009146321913,0.0,0.0,0.0,0.0,0.0,0.0,0.0
6812,scenario_1,222.209,0.0,0.0,0.0,222.209,1293.9748729655246,0.0,0.0,0.0,0.0,0.0,0.0,0.0
6813,scenario_1,154.439,0.0,61.3917014289115,0.0,93.04729857108849,1062.5071646321912,0.0,20.463900476303834,0.0,0.0,0.0,0.0,0.0
6814,scenario_1,76.681,0.0,28.000186177685407,0.0,48.68081382231459,965.5828952873073,0.0,9.333395392561803,0.0,0.0,0.0,0.0,0.0
6815,scenario_1,45.286,0.0,0.0,0.0,45.286,914.8737142223963,0.0,0.0,0.0,0.0,0.0,0.0,0.0
6816,scenario_1,36.723,0.0,0.0,0.0,36.723,867.7007975557297,0.0,0.0,0.0,0.0,0.0,0.0,0.0
6817,scenario_1,39.455,0.0,0.0,0.0,39.455,829.4476725557297,0.0,0.0,0.0,0.0,0.0,0.0,0.0
6818,scenario_1,47.678,0.0,0.0,0.0,47.678,788.3487142223963,0.0,0.0,0.0,0.0,0.0,0.0,0.0
6819,scenario_1,42.619,0.0,0.0,0.0,42.619,738.684130889063,0.0,0.0,0.0,0.0,0.0,0.0,0.0
6820,scenario_1,5.553,0.0,0.0,0.0,5.553,694.2893392223963,0.0,0.0,0.0,0.0,0.0,0.0,0.0
6821,scenario_1,82.581,0.0,0.0,0.0,82.581,688.5049642223963,0.0,0.0,0.0,0.0,0.0,0.0,0.0
6822,scenario_1,134.788,25.105351917756494,0.0,0.0,109.68264808224352,602.4830892223963,0.0,0.0,0.0,0.0,0.0,0.0,25.105351917756494
6823,scenario_1,213.603,123.22152110707579,0.0,0.0,90.38147889292422,488.2303308033926,0.0,0.0,0.0,0.0,0.0,0.0,123.22152110707579
6824,scenario_1,254.664,340.28799595245965,0.0,85.62399595245967,0.0,394.0829569565965,0.0,0.0,0.0,0.0,0.0,0.0,340.28799595245965
6825,scenario_1,202.128,536.2506649238043,0.0,334.1226649238043,0.0,475.42575311143315,0.0,0.0,0.0,0.0,0.0,0.0,536.2506649238043
6826,scenario_1,135.532,529.6149569565966,0.0,394.0829569565966,0.0,792.8422847890472,0.0,0.0,0.0,0.0,0.0,0.0,529.6149569565966
6827,scenario_1,109.386,0.0,0.0,0.0,109.386,1167.221093897814,0.0,0.0,0.0,0.0,0.0,0.0,0.0
6828,scenario_1,96.327,490.4099569565966,0.0,394.0829569565966,0.0,1053.277343897814,0.0,0.0,0.0,0.0,0.0,0.0,490.4099569565966
6829,scenario_1,13.438,407.5209569565966,0.0,394.0829569565966,0.0,1427.6561530065808,0.0,0.0,0.0,0.0,0.0,0.0,407.5209569565966
6830,scenario_1,102.917,280.15891859751093,0.0,177.24191859751093,0.0,1802.0349621153475,0.0,0.0,0.0,0.0,0.0,0.0,280.15891859751093
6831,scenario_1,125.328,125.328,0.0,0.0,0.0,1970.414784782983,0.0,0.0,0.0,0.0,0.0,0.0,125.328
6832,scenario_1,148.899,140.26288784542817,0.0,0.0,8.636112154571833,1970.414784782983,0.0,0.0,0.0,0.0,0.0,0.0,140.26288784542817
6833,scenario_1,188.605,3.401314137159664,0.0,0.0,185.20368586284033,1961.4188346219705,0.0,0.0,0.0,0.0,0.0,0.0,3.401314137159664
6834,scenario_1,254.891,0.0,0.0,0.0,254.891,1768.498328514845,0.0,0.0,0.0,0.0,0.0,0.0,0.0
6835,scenario_1,272.244,0.0,0.0,0.0,272.244,1502.9868701815117,0.0,0.0,0.0,0.0,0.0,0.0,0.0
6836,scenario_1,22.837,0.0,0.0,0.0,22.837,1219.3993701815116,0.0,0.0,0.0,0.0,0.0,0.0,0.0
6837,scenario_1,172.439,0.0,0.0,0.0,172.439,1195.610828514845,0.0,0.0,0.0,0.0,0.0,0.0,0.0
6838,scenario_1,86.637,0.0,0.0,0.0,86.637,1015.9868701815117,0.0,0.0,0.0,0.0,0.0,0.0,0.0
6839,scenario_1,41.934,0.0,0.0,0.0,41.934,925.7399951815116,0.0,0.0,0.0,0.0,0.0,0.0,0.0
6840,scenario_1,15.797,0.0,0.0,0.0,15.797,882.0587451815117,0.0,0.0,0.0,0.0,0.0,0.0,0.0
6841,scenario_1,24.952,0.0,0.0,0.0,24.952,865.6035368481784,0.0,0.0,0.0,0.0,0.0,0.0,0.0
6842,scenario_1,32.558,0.0,0.0,0.0,32.558,839.6118701815117,0.0,0.0,0.0,0.0,0.0,0.0,0.0
6843,scenario_1,49.834,0.0,0.0,0.0,49.834,805.6972868481784,0.0,0.0,0.0,0.0,0.0,0.0,0.0
6844,scenario_1,62.438,0.0,0.0,0.0,62.438,753.7868701815116,0.0,0.0,0.0,0.0,0.0,0.0,0.0
6845,scenario_1,77.844,0.0,2.1236304159139934,0.0,75.720369584086,688.7472868481783,0.0,0.7078768053046645,0.0,0.0,0.0,0.0,0.0
6846,scenario_1,133.779,30.32475980086595,0.0,0.0,103.45424019913405,609.8719018647554,0.0,0.0,0.0,0.0,0.0,0.0,30.32475980086595
6847,scenario_1,160.492,134.93909180465653,0.0,0.0,25.552908195343463,502.10706832399075,0.0,0.0,0.0,0.0,0.0,0.0,134.93909180465653
6848,scenario_1,181.625,103.474761282645,0.0,0.0,78.150238717355,475.48945562050795,0.0,0.0,0.0,0.0,0.0,0.0,103.474761282645
6849,scenario_1,185.134,268.0988330434941,0.0,82.96483304349414,0.0,394.0829569565965,0.0,0.0,0.0,0.0,0.0,0.0,268.0988330434941
6850,scenario_1,159.165,553.2479569565966,0.0,394.0829569565966,0.0,472.8995483479159,0.0,0.0,0.0,0.0,0.0,0.0,553.2479569565966
6851,scenario_1,117.519,511.6019569565966,0.0,394.0829569565966,0.0,847.2783574566827,0.0,0.0,0.0,0.0,0.0,0.0,511.6019569565966
6852,scenario_1,119.343,513.4259569565966,0.0,394.0829569565966,0.0,1221.6571665654494,0.0,0.0,0.0,0.0,0.0,0.0,513.4259569565966
6853,scenario_1,148.349,542.4319569565967,0.0,394.0829569565966,0.0,1596.0359756742162,0.0,0.0,0.0,0.0,0.0,0.0,542.4319569565967
6854,scenario_1,148.952,148.952,0.0,0.0,0.0,1970.414784782983,0.0,0.0,0.0,0.0,0.0,0.0,148.952
6855,scenario_1,148.083,111.50395040949505,0.0,0.0,36.57904959050495,1970.414784782983,0.0,0.0,0.0,0.0,0.0,0.0,111.50395040949505
6856,scenario_1,164.466,111.01680567373818,0.0,0.0,53.44919432626183,1932.311608126207,0.0,0.0,0.0,0.0,0.0,0.0,111.01680567373818
6857,scenario_1,224.861,2.6271019678317606,0.0,0.0,222.23389803216824,1876.635364036351,0.0,0.0,0.0,0.0,0.0,0.0,2.6271019678317606
6858,scenario_1,255.368,0.0,61.3917014289115,0.0,193.97629857108848,1645.1417202528423,0.0,20.463900476303834,0.0,0.0,0.0,0.0,0.0
6859,scenario_1,232.497,0.0,0.0,0.0,232.497,1443.0830759079586,0.0,0.0,0.0,0.0,0.0,0.0,0.0
6860,scenario_1,167.235,0.0,0.0,0.0,167.235,1200.8987009079585,0.0,0.0,0.0,0.0,0.0,0.0,0.0
6861,scenario_1,127.499,0.0,0.0,0.0,127.499,1026.6955759079585,0.0,0.0,0.0,0.0,0.0,0.0,0.0
6862,scenario_1,70.916,0.0,0.0,0.0,70.916,893.8841175746252,0.0,0.0,0.0,0.0,0.0,0.0,0.0
6863,scenario_1,55.671,0.0,0.0,0.0,55.671,820.0132842412918,0.0,0.0,0.0,0.0,0.0,0.0,0.0
6864,scenario_1,31.686,0.0,0.0,0.0,31.686,762.0226592412918,0.0,0.0,0.0,0.0,0.0,0.0,0.0
6865,scenario_1,38.353,0.0,0.0,0.0,38.353,729.0164092412917,0.0,0.0,0.0,0.0,0.0,0.0,0.0
6866,scenario_1,47.816,0.0,0.0,0.0,47.816,689.065367574625,0.0,0.0,0.0,0.0,0.0,0.0,0.0
6867,scenario_1,50.327,0.0,0.0,0.0,50.327,639.2570342412916,0.0,0.0,0.0,0.0,0.0,0.0,0.0
6868,scenario_1,63.688,0.0,0.0,0.0,63.688,586.8330759079583,0.0,0.0,0.0,0.0,0.0,0.0,0.0
6869,scenario_1,78.893,0.0,20.459612873202182,0.0,58.43338712679782,520.4914092412916,0.0,6.819870957734061,0.0,0.0,0.0,0.0,0.0
6870,scenario_1,104.587,41.668272933490506,0.0,0.0,62.9187270665095,459.62329765087725,0.0,0.0,0.0,0.0,0.0,0.0,41.668272933490506
6871,scenario_1,15.205,15.205,0.0,0.0,0.0,394.0829569565965,0.0,0.0,0.0,0.0,0.0,0.0,15.205
6872,scenario_1,189.677,357.7643133477378,0.0,168.08731334773782,0.0,394.0829569565965,0.0,0.0,0.0,0.0,0.0,0.0,357.7643133477378
6873,scenario_1,165.623,464.4838065310492,0.0,298.8608065310492,0.0,553.7659046369474,0.0,0.0,0.0,0.0,0.0,0.0,464.4838065310492
6874,scenario_1,150.729,544.8119569565966,0.0,394.0829569565966,0.0,837.6836708414442,0.0,0.0,0.0,0.0,0.0,0.0,544.8119569565966
6875,scenario_1,129.269,523.3519569565966,0.0,394.0829569565966,0.0,1212.062479950211,0.0,0.0,0.0,0.0,0.0,0.0,523.3519569565966
6876,scenario_1,128.641,522.7239569565966,0.0,394.0829569565966,0.0,1586.4412890589776,0.0,0.0,0.0,0.0,0.0,0.0,522.7239569565966
6877,scenario_1,132.081,132.081,0.0,0.0,0.0,1960.8200981677444,0.0,0.0,0.0,0.0,0.0,0.0,132.081
6878,scenario_1,130.048,140.1476701213037,0.0,10.099670121303701,0.0,1960.8200981677444,0.0,0.0,0.0,0.0,0.0,0.0,140.1476701213037
6879,scenario_1,157.916,157.916,0.0,0.0,0.0,1970.414784782983,0.0,0.0,0.0,0.0,0.0,0.0,157.916
6880,scenario_1,173.012,139.02762797975893,0.0,0.0,33.98437202024107,1970.414784782983,0.0,0.0,0.0,0.0,0.0,0.0,139.02762797975893
6881,scenario_1,198.036,0.6611249985271981,0.0,0.0,197.37487500147282,1935.0143972618985,0.0,0.0,0.0,0.0,0.0,0.0,0.6611249985271981
6882,scenario_1,247.886,0.0,61.3917014289115,0.0,186.4942985710885,1729.4155691353642,0.0,20.463900476303834,0.0,0.0,0.0,0.0,0.0
6883,scenario_1,231.563,0.0,61.3917014289115,0.0,170.17129857108847,1535.1506747904803,0.0,20.463900476303834,0.0,0.0,0.0,0.0,0.0
6884,scenario_1,177.571,0.0,61.3917014289115,0.0,116.1792985710885,1357.8889054455965,0.0,20.463900476303834,0.0,0.0,0.0,0.0,0.0
6885,scenario_1,136.892,0.0,0.0,0.0,136.892,1236.8688027673793,0.0,0.0,0.0,0.0,0.0,0.0,0.0
6886,scenario_1,89.131,0.0,0.0,0.0,89.131,1094.272969434046,0.0,0.0,0.0,0.0,0.0,0.0,0.0
6887,scenario_1,48.485,0.0,0.0,0.0,48.485,1001.4281777673793,0.0,0.0,0.0,0.0,0.0,0.0,0.0
6888,scenario_1,16.921,0.0,0.0,0.0,16.921,950.922969434046,0.0,0.0,0.0,0.0,0.0,0.0,0.0
6889,scenario_1,21.382,0.0,0.0,0.0,21.382,933.2969277673793,0.0,0.0,0.0,0.0,0.0,0.0,0.0
6890,scenario_1,40.415,0.0,0.0,0.0,40.415,911.0240111007126,0.0,0.0,0.0,0.0,0.0,0.0,0.0
6891,scenario_1,52.002,0.0,0.0,0.0,52.002,868.9250527673793,0.0,0.0,0.0,0.0,0.0,0.0,0.0
6892,scenario_1,52.924,0.0,0.0,0.0,52.924,814.7563027673792,0.0,0.0,0.0,0.0,0.0,0.0,0.0
6893,scenario_1,69.629,0.0,61.3917014289115,0.0,8.237298571088502,759.6271361007125,0.0,20.463900476303834,0.0,0.0,0.0,0.0,0.0
6894,scenario_1,131.929,31.177263088440494,0.0,0.0,100.7517369115595,751.0466167558286,0.0,0.0,0.0,0.0,0.0,0.0,31.177263088440494
6895,scenario_1,234.378,89.61723335298939,0.0,0.0,144.7607666470106,646.0968908062874,0.0,0.0,0.0,0.0,0.0,0.0,89.61723335298939
6896,scenario_1,288.727,187.98567392332563,3.5687162279816675,0.0,97.17260984869266,495.3044255489847,0.0,1.1895720759938893,0.0,0.0,0.0,0.0,187.98567392332563
6897,scenario_1,25.644,419.7269569565966,0.0,394.0829569565966,0.0,394.0829569565965,0.0,0.0,0.0,0.0,0.0,0.0,419.7269569565966
6898,scenario_1,140.795,534.8779569565966,0.0,394.0829569565966,0.0,768.4617660653632,0.0,0.0,0.0,0.0,0.0,0.0,534.8779569565966
6899,scenario_1,12.329,406.4119569565966,0.0,394.0829569565966,0.0,1142.84057517413,0.0,0.0,0.0,0.0,0.0,0.0,406.4119569565966
6900,scenario_1,114.965,114.965,0.0,0.0,0.0,1517.2193842828967,0.0,0.0,0.0,0.0,0.0,0.0,114.965
6901,scenario_1,100.658,444.3716881548007,0.0,343.7136881548007,0.0,1517.2193842828967,0.0,0.0,0.0,0.0,0.0,0.0,444.3716881548007
6902,scenario_1,107.149,240.48310184529,0.0,133.33410184529,0.0,1843.7473880299574,0.0,0.0,0.0,0.0,0.0,0.0,240.48310184529
6903,scenario_1,136.691,136.691,0.0,0.0,0.0,1970.414784782983,0.0,0.0,0.0,0.0,0.0,0.0,136.691
6904,scenario_1,139.503,113.54821849704626,0.0,0.0,25.954781502953722,1970.414784782983,0.0,0.0,0.0,0.0,0.0,0.0,113.54821849704626
6905,scenario_1,17.21,0.0,0.0,0.0,17.21,1943.3785540507395,0.0,0.0,0.0,0.0,0.0,0.0,0.0
6906,scenario_1,246.318,0.0,0.0,0.0,246.318,1925.4514707174062,0.0,0.0,0.0,0.0,0.0,0.0,0.0
6907,scenario_1,253.676,0.0,0.0,0.0,253.676,1668.8702207174063,0.0,0.0,0.0,0.0,0.0,0.0,0.0
6908,scenario_1,234.269,0.0,0.0,0.0,234.269,1404.6243873840729,0.0,0.0,0.0,0.0,0.0,0.0,0.0
6909,scenario_1,163.482,0.0,0.0,0.0,163.482,1160.5941790507395,0.0,0.0,0.0,0.0,0.0,0.0,0.0
6910,scenario_1,82.164,0.0,0.0,0.0,82.164,990.3004290507395,0.0,0.0,0.0,0.0,0.0,0.0,0.0
6911,scenario_1,42.959,0.0,0.0,0.0,42.959,904.7129290507395,0.0,0.0,0.0,0.0,0.0,0.0,0.0
6912,scenario_1,32.037,0.0,0.0,0.0,32.037,859.9639707174061,0.0,0.0,0.0,0.0,0.0,0.0,0.0
6913,scenario_1,41.718,0.0,0.0,0.0,41.718,826.5920957174061,0.0,0.0,0.0,0.0,0.0,0.0,0.0
6914,scenario_1,48.788,0.0,0.0,0.0,48.788,783.1358457174061,0.0,0.0,0.0,0.0,0.0,0.0,0.0
6915,scenario_1,4.933,0.0,0.0,0.0,4.933,732.3150123840728,0.0,0.0,0.0,0.0,0.0,0.0,0.0
6916,scenario_1,60.646,0.0,0.0,0.0,60.646,727.1764707174061,0.0,0.0,0.0,0.0,0.0,0.0,0.0
6917,scenario_1,79.686,0.0,0.0,0.0,79.686,664.0035540507395,0.0,0.0,0.0,0.0,0.0,0.0,0.0
6918,scenario_1,145.248,45.93078937136323,0.0,0.0,99.31721062863676,580.9973040507394,0.0,0.0,0.0,0.0,0.0,0.0,45.93078937136323
6919,scenario_1,233.523,203.00886961354237,0.0,0.0,30.514130386457623,477.54187631257616,0.0,0.0,0.0,0.0,0.0,0.0,203.00886961354237
6920,scenario_1,314.398,305.2135749779641,0.0,0.0,9.184425022035953,445.75632382668283,0.0,0.0,0.0,0.0,0.0,0.0,305.2135749779641
6921,scenario_1,211.245,211.245,0.0,0.0,0.0,436.1892144287287,0.0,0.0,0.0,0.0,0.0,0.0,211.245
6922,scenario_1,12.989,407.0719569565966,0.0,394.0829569565966,0.0,436.1892144287287,0.0,0.0,0.0,0.0,0.0,0.0,407.0719569565966
6923,scenario_1,89.978,484.0609569565966,0.0,394.0829569565966,0.0,810.5680235374955,0.0,0.0,0.0,0.0,0.0,0.0,484.0609569565966
6924,scenario_1,89.666,483.7489569565966,0.0,394.0829569565966,0.0,1184.9468326462622,0.0,0.0,0.0,0.0,0.0,0.0,483.7489569565966
6925,scenario_1,100.093,100.093,0.0,0.0,0.0,1559.325641755029,0.0,0.0,0.0,0.0,0.0,0.0,100.093
6926,scenario_1,100.452,433.03717790571085,0.0,332.58517790571085,0.0,1559.325641755029,0.0,0.0,0.0,0.0,0.0,0.0,433.03717790571085
6927,scenario_1,124.194,124.194,0.0,0.0,0.0,1875.2815607654543,0.0,0.0,0.0,0.0,0.0,0.0,124.194
6928,scenario_1,147.358,147.358,0.0,0.0,0.0,1875.2815607654543,0.0,0.0,0.0,0.0,0.0,0.0,147.358
6929,scenario_1,18.05,0.6437269722501665,0.0,0.0,17.406273027749833,1875.2815607654543,0.0,0.0,0.0,0.0,0.0,0.0,0.6437269722501665
6930,scenario_1,256.548,0.0,0.0,0.0,256.548,1857.1500263615483,0.0,0.0,0.0,0.0,0.0,0.0,0.0
6931,scenario_1,283.027,0.0,0.0,0.0,283.027,1589.9125263615483,0.0,0.0,0.0,0.0,0.0,0.0,0.0
6932,scenario_1,238.731,0.0,0.0,0.0,238.731,1295.0927346948815,0.0,0.0,0.0,0.0,0.0,0.0,0.0
6933,scenario_1,147.679,0.0,0.0,0.0,147.679,1046.4146096948814,0.0,0.0,0.0,0.0,0.0,0.0,0.0
6934,scenario_1,57.728,0.0,0.0,0.0,57.728,892.5823180282147,0.0,0.0,0.0,0.0,0.0,0.0,0.0
6935,scenario_1,25.357,0.0,0.0,0.0,25.357,832.4489846948813,0.0,0.0,0.0,0.0,0.0,0.0,0.0
6936,scenario_1,37.214,0.0,0.0,0.0,37.214,806.0354430282147,0.0,0.0,0.0,0.0,0.0,0.0,0.0
6937,scenario_1,43.224,0.0,0.0,0.0,43.224,767.2708596948813,0.0,0.0,0.0,0.0,0.0,0.0,0.0
6938,scenario_1,47.422,0.0,0.0,0.0,47.422,722.2458596948813,0.0,0.0,0.0,0.0,0.0,0.0,0.0
6939,scenario_1,54.661,0.0,0.0,0.0,54.661,672.8479430282147,0.0,0.0,0.0,0.0,0.0,0.0,0.0
6940,scenario_1,68.049,0.0,0.0,0.0,68.049,615.909401361548,0.0,0.0,0.0,0.0,0.0,0.0,0.0
6941,scenario_1,75.369,0.0,0.0,0.0,75.369,545.025026361548,0.0,0.0,0.0,0.0,0.0,0.0,0.0
6942,scenario_1,121.425,51.88961337124653,0.0,0.0,69.53538662875346,466.515651361548,0.0,0.0,0.0,0.0,0.0,0.0,51.88961337124653
6943,scenario_1,216.272,216.272,0.0,0.0,0.0,394.0829569565965,0.0,0.0,0.0,0.0,0.0,0.0,216.272
6944,scenario_1,244.977,408.76662737885573,0.0,163.78962737885573,0.0,394.0829569565965,0.0,0.0,0.0,0.0,0.0,0.0,408.76662737885573
6945,scenario_1,222.527,535.785162621235,0.0,313.25816262123504,0.0,549.6831029665094,0.0,0.0,0.0,0.0,0.0,0.0,535.785162621235
6946,scenario_1,150.334,544.4169569565966,0.0,394.0829569565966,0.0,847.2783574566827,0.0,0.0,0.0,0.0,0.0,0.0,544.4169569565966
6947,scenario_1,120.302,514.3849569565966,0.0,394.0829569565966,0.0,1221.6571665654494,0.0,0.0,0.0,0.0,0.0,0.0,514.3849569565966
6948,scenario_1,99.055,99.055,0.0,0.0,0.0,1596.0359756742162,0.0,0.0,0.0,0.0,0.0,0.0,99.055
6949,scenario_1,95.539,95.539,0.0,0.0,0.0,1596.0359756742162,0.0,0.0,0.0,0.0,0.0,0.0,95.539
6950,scenario_1,116.779,510.8619569565966,0.0,394.0829569565966,0.0,1596.0359756742162,0.0,0.0,0.0,0.0,0.0,0.0,510.8619569565966
6951,scenario_1,152.687,152.687,0.0,0.0,0.0,1970.414784782983,0.0,0.0,0.0,0.0,0.0,0.0,152.687
6952,scenario_1,147.654,147.654,0.0,0.0,0.0,1970.414784782983,0.0,0.0,0.0,0.0,0.0,0.0,147.654
6953,scenario_1,194.332,0.6437269722501665,0.0,0.0,193.68827302774983,1970.414784782983,0.0,0.0,0.0,0.0,0.0,0.0,0.6437269722501665
6954,scenario_1,293.294,0.0,0.0,0.0,293.294,1768.6561670457436,0.0,0.0,0.0,0.0,0.0,0.0,0.0
6955,scenario_1,263.066,0.0,0.0,0.0,263.066,1463.1415837124102,0.0,0.0,0.0,0.0,0.0,0.0,0.0
6956,scenario_1,233.355,0.0,0.0,0.0,233.355,1189.1145003790768,0.0,0.0,0.0,0.0,0.0,0.0,0.0
6957,scenario_1,137.641,0.0,0.0,0.0,137.641,946.0363753790768,0.0,0.0,0.0,0.0,0.0,0.0,0.0
6958,scenario_1,52.283,0.0,0.0,0.0,52.283,802.6603337124102,0.0,0.0,0.0,0.0,0.0,0.0,0.0
6959,scenario_1,20.214,0.0,0.0,0.0,20.214,748.1988753790769,0.0,0.0,0.0,0.0,0.0,0.0,0.0
6960,scenario_1,34.957,0.0,0.0,0.0,34.957,727.1426253790769,0.0,0.0,0.0,0.0,0.0,0.0,0.0
6961,scenario_1,42.179,0.0,0.0,0.0,42.179,690.7290837124102,0.0,0.0,0.0,0.0,0.0,0.0,0.0
6962,scenario_1,40.177,0.0,0.0,0.0,40.177,646.7926253790769,0.0,0.0,0.0,0.0,0.0,0.0,0.0
6963,scenario_1,46.861,0.0,0.0,0.0,46.861,604.9415837124102,0.0,0.0,0.0,0.0,0.0,0.0,0.0
6964,scenario_1,47.223,0.0,0.0,0.0,47.223,556.1280420457435,0.0,0.0,0.0,0.0,0.0,0.0,0.0
6965,scenario_1,76.349,0.0,36.16888455196246,0.0,40.18011544803754,506.93741704574353,0.0,12.056294850654155,0.0,0.0,0.0,0.0,0.0
6966,scenario_1,121.633,53.472833762456396,0.0,0.0,68.16016623754359,465.0831301207044,0.0,0.0,0.0,0.0,0.0,0.0,53.472833762456396
6967,scenario_1,19.725,239.54472479530858,0.0,219.8197247953086,0.0,394.0829569565965,0.0,0.0,0.0,0.0,0.0,0.0,239.54472479530858
6968,scenario_1,298.624,298.624,0.0,0.0,0.0,602.9116955121397,0.0,0.0,0.0,0.0,0.0,0.0,298.624
6969,scenario_1,216.369,473.5970652047821,0.0,257.2280652047821,0.0,602.9116955121397,0.0,0.0,0.0,0.0,0.0,0.0,473.5970652047821
6970,scenario_1,142.122,536.2049569565966,0.0,394.0829569565966,0.0,847.2783574566827,0.0,0.0,0.0,0.0,0.0,0.0,536.2049569565966
6971,scenario_1,105.226,499.3089569565966,0.0,394.0829569565966,0.0,1221.6571665654494,0.0,0.0,0.0,0.0,0.0,0.0,499.3089569565966
6972,scenario_1,96.626,96.626,0.0,0.0,0.0,1596.0359756742162,0.0,0.0,0.0,0.0,0.0,0.0,96.626
6973,scenario_1,119.751,119.751,0.0,0.0,0.0,1596.0359756742162,0.0,0.0,0.0,0.0,0.0,0.0,119.751
6974,scenario_1,121.257,515.3399569565966,0.0,394.0829569565966,0.0,1596.0359756742162,0.0,0.0,0.0,0.0,0.0,0.0,515.3399569565966
6975,scenario_1,144.396,144.396,0.0,0.0,0.0,1970.414784782983,0.0,0.0,0.0,0.0,0.0,0.0,144.396
6976,scenario_1,156.588,156.588,0.0,0.0,0.0,1970.414784782983,0.0,0.0,0.0,0.0,0.0,0.0,156.588
6977,scenario_1,190.543,0.30446545984805173,0.0,0.0,190.23853454015196,1970.414784782983,0.0,0.0,0.0,0.0,0.0,0.0,0.30446545984805173
6978,scenario_1,273.195,0.0,61.3917014289115,0.0,211.80329857108848,1772.2496446369912,0.0,20.463900476303834,0.0,0.0,0.0,0.0,0.0
6979,scenario_1,290.717,0.0,0.0,0.0,290.717,1551.6212086254407,0.0,0.0,0.0,0.0,0.0,0.0,0.0
6980,scenario_1,252.117,0.0,0.0,0.0,252.117,1248.7910002921074,0.0,0.0,0.0,0.0,0.0,0.0,0.0
6981,scenario_1,178.176,0.0,0.0,0.0,178.176,986.1691252921073,0.0,0.0,0.0,0.0,0.0,0.0,0.0
6982,scenario_1,90.932,0.0,0.0,0.0,90.932,800.5691252921073,0.0,0.0,0.0,0.0,0.0,0.0,0.0
6983,scenario_1,41.398,0.0,0.0,0.0,41.398,705.848291958774,0.0,0.0,0.0,0.0,0.0,0.0,0.0
6984,scenario_1,34.115,0.0,0.0,0.0,34.115,662.7253752921073,0.0,0.0,0.0,0.0,0.0,0.0,0.0
6985,scenario_1,41.239,0.0,0.0,0.0,41.239,627.1889169587739,0.0,0.0,0.0,0.0,0.0,0.0,0.0
6986,scenario_1,42.875,0.0,0.0,0.0,42.875,584.2316252921072,0.0,0.0,0.0,0.0,0.0,0.0,0.0
6987,scenario_1,45.536,0.0,0.0,0.0,45.536,539.5701669587738,0.0,0.0,0.0,0.0,0.0,0.0,0.0
6988,scenario_1,4.771,0.0,0.0,0.0,4.771,492.1368336254405,0.0,0.0,0.0,0.0,0.0,0.0,0.0
6989,scenario_1,68.228,0.0,36.451811420935414,0.0,31.77618857906458,487.16704195877384,0.0,12.150603806978472,0.0,0.0,0.0,0.0,0.0
6990,scenario_1,115.172,57.58746697697435,0.0,0.0,57.58453302302565,454.06684552224823,0.0,0.0,0.0,0.0,0.0,0.0,57.58746697697435
6991,scenario_1,212.307,212.307,0.0,0.0,0.0,394.0829569565965,0.0,0.0,0.0,0.0,0.0,0.0,212.307
6992,scenario_1,264.497,421.66726386327457,0.0,157.17026386327456,0.0,394.0829569565965,0.0,0.0,0.0,0.0,0.0,0.0,421.66726386327457
6993,scenario_1,210.019,210.019,0.0,0.0,0.0,543.3947076267073,0.0,0.0,0.0,0.0,0.0,0.0,210.019
6994,scenario_1,117.374,511.4569569565966,0.0,394.0829569565966,0.0,543.3947076267073,0.0,0.0,0.0,0.0,0.0,0.0,511.4569569565966
6995,scenario_1,104.849,498.9319569565966,0.0,394.0829569565966,0.0,917.773516735474,0.0,0.0,0.0,0.0,0.0,0.0,498.9319569565966
6996,scenario_1,10.919,405.0019569565966,0.0,394.0829569565966,0.0,1292.1523258442407,0.0,0.0,0.0,0.0,0.0,0.0,405.0019569565966
6997,scenario_1,110.087,110.087,0.0,0.0,0.0,1666.5311349530075,0.0,0.0,0.0,0.0,0.0,0.0,110.087
6998,scenario_1,133.412,453.2895261368162,0.0,319.87752613681624,0.0,1666.5311349530075,0.0,0.0,0.0,0.0,0.0,0.0,453.2895261368162
6999,scenario_1,136.483,136.483,0.0,0.0,0.0,1970.414784782983,0.0,0.0,0.0,0.0,0.0,0.0,136.483
7000,scenario_1,163.515,151.99785656928594,0.0,0.0,11.517143430714043,1970.414784782983,0.0,0.0,0.0,0.0,0.0,0.0,151.99785656928594
7001,scenario_1,210.051,0.30446545984805173,0.0,0.0,209.74653454015194,1958.417760375989,0.0,0.0,0.0,0.0,0.0,0.0,0.30446545984805173
7002,scenario_1,266.408,0.0,61.3917014289115,0.0,205.0162985710885,1739.931786896664,0.0,20.463900476303834,0.0,0.0,0.0,0.0,0.0
7003,scenario_1,258.849,0.0,0.0,0.0,258.849,1526.3731425517803,0.0,0.0,0.0,0.0,0.0,0.0,0.0
7004,scenario_1,222.641,0.0,0.0,0.0,222.641,1256.7387675517803,0.0,0.0,0.0,0.0,0.0,0.0,0.0
7005,scenario_1,163.632,0.0,0.0,0.0,163.632,1024.8210592184469,0.0,0.0,0.0,0.0,0.0,0.0,0.0
7006,scenario_1,83.534,0.0,0.0,0.0,83.534,854.3710592184468,0.0,0.0,0.0,0.0,0.0,0.0,0.0
7007,scenario_1,41.356,0.0,0.0,0.0,41.356,767.3564758851135,0.0,0.0,0.0,0.0,0.0,0.0,0.0
7008,scenario_1,15.615,0.0,0.0,0.0,15.615,724.2773092184468,0.0,0.0,0.0,0.0,0.0,0.0,0.0
7009,scenario_1,28.536,0.0,0.0,0.0,28.536,708.0116842184468,0.0,0.0,0.0,0.0,0.0,0.0,0.0
7010,scenario_1,41.209,0.0,0.0,0.0,41.209,678.2866842184468,0.0,0.0,0.0,0.0,0.0,0.0,0.0
7011,scenario_1,42.952,0.0,0.0,0.0,42.952,635.3606425517801,0.0,0.0,0.0,0.0,0.0,0.0,0.0
7012,scenario_1,51.672,0.0,0.0,0.0,51.672,590.6189758851134,0.0,0.0,0.0,0.0,0.0,0.0,0.0
7013,scenario_1,74.233,0.0,50.7072048133566,0.0,23.525795186643407,536.7939758851134,0.0,16.902401604452198,0.0,0.0,0.0,0.0,0.0
7014,scenario_1,153.875,40.39821701526721,0.0,0.0,113.4767829847328,512.2879392323598,0.0,0.0,0.0,0.0,0.0,0.0,40.39821701526721
7015,scenario_1,157.825,234.96034487131078,0.0,77.13534487131079,0.0,394.0829569565965,0.0,0.0,0.0,0.0,0.0,0.0,234.96034487131078
7016,scenario_1,184.497,411.53291355690374,0.0,227.03591355690372,0.0,467.3615345843417,0.0,0.0,0.0,0.0,0.0,0.0,411.53291355690374
7017,scenario_1,181.826,181.826,0.0,0.0,0.0,683.0456524634003,0.0,0.0,0.0,0.0,0.0,0.0,181.826
7018,scenario_1,148.452,542.5349569565966,0.0,394.0829569565966,0.0,683.0456524634003,0.0,0.0,0.0,0.0,0.0,0.0,542.5349569565966
7019,scenario_1,144.314,538.3969569565966,0.0,394.0829569565966,0.0,1057.424461572167,0.0,0.0,0.0,0.0,0.0,0.0,538.3969569565966
7020,scenario_1,117.033,511.1159569565966,0.0,394.0829569565966,0.0,1431.8032706809338,0.0,0.0,0.0,0.0,0.0,0.0,511.1159569565966
7021,scenario_1,127.391,127.391,0.0,0.0,0.0,1806.1820797897005,0.0,0.0,0.0,0.0,0.0,0.0,127.391
7022,scenario_1,136.743,309.61953157187617,0.0,172.87653157187617,0.0,1806.1820797897005,0.0,0.0,0.0,0.0,0.0,0.0,309.61953157187617
7023,scenario_1,159.163,159.163,0.0,0.0,0.0,1970.414784782983,0.0,0.0,0.0,0.0,0.0,0.0,159.163
7024,scenario_1,161.785,161.785,0.0,0.0,0.0,1970.414784782983,0.0,0.0,0.0,0.0,0.0,0.0,161.785
7025,scenario_1,223.287,0.0,27.79189798503873,0.0,195.49510201496128,1970.414784782983,0.0,9.26396599501291,0.0,0.0,0.0,0.0,0.0
7026,scenario_1,253.165,0.0,0.0,0.0,253.165,1766.7740535173982,0.0,0.0,0.0,0.0,0.0,0.0,0.0
7027,scenario_1,254.901,0.0,0.0,0.0,254.901,1503.0605118507315,0.0,0.0,0.0,0.0,0.0,0.0,0.0
7028,scenario_1,203.838,0.0,0.0,0.0,203.838,1237.5386368507313,0.0,0.0,0.0,0.0,0.0,0.0,0.0
7029,scenario_1,118.079,0.0,0.0,0.0,118.079,1025.2073868507314,0.0,0.0,0.0,0.0,0.0,0.0,0.0
7030,scenario_1,77.086,0.0,0.0,0.0,77.086,902.2084285173981,0.0,0.0,0.0,0.0,0.0,0.0,0.0
7031,scenario_1,47.628,0.0,0.0,0.0,47.628,821.9105118507315,0.0,0.0,0.0,0.0,0.0,0.0,0.0
7032,scenario_1,3.299,0.0,0.0,0.0,3.299,772.2980118507315,0.0,0.0,0.0,0.0,0.0,0.0,0.0
7033,scenario_1,49.357,0.0,0.0,0.0,49.357,768.8615535173982,0.0,0.0,0.0,0.0,0.0,0.0,0.0
7034,scenario_1,52.314,0.0,0.0,0.0,52.314,717.4480118507315,0.0,0.0,0.0,0.0,0.0,0.0,0.0
7035,scenario_1,44.289,0.0,0.0,0.0,44.289,662.9542618507315,0.0,0.0,0.0,0.0,0.0,0.0,0.0
7036,scenario_1,52.441,0.0,0.0,0.0,52.441,616.8198868507316,0.0,0.0,0.0,0.0,0.0,0.0,0.0
7037,scenario_1,86.078,0.0,0.0,0.0,86.078,562.1938451840649,0.0,0.0,0.0,0.0,0.0,0.0,0.0
7038,scenario_1,104.455,37.910299257651694,0.0,0.0,66.54470074234831,472.52926185073153,0.0,0.0,0.0,0.0,0.0,0.0,37.910299257651694
7039,scenario_1,148.496,139.7322480439787,0.0,0.0,8.76375195602131,403.2118652441187,0.0,0.0,0.0,0.0,0.0,0.0,139.7322480439787
7040,scenario_1,189.243,189.243,0.0,0.0,0.0,394.0829569565965,0.0,0.0,0.0,0.0,0.0,0.0,189.243
7041,scenario_1,172.476,172.476,0.0,0.0,0.0,394.0829569565965,0.0,0.0,0.0,0.0,0.0,0.0,172.476
7042,scenario_1,142.117,536.1999569565966,0.0,394.0829569565966,0.0,394.0829569565965,0.0,0.0,0.0,0.0,0.0,0.0,536.1999569565966
7043,scenario_1,122.393,516.4759569565966,0.0,394.0829569565966,0.0,768.4617660653632,0.0,0.0,0.0,0.0,0.0,0.0,516.4759569565966
7044,scenario_1,138.689,138.689,0.0,0.0,0.0,1142.84057517413,0.0,0.0,0.0,0.0,0.0,0.0,138.689
7045,scenario_1,159.465,553.5479569565966,0.0,394.0829569565966,0.0,1142.84057517413,0.0,0.0,0.0,0.0,0.0,0.0,553.5479569565966
7046,scenario_1,153.144,474.02512027885166,0.0,320.88112027885165,0.0,1517.2193842828967,0.0,0.0,0.0,0.0,0.0,0.0,474.02512027885166
7047,scenario_1,162.728,162.728,0.0,0.0,0.0,1822.0564485478058,0.0,0.0,0.0,0.0,0.0,0.0,162.728
7048,scenario_1,189.714,174.7805719790587,0.0,0.0,14.933428020941307,1822.0564485478058,0.0,0.0,0.0,0.0,0.0,0.0,174.7805719790587
7049,scenario_1,209.933,0.0,0.0,0.0,209.933,1806.5007943593253,0.0,0.0,0.0,0.0,0.0,0.0,0.0
7050,scenario_1,219.411,0.0,0.0,0.0,219.411,1587.8205860259918,0.0,0.0,0.0,0.0,0.0,0.0,0.0
7051,scenario_1,206.578,0.0,0.0,0.0,206.578,1359.267461025992,0.0,0.0,0.0,0.0,0.0,0.0,0.0
7052,scenario_1,170.421,0.0,0.0,0.0,170.421,1144.0820443593252,0.0,0.0,0.0,0.0,0.0,0.0,0.0
7053,scenario_1,11.164,0.0,0.0,0.0,11.164,966.5601693593252,0.0,0.0,0.0,0.0,0.0,0.0,0.0
7054,scenario_1,56.186,0.0,0.0,0.0,56.186,954.9310026926585,0.0,0.0,0.0,0.0,0.0,0.0,0.0
7055,scenario_1,26.289,0.0,0.0,0.0,26.289,896.4039193593251,0.0,0.0,0.0,0.0,0.0,0.0,0.0
7056,scenario_1,40.793,0.0,0.0,0.0,40.793,869.0195443593251,0.0,0.0,0.0,0.0,0.0,0.0,0.0
7057,scenario_1,40.947,0.0,0.0,0.0,40.947,826.5268360259918,0.0,0.0,0.0,0.0,0.0,0.0,0.0
7058,scenario_1,42.212,0.0,0.0,0.0,42.212,783.8737110259917,0.0,0.0,0.0,0.0,0.0,0.0,0.0
7059,scenario_1,51.227,0.0,0.0,0.0,51.227,739.9028776926584,0.0,0.0,0.0,0.0,0.0,0.0,0.0
7060,scenario_1,55.247,0.0,0.0,0.0,55.247,686.5414193593251,0.0,0.0,0.0,0.0,0.0,0.0,0.0
7061,scenario_1,71.382,0.0,0.0,0.0,71.382,628.9924610259918,0.0,0.0,0.0,0.0,0.0,0.0,0.0
7062,scenario_1,129.678,51.167595280749715,0.0,0.0,78.51040471925029,554.6362110259918,0.0,0.0,0.0,0.0,0.0,0.0,51.167595280749715
7063,scenario_1,222.282,222.32937779418586,0.0,0.04737779418584864,0.0,472.85453944343936,0.0,0.0,0.0,0.0,0.0,0.0,222.32937779418586
7064,scenario_1,255.022,255.022,0.0,0.0,0.0,472.8995483479159,0.0,0.0,0.0,0.0,0.0,0.0,255.022
7065,scenario_1,200.207,200.207,0.0,0.0,0.0,472.8995483479159,0.0,0.0,0.0,0.0,0.0,0.0,200.207
7066,scenario_1,145.698,539.7809569565966,0.0,394.0829569565966,0.0,472.8995483479159,0.0,0.0,0.0,0.0,0.0,0.0,539.7809569565966
7067,scenario_1,124.017,518.0999569565965,0.0,394.0829569565966,0.0,847.2783574566827,0.0,0.0,0.0,0.0,0.0,0.0,518.0999569565965
7068,scenario_1,109.367,503.4499569565966,0.0,394.0829569565966,0.0,1221.6571665654494,0.0,0.0,0.0,0.0,0.0,0.0,503.4499569565966
7069,scenario_1,128.296,128.296,0.0,0.0,0.0,1596.0359756742162,0.0,0.0,0.0,0.0,0.0,0.0,128.296
7070,scenario_1,108.255,502.3379569565966,0.0,394.0829569565966,0.0,1596.0359756742162,0.0,0.0,0.0,0.0,0.0,0.0,502.3379569565966
7071,scenario_1,128.528,128.528,0.0,0.0,0.0,1970.414784782983,0.0,0.0,0.0,0.0,0.0,0.0,128.528
7072,scenario_1,139.087,139.087,0.0,0.0,0.0,1970.414784782983,0.0,0.0,0.0,0.0,0.0,0.0,139.087
7073,scenario_1,177.948,0.0,8.869746391354767,0.0,169.07825360864524,1970.414784782983,0.0,2.9565821304515887,0.0,0.0,0.0,0.0,0.0
7074,scenario_1,247.228,0.0,0.0,0.0,247.228,1794.291603940644,0.0,0.0,0.0,0.0,0.0,0.0,0.0
7075,scenario_1,265.703,0.0,0.0,0.0,265.703,1536.7624372739774,0.0,0.0,0.0,0.0,0.0,0.0,0.0
7076,scenario_1,241.573,0.0,0.0,0.0,241.573,1259.988478940644,0.0,0.0,0.0,0.0,0.0,0.0,0.0
7077,scenario_1,149.063,0.0,0.0,0.0,149.063,1008.3499372739773,0.0,0.0,0.0,0.0,0.0,0.0,0.0
7078,scenario_1,51.493,0.0,0.0,0.0,51.493,853.075978940644,0.0,0.0,0.0,0.0,0.0,0.0,0.0
7079,scenario_1,33.085,0.0,0.0,0.0,33.085,799.4374372739773,0.0,0.0,0.0,0.0,0.0,0.0,0.0
7080,scenario_1,3.731,0.0,0.0,0.0,3.731,764.9738956073106,0.0,0.0,0.0,0.0,0.0,0.0,0.0
7081,scenario_1,38.522,0.0,0.0,0.0,38.522,761.0874372739773,0.0,0.0,0.0,0.0,0.0,0.0,0.0
7082,scenario_1,43.922,0.0,0.0,0.0,43.922,720.960353940644,0.0,0.0,0.0,0.0,0.0,0.0,0.0
7083,scenario_1,50.818,0.0,0.0,0.0,50.818,675.2082706073107,0.0,0.0,0.0,0.0,0.0,0.0,0.0
7084,scenario_1,59.626,0.0,0.0,0.0,59.626,622.272853940644,0.0,0.0,0.0,0.0,0.0,0.0,0.0
7085,scenario_1,83.708,0.0,0.0,0.0,83.708,560.1624372739774,0.0,0.0,0.0,0.0,0.0,0.0,0.0
7086,scenario_1,128.627,52.89869889531436,0.0,0.0,75.72830110468564,472.96660394064406,0.0,0.0,0.0,0.0,0.0,0.0,52.89869889531436
7087,scenario_1,201.087,251.51456687390626,0.0,50.42756687390627,0.0,394.0829569565965,0.0,0.0,0.0,0.0,0.0,0.0,251.51456687390626
7088,scenario_1,284.926,284.926,0.0,0.0,0.0,441.98914548680744,0.0,0.0,0.0,0.0,0.0,0.0,284.926
7089,scenario_1,245.823,245.823,0.0,0.0,0.0,441.98914548680744,0.0,0.0,0.0,0.0,0.0,0.0,245.823
7090,scenario_1,147.959,542.0419569565966,0.0,394.0829569565966,0.0,441.98914548680744,0.0,0.0,0.0,0.0,0.0,0.0,542.0419569565966
7091,scenario_1,118.881,512.9639569565966,0.0,394.0829569565966,0.0,816.3679545955742,0.0,0.0,0.0,0.0,0.0,0.0,512.9639569565966
7092,scenario_1,9.86,403.9429569565966,0.0,394.0829569565966,0.0,1190.746763704341,0.0,0.0,0.0,0.0,0.0,0.0,403.9429569565966
7093,scenario_1,124.958,124.958,0.0,0.0,0.0,1565.1255728131077,0.0,0.0,0.0,0.0,0.0,0.0,124.958
7094,scenario_1,100.156,437.177713947658,0.0,337.021713947658,0.0,1565.1255728131077,0.0,0.0,0.0,0.0,0.0,0.0,437.177713947658
7095,scenario_1,97.349,97.349,0.0,0.0,0.0,1885.2962010633828,0.0,0.0,0.0,0.0,0.0,0.0,97.349
7096,scenario_1,132.887,168.5868746244355,0.0,35.699874624435495,0.0,1885.2962010633828,0.0,0.0,0.0,0.0,0.0,0.0,168.5868746244355
7097,scenario_1,194.753,0.0,0.0,0.0,194.753,1919.2110819565964,0.0,0.0,0.0,0.0,0.0,0.0,0.0
7098,scenario_1,247.862,0.0,0.0,0.0,247.862,1716.3433736232632,0.0,0.0,0.0,0.0,0.0,0.0,0.0
7099,scenario_1,282.935,0.0,0.0,0.0,282.935,1458.15379028993,0.0,0.0,0.0,0.0,0.0,0.0,0.0
7100,scenario_1,239.148,0.0,0.0,0.0,239.148,1163.4298319565964,0.0,0.0,0.0,0.0,0.0,0.0,0.0
7101,scenario_1,171.153,0.0,0.0,0.0,171.153,914.3173319565965,0.0,0.0,0.0,0.0,0.0,0.0,0.0
7102,scenario_1,84.456,0.0,0.0,0.0,84.456,736.0329569565964,0.0,0.0,0.0,0.0,0.0,0.0,0.0
7103,scenario_1,56.058,0.0,0.0,0.0,56.058,648.0579569565964,0.0,0.0,0.0,0.0,0.0,0.0,0.0
7104,scenario_1,19.092,0.0,0.0,0.0,19.092,589.6642069565964,0.0,0.0,0.0,0.0,0.0,0.0,0.0
7105,scenario_1,40.166,0.0,0.0,0.0,40.166,569.7767069565964,0.0,0.0,0.0,0.0,0.0,0.0,0.0
7106,scenario_1,44.793,0.0,0.0,0.0,44.793,527.9371236232631,0.0,0.0,0.0,0.0,0.0,0.0,0.0
7107,scenario_1,5.017,0.0,0.0,0.0,5.017,481.27774862326316,0.0,0.0,0.0,0.0,0.0,0.0,0.0
7108,scenario_1,5.362,0.0,0.0,0.0,5.362,476.0517069565965,0.0,0.0,0.0,0.0,0.0,0.0,0.0
7109,scenario_1,73.328,0.0,0.0,0.0,73.328,470.4662902899298,0.0,0.0,0.0,0.0,0.0,0.0,0.0
7110,scenario_1,11.996,35.4832745920058,0.0,23.487274592005797,0.0,394.0829569565965,0.0,0.0,0.0,0.0,0.0,0.0,35.4832745920058
7111,scenario_1,198.439,198.439,0.0,0.0,0.0,416.395867819002,0.0,0.0,0.0,0.0,0.0,0.0,198.439
7112,scenario_1,24.921,404.3301306782127,0.0,379.4091306782127,0.0,416.395867819002,0.0,0.0,0.0,0.0,0.0,0.0,404.3301306782127
7113,scenario_1,206.186,527.5168557327344,0.0,321.33085573273434,0.0,776.834541963304,0.0,0.0,0.0,0.0,0.0,0.0,527.5168557327344
7114,scenario_1,125.392,125.392,0.0,0.0,0.0,1082.0988549094016,0.0,0.0,0.0,0.0,0.0,0.0,125.392
7115,scenario_1,103.044,497.1269569565966,0.0,394.0829569565966,0.0,1082.0988549094016,0.0,0.0,0.0,0.0,0.0,0.0,497.1269569565966
7116,scenario_1,102.176,102.176,0.0,0.0,0.0,1456.4776640181683,0.0,0.0,0.0,0.0,0.0,0.0,102.176
7117,scenario_1,99.789,493.8719569565966,0.0,394.0829569565966,0.0,1456.4776640181683,0.0,0.0,0.0,0.0,0.0,0.0,493.8719569565966
7118,scenario_1,109.406,109.406,0.0,0.0,0.0,1830.856473126935,0.0,0.0,0.0,0.0,0.0,0.0,109.406
7119,scenario_1,131.309,278.2124859537346,0.0,146.9034859537346,0.0,1830.856473126935,0.0,0.0,0.0,0.0,0.0,0.0,278.2124859537346
7120,scenario_1,143.476,143.476,0.0,0.0,0.0,1970.414784782983,0.0,0.0,0.0,0.0,0.0,0.0,143.476
7121,scenario_1,196.729,0.0,60.442318549188855,0.0,136.28668145081116,1970.414784782983,0.0,20.147439516396286,0.0,0.0,0.0,0.0,0.0
7122,scenario_1,268.122,0.0,61.3917014289115,0.0,206.7302985710885,1828.4494916050546,0.0,20.463900476303834,0.0,0.0,0.0,0.0,0.0
7123,scenario_1,288.177,0.0,61.3917014289115,0.0,226.7852985710885,1613.105430593504,0.0,20.463900476303834,0.0,0.0,0.0,0.0,0.0
7124,scenario_1,222.763,0.0,61.3917014289115,0.0,161.37129857108852,1376.8707445819534,0.0,20.463900476303834,0.0,0.0,0.0,0.0,0.0
7125,scenario_1,160.902,0.0,0.0,0.0,160.902,1208.7756419037362,0.0,0.0,0.0,0.0,0.0,0.0,0.0
7126,scenario_1,64.841,0.0,0.0,0.0,64.841,1041.1693919037361,0.0,0.0,0.0,0.0,0.0,0.0,0.0
7127,scenario_1,31.327,0.0,31.327,0.0,0.0,973.6266835704027,0.0,10.442333333333334,0.0,0.0,0.0,0.0,0.0
7128,scenario_1,42.526,0.0,0.0,0.0,42.526,973.6266835704027,0.0,0.0,0.0,0.0,0.0,0.0,0.0
7129,scenario_1,52.286,0.0,0.0,0.0,52.286,929.3287669037361,0.0,0.0,0.0,0.0,0.0,0.0,0.0
7130,scenario_1,53.097,0.0,53.097,0.0,0.0,874.8641835704027,0.0,17.699,0.0,0.0,0.0,0.0,0.0
7131,scenario_1,50.629,0.0,0.0,0.0,50.629,874.8641835704027,0.0,0.0,0.0,0.0,0.0,0.0,0.0
7132,scenario_1,56.149,0.0,0.0,0.0,56.149,822.125641903736,0.0,0.0,0.0,0.0,0.0,0.0,0.0
7133,scenario_1,70.563,0.0,0.0,0.0,70.563,763.6371002370693,0.0,0.0,0.0,0.0,0.0,0.0,0.0
7134,scenario_1,137.194,16.406338779240727,61.3917014289115,0.0,59.39595979184776,690.1339752370693,0.0,20.463900476303834,0.0,0.0,0.0,0.0,16.406338779240727
7135,scenario_1,223.337,49.79315120486423,61.3917014289115,0.0,112.15214736622427,628.2631837872278,0.0,20.463900476303834,0.0,0.0,0.0,0.0,49.79315120486423
7136,scenario_1,258.726,146.06512960881818,0.0,0.0,112.66087039118182,511.4380302807442,0.0,0.0,0.0,0.0,0.0,0.0,146.06512960881818
7137,scenario_1,227.489,227.489,0.0,0.0,0.0,394.0829569565965,0.0,0.0,0.0,0.0,0.0,0.0,227.489
7138,scenario_1,133.258,527.3409569565966,0.0,394.0829569565966,0.0,394.0829569565965,0.0,0.0,0.0,0.0,0.0,0.0,527.3409569565966
7139,scenario_1,117.724,511.8069569565966,0.0,394.0829569565966,0.0,768.4617660653632,0.0,0.0,0.0,0.0,0.0,0.0,511.8069569565966
7140,scenario_1,10.084,404.1669569565966,0.0,394.0829569565966,0.0,1142.84057517413,0.0,0.0,0.0,0.0,0.0,0.0,404.1669569565966
7141,scenario_1,129.764,129.764,0.0,0.0,0.0,1517.2193842828967,0.0,0.0,0.0,0.0,0.0,0.0,129.764
7142,scenario_1,12.99,237.5179005064286,0.0,224.52790050642858,0.0,1517.2193842828967,0.0,0.0,0.0,0.0,0.0,0.0,237.5179005064286
7143,scenario_1,135.084,135.084,0.0,0.0,0.0,1730.5208897640039,0.0,0.0,0.0,0.0,0.0,0.0,135.084
7144,scenario_1,156.788,129.02376287046582,0.0,0.0,27.764237129534195,1730.5208897640039,0.0,0.0,0.0,0.0,0.0,0.0,129.02376287046582
7145,scenario_1,18.73,0.0,0.0,0.0,18.73,1701.5998094207391,0.0,0.0,0.0,0.0,0.0,0.0,0.0
7146,scenario_1,251.327,0.0,0.0,0.0,251.327,1682.0893927540724,0.0,0.0,0.0,0.0,0.0,0.0,0.0
7147,scenario_1,28.482,0.0,0.0,0.0,28.482,1420.290434420739,0.0,0.0,0.0,0.0,0.0,0.0,0.0
7148,scenario_1,237.875,0.0,0.0,0.0,237.875,1390.621684420739,0.0,0.0,0.0,0.0,0.0,0.0,0.0
7149,scenario_1,157.356,0.0,0.0,0.0,157.356,1142.8352260874058,0.0,0.0,0.0,0.0,0.0,0.0,0.0
7150,scenario_1,7.035,0.0,0.0,0.0,7.035,978.9227260874059,0.0,0.0,0.0,0.0,0.0,0.0,0.0
7151,scenario_1,27.586,0.0,0.0,0.0,27.586,971.5946010874059,0.0,0.0,0.0,0.0,0.0,0.0,0.0
7152,scenario_1,22.231,0.0,0.0,0.0,22.231,942.8591844207392,0.0,0.0,0.0,0.0,0.0,0.0,0.0
7153,scenario_1,42.001,0.0,0.0,0.0,42.001,919.7018927540726,0.0,0.0,0.0,0.0,0.0,0.0,0.0
7154,scenario_1,4.053,0.0,0.0,0.0,4.053,875.9508510874059,0.0,0.0,0.0,0.0,0.0,0.0,0.0
7155,scenario_1,41.679,0.0,0.0,0.0,41.679,871.728976087406,0.0,0.0,0.0,0.0,0.0,0.0,0.0
7156,scenario_1,54.819,0.0,0.0,0.0,54.819,828.313351087406,0.0,0.0,0.0,0.0,0.0,0.0,0.0
7157,scenario_1,69.371,0.0,0.0,0.0,69.371,771.210226087406,0.0,0.0,0.0,0.0,0.0,0.0,0.0
7158,scenario_1,122.719,35.63115781536057,0.0,0.0,87.08784218463943,698.9487677540726,0.0,0.0,0.0,0.0,0.0,0.0,35.63115781536057
7159,scenario_1,214.043,123.59557867203198,0.0,0.0,90.44742132796803,608.2322654784065,0.0,0.0,0.0,0.0,0.0,0.0,123.59557867203198
7160,scenario_1,285.393,170.25708514703052,0.0,0.0,115.13591485296945,514.0162015951064,0.0,0.0,0.0,0.0,0.0,0.0,170.25708514703052
7161,scenario_1,224.774,540.9916270842954,0.0,316.2176270842954,0.0,394.0829569565965,0.0,0.0,0.0,0.0,0.0,0.0,540.9916270842954
7162,scenario_1,144.831,538.9139569565966,0.0,394.0829569565966,0.0,694.4897026866771,0.0,0.0,0.0,0.0,0.0,0.0,538.9139569565966
7163,scenario_1,107.206,501.2889569565966,0.0,394.0829569565966,0.0,1068.8685117954437,0.0,0.0,0.0,0.0,0.0,0.0,501.2889569565966
7164,scenario_1,113.881,113.881,0.0,0.0,0.0,1443.2473209042105,0.0,0.0,0.0,0.0,0.0,0.0,113.881
7165,scenario_1,116.472,116.472,0.0,0.0,0.0,1443.2473209042105,0.0,0.0,0.0,0.0,0.0,0.0,116.472
7166,scenario_1,138.899,489.9622172264901,0.0,351.0632172264901,0.0,1443.2473209042105,0.0,0.0,0.0,0.0,0.0,0.0,489.9622172264901
7167,scenario_1,124.476,124.476,0.0,0.0,0.0,1776.757377269376,0.0,0.0,0.0,0.0,0.0,0.0,124.476
7168,scenario_1,155.384,155.384,0.0,0.0,0.0,1776.757377269376,0.0,0.0,0.0,0.0,0.0,0.0,155.384
7169,scenario_1,191.755,0.0,0.0,0.0,191.755,1776.757377269376,0.0,0.0,0.0,0.0,0.0,0.0,0.0
7170,scenario_1,242.602,0.0,0.0,0.0,242.602,1577.0125856027094,0.0,0.0,0.0,0.0,0.0,0.0,0.0
7171,scenario_1,29.871,0.0,0.0,0.0,29.871,1324.3021689360426,0.0,0.0,0.0,0.0,0.0,0.0,0.0
7172,scenario_1,226.941,0.0,0.0,0.0,226.941,1293.1865439360427,0.0,0.0,0.0,0.0,0.0,0.0,0.0
7173,scenario_1,143.111,0.0,0.0,0.0,143.111,1056.7896689360427,0.0,0.0,0.0,0.0,0.0,0.0,0.0
7174,scenario_1,55.521,0.0,0.0,0.0,55.521,907.7157106027094,0.0,0.0,0.0,0.0,0.0,0.0,0.0
7175,scenario_1,1.943,0.0,0.0,0.0,1.943,849.8813356027093,0.0,0.0,0.0,0.0,0.0,0.0,0.0
7176,scenario_1,17.359,0.0,0.0,0.0,17.359,847.857377269376,0.0,0.0,0.0,0.0,0.0,0.0,0.0
7177,scenario_1,35.944,0.0,0.0,0.0,35.944,829.7750856027093,0.0,0.0,0.0,0.0,0.0,0.0,0.0
7178,scenario_1,53.765,0.0,0.0,0.0,53.765,792.3334189360426,0.0,0.0,0.0,0.0,0.0,0.0,0.0
7179,scenario_1,51.138,0.0,0.0,0.0,51.138,736.3282106027092,0.0,0.0,0.0,0.0,0.0,0.0,0.0
7180,scenario_1,50.495,0.0,0.0,0.0,50.495,683.0594606027092,0.0,0.0,0.0,0.0,0.0,0.0,0.0
7181,scenario_1,68.097,0.0,0.0,0.0,68.097,630.4605022693759,0.0,0.0,0.0,0.0,0.0,0.0,0.0
7182,scenario_1,113.594,49.436491666185084,0.0,0.0,64.15750833381492,559.5261272693758,0.0,0.0,0.0,0.0,0.0,0.0,49.436491666185084
7183,scenario_1,156.573,156.573,0.0,0.0,0.0,492.69538942165195,0.0,0.0,0.0,0.0,0.0,0.0,156.573
7184,scenario_1,212.652,400.4242737790191,0.0,187.7722737790191,0.0,492.69538942165195,0.0,0.0,0.0,0.0,0.0,0.0,400.4242737790191
7185,scenario_1,191.628,191.628,0.0,0.0,0.0,671.0790495117201,0.0,0.0,0.0,0.0,0.0,0.0,191.628
7186,scenario_1,160.248,554.3309569565965,0.0,394.0829569565966,0.0,671.0790495117201,0.0,0.0,0.0,0.0,0.0,0.0,554.3309569565965
7187,scenario_1,142.995,537.0779569565966,0.0,394.0829569565966,0.0,1045.4578586204868,0.0,0.0,0.0,0.0,0.0,0.0,537.0779569565966
7188,scenario_1,128.508,128.508,0.0,0.0,0.0,1419.8366677292536,0.0,0.0,0.0,0.0,0.0,0.0,128.508
7189,scenario_1,14.911,408.9939569565966,0.0,394.0829569565966,0.0,1419.8366677292536,0.0,0.0,0.0,0.0,0.0,0.0,408.9939569565966
7190,scenario_1,137.837,137.837,0.0,0.0,0.0,1794.2154768380203,0.0,0.0,0.0,0.0,0.0,0.0,137.837
7191,scenario_1,157.532,157.532,0.0,0.0,0.0,1794.2154768380203,0.0,0.0,0.0,0.0,0.0,0.0,157.532
7192,scenario_1,169.999,150.90178091383297,0.0,0.0,19.09721908616703,1794.2154768380203,0.0,0.0,0.0,0.0,0.0,0.0,150.90178091383297
7193,scenario_1,238.102,0.0,0.0,0.0,238.102,1774.3225402899297,0.0,0.0,0.0,0.0,0.0,0.0,0.0
7194,scenario_1,244.699,0.0,0.0,0.0,244.699,1526.299623623263,0.0,0.0,0.0,0.0,0.0,0.0,0.0
7195,scenario_1,225.139,0.0,0.0,0.0,225.139,1271.4048319565964,0.0,0.0,0.0,0.0,0.0,0.0,0.0
7196,scenario_1,151.161,0.0,0.0,0.0,151.161,1036.8850402899297,0.0,0.0,0.0,0.0,0.0,0.0,0.0
7197,scenario_1,106.312,0.0,0.0,0.0,106.312,879.4256652899298,0.0,0.0,0.0,0.0,0.0,0.0,0.0
7198,scenario_1,64.651,0.0,0.0,0.0,64.651,768.6839986232632,0.0,0.0,0.0,0.0,0.0,0.0,0.0
7199,scenario_1,3.928,0.0,0.0,0.0,3.928,701.3392069565965,0.0,0.0,0.0,0.0,0.0,0.0,0.0
7200,scenario_1,2.561,0.0,0.0,0.0,2.561,697.2475402899298,0.0,0.0,0.0,0.0,0.0,0.0,0.0
7201,scenario_1,51.321,0.0,0.0,0.0,51.321,694.5798319565965,0.0,0.0,0.0,0.0,0.0,0.0,0.0
7202,scenario_1,48.819,0.0,0.0,0.0,48.819,641.1204569565965,0.0,0.0,0.0,0.0,0.0,0.0,0.0
7203,scenario_1,43.966,0.0,0.0,0.0,43.966,590.2673319565965,0.0,0.0,0.0,0.0,0.0,0.0,0.0
7204,scenario_1,65.007,0.0,0.0,0.0,65.007,544.4694152899299,0.0,0.0,0.0,0.0,0.0,0.0,0.0
7205,scenario_1,79.364,0.0,0.0,0.0,79.364,476.75379028992984,0.0,0.0,0.0,0.0,0.0,0.0,0.0
7206,scenario_1,12.46,51.106702188780105,0.0,38.646702188780104,0.0,394.0829569565965,0.0,0.0,0.0,0.0,0.0,0.0,51.106702188780105
7207,scenario_1,172.842,172.842,0.0,0.0,0.0,430.7973240359376,0.0,0.0,0.0,0.0,0.0,0.0,172.842
7208,scenario_1,199.403,412.9508526984818,0.0,213.54785269848182,0.0,430.7973240359376,0.0,0.0,0.0,0.0,0.0,0.0,412.9508526984818
7209,scenario_1,170.678,482.59734409905883,0.0,311.91934409905883,0.0,633.6677840994953,0.0,0.0,0.0,0.0,0.0,0.0,482.59734409905883
7210,scenario_1,168.782,168.782,0.0,0.0,0.0,929.9911609936012,0.0,0.0,0.0,0.0,0.0,0.0,168.782
7211,scenario_1,12.742,406.8249569565966,0.0,394.0829569565966,0.0,929.9911609936012,0.0,0.0,0.0,0.0,0.0,0.0,406.8249569565966
7212,scenario_1,161.271,161.271,0.0,0.0,0.0,1304.369970102368,0.0,0.0,0.0,0.0,0.0,0.0,161.271
7213,scenario_1,123.651,517.7339569565966,0.0,394.0829569565966,0.0,1304.369970102368,0.0,0.0,0.0,0.0,0.0,0.0,517.7339569565966
7214,scenario_1,119.762,119.762,0.0,0.0,0.0,1678.7487792111347,0.0,0.0,0.0,0.0,0.0,0.0,119.762
7215,scenario_1,13.42,320.43684797036667,0.0,307.01684797036665,0.0,1678.7487792111347,0.0,0.0,0.0,0.0,0.0,0.0,320.43684797036667
7216,scenario_1,174.151,147.4569717109807,0.0,0.0,26.694028289019315,1970.414784782983,0.0,0.0,0.0,0.0,0.0,0.0,147.4569717109807
7217,scenario_1,209.267,0.0,0.6460920874347664,0.0,208.62090791256523,1942.6085053152544,0.0,0.21536402914492214,0.0,0.0,0.0,0.0,0.0
7218,scenario_1,249.955,0.0,0.0,0.0,249.955,1725.295059572999,0.0,0.0,0.0,0.0,0.0,0.0,0.0
7219,scenario_1,240.239,0.0,0.0,0.0,240.239,1464.9252679063322,0.0,0.0,0.0,0.0,0.0,0.0,0.0
7220,scenario_1,183.147,0.0,0.0,0.0,183.147,1214.676309572999,0.0,0.0,0.0,0.0,0.0,0.0,0.0
7221,scenario_1,125.996,0.0,0.0,0.0,125.996,1023.8981845729988,0.0,0.0,0.0,0.0,0.0,0.0,0.0
7222,scenario_1,72.456,0.0,0.0,0.0,72.456,892.6523512396656,0.0,0.0,0.0,0.0,0.0,0.0,0.0
7223,scenario_1,52.641,0.0,0.0,0.0,52.641,817.1773512396655,0.0,0.0,0.0,0.0,0.0,0.0,0.0
7224,scenario_1,22.797,0.0,0.0,0.0,22.797,762.3429762396655,0.0,0.0,0.0,0.0,0.0,0.0,0.0
7225,scenario_1,3.949,0.0,0.0,0.0,3.949,738.5961012396655,0.0,0.0,0.0,0.0,0.0,0.0,0.0
7226,scenario_1,49.661,0.0,0.0,0.0,49.661,734.4825595729988,0.0,0.0,0.0,0.0,0.0,0.0,0.0
7227,scenario_1,52.374,0.0,0.0,0.0,52.374,682.7523512396655,0.0,0.0,0.0,0.0,0.0,0.0,0.0
7228,scenario_1,52.655,0.0,0.0,0.0,52.655,628.1961012396655,0.0,0.0,0.0,0.0,0.0,0.0,0.0
7229,scenario_1,77.252,0.0,0.0,0.0,77.252,573.3471429063321,0.0,0.0,0.0,0.0,0.0,0.0,0.0
7230,scenario_1,135.553,40.71138148825377,0.0,0.0,94.84161851174622,492.8763095729988,0.0,0.0,0.0,0.0,0.0,0.0,40.71138148825377
7231,scenario_1,208.667,208.667,0.0,0.0,0.0,394.0829569565965,0.0,0.0,0.0,0.0,0.0,0.0,208.667
7232,scenario_1,266.032,430.18359772588155,0.0,164.15159772588157,0.0,394.0829569565965,0.0,0.0,0.0,0.0,0.0,0.0,430.18359772588155
7233,scenario_1,235.384,235.384,0.0,0.0,0.0,550.0269747961839,0.0,0.0,0.0,0.0,0.0,0.0,235.384
7234,scenario_1,151.813,545.8959569565966,0.0,394.0829569565966,0.0,550.0269747961839,0.0,0.0,0.0,0.0,0.0,0.0,545.8959569565966
7235,scenario_1,128.114,522.1969569565966,0.0,394.0829569565966,0.0,924.4057839049507,0.0,0.0,0.0,0.0,0.0,0.0,522.1969569565966
7236,scenario_1,97.546,97.546,0.0,0.0,0.0,1298.7845930137173,0.0,0.0,0.0,0.0,0.0,0.0,97.546
7237,scenario_1,109.868,503.9509569565966,0.0,394.0829569565966,0.0,1298.7845930137173,0.0,0.0,0.0,0.0,0.0,0.0,503.9509569565966
7238,scenario_1,103.213,103.213,0.0,0.0,0.0,1673.163402122484,0.0,0.0,0.0,0.0,0.0,0.0,103.213
7239,scenario_1,113.487,351.45752882231386,0.0,237.97052882231387,0.0,1673.163402122484,0.0,0.0,0.0,0.0,0.0,0.0,351.45752882231386
7240,scenario_1,159.917,157.32165261005758,0.0,0.0,2.595347389942418,1899.2354045036823,0.0,0.0,0.0,0.0,0.0,0.0,157.32165261005758
7241,scenario_1,174.601,0.0,0.0,0.0,174.601,1896.531917639159,0.0,0.0,0.0,0.0,0.0,0.0,0.0
7242,scenario_1,26.99,0.0,0.0,0.0,26.99,1714.6558759724924,0.0,0.0,0.0,0.0,0.0,0.0,0.0
7243,scenario_1,292.569,0.0,0.0,0.0,292.569,1686.541292639159,0.0,0.0,0.0,0.0,0.0,0.0,0.0
7244,scenario_1,25.444,0.0,0.0,0.0,25.444,1381.781917639159,0.0,0.0,0.0,0.0,0.0,0.0,0.0
7245,scenario_1,162.683,0.0,0.0,0.0,162.683,1355.2777509724924,0.0,0.0,0.0,0.0,0.0,0.0,0.0
7246,scenario_1,78.282,0.0,0.0,0.0,78.282,1185.8162926391592,0.0,0.0,0.0,0.0,0.0,0.0,0.0
7247,scenario_1,46.775,0.0,0.0,0.0,46.775,1104.2725426391592,0.0,0.0,0.0,0.0,0.0,0.0,0.0
7248,scenario_1,34.299,0.0,0.0,0.0,34.299,1055.548584305826,0.0,0.0,0.0,0.0,0.0,0.0,0.0
7249,scenario_1,37.791,0.0,0.0,0.0,37.791,1019.8204593058259,0.0,0.0,0.0,0.0,0.0,0.0,0.0
7250,scenario_1,40.017,0.0,0.0,0.0,40.017,980.4548343058259,0.0,0.0,0.0,0.0,0.0,0.0,0.0
7251,scenario_1,55.144,0.0,0.0,0.0,55.144,938.7704593058259,0.0,0.0,0.0,0.0,0.0,0.0,0.0
7252,scenario_1,50.102,0.0,0.0,0.0,50.102,881.3287926391591,0.0,0.0,0.0,0.0,0.0,0.0,0.0
7253,scenario_1,6.927,0.0,0.0,0.0,6.927,829.1392093058258,0.0,0.0,0.0,0.0,0.0,0.0,0.0
7254,scenario_1,122.287,56.63057553173763,0.0,0.0,65.65642446826237,821.9235843058258,0.0,0.0,0.0,0.0,0.0,0.0,56.63057553173763
7255,scenario_1,207.215,207.215,0.0,0.0,0.0,753.5314754847192,0.0,0.0,0.0,0.0,0.0,0.0,207.215
7256,scenario_1,259.832,259.832,0.0,0.0,0.0,753.5314754847192,0.0,0.0,0.0,0.0,0.0,0.0,259.832
7257,scenario_1,222.746,222.746,0.0,0.0,0.0,753.5314754847192,0.0,0.0,0.0,0.0,0.0,0.0,222.746
7258,scenario_1,147.295,541.3779569565966,0.0,394.0829569565966,0.0,753.5314754847192,0.0,0.0,0.0,0.0,0.0,0.0,541.3779569565966
7259,scenario_1,102.568,496.6509569565966,0.0,394.0829569565966,0.0,1127.9102845934858,0.0,0.0,0.0,0.0,0.0,0.0,496.6509569565966
7260,scenario_1,132.324,132.324,0.0,0.0,0.0,1502.2890937022526,0.0,0.0,0.0,0.0,0.0,0.0,132.324
7261,scenario_1,98.754,492.8369569565966,0.0,394.0829569565966,0.0,1502.2890937022526,0.0,0.0,0.0,0.0,0.0,0.0,492.8369569565966
7262,scenario_1,104.624,104.624,0.0,0.0,0.0,1876.6679028110193,0.0,0.0,0.0,0.0,0.0,0.0,104.624
7263,scenario_1,116.386,215.0669283915406,0.0,98.68092839154063,0.0,1876.6679028110193,0.0,0.0,0.0,0.0,0.0,0.0,215.0669283915406
7264,scenario_1,159.808,159.808,0.0,0.0,0.0,1970.414784782983,0.0,0.0,0.0,0.0,0.0,0.0,159.808
7265,scenario_1,195.577,0.0,0.0,0.0,195.577,1970.414784782983,0.0,0.0,0.0,0.0,0.0,0.0,0.0
7266,scenario_1,274.713,0.0,0.0,0.0,274.713,1766.6887431163163,0.0,0.0,0.0,0.0,0.0,0.0,0.0
7267,scenario_1,294.123,0.0,0.0,0.0,294.123,1480.5293681163162,0.0,0.0,0.0,0.0,0.0,0.0,0.0
7268,scenario_1,235.715,0.0,0.0,0.0,235.715,1174.1512431163162,0.0,0.0,0.0,0.0,0.0,0.0,0.0
7269,scenario_1,13.127,0.0,0.0,0.0,13.127,928.6147847829828,0.0,0.0,0.0,0.0,0.0,0.0,0.0
7270,scenario_1,51.278,0.0,0.0,0.0,51.278,914.9408264496495,0.0,0.0,0.0,0.0,0.0,0.0,0.0
7271,scenario_1,26.359,0.0,0.0,0.0,26.359,861.5262431163162,0.0,0.0,0.0,0.0,0.0,0.0,0.0
7272,scenario_1,30.614,0.0,0.0,0.0,30.614,834.0689514496495,0.0,0.0,0.0,0.0,0.0,0.0,0.0
7273,scenario_1,43.922,0.0,0.0,0.0,43.922,802.1793681163161,0.0,0.0,0.0,0.0,0.0,0.0,0.0
7274,scenario_1,42.822,0.0,0.0,0.0,42.822,756.4272847829828,0.0,0.0,0.0,0.0,0.0,0.0,0.0
7275,scenario_1,42.517,0.0,0.0,0.0,42.517,711.8210347829828,0.0,0.0,0.0,0.0,0.0,0.0,0.0
7276,scenario_1,51.843,0.0,0.0,0.0,51.843,667.5324931163161,0.0,0.0,0.0,0.0,0.0,0.0,0.0
7277,scenario_1,63.428,0.0,0.0,0.0,63.428,613.5293681163162,0.0,0.0,0.0,0.0,0.0,0.0,0.0
7278,scenario_1,114.191,48.51439627350241,0.0,0.0,65.67660372649759,547.4585347829828,0.0,0.0,0.0,0.0,0.0,0.0,48.51439627350241
7279,scenario_1,223.118,223.118,0.0,0.0,0.0,479.0454059012145,0.0,0.0,0.0,0.0,0.0,0.0,223.118
7280,scenario_1,25.368,407.33129021100063,0.0,381.96329021100064,0.0,479.0454059012145,0.0,0.0,0.0,0.0,0.0,0.0,407.33129021100063
7281,scenario_1,198.062,539.661440169351,0.0,341.599440169351,0.0,841.9105316016651,0.0,0.0,0.0,0.0,0.0,0.0,539.661440169351
7282,scenario_1,110.676,110.676,0.0,0.0,0.0,1166.4299997625485,0.0,0.0,0.0,0.0,0.0,0.0,110.676
7283,scenario_1,93.908,487.9909569565966,0.0,394.0829569565966,0.0,1166.4299997625485,0.0,0.0,0.0,0.0,0.0,0.0,487.9909569565966
7284,scenario_1,109.922,109.922,0.0,0.0,0.0,1540.8088088713153,0.0,0.0,0.0,0.0,0.0,0.0,109.922
7285,scenario_1,124.063,518.1459569565966,0.0,394.0829569565966,0.0,1540.8088088713153,0.0,0.0,0.0,0.0,0.0,0.0,518.1459569565966
7286,scenario_1,104.574,104.574,0.0,0.0,0.0,1915.187617980082,0.0,0.0,0.0,0.0,0.0,0.0,104.574
7287,scenario_1,128.104,128.104,0.0,0.0,0.0,1915.187617980082,0.0,0.0,0.0,0.0,0.0,0.0,128.104
7288,scenario_1,122.687,122.687,0.0,0.0,0.0,1915.187617980082,0.0,0.0,0.0,0.0,0.0,0.0,122.687
7289,scenario_1,153.248,0.0,0.0,0.0,153.248,1915.187617980082,0.0,0.0,0.0,0.0,0.0,0.0,0.0
7290,scenario_1,24.378,0.0,0.0,0.0,24.378,1755.5542846467488,0.0,0.0,0.0,0.0,0.0,0.0,0.0
7291,scenario_1,273.885,0.0,0.0,0.0,273.885,1730.1605346467488,0.0,0.0,0.0,0.0,0.0,0.0,0.0
7292,scenario_1,257.139,0.0,0.0,0.0,257.139,1444.8636596467488,0.0,0.0,0.0,0.0,0.0,0.0,0.0
7293,scenario_1,167.819,0.0,0.0,0.0,167.819,1177.0105346467487,0.0,0.0,0.0,0.0,0.0,0.0,0.0
7294,scenario_1,75.895,0.0,0.0,0.0,75.895,1002.1990763134154,0.0,0.0,0.0,0.0,0.0,0.0,0.0
7295,scenario_1,20.137,0.0,0.0,0.0,20.137,923.1417846467488,0.0,0.0,0.0,0.0,0.0,0.0,0.0
7296,scenario_1,34.024,0.0,0.0,0.0,34.024,902.1657429800821,0.0,0.0,0.0,0.0,0.0,0.0,0.0
7297,scenario_1,46.175,0.0,0.0,0.0,46.175,866.7240763134154,0.0,0.0,0.0,0.0,0.0,0.0,0.0
7298,scenario_1,45.936,0.0,0.0,0.0,45.936,818.625117980082,0.0,0.0,0.0,0.0,0.0,0.0,0.0
7299,scenario_1,54.177,0.0,0.0,0.0,54.177,770.775117980082,0.0,0.0,0.0,0.0,0.0,0.0,0.0
7300,scenario_1,62.115,0.0,0.0,0.0,62.115,714.3407429800819,0.0,0.0,0.0,0.0,0.0,0.0,0.0
7301,scenario_1,71.453,0.0,0.0,0.0,71.453,649.6376179800819,0.0,0.0,0.0,0.0,0.0,0.0,0.0
7302,scenario_1,142.502,52.30716600189529,0.0,0.0,90.19483399810471,575.2074096467486,0.0,0.0,0.0,0.0,0.0,0.0,52.30716600189529
7303,scenario_1,203.997,203.997,0.0,0.0,0.0,481.25445756538954,0.0,0.0,0.0,0.0,0.0,0.0,203.997
7304,scenario_1,256.358,426.71269148361375,0.0,170.35469148361375,0.0,481.25445756538954,0.0,0.0,0.0,0.0,0.0,0.0,426.71269148361375
7305,scenario_1,204.559,204.559,0.0,0.0,0.0,643.0914144748226,0.0,0.0,0.0,0.0,0.0,0.0,204.559
7306,scenario_1,13.457,407.5399569565966,0.0,394.0829569565966,0.0,643.0914144748226,0.0,0.0,0.0,0.0,0.0,0.0,407.5399569565966
7307,scenario_1,113.943,508.0259569565966,0.0,394.0829569565966,0.0,1017.4702235835894,0.0,0.0,0.0,0.0,0.0,0.0,508.0259569565966
7308,scenario_1,115.052,115.052,0.0,0.0,0.0,1391.849032692356,0.0,0.0,0.0,0.0,0.0,0.0,115.052
7309,scenario_1,110.987,505.06995695659657,0.0,394.0829569565966,0.0,1391.849032692356,0.0,0.0,0.0,0.0,0.0,0.0,505.06995695659657
7310,scenario_1,99.995,99.995,0.0,0.0,0.0,1766.2278418011228,0.0,0.0,0.0,0.0,0.0,0.0,99.995
7311,scenario_1,148.024,362.9576241914317,0.0,214.9336241914317,0.0,1766.2278418011228,0.0,0.0,0.0,0.0,0.0,0.0,362.9576241914317
7312,scenario_1,156.807,145.1865292818281,0.0,0.0,11.620470718171902,1970.414784782983,0.0,0.0,0.0,0.0,0.0,0.0,145.1865292818281
7313,scenario_1,187.604,0.0,0.0,0.0,187.604,1958.310127784887,0.0,0.0,0.0,0.0,0.0,0.0,0.0
7314,scenario_1,24.449,0.0,0.0,0.0,24.449,1762.8892944515537,0.0,0.0,0.0,0.0,0.0,0.0,0.0
7315,scenario_1,269.284,0.0,0.0,0.0,269.284,1737.4215861182204,0.0,0.0,0.0,0.0,0.0,0.0,0.0
7316,scenario_1,235.836,0.0,0.0,0.0,235.836,1456.9174194515538,0.0,0.0,0.0,0.0,0.0,0.0,0.0
7317,scenario_1,164.073,0.0,0.0,0.0,164.073,1211.2549194515536,0.0,0.0,0.0,0.0,0.0,0.0,0.0
7318,scenario_1,53.452,0.0,0.0,0.0,53.452,1040.3455444515537,0.0,0.0,0.0,0.0,0.0,0.0,0.0
7319,scenario_1,24.346,0.0,0.0,0.0,24.346,984.666377784887,0.0,0.0,0.0,0.0,0.0,0.0,0.0
7320,scenario_1,21.567,0.0,0.0,0.0,21.567,959.3059611182204,0.0,0.0,0.0,0.0,0.0,0.0,0.0
7321,scenario_1,42.203,0.0,0.0,0.0,42.203,936.8403361182203,0.0,0.0,0.0,0.0,0.0,0.0,0.0
7322,scenario_1,47.099,0.0,0.0,0.0,47.099,892.878877784887,0.0,0.0,0.0,0.0,0.0,0.0,0.0
7323,scenario_1,42.842,0.0,0.0,0.0,42.842,843.8174194515536,0.0,0.0,0.0,0.0,0.0,0.0,0.0
7324,scenario_1,48.609,0.0,0.0,0.0,48.609,799.1903361182203,0.0,0.0,0.0,0.0,0.0,0.0,0.0
7325,scenario_1,74.479,0.0,0.0,0.0,74.479,748.5559611182204,0.0,0.0,0.0,0.0,0.0,0.0,0.0
7326,scenario_1,130.438,53.06398014494616,0.0,0.0,77.37401985505383,670.9736694515536,0.0,0.0,0.0,0.0,0.0,0.0,53.06398014494616
7327,scenario_1,211.078,211.078,0.0,0.0,0.0,590.3757321025392,0.0,0.0,0.0,0.0,0.0,0.0,211.078
7328,scenario_1,246.132,246.132,0.0,0.0,0.0,590.3757321025392,0.0,0.0,0.0,0.0,0.0,0.0,246.132
7329,scenario_1,232.758,232.758,0.0,0.0,0.0,590.3757321025392,0.0,0.0,0.0,0.0,0.0,0.0,232.758
7330,scenario_1,162.706,556.7889569565966,0.0,394.0829569565966,0.0,590.3757321025392,0.0,0.0,0.0,0.0,0.0,0.0,556.7889569565966
7331,scenario_1,119.802,513.8849569565966,0.0,394.0829569565966,0.0,964.754541211306,0.0,0.0,0.0,0.0,0.0,0.0,513.8849569565966
7332,scenario_1,107.109,107.109,0.0,0.0,0.0,1339.1333503200726,0.0,0.0,0.0,0.0,0.0,0.0,107.109
7333,scenario_1,110.262,504.3449569565966,0.0,394.0829569565966,0.0,1339.1333503200726,0.0,0.0,0.0,0.0,0.0,0.0,504.3449569565966
7334,scenario_1,115.865,115.865,0.0,0.0,0.0,1713.5121594288394,0.0,0.0,0.0,0.0,0.0,0.0,115.865
7335,scenario_1,121.119,121.119,0.0,0.0,0.0,1713.5121594288394,0.0,0.0,0.0,0.0,0.0,0.0,121.119
7336,scenario_1,140.393,140.393,0.0,0.0,0.0,1713.5121594288394,0.0,0.0,0.0,0.0,0.0,0.0,140.393
7337,scenario_1,17.946,0.0,0.0,0.0,17.946,1713.5121594288394,0.0,0.0,0.0,0.0,0.0,0.0,0.0
7338,scenario_1,243.488,0.0,0.0,0.0,243.488,1694.8184094288395,0.0,0.0,0.0,0.0,0.0,0.0,0.0
7339,scenario_1,280.288,0.0,0.0,0.0,280.288,1441.185076095506,0.0,0.0,0.0,0.0,0.0,0.0,0.0
7340,scenario_1,229.539,0.0,0.0,0.0,229.539,1149.2184094288393,0.0,0.0,0.0,0.0,0.0,0.0,0.0
7341,scenario_1,13.953,0.0,0.0,0.0,13.953,910.1152844288393,0.0,0.0,0.0,0.0,0.0,0.0,0.0
7342,scenario_1,68.114,0.0,0.0,0.0,68.114,895.5809094288394,0.0,0.0,0.0,0.0,0.0,0.0,0.0
7343,scenario_1,21.227,0.0,0.0,0.0,21.227,824.628826095506,0.0,0.0,0.0,0.0,0.0,0.0,0.0
7344,scenario_1,19.742,0.0,0.0,0.0,19.742,802.5173677621727,0.0,0.0,0.0,0.0,0.0,0.0,0.0
7345,scenario_1,23.953,0.0,0.0,0.0,23.953,781.9527844288394,0.0,0.0,0.0,0.0,0.0,0.0,0.0
7346,scenario_1,26.792,0.0,0.0,0.0,26.792,757.0017427621727,0.0,0.0,0.0,0.0,0.0,0.0,0.0
7347,scenario_1,3.752,0.0,0.0,0.0,3.752,729.0934094288394,0.0,0.0,0.0,0.0,0.0,0.0,0.0
7348,scenario_1,5.301,0.0,0.0,0.0,5.301,725.1850760955061,0.0,0.0,0.0,0.0,0.0,0.0,0.0
7349,scenario_1,84.458,0.0,0.0,0.0,84.458,719.6632010955061,0.0,0.0,0.0,0.0,0.0,0.0,0.0
7350,scenario_1,129.131,41.24202128970323,0.0,0.0,87.88897871029677,631.6861177621728,0.0,0.0,0.0,0.0,0.0,0.0,41.24202128970323
7351,scenario_1,16.742,216.4227478731337,0.0,199.6807478731337,0.0,540.1350982722803,0.0,0.0,0.0,0.0,0.0,0.0,216.4227478731337
7352,scenario_1,22.593,392.1863083368447,0.0,369.5933083368447,0.0,729.8318087517573,0.0,0.0,0.0,0.0,0.0,0.0,392.1863083368447
7353,scenario_1,206.368,206.368,0.0,0.0,0.0,1080.9454516717597,0.0,0.0,0.0,0.0,0.0,0.0,206.368
7354,scenario_1,159.444,553.5269569565966,0.0,394.0829569565966,0.0,1080.9454516717597,0.0,0.0,0.0,0.0,0.0,0.0,553.5269569565966
7355,scenario_1,131.363,131.363,0.0,0.0,0.0,1455.3242607805264,0.0,0.0,0.0,0.0,0.0,0.0,131.363
7356,scenario_1,122.859,516.9419569565966,0.0,394.0829569565966,0.0,1455.3242607805264,0.0,0.0,0.0,0.0,0.0,0.0,516.9419569565966
7357,scenario_1,125.631,125.631,0.0,0.0,0.0,1829.7030698892931,0.0,0.0,0.0,0.0,0.0,0.0,125.631
7358,scenario_1,130.285,130.285,0.0,0.0,0.0,1829.7030698892931,0.0,0.0,0.0,0.0,0.0,0.0,130.285
7359,scenario_1,146.222,146.222,0.0,0.0,0.0,1829.7030698892931,0.0,0.0,0.0,0.0,0.0,0.0,146.222
7360,scenario_1,164.697,162.40187628295078,0.0,0.0,2.295123717049222,1829.7030698892931,0.0,0.0,0.0,0.0,0.0,0.0,162.40187628295078
7361,scenario_1,217.132,0.0,0.0,0.0,217.132,1827.3123160173668,0.0,0.0,0.0,0.0,0.0,0.0,0.0
7362,scenario_1,251.023,0.0,0.0,0.0,251.023,1601.1331493507,0.0,0.0,0.0,0.0,0.0,0.0,0.0
7363,scenario_1,221.367,0.0,0.0,0.0,221.367,1339.6508576840333,0.0,0.0,0.0,0.0,0.0,0.0,0.0
7364,scenario_1,18.919,0.0,0.0,0.0,18.919,1109.0602326840333,0.0,0.0,0.0,0.0,0.0,0.0,0.0
7365,scenario_1,130.365,0.0,0.0,0.0,130.365,1089.3529410173667,0.0,0.0,0.0,0.0,0.0,0.0,0.0
7366,scenario_1,79.913,0.0,0.0,0.0,79.913,953.5560660173667,0.0,0.0,0.0,0.0,0.0,0.0,0.0
7367,scenario_1,33.621,0.0,0.0,0.0,33.621,870.3133576840333,0.0,0.0,0.0,0.0,0.0,0.0,0.0
7368,scenario_1,36.217,0.0,0.0,0.0,36.217,835.2914826840333,0.0,0.0,0.0,0.0,0.0,0.0,0.0
7369,scenario_1,40.719,0.0,0.0,0.0,40.719,797.5654410173667,0.0,0.0,0.0,0.0,0.0,0.0,0.0
7370,scenario_1,41.501,0.0,0.0,0.0,41.501,755.1498160173667,0.0,0.0,0.0,0.0,0.0,0.0,0.0
7371,scenario_1,51.624,0.0,0.0,0.0,51.624,711.9196076840333,0.0,0.0,0.0,0.0,0.0,0.0,0.0
7372,scenario_1,61.658,0.0,0.0,0.0,61.658,658.1446076840333,0.0,0.0,0.0,0.0,0.0,0.0,0.0
7373,scenario_1,79.625,0.0,0.0,0.0,79.625,593.9175243507,0.0,0.0,0.0,0.0,0.0,0.0,0.0
7374,scenario_1,143.025,49.80185021800275,0.0,0.0,93.22314978199725,510.9748160173666,0.0,0.0,0.0,0.0,0.0,0.0,49.80185021800275
7375,scenario_1,175.859,175.859,0.0,0.0,0.0,413.86736832778615,0.0,0.0,0.0,0.0,0.0,0.0,175.859
7376,scenario_1,213.853,390.6204859719118,0.0,176.7674859719118,0.0,413.86736832778615,0.0,0.0,0.0,0.0,0.0,0.0,390.6204859719118
7377,scenario_1,195.571,529.7872981618871,0.0,334.21629816188704,0.0,581.7964800011024,0.0,0.0,0.0,0.0,0.0,0.0,529.7872981618871
7378,scenario_1,144.379,538.4619569565966,0.0,394.0829569565966,0.0,899.3019632548951,0.0,0.0,0.0,0.0,0.0,0.0,538.4619569565966
7379,scenario_1,137.883,531.9659569565966,0.0,394.0829569565966,0.0,1273.6807723636618,0.0,0.0,0.0,0.0,0.0,0.0,531.9659569565966
7380,scenario_1,130.731,130.731,0.0,0.0,0.0,1648.0595814724286,0.0,0.0,0.0,0.0,0.0,0.0,130.731
7381,scenario_1,132.157,132.157,0.0,0.0,0.0,1648.0595814724286,0.0,0.0,0.0,0.0,0.0,0.0,132.157
7382,scenario_1,151.123,490.4442666426888,0.0,339.3212666426888,0.0,1648.0595814724286,0.0,0.0,0.0,0.0,0.0,0.0,490.4442666426888
7383,scenario_1,172.796,172.796,0.0,0.0,0.0,1970.414784782983,0.0,0.0,0.0,0.0,0.0,0.0,172.796
7384,scenario_1,175.939,155.7297332057092,0.0,0.0,20.209266794290784,1970.414784782983,0.0,0.0,0.0,0.0,0.0,0.0,155.7297332057092
7385,scenario_1,207.928,0.0,0.0,0.0,207.928,1949.3634652055966,0.0,0.0,0.0,0.0,0.0,0.0,0.0
7386,scenario_1,254.249,0.0,0.0,0.0,254.249,1732.77179853893,0.0,0.0,0.0,0.0,0.0,0.0,0.0
7387,scenario_1,221.184,0.0,0.0,0.0,221.184,1467.9290902055966,0.0,0.0,0.0,0.0,0.0,0.0,0.0
7388,scenario_1,174.581,0.0,0.0,0.0,174.581,1237.5290902055965,0.0,0.0,0.0,0.0,0.0,0.0,0.0
7389,scenario_1,117.198,0.0,0.0,0.0,117.198,1055.673881872263,0.0,0.0,0.0,0.0,0.0,0.0,0.0
7390,scenario_1,7.638,0.0,0.0,0.0,7.638,933.5926318722632,0.0,0.0,0.0,0.0,0.0,0.0,0.0
7391,scenario_1,30.478,0.0,0.0,0.0,30.478,925.6363818722632,0.0,0.0,0.0,0.0,0.0,0.0,0.0
7392,scenario_1,25.481,0.0,0.0,0.0,25.481,893.8884652055965,0.0,0.0,0.0,0.0,0.0,0.0,0.0
7393,scenario_1,46.083,0.0,0.0,0.0,46.083,867.3457568722631,0.0,0.0,0.0,0.0,0.0,0.0,0.0
7394,scenario_1,47.605,0.0,0.0,0.0,47.605,819.3426318722632,0.0,0.0,0.0,0.0,0.0,0.0,0.0
7395,scenario_1,49.901,0.0,0.0,0.0,49.901,769.7540902055965,0.0,0.0,0.0,0.0,0.0,0.0,0.0
7396,scenario_1,57.394,0.0,0.0,0.0,57.394,717.7738818722632,0.0,0.0,0.0,0.0,0.0,0.0,0.0
7397,scenario_1,85.919,0.0,0.0,0.0,85.919,657.9884652055965,0.0,0.0,0.0,0.0,0.0,0.0,0.0
7398,scenario_1,131.662,53.159669289469825,0.0,0.0,78.50233071053017,568.4895068722632,0.0,0.0,0.0,0.0,0.0,0.0,53.159669289469825
7399,scenario_1,226.059,215.09179886294078,0.0,0.0,10.96720113705922,486.7162457154609,0.0,0.0,0.0,0.0,0.0,0.0,215.09179886294078
7400,scenario_1,272.392,272.392,0.0,0.0,0.0,475.29207786435757,0.0,0.0,0.0,0.0,0.0,0.0,272.392
7401,scenario_1,228.715,552.4917224534132,0.0,323.7767224534132,0.0,475.29207786435757,0.0,0.0,0.0,0.0,0.0,0.0,552.4917224534132
7402,scenario_1,144.495,538.5779569565966,0.0,394.0829569565966,0.0,782.8799641951,0.0,0.0,0.0,0.0,0.0,0.0,538.5779569565966
7403,scenario_1,104.705,498.7879569565966,0.0,394.0829569565966,0.0,1157.2587733038667,0.0,0.0,0.0,0.0,0.0,0.0,498.7879569565966
7404,scenario_1,121.402,515.4849569565966,0.0,394.0829569565966,0.0,1531.6375824126335,0.0,0.0,0.0,0.0,0.0,0.0,515.4849569565966
7405,scenario_1,117.867,117.867,0.0,0.0,0.0,1906.0163915214002,0.0,0.0,0.0,0.0,0.0,0.0,117.867
7406,scenario_1,131.709,185.1788139630985,0.0,53.469813963098495,0.0,1906.0163915214002,0.0,0.0,0.0,0.0,0.0,0.0,185.1788139630985
7407,scenario_1,123.835,123.835,0.0,0.0,0.0,1956.8127147863438,0.0,0.0,0.0,0.0,0.0,0.0,123.835
7408,scenario_1,134.931,149.24896841751496,0.0,14.317968417514948,0.0,1956.8127147863438,0.0,0.0,0.0,0.0,0.0,0.0,149.24896841751496
7409,scenario_1,176.372,0.0,21.291427313996593,0.0,155.08057268600342,1970.414784782983,0.0,7.097142437998865,0.0,0.0,0.0,0.0,0.0
7410,scenario_1,237.041,0.0,0.0,0.0,237.041,1808.872521568396,0.0,0.0,0.0,0.0,0.0,0.0,0.0
7411,scenario_1,283.562,0.0,0.0,0.0,283.562,1561.9548132350626,0.0,0.0,0.0,0.0,0.0,0.0,0.0
7412,scenario_1,248.434,0.0,0.0,0.0,248.434,1266.5777299017293,0.0,0.0,0.0,0.0,0.0,0.0,0.0
7413,scenario_1,162.604,0.0,0.0,0.0,162.604,1007.7923132350626,0.0,0.0,0.0,0.0,0.0,0.0,0.0
7414,scenario_1,55.757,0.0,0.0,0.0,55.757,838.4131465683959,0.0,0.0,0.0,0.0,0.0,0.0,0.0
7415,scenario_1,17.548,0.0,0.0,0.0,17.548,780.3329382350626,0.0,0.0,0.0,0.0,0.0,0.0,0.0
7416,scenario_1,37.952,0.0,0.0,0.0,37.952,762.0537715683959,0.0,0.0,0.0,0.0,0.0,0.0,0.0
7417,scenario_1,38.876,0.0,0.0,0.0,38.876,722.5204382350626,0.0,0.0,0.0,0.0,0.0,0.0,0.0
7418,scenario_1,40.231,0.0,0.0,0.0,40.231,682.0246049017292,0.0,0.0,0.0,0.0,0.0,0.0,0.0
7419,scenario_1,43.884,0.0,0.0,0.0,43.884,640.1173132350625,0.0,0.0,0.0,0.0,0.0,0.0,0.0
7420,scenario_1,54.621,0.0,0.0,0.0,54.621,594.4048132350625,0.0,0.0,0.0,0.0,0.0,0.0,0.0
7421,scenario_1,69.057,0.0,0.0,0.0,69.057,537.5079382350625,0.0,0.0,0.0,0.0,0.0,0.0,0.0
7422,scenario_1,122.243,53.612017972672646,0.0,0.0,68.63098202732735,465.57356323506247,0.0,0.0,0.0,0.0,0.0,0.0,53.612017972672646
7423,scenario_1,208.364,208.364,0.0,0.0,0.0,394.0829569565965,0.0,0.0,0.0,0.0,0.0,0.0,208.364
7424,scenario_1,28.129,419.83177209104775,0.0,391.70277209104773,0.0,394.0829569565965,0.0,0.0,0.0,0.0,0.0,0.0,419.83177209104775
7425,scenario_1,222.585,559.3639428328406,0.0,336.7789428328406,0.0,766.2005904430919,0.0,0.0,0.0,0.0,0.0,0.0,559.3639428328406
7426,scenario_1,122.535,122.535,0.0,0.0,0.0,1086.1405861342905,0.0,0.0,0.0,0.0,0.0,0.0,122.535
7427,scenario_1,103.135,497.2179569565966,0.0,394.0829569565966,0.0,1086.1405861342905,0.0,0.0,0.0,0.0,0.0,0.0,497.2179569565966
7428,scenario_1,10.162,10.162,0.0,0.0,0.0,1460.5193952430573,0.0,0.0,0.0,0.0,0.0,0.0,10.162
7429,scenario_1,112.899,506.9819569565966,0.0,394.0829569565966,0.0,1460.5193952430573,0.0,0.0,0.0,0.0,0.0,0.0,506.9819569565966
7430,scenario_1,111.738,111.738,0.0,0.0,0.0,1834.898204351824,0.0,0.0,0.0,0.0,0.0,0.0,111.738
7431,scenario_1,14.022,156.67103203279885,0.0,142.64903203279886,0.0,1834.898204351824,0.0,0.0,0.0,0.0,0.0,0.0,156.67103203279885
7432,scenario_1,152.223,152.223,0.0,0.0,0.0,1970.414784782983,0.0,0.0,0.0,0.0,0.0,0.0,152.223
7433,scenario_1,177.819,0.0,7.047938920323048,0.0,170.77106107967694,1970.414784782983,0.0,2.349312973441016,0.0,0.0,0.0,0.0,0.0
7434,scenario_1,262.135,0.0,61.3917014289115,0.0,200.74329857108847,1792.528262824986,0.0,20.463900476303834,0.0,0.0,0.0,0.0,0.0
7435,scenario_1,306.563,0.0,0.0,0.0,306.563,1583.420660146769,0.0,0.0,0.0,0.0,0.0,0.0,0.0
7436,scenario_1,264.139,0.0,0.0,0.0,264.139,1264.0842018134358,0.0,0.0,0.0,0.0,0.0,0.0,0.0
7437,scenario_1,165.947,0.0,0.0,0.0,165.947,988.939410146769,0.0,0.0,0.0,0.0,0.0,0.0,0.0
7438,scenario_1,63.414,0.0,0.0,0.0,63.414,816.0779518134356,0.0,0.0,0.0,0.0,0.0,0.0,0.0
7439,scenario_1,28.943,0.0,0.0,0.0,28.943,750.0217018134356,0.0,0.0,0.0,0.0,0.0,0.0,0.0
7440,scenario_1,36.946,0.0,0.0,0.0,36.946,719.8727434801023,0.0,0.0,0.0,0.0,0.0,0.0,0.0
7441,scenario_1,41.147,0.0,0.0,0.0,41.147,681.3873268134356,0.0,0.0,0.0,0.0,0.0,0.0,0.0
7442,scenario_1,47.604,0.0,0.0,0.0,47.604,638.5258684801023,0.0,0.0,0.0,0.0,0.0,0.0,0.0
7443,scenario_1,47.524,0.0,0.0,0.0,47.524,588.9383684801023,0.0,0.0,0.0,0.0,0.0,0.0,0.0
7444,scenario_1,51.359,0.0,0.0,0.0,51.359,539.4342018134356,0.0,0.0,0.0,0.0,0.0,0.0,0.0
7445,scenario_1,71.906,0.0,61.3917014289115,0.0,10.514298571088503,485.9352434801023,0.0,20.463900476303834,0.0,0.0,0.0,0.0,0.0
7446,scenario_1,126.996,49.3321035085229,0.0,0.0,77.66389649147709,474.98284913521843,0.0,0.0,0.0,0.0,0.0,0.0,49.3321035085229
7447,scenario_1,210.061,210.061,0.0,0.0,0.0,394.0829569565965,0.0,0.0,0.0,0.0,0.0,0.0,210.061
7448,scenario_1,241.181,424.5031421464307,0.0,183.3221421464307,0.0,394.0829569565965,0.0,0.0,0.0,0.0,0.0,0.0,424.5031421464307
7449,scenario_1,233.063,233.063,0.0,0.0,0.0,568.2389919957056,0.0,0.0,0.0,0.0,0.0,0.0,233.063
7450,scenario_1,145.252,539.3349569565967,0.0,394.0829569565966,0.0,568.2389919957056,0.0,0.0,0.0,0.0,0.0,0.0,539.3349569565967
7451,scenario_1,123.561,517.6439569565966,0.0,394.0829569565966,0.0,942.6178011044724,0.0,0.0,0.0,0.0,0.0,0.0,517.6439569565966
7452,scenario_1,98.643,492.72595695659663,0.0,394.0829569565966,0.0,1316.9966102132391,0.0,0.0,0.0,0.0,0.0,0.0,492.72595695659663
7453,scenario_1,86.133,86.133,0.0,0.0,0.0,1691.3754193220059,0.0,0.0,0.0,0.0,0.0,0.0,86.133
7454,scenario_1,125.286,419.01164785366007,0.0,293.72564785366006,0.0,1691.3754193220059,0.0,0.0,0.0,0.0,0.0,0.0,419.01164785366007
7455,scenario_1,135.249,135.249,0.0,0.0,0.0,1970.414784782983,0.0,0.0,0.0,0.0,0.0,0.0,135.249
7456,scenario_1,152.623,150.63211150653896,0.0,0.0,1.9908884934610285,1970.414784782983,0.0,0.0,0.0,0.0,0.0,0.0,150.63211150653896
7457,scenario_1,196.668,0.0,14.900242652865188,0.0,181.76775734713482,1968.3409426022943,0.0,4.966747550955063,0.0,0.0,0.0,0.0,0.0
7458,scenario_1,264.006,0.0,0.0,0.0,264.006,1778.9995286990288,0.0,0.0,0.0,0.0,0.0,0.0,0.0
7459,scenario_1,275.183,0.0,0.0,0.0,275.183,1503.993278699029,0.0,0.0,0.0,0.0,0.0,0.0,0.0
7460,scenario_1,252.132,0.0,0.0,0.0,252.132,1217.3443203656957,0.0,0.0,0.0,0.0,0.0,0.0,0.0
7461,scenario_1,164.732,0.0,0.0,0.0,164.732,954.7068203656956,0.0,0.0,0.0,0.0,0.0,0.0,0.0
7462,scenario_1,98.156,0.0,0.0,0.0,98.156,783.1109870323623,0.0,0.0,0.0,0.0,0.0,0.0,0.0
7463,scenario_1,38.081,0.0,0.0,0.0,38.081,680.865153699029,0.0,0.0,0.0,0.0,0.0,0.0,0.0
7464,scenario_1,19.673,0.0,0.0,0.0,19.673,641.1974453656956,0.0,0.0,0.0,0.0,0.0,0.0,0.0
7465,scenario_1,28.601,0.0,0.0,0.0,28.601,620.7047370323622,0.0,0.0,0.0,0.0,0.0,0.0,0.0
7466,scenario_1,37.098,0.0,0.0,0.0,37.098,590.912028699029,0.0,0.0,0.0,0.0,0.0,0.0,0.0
7467,scenario_1,59.256,0.0,0.0,0.0,59.256,552.268278699029,0.0,0.0,0.0,0.0,0.0,0.0,0.0
7468,scenario_1,62.961,0.0,0.0,0.0,62.961,490.543278699029,0.0,0.0,0.0,0.0,0.0,0.0,0.0
7469,scenario_1,8.005,0.0,0.0,0.0,8.005,424.95890369902895,0.0,0.0,0.0,0.0,0.0,0.0,0.0
7470,scenario_1,129.837,46.80938969835332,61.3917014289115,0.0,21.635908872735158,416.62036203236227,0.0,20.463900476303834,0.0,0.0,0.0,0.0,46.80938969835332
7471,scenario_1,202.814,202.814,0.0,0.0,0.0,394.0829569565965,0.0,0.0,0.0,0.0,0.0,0.0,202.814
7472,scenario_1,277.791,415.91721617871565,0.0,138.12621617871565,0.0,394.0829569565965,0.0,0.0,0.0,0.0,0.0,0.0,415.91721617871565
7473,scenario_1,226.538,363.23081920108785,0.0,136.69281920108784,0.0,525.3028623263764,0.0,0.0,0.0,0.0,0.0,0.0,363.23081920108785
7474,scenario_1,143.883,537.9659569565966,0.0,394.0829569565966,0.0,655.1610405674098,0.0,0.0,0.0,0.0,0.0,0.0,537.9659569565966
7475,scenario_1,108.494,502.57695695659663,0.0,394.0829569565966,0.0,1029.5398496761766,0.0,0.0,0.0,0.0,0.0,0.0,502.57695695659663
7476,scenario_1,112.039,112.039,0.0,0.0,0.0,1403.9186587849433,0.0,0.0,0.0,0.0,0.0,0.0,112.039
7477,scenario_1,106.013,106.013,0.0,0.0,0.0,1403.9186587849433,0.0,0.0,0.0,0.0,0.0,0.0,106.013
7478,scenario_1,91.768,485.85095695659663,0.0,394.0829569565966,0.0,1403.9186587849433,0.0,0.0,0.0,0.0,0.0,0.0,485.85095695659663
7479,scenario_1,120.724,120.724,0.0,0.0,0.0,1778.29746789371,0.0,0.0,0.0,0.0,0.0,0.0,120.724
7480,scenario_1,125.419,125.419,0.0,0.0,0.0,1778.29746789371,0.0,0.0,0.0,0.0,0.0,0.0,125.419
7481,scenario_1,178.456,0.0,0.0,0.0,178.456,1778.29746789371,0.0,0.0,0.0,0.0,0.0,0.0,0.0
7482,scenario_1,252.764,0.0,0.0,0.0,252.764,1592.4058012270434,0.0,0.0,0.0,0.0,0.0,0.0,0.0
7483,scenario_1,27.711,0.0,0.0,0.0,27.711,1329.10996789371,0.0,0.0,0.0,0.0,0.0,0.0,0.0
7484,scenario_1,235.259,0.0,0.0,0.0,235.259,1300.2443428937102,0.0,0.0,0.0,0.0,0.0,0.0,0.0
7485,scenario_1,163.952,0.0,0.0,0.0,163.952,1055.1828845603768,0.0,0.0,0.0,0.0,0.0,0.0,0.0
7486,scenario_1,82.878,0.0,0.0,0.0,82.878,884.3995512270435,0.0,0.0,0.0,0.0,0.0,0.0,0.0
7487,scenario_1,24.568,0.0,0.0,0.0,24.568,798.0683012270434,0.0,0.0,0.0,0.0,0.0,0.0,0.0
7488,scenario_1,24.303,0.0,0.0,0.0,24.303,772.4766345603767,0.0,0.0,0.0,0.0,0.0,0.0,0.0
7489,scenario_1,38.266,0.0,0.0,0.0,38.266,747.1610095603768,0.0,0.0,0.0,0.0,0.0,0.0,0.0
7490,scenario_1,45.319,0.0,0.0,0.0,45.319,707.3005928937101,0.0,0.0,0.0,0.0,0.0,0.0,0.0
7491,scenario_1,43.135,0.0,0.0,0.0,43.135,660.0933012270434,0.0,0.0,0.0,0.0,0.0,0.0,0.0
7492,scenario_1,60.031,0.0,0.0,0.0,60.031,615.1610095603768,0.0,0.0,0.0,0.0,0.0,0.0,0.0
7493,scenario_1,70.813,0.0,0.0,0.0,70.813,552.6287178937101,0.0,0.0,0.0,0.0,0.0,0.0,0.0
7494,scenario_1,114.547,49.619170942093916,0.0,0.0,64.92782905790608,478.8651762270435,0.0,0.0,0.0,0.0,0.0,0.0,49.619170942093916
7495,scenario_1,206.515,206.515,0.0,0.0,0.0,411.23202095839133,0.0,0.0,0.0,0.0,0.0,0.0,206.515
7496,scenario_1,265.827,265.827,0.0,0.0,0.0,411.23202095839133,0.0,0.0,0.0,0.0,0.0,0.0,265.827
7497,scenario_1,205.858,205.858,0.0,0.0,0.0,411.23202095839133,0.0,0.0,0.0,0.0,0.0,0.0,205.858
7498,scenario_1,13.875,407.9579569565966,0.0,394.0829569565966,0.0,411.23202095839133,0.0,0.0,0.0,0.0,0.0,0.0,407.9579569565966
7499,scenario_1,105.848,499.9309569565966,0.0,394.0829569565966,0.0,785.6108300671581,0.0,0.0,0.0,0.0,0.0,0.0,499.9309569565966
7500,scenario_1,84.306,84.306,0.0,0.0,0.0,1159.9896391759248,0.0,0.0,0.0,0.0,0.0,0.0,84.306
7501,scenario_1,104.494,498.57695695659663,0.0,394.0829569565966,0.0,1159.9896391759248,0.0,0.0,0.0,0.0,0.0,0.0,498.57695695659663
7502,scenario_1,96.324,96.324,0.0,0.0,0.0,1534.3684482846916,0.0,0.0,0.0,0.0,0.0,0.0,96.324
7503,scenario_1,114.846,330.3711209745517,0.0,215.52512097455167,0.0,1534.3684482846916,0.0,0.0,0.0,0.0,0.0,0.0,330.3711209745517
7504,scenario_1,159.358,159.358,0.0,0.0,0.0,1739.1173132105157,0.0,0.0,0.0,0.0,0.0,0.0,159.358
7505,scenario_1,201.332,0.0,0.0,0.0,201.332,1739.1173132105157,0.0,0.0,0.0,0.0,0.0,0.0,0.0
7506,scenario_1,256.906,0.0,0.0,0.0,256.906,1529.3964798771824,0.0,0.0,0.0,0.0,0.0,0.0,0.0
7507,scenario_1,279.499,0.0,0.0,0.0,279.499,1261.7860632105157,0.0,0.0,0.0,0.0,0.0,0.0,0.0
7508,scenario_1,22.26,0.0,0.0,0.0,22.26,970.6412715438491,0.0,0.0,0.0,0.0,0.0,0.0,0.0
7509,scenario_1,130.843,0.0,0.0,0.0,130.843,947.4537715438491,0.0,0.0,0.0,0.0,0.0,0.0,0.0
7510,scenario_1,51.939,0.0,0.0,0.0,51.939,811.1589798771824,0.0,0.0,0.0,0.0,0.0,0.0,0.0
7511,scenario_1,30.382,0.0,0.0,0.0,30.382,757.0558548771825,0.0,0.0,0.0,0.0,0.0,0.0,0.0
7512,scenario_1,1.488,0.0,0.0,0.0,1.488,725.4079382105158,0.0,0.0,0.0,0.0,0.0,0.0,0.0
7513,scenario_1,20.072,0.0,0.0,0.0,20.072,723.8579382105158,0.0,0.0,0.0,0.0,0.0,0.0,0.0
7514,scenario_1,38.193,0.0,0.0,0.0,38.193,702.9496048771825,0.0,0.0,0.0,0.0,0.0,0.0,0.0
7515,scenario_1,56.127,0.0,0.0,0.0,56.127,663.1652298771826,0.0,0.0,0.0,0.0,0.0,0.0,0.0
7516,scenario_1,54.971,0.0,0.0,0.0,54.971,604.6996048771825,0.0,0.0,0.0,0.0,0.0,0.0,0.0
7517,scenario_1,69.832,0.0,0.0,0.0,69.832,547.4381465438491,0.0,0.0,0.0,0.0,0.0,0.0,0.0
7518,scenario_1,120.423,43.03401799623748,0.0,0.0,77.38898200376252,474.69647987718247,0.0,0.0,0.0,0.0,0.0,0.0,43.03401799623748
7519,scenario_1,172.794,172.794,0.0,0.0,0.0,394.0829569565965,0.0,0.0,0.0,0.0,0.0,0.0,172.794
7520,scenario_1,228.463,407.83583297303454,0.0,179.37283297303455,0.0,394.0829569565965,0.0,0.0,0.0,0.0,0.0,0.0,407.83583297303454
7521,scenario_1,179.958,539.1909313646225,0.0,359.2329313646226,0.0,564.4871482809793,0.0,0.0,0.0,0.0,0.0,0.0,539.1909313646225
7522,scenario_1,154.199,548.2819569565966,0.0,394.0829569565966,0.0,905.7584330773708,0.0,0.0,0.0,0.0,0.0,0.0,548.2819569565966
7523,scenario_1,128.699,522.7819569565966,0.0,394.0829569565966,0.0,1280.1372421861374,0.0,0.0,0.0,0.0,0.0,0.0,522.7819569565966
7524,scenario_1,127.531,127.531,0.0,0.0,0.0,1654.5160512949042,0.0,0.0,0.0,0.0,0.0,0.0,127.531
7525,scenario_1,121.382,121.382,0.0,0.0,0.0,1654.5160512949042,0.0,0.0,0.0,0.0,0.0,0.0,121.382
7526,scenario_1,145.759,478.2839826190302,0.0,332.52498261903025,0.0,1654.5160512949042,0.0,0.0,0.0,0.0,0.0,0.0,478.2839826190302
7527,scenario_1,163.169,163.169,0.0,0.0,0.0,1970.414784782983,0.0,0.0,0.0,0.0,0.0,0.0,163.169
7528,scenario_1,177.249,156.68662465094593,0.0,0.0,20.562375349054065,1970.414784782983,0.0,0.0,0.0,0.0,0.0,0.0,156.68662465094593
7529,scenario_1,204.331,0.0,0.0,0.0,204.331,1948.995643794385,0.0,0.0,0.0,0.0,0.0,0.0,0.0
7530,scenario_1,230.665,0.0,0.0,0.0,230.665,1736.1508521277183,0.0,0.0,0.0,0.0,0.0,0.0,0.0
7531,scenario_1,225.442,0.0,0.0,0.0,225.442,1495.8748104610515,0.0,0.0,0.0,0.0,0.0,0.0,0.0
7532,scenario_1,206.505,0.0,0.0,0.0,206.505,1261.0393937943848,0.0,0.0,0.0,0.0,0.0,0.0,0.0
7533,scenario_1,148.291,0.0,0.0,0.0,148.291,1045.9300187943848,0.0,0.0,0.0,0.0,0.0,0.0,0.0
7534,scenario_1,79.924,0.0,0.0,0.0,79.924,891.4602271277181,0.0,0.0,0.0,0.0,0.0,0.0,0.0
7535,scenario_1,50.126,0.0,0.0,0.0,50.126,808.2060604610514,0.0,0.0,0.0,0.0,0.0,0.0,0.0
7536,scenario_1,21.412,0.0,0.0,0.0,21.412,755.9914771277181,0.0,0.0,0.0,0.0,0.0,0.0,0.0
7537,scenario_1,29.144,0.0,0.0,0.0,29.144,733.6873104610514,0.0,0.0,0.0,0.0,0.0,0.0,0.0
7538,scenario_1,41.018,0.0,0.0,0.0,41.018,703.3289771277181,0.0,0.0,0.0,0.0,0.0,0.0,0.0
7539,scenario_1,55.135,0.0,0.0,0.0,55.135,660.6018937943848,0.0,0.0,0.0,0.0,0.0,0.0,0.0
7540,scenario_1,51.191,0.0,0.0,0.0,51.191,603.1696021277181,0.0,0.0,0.0,0.0,0.0,0.0,0.0
7541,scenario_1,68.996,0.0,0.0,0.0,68.996,549.8456437943848,0.0,0.0,0.0,0.0,0.0,0.0,0.0
7542,scenario_1,120.021,39.48482063572304,0.0,0.0,80.53617936427696,477.9748104610515,0.0,0.0,0.0,0.0,0.0,0.0,39.48482063572304
7543,scenario_1,148.696,240.4494221617142,0.0,91.75342216171421,0.0,394.0829569565965,0.0,0.0,0.0,0.0,0.0,0.0,240.4494221617142
7544,scenario_1,187.723,415.26479019332703,0.0,227.54179019332702,0.0,481.24870801022496,0.0,0.0,0.0,0.0,0.0,0.0,415.26479019332703
7545,scenario_1,190.519,190.519,0.0,0.0,0.0,697.4134086938857,0.0,0.0,0.0,0.0,0.0,0.0,190.519
7546,scenario_1,154.478,548.5609569565966,0.0,394.0829569565966,0.0,697.4134086938857,0.0,0.0,0.0,0.0,0.0,0.0,548.5609569565966
7547,scenario_1,160.272,554.3549569565967,0.0,394.0829569565966,0.0,1071.7922178026524,0.0,0.0,0.0,0.0,0.0,0.0,554.3549569565967
7548,scenario_1,13.281,240.98698794804852,0.0,227.70598794804852,0.0,1446.1710269114192,0.0,0.0,0.0,0.0,0.0,0.0,240.98698794804852
7549,scenario_1,132.368,132.368,0.0,0.0,0.0,1662.4917154620653,0.0,0.0,0.0,0.0,0.0,0.0,132.368
7550,scenario_1,144.408,468.53754665359753,0.0,324.1295466535976,0.0,1662.4917154620653,0.0,0.0,0.0,0.0,0.0,0.0,468.53754665359753
7551,scenario_1,139.817,139.817,0.0,0.0,0.0,1970.414784782983,0.0,0.0,0.0,0.0,0.0,0.0,139.817
7552,scenario_1,179.827,134.6520243710855,0.0,0.0,45.174975628914495,1970.414784782983,0.0,0.0,0.0,0.0,0.0,0.0,134.6520243710855
7553,scenario_1,189.044,0.0,7.3191331850618155,0.0,181.7248668149382,1923.3575185028637,0.0,2.4397110616872717,0.0,0.0,0.0,0.0,0.0
7554,scenario_1,230.206,0.0,0.0,0.0,230.206,1734.060782237303,0.0,0.0,0.0,0.0,0.0,0.0,0.0
7555,scenario_1,232.755,0.0,0.0,0.0,232.755,1494.2628655706364,0.0,0.0,0.0,0.0,0.0,0.0,0.0
7556,scenario_1,175.814,0.0,0.0,0.0,175.814,1251.8097405706364,0.0,0.0,0.0,0.0,0.0,0.0,0.0
7557,scenario_1,119.767,0.0,0.0,0.0,119.767,1068.670157237303,0.0,0.0,0.0,0.0,0.0,0.0,0.0
7558,scenario_1,80.801,0.0,0.0,0.0,80.801,943.9128655706365,0.0,0.0,0.0,0.0,0.0,0.0,0.0
7559,scenario_1,50.322,0.0,0.0,0.0,50.322,859.7451572373033,0.0,0.0,0.0,0.0,0.0,0.0,0.0
7560,scenario_1,35.107,0.0,0.0,0.0,35.107,807.3264072373032,0.0,0.0,0.0,0.0,0.0,0.0,0.0
7561,scenario_1,50.126,0.0,0.0,0.0,50.126,770.7566155706365,0.0,0.0,0.0,0.0,0.0,0.0,0.0
7562,scenario_1,48.105,0.0,0.0,0.0,48.105,718.5420322373033,0.0,0.0,0.0,0.0,0.0,0.0,0.0
7563,scenario_1,48.739,0.0,0.0,0.0,48.739,668.4326572373033,0.0,0.0,0.0,0.0,0.0,0.0,0.0
7564,scenario_1,52.031,0.0,0.0,0.0,52.031,617.6628655706365,0.0,0.0,0.0,0.0,0.0,0.0,0.0
7565,scenario_1,73.769,0.0,0.0,0.0,73.769,563.4639072373031,0.0,0.0,0.0,0.0,0.0,0.0,0.0
7566,scenario_1,133.019,44.182287730521566,0.0,0.0,88.83671226947844,486.62119890396986,0.0,0.0,0.0,0.0,0.0,0.0,44.182287730521566
7567,scenario_1,18.744,234.79506362167896,0.0,216.05106362167896,0.0,394.0829569565965,0.0,0.0,0.0,0.0,0.0,0.0,234.79506362167896
7568,scenario_1,254.594,254.594,0.0,0.0,0.0,599.3314673971915,0.0,0.0,0.0,0.0,0.0,0.0,254.594
7569,scenario_1,216.733,477.7297263784117,0.0,260.9967263784117,0.0,599.3314673971915,0.0,0.0,0.0,0.0,0.0,0.0,477.7297263784117
7570,scenario_1,146.565,540.6479569565965,0.0,394.0829569565966,0.0,847.2783574566827,0.0,0.0,0.0,0.0,0.0,0.0,540.6479569565965
7571,scenario_1,110.064,504.14695695659657,0.0,394.0829569565966,0.0,1221.6571665654494,0.0,0.0,0.0,0.0,0.0,0.0,504.14695695659657
7572,scenario_1,104.215,104.215,0.0,0.0,0.0,1596.0359756742162,0.0,0.0,0.0,0.0,0.0,0.0,104.215
7573,scenario_1,94.442,94.442,0.0,0.0,0.0,1596.0359756742162,0.0,0.0,0.0,0.0,0.0,0.0,94.442
7574,scenario_1,105.384,499.4669569565966,0.0,394.0829569565966,0.0,1596.0359756742162,0.0,0.0,0.0,0.0,0.0,0.0,499.4669569565966
7575,scenario_1,125.394,125.394,0.0,0.0,0.0,1970.414784782983,0.0,0.0,0.0,0.0,0.0,0.0,125.394
7576,scenario_1,157.506,157.506,0.0,0.0,0.0,1970.414784782983,0.0,0.0,0.0,0.0,0.0,0.0,157.506
7577,scenario_1,195.707,0.0,61.3917014289115,0.0,134.31529857108848,1970.414784782983,0.0,20.463900476303834,0.0,0.0,0.0,0.0,0.0
7578,scenario_1,257.339,0.0,0.0,0.0,257.339,1830.503015438099,0.0,0.0,0.0,0.0,0.0,0.0,0.0
7579,scenario_1,294.495,0.0,0.0,0.0,294.495,1562.4415571047657,0.0,0.0,0.0,0.0,0.0,0.0,0.0
7580,scenario_1,227.976,0.0,0.0,0.0,227.976,1255.6759321047657,0.0,0.0,0.0,0.0,0.0,0.0,0.0
7581,scenario_1,155.086,0.0,0.0,0.0,155.086,1018.2009321047657,0.0,0.0,0.0,0.0,0.0,0.0,0.0
7582,scenario_1,70.003,0.0,0.0,0.0,70.003,856.653015438099,0.0,0.0,0.0,0.0,0.0,0.0,0.0
7583,scenario_1,32.811,0.0,0.0,0.0,32.811,783.7332237714323,0.0,0.0,0.0,0.0,0.0,0.0,0.0
7584,scenario_1,34.636,0.0,0.0,0.0,34.636,749.5550987714323,0.0,0.0,0.0,0.0,0.0,0.0,0.0
7585,scenario_1,43.078,0.0,0.0,0.0,43.078,713.4759321047657,0.0,0.0,0.0,0.0,0.0,0.0,0.0
7586,scenario_1,45.371,0.0,0.0,0.0,45.371,668.603015438099,0.0,0.0,0.0,0.0,0.0,0.0,0.0
7587,scenario_1,49.617,0.0,0.0,0.0,49.617,621.3415571047656,0.0,0.0,0.0,0.0,0.0,0.0,0.0
7588,scenario_1,5.551,0.0,0.0,0.0,5.551,569.6571821047655,0.0,0.0,0.0,0.0,0.0,0.0,0.0
7589,scenario_1,66.466,0.0,5.375127581865215,0.0,61.09087241813478,563.8748904380989,0.0,1.7917091939550716,0.0,0.0,0.0,0.0,0.0
7590,scenario_1,115.702,29.08949993519671,0.0,0.0,86.61250006480329,500.2385650025418,0.0,0.0,0.0,0.0,0.0,0.0,29.08949993519671
7591,scenario_1,210.842,195.54511634069584,0.0,0.0,15.296883659304171,410.0172107683717,0.0,0.0,0.0,0.0,0.0,0.0,195.54511634069584
7592,scenario_1,248.914,425.3643444471438,0.0,176.45034444714383,0.0,394.0829569565965,0.0,0.0,0.0,0.0,0.0,0.0,425.3643444471438
7593,scenario_1,206.943,540.9133359660486,0.0,333.97033596604865,0.0,561.7107841813831,0.0,0.0,0.0,0.0,0.0,0.0,540.9133359660486
7594,scenario_1,147.146,541.2289569565966,0.0,394.0829569565966,0.0,878.9826033491294,0.0,0.0,0.0,0.0,0.0,0.0,541.2289569565966
7595,scenario_1,112.598,506.6809569565966,0.0,394.0829569565966,0.0,1253.3614124578962,0.0,0.0,0.0,0.0,0.0,0.0,506.6809569565966
7596,scenario_1,96.495,96.495,0.0,0.0,0.0,1627.740221566663,0.0,0.0,0.0,0.0,0.0,0.0,96.495
7597,scenario_1,109.936,109.936,0.0,0.0,0.0,1627.740221566663,0.0,0.0,0.0,0.0,0.0,0.0,109.936
7598,scenario_1,108.115,468.8250665434947,0.0,360.7100665434947,0.0,1627.740221566663,0.0,0.0,0.0,0.0,0.0,0.0,468.8250665434947
7599,scenario_1,131.438,131.438,0.0,0.0,0.0,1970.414784782983,0.0,0.0,0.0,0.0,0.0,0.0,131.438
7600,scenario_1,165.213,160.68817069466317,0.0,0.0,4.524829305336823,1970.414784782983,0.0,0.0,0.0,0.0,0.0,0.0,160.68817069466317
7601,scenario_1,230.482,0.0,18.236395742721612,0.0,212.2456042572784,1965.701420923257,0.0,6.078798580907204,0.0,0.0,0.0,0.0,0.0
7602,scenario_1,287.223,0.0,0.0,0.0,287.223,1744.6122498219254,0.0,0.0,0.0,0.0,0.0,0.0,0.0
7603,scenario_1,303.006,0.0,61.3917014289115,0.0,241.61429857108845,1445.4216248219254,0.0,20.463900476303834,0.0,0.0,0.0,0.0,0.0
7604,scenario_1,245.716,0.0,61.3917014289115,0.0,184.3242985710885,1193.740063810375,0.0,20.463900476303834,0.0,0.0,0.0,0.0,0.0
7605,scenario_1,158.996,0.0,0.0,0.0,158.996,1001.7355861321578,0.0,0.0,0.0,0.0,0.0,0.0,0.0
7606,scenario_1,79.124,0.0,0.0,0.0,79.124,836.1147527988244,0.0,0.0,0.0,0.0,0.0,0.0,0.0
7607,scenario_1,35.971,0.0,0.0,0.0,35.971,753.693919465491,0.0,0.0,0.0,0.0,0.0,0.0,0.0
7608,scenario_1,16.378,0.0,0.0,0.0,16.378,716.2241277988244,0.0,0.0,0.0,0.0,0.0,0.0,0.0
7609,scenario_1,39.013,0.0,0.0,0.0,39.013,699.1637111321577,0.0,0.0,0.0,0.0,0.0,0.0,0.0
7610,scenario_1,46.915,0.0,0.0,0.0,46.915,658.525169465491,0.0,0.0,0.0,0.0,0.0,0.0,0.0
7611,scenario_1,44.191,0.0,0.0,0.0,44.191,609.6553777988244,0.0,0.0,0.0,0.0,0.0,0.0,0.0
7612,scenario_1,64.639,0.0,0.0,0.0,64.639,563.6230861321577,0.0,0.0,0.0,0.0,0.0,0.0,0.0
7613,scenario_1,87.591,0.0,61.3917014289115,0.0,26.19929857108849,496.29079446549105,0.0,20.463900476303834,0.0,0.0,0.0,0.0,0.0
7614,scenario_1,120.626,48.705774562549756,0.0,0.0,71.92022543745026,468.99985845394053,0.0,0.0,0.0,0.0,0.0,0.0,48.705774562549756
7615,scenario_1,220.781,220.781,0.0,0.0,0.0,394.0829569565965,0.0,0.0,0.0,0.0,0.0,0.0,220.781
7616,scenario_1,297.199,297.199,0.0,0.0,0.0,394.0829569565965,0.0,0.0,0.0,0.0,0.0,0.0,297.199
7617,scenario_1,217.925,217.925,0.0,0.0,0.0,394.0829569565965,0.0,0.0,0.0,0.0,0.0,0.0,217.925
7618,scenario_1,144.982,539.0649569565966,0.0,394.0829569565966,0.0,394.0829569565965,0.0,0.0,0.0,0.0,0.0,0.0,539.0649569565966
7619,scenario_1,96.031,490.1139569565966,0.0,394.0829569565966,0.0,768.4617660653632,0.0,0.0,0.0,0.0,0.0,0.0,490.1139569565966
7620,scenario_1,90.631,484.7139569565966,0.0,394.0829569565966,0.0,1142.84057517413,0.0,0.0,0.0,0.0,0.0,0.0,484.7139569565966
7621,scenario_1,94.079,94.079,0.0,0.0,0.0,1517.2193842828967,0.0,0.0,0.0,0.0,0.0,0.0,94.079
7622,scenario_1,106.575,444.95654497189884,0.0,338.38154497189885,0.0,1517.2193842828967,0.0,0.0,0.0,0.0,0.0,0.0,444.95654497189884
7623,scenario_1,109.737,109.737,0.0,0.0,0.0,1838.6818520062006,0.0,0.0,0.0,0.0,0.0,0.0,109.737
7624,scenario_1,128.735,128.735,0.0,0.0,0.0,1838.6818520062006,0.0,0.0,0.0,0.0,0.0,0.0,128.735
7625,scenario_1,201.751,0.0,0.0,0.0,201.751,1838.6818520062006,0.0,0.0,0.0,0.0,0.0,0.0,0.0
7626,scenario_1,257.072,0.0,0.0,0.0,257.072,1628.524560339534,0.0,0.0,0.0,0.0,0.0,0.0,0.0
7627,scenario_1,27.104,0.0,0.0,0.0,27.104,1360.7412270062007,0.0,0.0,0.0,0.0,0.0,0.0,0.0
7628,scenario_1,238.447,0.0,0.0,0.0,238.447,1332.5078936728673,0.0,0.0,0.0,0.0,0.0,0.0,0.0
7629,scenario_1,161.379,0.0,0.0,0.0,161.379,1084.1256020062006,0.0,0.0,0.0,0.0,0.0,0.0,0.0
7630,scenario_1,75.832,0.0,0.0,0.0,75.832,916.0224770062006,0.0,0.0,0.0,0.0,0.0,0.0,0.0
7631,scenario_1,52.304,0.0,0.0,0.0,52.304,837.0308103395339,0.0,0.0,0.0,0.0,0.0,0.0,0.0
7632,scenario_1,36.965,0.0,0.0,0.0,36.965,782.5474770062006,0.0,0.0,0.0,0.0,0.0,0.0,0.0
7633,scenario_1,39.013,0.0,0.0,0.0,39.013,744.0422686728672,0.0,0.0,0.0,0.0,0.0,0.0,0.0
7634,scenario_1,42.745,0.0,0.0,0.0,42.745,703.4037270062005,0.0,0.0,0.0,0.0,0.0,0.0,0.0
7635,scenario_1,52.774,0.0,0.0,0.0,52.774,658.8776853395339,0.0,0.0,0.0,0.0,0.0,0.0,0.0
7636,scenario_1,56.172,0.0,0.0,0.0,56.172,603.9047686728671,0.0,0.0,0.0,0.0,0.0,0.0,0.0
7637,scenario_1,69.091,0.0,0.0,0.0,69.091,545.3922686728671,0.0,0.0,0.0,0.0,0.0,0.0,0.0
7638,scenario_1,122.349,46.183060752380186,0.0,0.0,76.16593924761982,473.42247700620044,0.0,0.0,0.0,0.0,0.0,0.0,46.183060752380186
7639,scenario_1,217.169,217.169,0.0,0.0,0.0,394.0829569565965,0.0,0.0,0.0,0.0,0.0,0.0,217.169
7640,scenario_1,26.391,420.4739569565966,0.0,394.0829569565966,0.0,394.0829569565965,0.0,0.0,0.0,0.0,0.0,0.0,420.4739569565966
7641,scenario_1,215.586,298.55083304349415,0.0,82.96483304349414,0.0,768.4617660653632,0.0,0.0,0.0,0.0,0.0,0.0,298.55083304349415
7642,scenario_1,138.257,138.257,0.0,0.0,0.0,847.2783574566827,0.0,0.0,0.0,0.0,0.0,0.0,138.257
7643,scenario_1,109.422,503.50495695659663,0.0,394.0829569565966,0.0,847.2783574566827,0.0,0.0,0.0,0.0,0.0,0.0,503.50495695659663
7644,scenario_1,93.821,93.821,0.0,0.0,0.0,1221.6571665654494,0.0,0.0,0.0,0.0,0.0,0.0,93.821
7645,scenario_1,10.571,404.65395695659663,0.0,394.0829569565966,0.0,1221.6571665654494,0.0,0.0,0.0,0.0,0.0,0.0,404.65395695659663
7646,scenario_1,95.042,489.12495695659663,0.0,394.0829569565966,0.0,1596.0359756742162,0.0,0.0,0.0,0.0,0.0,0.0,489.12495695659663
7647,scenario_1,135.945,135.945,0.0,0.0,0.0,1970.414784782983,0.0,0.0,0.0,0.0,0.0,0.0,135.945
7648,scenario_1,152.512,152.512,0.0,0.0,0.0,1970.414784782983,0.0,0.0,0.0,0.0,0.0,0.0,152.512
7649,scenario_1,208.095,0.0,4.888170706445749,0.0,203.20682929355425,1970.414784782983,0.0,1.6293902354819163,0.0,0.0,0.0,0.0,0.0
7650,scenario_1,270.705,0.0,0.0,0.0,270.705,1758.741004268864,0.0,0.0,0.0,0.0,0.0,0.0,0.0
7651,scenario_1,266.132,0.0,0.0,0.0,266.132,1476.756629268864,0.0,0.0,0.0,0.0,0.0,0.0,0.0
7652,scenario_1,244.173,0.0,0.0,0.0,244.173,1199.5357959355306,0.0,0.0,0.0,0.0,0.0,0.0,0.0
7653,scenario_1,16.999,0.0,0.0,0.0,16.999,945.1889209355306,0.0,0.0,0.0,0.0,0.0,0.0,0.0
7654,scenario_1,88.813,0.0,0.0,0.0,88.813,927.4816292688639,0.0,0.0,0.0,0.0,0.0,0.0,0.0
7655,scenario_1,23.255,0.0,0.0,0.0,23.255,834.9680876021972,0.0,0.0,0.0,0.0,0.0,0.0,0.0
7656,scenario_1,39.414,0.0,0.0,0.0,39.414,810.7441292688638,0.0,0.0,0.0,0.0,0.0,0.0,0.0
7657,scenario_1,42.286,0.0,0.0,0.0,42.286,769.6878792688639,0.0,0.0,0.0,0.0,0.0,0.0,0.0
7658,scenario_1,45.224,0.0,0.0,0.0,45.224,725.6399626021972,0.0,0.0,0.0,0.0,0.0,0.0,0.0
7659,scenario_1,49.802,0.0,0.0,0.0,49.802,678.5316292688639,0.0,0.0,0.0,0.0,0.0,0.0,0.0
7660,scenario_1,56.629,0.0,0.0,0.0,56.629,626.6545459355306,0.0,0.0,0.0,0.0,0.0,0.0,0.0
7661,scenario_1,76.469,0.0,0.0,0.0,76.469,567.6660042688638,0.0,0.0,0.0,0.0,0.0,0.0,0.0
7662,scenario_1,130.943,40.77227458022338,0.0,0.0,90.17072541977663,488.0107959355305,0.0,0.0,0.0,0.0,0.0,0.0,40.77227458022338
7663,scenario_1,22.316,230.44555705242107,0.0,208.12955705242106,0.0,394.0829569565965,0.0,0.0,0.0,0.0,0.0,0.0,230.44555705242107
7664,scenario_1,274.265,274.265,0.0,0.0,0.0,591.8060361563964,0.0,0.0,0.0,0.0,0.0,0.0,274.265
7665,scenario_1,218.617,541.2699955047278,0.0,322.65299550472787,0.0,591.8060361563964,0.0,0.0,0.0,0.0,0.0,0.0,541.2699955047278
7666,scenario_1,150.051,544.1339569565966,0.0,394.0829569565966,0.0,898.3263818858879,0.0,0.0,0.0,0.0,0.0,0.0,544.1339569565966
7667,scenario_1,109.899,503.9819569565966,0.0,394.0829569565966,0.0,1272.7051909946547,0.0,0.0,0.0,0.0,0.0,0.0,503.9819569565966
7668,scenario_1,99.451,99.451,0.0,0.0,0.0,1647.0840001034214,0.0,0.0,0.0,0.0,0.0,0.0,99.451
7669,scenario_1,10.412,10.412,0.0,0.0,0.0,1647.0840001034214,0.0,0.0,0.0,0.0,0.0,0.0,10.412
7670,scenario_1,94.382,434.7301943995384,0.0,340.3481943995384,0.0,1647.0840001034214,0.0,0.0,0.0,0.0,0.0,0.0,434.7301943995384
7671,scenario_1,106.867,106.867,0.0,0.0,0.0,1970.414784782983,0.0,0.0,0.0,0.0,0.0,0.0,106.867
7672,scenario_1,140.376,140.376,0.0,0.0,0.0,1970.414784782983,0.0,0.0,0.0,0.0,0.0,0.0,140.376
7673,scenario_1,184.193,0.0,47.377916087318,0.0,136.815083912682,1970.414784782983,0.0,15.792638695772666,0.0,0.0,0.0,0.0,0.0
7674,scenario_1,252.146,0.0,0.0,0.0,252.146,1827.8990723739391,0.0,0.0,0.0,0.0,0.0,0.0,0.0
7675,scenario_1,282.374,0.0,0.0,0.0,282.374,1565.2469890406057,0.0,0.0,0.0,0.0,0.0,0.0,0.0
7676,scenario_1,232.942,0.0,0.0,0.0,232.942,1271.1074057072724,0.0,0.0,0.0,0.0,0.0,0.0,0.0
7677,scenario_1,148.687,0.0,0.0,0.0,148.687,1028.4594890406056,0.0,0.0,0.0,0.0,0.0,0.0,0.0
7678,scenario_1,53.877,0.0,0.0,0.0,53.877,873.5771973739389,0.0,0.0,0.0,0.0,0.0,0.0,0.0
7679,scenario_1,19.373,0.0,0.0,0.0,19.373,817.4553223739389,0.0,0.0,0.0,0.0,0.0,0.0,0.0
7680,scenario_1,1.863,0.0,0.0,0.0,1.863,797.2751140406056,0.0,0.0,0.0,0.0,0.0,0.0,0.0
7681,scenario_1,25.343,0.0,0.0,0.0,25.343,795.3344890406056,0.0,0.0,0.0,0.0,0.0,0.0,0.0
7682,scenario_1,35.492,0.0,0.0,0.0,35.492,768.9355307072723,0.0,0.0,0.0,0.0,0.0,0.0,0.0
7683,scenario_1,41.041,0.0,0.0,0.0,41.041,731.964697373939,0.0,0.0,0.0,0.0,0.0,0.0,0.0
7684,scenario_1,59.777,0.0,0.0,0.0,59.777,689.2136557072723,0.0,0.0,0.0,0.0,0.0,0.0,0.0
7685,scenario_1,92.917,0.0,0.0,0.0,92.917,626.945947373939,0.0,0.0,0.0,0.0,0.0,0.0,0.0
7686,scenario_1,122.454,16.87608548872058,0.0,0.0,105.57791451127942,530.1574057072723,0.0,0.0,0.0,0.0,0.0,0.0,16.87608548872058
7687,scenario_1,190.387,165.3334437106306,0.0,0.0,25.053556289369396,420.1804114246896,0.0,0.0,0.0,0.0,0.0,0.0,165.3334437106306
7688,scenario_1,18.896,337.9566604313374,0.0,319.0606604313374,0.0,394.0829569565965,0.0,0.0,0.0,0.0,0.0,0.0,337.9566604313374
7689,scenario_1,180.004,180.004,0.0,0.0,0.0,697.1905843663669,0.0,0.0,0.0,0.0,0.0,0.0,180.004
7690,scenario_1,153.104,547.1869569565966,0.0,394.0829569565966,0.0,697.1905843663669,0.0,0.0,0.0,0.0,0.0,0.0,547.1869569565966
7691,scenario_1,141.621,535.7039569565966,0.0,394.0829569565966,0.0,1071.5693934751337,0.0,0.0,0.0,0.0,0.0,0.0,535.7039569565966
7692,scenario_1,121.733,515.8159569565967,0.0,394.0829569565966,0.0,1445.9482025839004,0.0,0.0,0.0,0.0,0.0,0.0,515.8159569565967
7693,scenario_1,130.367,130.367,0.0,0.0,0.0,1820.3270116926672,0.0,0.0,0.0,0.0,0.0,0.0,130.367
7694,scenario_1,144.591,302.5781295687534,0.0,157.98712956875343,0.0,1820.3270116926672,0.0,0.0,0.0,0.0,0.0,0.0,302.5781295687534
7695,scenario_1,189.991,189.991,0.0,0.0,0.0,1970.414784782983,0.0,0.0,0.0,0.0,0.0,0.0,189.991
7696,scenario_1,173.377,126.84900958583687,0.0,0.0,46.52799041416314,1970.414784782983,0.0,0.0,0.0,0.0,0.0,0.0,126.84900958583687
7697,scenario_1,211.053,0.0,0.0,0.0,211.053,1921.948128101563,0.0,0.0,0.0,0.0,0.0,0.0,0.0
7698,scenario_1,226.748,0.0,0.0,0.0,226.748,1702.101253101563,0.0,0.0,0.0,0.0,0.0,0.0,0.0
7699,scenario_1,230.222,0.0,0.0,0.0,230.222,1465.9054197682296,0.0,0.0,0.0,0.0,0.0,0.0,0.0
7700,scenario_1,192.919,0.0,0.0,0.0,192.919,1226.0908364348963,0.0,0.0,0.0,0.0,0.0,0.0,0.0
7701,scenario_1,127.552,0.0,0.0,0.0,127.552,1025.1335447682297,0.0,0.0,0.0,0.0,0.0,0.0,0.0
7702,scenario_1,50.208,0.0,0.0,0.0,50.208,892.2668781015631,0.0,0.0,0.0,0.0,0.0,0.0,0.0
7703,scenario_1,27.524,0.0,0.0,0.0,27.524,839.9668781015631,0.0,0.0,0.0,0.0,0.0,0.0,0.0
7704,scenario_1,19.998,0.0,0.0,0.0,19.998,811.2960447682298,0.0,0.0,0.0,0.0,0.0,0.0,0.0
7705,scenario_1,25.534,0.0,0.0,0.0,25.534,790.4647947682298,0.0,0.0,0.0,0.0,0.0,0.0,0.0
7706,scenario_1,51.822,0.0,0.0,0.0,51.822,763.8668781015631,0.0,0.0,0.0,0.0,0.0,0.0,0.0
7707,scenario_1,48.014,0.0,0.0,0.0,48.014,709.885628101563,0.0,0.0,0.0,0.0,0.0,0.0,0.0
7708,scenario_1,57.666,0.0,0.0,0.0,57.666,659.8710447682297,0.0,0.0,0.0,0.0,0.0,0.0,0.0
7709,scenario_1,83.378,0.0,0.0,0.0,83.378,599.8022947682297,0.0,0.0,0.0,0.0,0.0,0.0,0.0
7710,scenario_1,128.437,41.61607885465941,0.0,0.0,86.8209211453406,512.9502114348963,0.0,0.0,0.0,0.0,0.0,0.0,41.61607885465941
7711,scenario_1,17.694,230.78481856482318,0.0,213.0908185648232,0.0,422.5117519084999,0.0,0.0,0.0,0.0,0.0,0.0,230.78481856482318
7712,scenario_1,214.498,214.498,0.0,0.0,0.0,624.9480295450819,0.0,0.0,0.0,0.0,0.0,0.0,214.498
7713,scenario_1,206.597,549.2991846315779,0.0,342.7021846315779,0.0,624.9480295450819,0.0,0.0,0.0,0.0,0.0,0.0,549.2991846315779
7714,scenario_1,133.657,527.7399569565966,0.0,394.0829569565966,0.0,950.5151049450809,0.0,0.0,0.0,0.0,0.0,0.0,527.7399569565966
7715,scenario_1,127.771,521.8539569565966,0.0,394.0829569565966,0.0,1324.8939140538478,0.0,0.0,0.0,0.0,0.0,0.0,521.8539569565966
7716,scenario_1,15.457,15.457,0.0,0.0,0.0,1699.2727231626145,0.0,0.0,0.0,0.0,0.0,0.0,15.457
7717,scenario_1,158.032,158.032,0.0,0.0,0.0,1699.2727231626145,0.0,0.0,0.0,0.0,0.0,0.0,158.032
7718,scenario_1,151.734,292.76560436876065,0.0,141.03160436876064,0.0,1699.2727231626145,0.0,0.0,0.0,0.0,0.0,0.0,292.76560436876065
7719,scenario_1,168.755,168.755,0.0,0.0,0.0,1833.2527473129371,0.0,0.0,0.0,0.0,0.0,0.0,168.755
7720,scenario_1,182.819,173.64100125791316,0.0,0.0,9.177998742086828,1833.2527473129371,0.0,0.0,0.0,0.0,0.0,0.0,173.64100125791316
7721,scenario_1,220.042,0.0,0.0,0.0,220.042,1823.6923319565967,0.0,0.0,0.0,0.0,0.0,0.0,0.0
7722,scenario_1,231.356,0.0,0.0,0.0,231.356,1594.48191528993,0.0,0.0,0.0,0.0,0.0,0.0,0.0
7723,scenario_1,213.596,0.0,0.0,0.0,213.596,1353.4860819565965,0.0,0.0,0.0,0.0,0.0,0.0,0.0
7724,scenario_1,171.907,0.0,0.0,0.0,171.907,1130.9902486232631,0.0,0.0,0.0,0.0,0.0,0.0,0.0
7725,scenario_1,120.136,0.0,0.0,0.0,120.136,951.9204569565965,0.0,0.0,0.0,0.0,0.0,0.0,0.0
7726,scenario_1,83.813,0.0,0.0,0.0,83.813,826.7787902899298,0.0,0.0,0.0,0.0,0.0,0.0,0.0
7727,scenario_1,36.202,0.0,0.0,0.0,36.202,739.4735819565965,0.0,0.0,0.0,0.0,0.0,0.0,0.0
7728,scenario_1,3.982,0.0,0.0,0.0,3.982,701.7631652899298,0.0,0.0,0.0,0.0,0.0,0.0,0.0
7729,scenario_1,49.179,0.0,0.0,0.0,49.179,697.6152486232631,0.0,0.0,0.0,0.0,0.0,0.0,0.0
7730,scenario_1,47.043,0.0,0.0,0.0,47.043,646.3871236232632,0.0,0.0,0.0,0.0,0.0,0.0,0.0
7731,scenario_1,51.624,0.0,0.0,0.0,51.624,597.3839986232632,0.0,0.0,0.0,0.0,0.0,0.0,0.0
7732,scenario_1,58.744,0.0,0.0,0.0,58.744,543.6089986232632,0.0,0.0,0.0,0.0,0.0,0.0,0.0
7733,scenario_1,84.801,0.0,0.0,0.0,84.801,482.4173319565965,0.0,0.0,0.0,0.0,0.0,0.0,0.0
7734,scenario_1,13.709,13.709,0.0,0.0,0.0,394.0829569565965,0.0,0.0,0.0,0.0,0.0,0.0,13.709
7735,scenario_1,209.346,209.346,0.0,0.0,0.0,394.0829569565965,0.0,0.0,0.0,0.0,0.0,0.0,209.346
7736,scenario_1,258.367,411.84607802989035,0.0,153.47907802989033,0.0,394.0829569565965,0.0,0.0,0.0,0.0,0.0,0.0,411.84607802989035
7737,scenario_1,247.845,247.845,0.0,0.0,0.0,539.8880810849923,0.0,0.0,0.0,0.0,0.0,0.0,247.845
7738,scenario_1,175.766,569.8489569565966,0.0,394.0829569565966,0.0,539.8880810849923,0.0,0.0,0.0,0.0,0.0,0.0,569.8489569565966
7739,scenario_1,104.742,498.8249569565966,0.0,394.0829569565966,0.0,914.2668901937591,0.0,0.0,0.0,0.0,0.0,0.0,498.8249569565966
7740,scenario_1,102.946,497.02895695659663,0.0,394.0829569565966,0.0,1288.6456993025258,0.0,0.0,0.0,0.0,0.0,0.0,497.02895695659663
7741,scenario_1,107.016,107.016,0.0,0.0,0.0,1663.0245084112926,0.0,0.0,0.0,0.0,0.0,0.0,107.016
7742,scenario_1,111.037,434.60571197020033,0.0,323.56871197020035,0.0,1663.0245084112926,0.0,0.0,0.0,0.0,0.0,0.0,434.60571197020033
7743,scenario_1,106.196,106.196,0.0,0.0,0.0,1970.414784782983,0.0,0.0,0.0,0.0,0.0,0.0,106.196
7744,scenario_1,141.318,141.318,0.0,0.0,0.0,1970.414784782983,0.0,0.0,0.0,0.0,0.0,0.0,141.318
7745,scenario_1,195.665,0.0,56.31683897626135,0.0,139.34816102373864,1970.414784782983,0.0,18.772279658753785,0.0,0.0,0.0,0.0,0.0
7746,scenario_1,259.474,0.0,0.0,0.0,259.474,1825.2604503832551,0.0,0.0,0.0,0.0,0.0,0.0,0.0
7747,scenario_1,276.515,0.0,61.3917014289115,0.0,215.12329857108847,1554.9750337165885,0.0,20.463900476303834,0.0,0.0,0.0,0.0,0.0
7748,scenario_1,230.554,0.0,0.0,0.0,230.554,1330.8882643717047,0.0,0.0,0.0,0.0,0.0,0.0,0.0
7749,scenario_1,159.919,0.0,0.0,0.0,159.919,1090.7278477050381,0.0,0.0,0.0,0.0,0.0,0.0,0.0
7750,scenario_1,94.088,0.0,0.0,0.0,94.088,924.1455560383715,0.0,0.0,0.0,0.0,0.0,0.0,0.0
7751,scenario_1,55.321,0.0,0.0,0.0,55.321,826.1372227050382,0.0,0.0,0.0,0.0,0.0,0.0,0.0
7752,scenario_1,39.402,0.0,0.0,0.0,39.402,768.5111810383715,0.0,0.0,0.0,0.0,0.0,0.0,0.0
7753,scenario_1,46.697,0.0,0.0,0.0,46.697,727.4674310383715,0.0,0.0,0.0,0.0,0.0,0.0,0.0
7754,scenario_1,51.188,0.0,0.0,0.0,51.188,678.8247227050382,0.0,0.0,0.0,0.0,0.0,0.0,0.0
7755,scenario_1,57.161,0.0,0.0,0.0,57.161,625.5038893717049,0.0,0.0,0.0,0.0,0.0,0.0,0.0
7756,scenario_1,56.977,0.0,0.0,0.0,56.977,565.9611810383715,0.0,0.0,0.0,0.0,0.0,0.0,0.0
7757,scenario_1,66.654,0.0,61.3917014289115,0.0,5.262298571088493,506.6101393717048,0.0,20.463900476303834,0.0,0.0,0.0,0.0,0.0
7758,scenario_1,121.685,35.04832393508001,0.0,0.0,86.63667606491998,501.1285783601543,0.0,0.0,0.0,0.0,0.0,0.0,35.04832393508001
7759,scenario_1,203.182,187.05487951750445,0.0,0.0,16.127120482495542,410.8820407925293,0.0,0.0,0.0,0.0,0.0,0.0,187.05487951750445
7760,scenario_1,256.703,377.197908699182,0.0,120.49490869918202,0.0,394.0829569565965,0.0,0.0,0.0,0.0,0.0,0.0,377.197908699182
7761,scenario_1,203.034,203.034,0.0,0.0,0.0,508.55312022081944,0.0,0.0,0.0,0.0,0.0,0.0,203.034
7762,scenario_1,152.103,546.1859569565966,0.0,394.0829569565966,0.0,508.55312022081944,0.0,0.0,0.0,0.0,0.0,0.0,546.1859569565966
7763,scenario_1,99.652,493.7349569565966,0.0,394.0829569565966,0.0,882.9319293295862,0.0,0.0,0.0,0.0,0.0,0.0,493.7349569565966
7764,scenario_1,84.994,479.07695695659663,0.0,394.0829569565966,0.0,1257.310738438353,0.0,0.0,0.0,0.0,0.0,0.0,479.07695695659663
7765,scenario_1,111.931,111.931,0.0,0.0,0.0,1631.6895475471197,0.0,0.0,0.0,0.0,0.0,0.0,111.931
7766,scenario_1,105.222,431.6711289725677,0.0,326.44912897256773,0.0,1631.6895475471197,0.0,0.0,0.0,0.0,0.0,0.0,431.6711289725677
7767,scenario_1,134.407,164.510752328341,0.0,30.103752328340978,0.0,1941.816220071059,0.0,0.0,0.0,0.0,0.0,0.0,164.510752328341
7768,scenario_1,165.236,156.04289767869577,0.0,0.0,9.193102321304224,1970.414784782983,0.0,0.0,0.0,0.0,0.0,0.0,156.04289767869577
7769,scenario_1,184.038,0.0,0.0,0.0,184.038,1960.8386365316244,0.0,0.0,0.0,0.0,0.0,0.0,0.0
7770,scenario_1,242.813,0.0,0.0,0.0,242.813,1769.1323865316244,0.0,0.0,0.0,0.0,0.0,0.0,0.0
7771,scenario_1,260.766,0.0,0.0,0.0,260.766,1516.2021781982912,0.0,0.0,0.0,0.0,0.0,0.0,0.0
7772,scenario_1,220.083,0.0,0.0,0.0,220.083,1244.5709281982913,0.0,0.0,0.0,0.0,0.0,0.0,0.0
7773,scenario_1,133.427,0.0,0.0,0.0,133.427,1015.3178031982914,0.0,0.0,0.0,0.0,0.0,0.0,0.0
7774,scenario_1,49.538,0.0,0.0,0.0,49.538,876.331344864958,0.0,0.0,0.0,0.0,0.0,0.0,0.0
7775,scenario_1,18.678,0.0,0.0,0.0,18.678,824.7292615316247,0.0,0.0,0.0,0.0,0.0,0.0,0.0
7776,scenario_1,33.402,0.0,0.0,0.0,33.402,805.2730115316248,0.0,0.0,0.0,0.0,0.0,0.0,0.0
7777,scenario_1,44.353,0.0,0.0,0.0,44.353,770.4792615316247,0.0,0.0,0.0,0.0,0.0,0.0,0.0
7778,scenario_1,43.844,0.0,0.0,0.0,43.844,724.278219864958,0.0,0.0,0.0,0.0,0.0,0.0,0.0
7779,scenario_1,52.602,0.0,0.0,0.0,52.602,678.6073865316247,0.0,0.0,0.0,0.0,0.0,0.0,0.0
7780,scenario_1,52.949,0.0,0.0,0.0,52.949,623.8136365316246,0.0,0.0,0.0,0.0,0.0,0.0,0.0
7781,scenario_1,68.192,0.0,0.0,0.0,68.192,568.6584281982913,0.0,0.0,0.0,0.0,0.0,0.0,0.0
7782,scenario_1,119.825,38.05818248100646,0.0,0.0,81.76681751899355,497.625094864958,0.0,0.0,0.0,0.0,0.0,0.0,38.05818248100646
7783,scenario_1,210.749,210.749,0.0,0.0,0.0,412.4513266160064,0.0,0.0,0.0,0.0,0.0,0.0,210.749
7784,scenario_1,280.837,408.7927244182713,0.0,127.9557244182713,0.0,412.4513266160064,0.0,0.0,0.0,0.0,0.0,0.0,408.7927244182713
7785,scenario_1,215.811,215.811,0.0,0.0,0.0,534.0092648133641,0.0,0.0,0.0,0.0,0.0,0.0,215.811
7786,scenario_1,140.796,534.8789569565965,0.0,394.0829569565966,0.0,534.0092648133641,0.0,0.0,0.0,0.0,0.0,0.0,534.8789569565965
7787,scenario_1,134.837,528.9199569565966,0.0,394.0829569565966,0.0,908.3880739221308,0.0,0.0,0.0,0.0,0.0,0.0,528.9199569565966
7788,scenario_1,94.471,488.5539569565966,0.0,394.0829569565966,0.0,1282.7668830308976,0.0,0.0,0.0,0.0,0.0,0.0,488.5539569565966
7789,scenario_1,10.414,10.414,0.0,0.0,0.0,1657.1456921396643,0.0,0.0,0.0,0.0,0.0,0.0,10.414
7790,scenario_1,121.877,451.6339396245459,0.0,329.7569396245459,0.0,1657.1456921396643,0.0,0.0,0.0,0.0,0.0,0.0,451.6339396245459
7791,scenario_1,133.674,133.674,0.0,0.0,0.0,1970.414784782983,0.0,0.0,0.0,0.0,0.0,0.0,133.674
7792,scenario_1,136.939,136.939,0.0,0.0,0.0,1970.414784782983,0.0,0.0,0.0,0.0,0.0,0.0,136.939
7793,scenario_1,197.986,0.0,60.89090019133934,0.0,137.09509980866065,1970.414784782983,0.0,20.296966730446446,0.0,0.0,0.0,0.0,0.0
7794,scenario_1,253.615,0.0,0.0,0.0,253.615,1827.6073891489614,0.0,0.0,0.0,0.0,0.0,0.0,0.0
7795,scenario_1,266.758,0.0,61.3917014289115,0.0,205.36629857108846,1563.4250974822946,0.0,20.463900476303834,0.0,0.0,0.0,0.0,0.0
7796,scenario_1,214.906,0.0,0.0,0.0,214.906,1349.5018698040774,0.0,0.0,0.0,0.0,0.0,0.0,0.0
7797,scenario_1,158.429,0.0,0.0,0.0,158.429,1125.6414531374107,0.0,0.0,0.0,0.0,0.0,0.0,0.0
7798,scenario_1,93.629,0.0,0.0,0.0,93.629,960.6112448040774,0.0,0.0,0.0,0.0,0.0,0.0,0.0
7799,scenario_1,51.875,0.0,0.0,0.0,51.875,863.081036470744,0.0,0.0,0.0,0.0,0.0,0.0,0.0
7800,scenario_1,27.882,0.0,0.0,0.0,27.882,809.0445781374107,0.0,0.0,0.0,0.0,0.0,0.0,0.0
7801,scenario_1,45.133,0.0,0.0,0.0,45.133,780.0008281374106,0.0,0.0,0.0,0.0,0.0,0.0,0.0
7802,scenario_1,47.093,0.0,0.0,0.0,47.093,732.9872864707439,0.0,0.0,0.0,0.0,0.0,0.0,0.0
7803,scenario_1,46.272,0.0,0.0,0.0,46.272,683.9320781374106,0.0,0.0,0.0,0.0,0.0,0.0,0.0
7804,scenario_1,48.929,0.0,0.0,0.0,48.929,635.7320781374106,0.0,0.0,0.0,0.0,0.0,0.0,0.0
7805,scenario_1,72.724,0.0,0.0,0.0,72.724,584.7643698040772,0.0,0.0,0.0,0.0,0.0,0.0,0.0
7806,scenario_1,147.849,37.51884366641849,0.0,0.0,110.3301563335815,509.01020313741054,0.0,0.0,0.0,0.0,0.0,0.0,37.51884366641849
7807,scenario_1,229.292,229.292,0.0,0.0,0.0,394.0829569565965,0.0,0.0,0.0,0.0,0.0,0.0,229.292
7808,scenario_1,267.625,415.2386931539114,0.0,147.6136931539114,0.0,394.0829569565965,0.0,0.0,0.0,0.0,0.0,0.0,415.2386931539114
7809,scenario_1,224.396,224.396,0.0,0.0,0.0,534.3159654528123,0.0,0.0,0.0,0.0,0.0,0.0,224.396
7810,scenario_1,143.604,537.6869569565966,0.0,394.0829569565966,0.0,534.3159654528123,0.0,0.0,0.0,0.0,0.0,0.0,537.6869569565966
7811,scenario_1,11.312,405.3949569565966,0.0,394.0829569565966,0.0,908.694774561579,0.0,0.0,0.0,0.0,0.0,0.0,405.3949569565966
7812,scenario_1,111.968,506.0509569565966,0.0,394.0829569565966,0.0,1283.0735836703457,0.0,0.0,0.0,0.0,0.0,0.0,506.0509569565966
7813,scenario_1,111.783,111.783,0.0,0.0,0.0,1657.4523927791124,0.0,0.0,0.0,0.0,0.0,0.0,111.783
7814,scenario_1,116.491,445.9250968461795,0.0,329.4340968461795,0.0,1657.4523927791124,0.0,0.0,0.0,0.0,0.0,0.0,445.9250968461795
7815,scenario_1,128.363,128.363,0.0,0.0,0.0,1970.414784782983,0.0,0.0,0.0,0.0,0.0,0.0,128.363
7816,scenario_1,156.822,156.822,0.0,0.0,0.0,1970.414784782983,0.0,0.0,0.0,0.0,0.0,0.0,156.822
7817,scenario_1,208.677,0.0,42.03799733940741,0.0,166.63900266059258,1970.414784782983,0.0,14.01266577980247,0.0,0.0,0.0,0.0,0.0
7818,scenario_1,284.261,0.0,61.3917014289115,0.0,222.8692985710885,1796.8324903448656,0.0,20.463900476303834,0.0,0.0,0.0,0.0,0.0
7819,scenario_1,311.977,0.0,0.0,0.0,311.977,1564.6769709999817,0.0,0.0,0.0,0.0,0.0,0.0,0.0
7820,scenario_1,257.948,0.0,61.3917014289115,0.0,196.55629857108846,1239.700929333315,0.0,20.463900476303834,0.0,0.0,0.0,0.0,0.0
7821,scenario_1,185.389,0.0,0.0,0.0,185.389,1034.9547849884311,0.0,0.0,0.0,0.0,0.0,0.0,0.0
7822,scenario_1,86.551,0.0,0.0,0.0,86.551,841.8412433217644,0.0,0.0,0.0,0.0,0.0,0.0,0.0
7823,scenario_1,51.022,0.0,0.0,0.0,51.022,751.6839516550978,0.0,0.0,0.0,0.0,0.0,0.0,0.0
7824,scenario_1,36.015,0.0,36.015,0.0,0.0,698.5360349884311,0.0,12.005,0.0,0.0,0.0,0.0,0.0
7825,scenario_1,45.501,0.0,0.0,0.0,45.501,698.5360349884311,0.0,0.0,0.0,0.0,0.0,0.0,0.0
7826,scenario_1,50.488,0.0,0.0,0.0,50.488,651.1391599884311,0.0,0.0,0.0,0.0,0.0,0.0,0.0
7827,scenario_1,55.577,0.0,0.0,0.0,55.577,598.5474933217644,0.0,0.0,0.0,0.0,0.0,0.0,0.0
7828,scenario_1,61.012,0.0,0.0,0.0,61.012,540.6547849884311,0.0,0.0,0.0,0.0,0.0,0.0,0.0
7829,scenario_1,63.573,0.0,61.3917014289115,0.0,2.1812985710884973,477.1006183217644,0.0,20.463900476303834,0.0,0.0,0.0,0.0,0.0
7830,scenario_1,117.679,40.16334366052728,0.0,0.0,77.51565633947271,474.8284323102139,0.0,0.0,0.0,0.0,0.0,0.0,40.16334366052728
7831,scenario_1,206.687,206.687,0.0,0.0,0.0,394.0829569565965,0.0,0.0,0.0,0.0,0.0,0.0,206.687
7832,scenario_1,255.296,434.83756975498744,0.0,179.54156975498745,0.0,394.0829569565965,0.0,0.0,0.0,0.0,0.0,0.0,434.83756975498744
7833,scenario_1,230.625,230.625,0.0,0.0,0.0,564.6474482238345,0.0,0.0,0.0,0.0,0.0,0.0,230.625
7834,scenario_1,126.873,520.9559569565967,0.0,394.0829569565966,0.0,564.6474482238345,0.0,0.0,0.0,0.0,0.0,0.0,520.9559569565967
7835,scenario_1,114.405,508.4879569565966,0.0,394.0829569565966,0.0,939.0262573326013,0.0,0.0,0.0,0.0,0.0,0.0,508.4879569565966
7836,scenario_1,107.994,107.994,0.0,0.0,0.0,1313.405066441368,0.0,0.0,0.0,0.0,0.0,0.0,107.994
7837,scenario_1,119.063,513.1459569565966,0.0,394.0829569565966,0.0,1313.405066441368,0.0,0.0,0.0,0.0,0.0,0.0,513.1459569565966
7838,scenario_1,14.175,14.175,0.0,0.0,0.0,1687.7838755501348,0.0,0.0,0.0,0.0,0.0,0.0,14.175
7839,scenario_1,14.033,311.5392202451033,0.0,297.5062202451033,0.0,1687.7838755501348,0.0,0.0,0.0,0.0,0.0,0.0,311.5392202451033
7840,scenario_1,141.087,141.087,0.0,0.0,0.0,1970.414784782983,0.0,0.0,0.0,0.0,0.0,0.0,141.087
7841,scenario_1,191.049,0.0,0.0,0.0,191.049,1970.414784782983,0.0,0.0,0.0,0.0,0.0,0.0,0.0
7842,scenario_1,234.904,0.0,0.0,0.0,234.904,1771.4054097829828,0.0,0.0,0.0,0.0,0.0,0.0,0.0
7843,scenario_1,27.735,0.0,0.0,0.0,27.735,1526.7137431163162,0.0,0.0,0.0,0.0,0.0,0.0,0.0
7844,scenario_1,243.832,0.0,0.0,0.0,243.832,1497.8231181163162,0.0,0.0,0.0,0.0,0.0,0.0,0.0
7845,scenario_1,165.996,0.0,0.0,0.0,165.996,1243.8314514496496,0.0,0.0,0.0,0.0,0.0,0.0,0.0
7846,scenario_1,75.443,0.0,0.0,0.0,75.443,1070.9189514496497,0.0,0.0,0.0,0.0,0.0,0.0,0.0
7847,scenario_1,25.256,0.0,0.0,0.0,25.256,992.3324931163164,0.0,0.0,0.0,0.0,0.0,0.0,0.0
7848,scenario_1,15.748,0.0,0.0,0.0,15.748,966.0241597829831,0.0,0.0,0.0,0.0,0.0,0.0,0.0
7849,scenario_1,23.896,0.0,0.0,0.0,23.896,949.6199931163164,0.0,0.0,0.0,0.0,0.0,0.0,0.0
7850,scenario_1,4.315,0.0,0.0,0.0,4.315,924.7283264496498,0.0,0.0,0.0,0.0,0.0,0.0,0.0
7851,scenario_1,46.123,0.0,0.0,0.0,46.123,920.2335347829832,0.0,0.0,0.0,0.0,0.0,0.0,0.0
7852,scenario_1,47.633,0.0,0.0,0.0,47.633,872.1887431163165,0.0,0.0,0.0,0.0,0.0,0.0,0.0
7853,scenario_1,79.563,0.0,0.0,0.0,79.563,822.5710347829831,0.0,0.0,0.0,0.0,0.0,0.0,0.0
7854,scenario_1,116.988,36.161797616810034,0.0,0.0,80.82620238318997,739.6929097829832,0.0,0.0,0.0,0.0,0.0,0.0,36.161797616810034
7855,scenario_1,182.809,182.809,0.0,0.0,0.0,655.4989489671602,0.0,0.0,0.0,0.0,0.0,0.0,182.809
7856,scenario_1,188.965,188.965,0.0,0.0,0.0,655.4989489671602,0.0,0.0,0.0,0.0,0.0,0.0,188.965
7857,scenario_1,184.089,184.089,0.0,0.0,0.0,655.4989489671602,0.0,0.0,0.0,0.0,0.0,0.0,184.089
7858,scenario_1,135.718,529.8009569565966,0.0,394.0829569565966,0.0,655.4989489671602,0.0,0.0,0.0,0.0,0.0,0.0,529.8009569565966
7859,scenario_1,13.23,407.3129569565966,0.0,394.0829569565966,0.0,1029.877758075927,0.0,0.0,0.0,0.0,0.0,0.0,407.3129569565966
7860,scenario_1,131.234,131.234,0.0,0.0,0.0,1404.2565671846937,0.0,0.0,0.0,0.0,0.0,0.0,131.234
7861,scenario_1,128.667,522.7499569565966,0.0,394.0829569565966,0.0,1404.2565671846937,0.0,0.0,0.0,0.0,0.0,0.0,522.7499569565966
7862,scenario_1,14.983,14.983,0.0,0.0,0.0,1778.6353762934605,0.0,0.0,0.0,0.0,0.0,0.0,14.983
7863,scenario_1,17.256,17.256,0.0,0.0,0.0,1778.6353762934605,0.0,0.0,0.0,0.0,0.0,0.0,17.256
7864,scenario_1,20.528,20.528,0.0,0.0,0.0,1778.6353762934605,0.0,0.0,0.0,0.0,0.0,0.0,20.528
7865,scenario_1,20.48,0.0,0.0,0.0,20.48,1778.6353762934605,0.0,0.0,0.0,0.0,0.0,0.0,0.0
7866,scenario_1,240.034,0.0,0.0,0.0,240.034,1757.3020429601272,0.0,0.0,0.0,0.0,0.0,0.0,0.0
7867,scenario_1,234.116,0.0,0.0,0.0,234.116,1507.2666262934606,0.0,0.0,0.0,0.0,0.0,0.0,0.0
7868,scenario_1,181.536,0.0,0.0,0.0,181.536,1263.3957929601272,0.0,0.0,0.0,0.0,0.0,0.0,0.0
7869,scenario_1,125.771,0.0,0.0,0.0,125.771,1074.295792960127,0.0,0.0,0.0,0.0,0.0,0.0,0.0
7870,scenario_1,79.857,0.0,0.0,0.0,79.857,943.2843346267937,0.0,0.0,0.0,0.0,0.0,0.0,0.0
7871,scenario_1,44.909,0.0,0.0,0.0,44.909,860.0999596267936,0.0,0.0,0.0,0.0,0.0,0.0,0.0
7872,scenario_1,37.159,0.0,0.0,0.0,37.159,813.3197512934603,0.0,0.0,0.0,0.0,0.0,0.0,0.0
7873,scenario_1,43.204,0.0,0.0,0.0,43.204,774.6124596267936,0.0,0.0,0.0,0.0,0.0,0.0,0.0
7874,scenario_1,45.042,0.0,0.0,0.0,45.042,729.6082929601268,0.0,0.0,0.0,0.0,0.0,0.0,0.0
7875,scenario_1,4.726,0.0,0.0,0.0,4.726,682.6895429601268,0.0,0.0,0.0,0.0,0.0,0.0,0.0
7876,scenario_1,63.742,0.0,0.0,0.0,63.742,677.7666262934601,0.0,0.0,0.0,0.0,0.0,0.0,0.0
7877,scenario_1,82.163,0.0,0.0,0.0,82.163,611.3687096267935,0.0,0.0,0.0,0.0,0.0,0.0,0.0
7878,scenario_1,112.914,37.20567919343192,0.0,0.0,75.70832080656808,525.7822512934601,0.0,0.0,0.0,0.0,0.0,0.0,37.20567919343192
7879,scenario_1,172.626,172.626,0.0,0.0,0.0,446.91941711995173,0.0,0.0,0.0,0.0,0.0,0.0,172.626
7880,scenario_1,201.862,415.84762407360756,0.0,213.98562407360757,0.0,446.91941711995173,0.0,0.0,0.0,0.0,0.0,0.0,415.84762407360756
7881,scenario_1,184.177,184.177,0.0,0.0,0.0,650.205759989879,0.0,0.0,0.0,0.0,0.0,0.0,184.177
7882,scenario_1,151.731,545.8139569565966,0.0,394.0829569565966,0.0,650.205759989879,0.0,0.0,0.0,0.0,0.0,0.0,545.8139569565966
7883,scenario_1,130.993,525.0759569565967,0.0,394.0829569565966,0.0,1024.5845690986457,0.0,0.0,0.0,0.0,0.0,0.0,525.0759569565967
7884,scenario_1,137.724,137.724,0.0,0.0,0.0,1398.9633782074125,0.0,0.0,0.0,0.0,0.0,0.0,137.724
7885,scenario_1,12.753,406.8359569565966,0.0,394.0829569565966,0.0,1398.9633782074125,0.0,0.0,0.0,0.0,0.0,0.0,406.8359569565966
7886,scenario_1,136.303,343.74783943874075,0.0,207.44483943874076,0.0,1773.3421873161792,0.0,0.0,0.0,0.0,0.0,0.0,343.74783943874075
7887,scenario_1,151.147,151.147,0.0,0.0,0.0,1970.414784782983,0.0,0.0,0.0,0.0,0.0,0.0,151.147
7888,scenario_1,196.993,182.6183828168614,0.0,0.0,14.374617183138582,1970.414784782983,0.0,0.0,0.0,0.0,0.0,0.0,182.6183828168614
7889,scenario_1,235.715,0.0,33.08792439167689,0.0,202.6270756083231,1955.4412252172135,0.0,11.029308130558965,0.0,0.0,0.0,0.0,0.0
7890,scenario_1,251.213,0.0,0.0,0.0,251.213,1744.371354791877,0.0,0.0,0.0,0.0,0.0,0.0,0.0
7891,scenario_1,239.032,0.0,0.0,0.0,239.032,1482.6911464585437,0.0,0.0,0.0,0.0,0.0,0.0,0.0
7892,scenario_1,192.075,0.0,0.0,0.0,192.075,1233.699479791877,0.0,0.0,0.0,0.0,0.0,0.0,0.0
7893,scenario_1,126.123,0.0,0.0,0.0,126.123,1033.621354791877,0.0,0.0,0.0,0.0,0.0,0.0,0.0
7894,scenario_1,70.808,0.0,0.0,0.0,70.808,902.2432297918768,0.0,0.0,0.0,0.0,0.0,0.0,0.0
7895,scenario_1,31.368,0.0,0.0,0.0,31.368,828.4848964585435,0.0,0.0,0.0,0.0,0.0,0.0,0.0
7896,scenario_1,22.298,0.0,0.0,0.0,22.298,795.8098964585436,0.0,0.0,0.0,0.0,0.0,0.0,0.0
7897,scenario_1,38.548,0.0,0.0,0.0,38.548,772.5828131252102,0.0,0.0,0.0,0.0,0.0,0.0,0.0
7898,scenario_1,50.093,0.0,0.0,0.0,50.093,732.4286464585435,0.0,0.0,0.0,0.0,0.0,0.0,0.0
7899,scenario_1,52.136,0.0,0.0,0.0,52.136,680.2484381252102,0.0,0.0,0.0,0.0,0.0,0.0,0.0
7900,scenario_1,53.852,0.0,0.0,0.0,53.852,625.9401047918768,0.0,0.0,0.0,0.0,0.0,0.0,0.0
7901,scenario_1,78.225,0.0,0.0,0.0,78.225,569.8442714585435,0.0,0.0,0.0,0.0,0.0,0.0,0.0
7902,scenario_1,126.311,35.80513807813088,0.0,0.0,90.50586192186913,488.3598964585435,0.0,0.0,0.0,0.0,0.0,0.0,35.80513807813088
7903,scenario_1,22.072,230.1758876451271,0.0,208.1038876451271,0.0,394.0829569565965,0.0,0.0,0.0,0.0,0.0,0.0,230.1758876451271
7904,scenario_1,28.168,28.168,0.0,0.0,0.0,591.7816502194672,0.0,0.0,0.0,0.0,0.0,0.0,28.168
7905,scenario_1,216.535,216.535,0.0,0.0,0.0,591.7816502194672,0.0,0.0,0.0,0.0,0.0,0.0,216.535
7906,scenario_1,129.869,523.9519569565966,0.0,394.0829569565966,0.0,591.7816502194672,0.0,0.0,0.0,0.0,0.0,0.0,523.9519569565966
7907,scenario_1,100.912,100.912,0.0,0.0,0.0,966.160459328234,0.0,0.0,0.0,0.0,0.0,0.0,100.912
7908,scenario_1,118.323,512.4059569565966,0.0,394.0829569565966,0.0,966.160459328234,0.0,0.0,0.0,0.0,0.0,0.0,512.4059569565966
7909,scenario_1,92.651,92.651,0.0,0.0,0.0,1340.5392684370008,0.0,0.0,0.0,0.0,0.0,0.0,92.651
7910,scenario_1,100.689,494.77195695659657,0.0,394.0829569565966,0.0,1340.5392684370008,0.0,0.0,0.0,0.0,0.0,0.0,494.77195695659657
7911,scenario_1,123.492,123.492,0.0,0.0,0.0,1714.9180775457676,0.0,0.0,0.0,0.0,0.0,0.0,123.492
7912,scenario_1,128.502,128.502,0.0,0.0,0.0,1714.9180775457676,0.0,0.0,0.0,0.0,0.0,0.0,128.502
7913,scenario_1,191.153,0.0,0.0,0.0,191.153,1714.9180775457676,0.0,0.0,0.0,0.0,0.0,0.0,0.0
7914,scenario_1,25.804,0.0,0.0,0.0,25.804,1515.8003692124344,0.0,0.0,0.0,0.0,0.0,0.0,0.0
7915,scenario_1,27.653,0.0,0.0,0.0,27.653,1488.9212025457678,0.0,0.0,0.0,0.0,0.0,0.0,0.0
7916,scenario_1,248.397,0.0,0.0,0.0,248.397,1460.1159942124343,0.0,0.0,0.0,0.0,0.0,0.0,0.0
7917,scenario_1,135.454,0.0,0.0,0.0,135.454,1201.3691192124343,0.0,0.0,0.0,0.0,0.0,0.0,0.0
7918,scenario_1,60.187,0.0,0.0,0.0,60.187,1060.2712025457677,0.0,0.0,0.0,0.0,0.0,0.0,0.0
7919,scenario_1,41.355,0.0,0.0,0.0,41.355,997.576410879101,0.0,0.0,0.0,0.0,0.0,0.0,0.0
7920,scenario_1,33.627,0.0,0.0,0.0,33.627,954.498285879101,0.0,0.0,0.0,0.0,0.0,0.0,0.0
7921,scenario_1,40.392,0.0,0.0,0.0,40.392,919.470160879101,0.0,0.0,0.0,0.0,0.0,0.0,0.0
7922,scenario_1,49.063,0.0,0.0,0.0,49.063,877.3951608791009,0.0,0.0,0.0,0.0,0.0,0.0,0.0
7923,scenario_1,52.948,0.0,0.0,0.0,52.948,826.2878692124342,0.0,0.0,0.0,0.0,0.0,0.0,0.0
7924,scenario_1,60.976,0.0,0.0,0.0,60.976,771.1337025457675,0.0,0.0,0.0,0.0,0.0,0.0,0.0
7925,scenario_1,81.727,0.0,0.0,0.0,81.727,707.6170358791009,0.0,0.0,0.0,0.0,0.0,0.0,0.0
7926,scenario_1,148.022,16.2236595033319,0.0,0.0,131.7983404966681,622.4847442124342,0.0,0.0,0.0,0.0,0.0,0.0,16.2236595033319
7927,scenario_1,216.854,216.854,0.0,0.0,0.0,485.1948061950716,0.0,0.0,0.0,0.0,0.0,0.0,216.854
7928,scenario_1,253.487,408.74053033944017,0.0,155.25353033944018,0.0,485.1948061950716,0.0,0.0,0.0,0.0,0.0,0.0,408.74053033944017
7929,scenario_1,244.715,244.715,0.0,0.0,0.0,632.6856600175397,0.0,0.0,0.0,0.0,0.0,0.0,244.715
7930,scenario_1,132.576,526.6589569565966,0.0,394.0829569565966,0.0,632.6856600175397,0.0,0.0,0.0,0.0,0.0,0.0,526.6589569565966
7931,scenario_1,105.174,499.2569569565966,0.0,394.0829569565966,0.0,1007.0644691263064,0.0,0.0,0.0,0.0,0.0,0.0,499.2569569565966
7932,scenario_1,105.916,105.916,0.0,0.0,0.0,1381.4432782350732,0.0,0.0,0.0,0.0,0.0,0.0,105.916
7933,scenario_1,108.574,502.6569569565966,0.0,394.0829569565966,0.0,1381.4432782350732,0.0,0.0,0.0,0.0,0.0,0.0,502.6569569565966
7934,scenario_1,103.182,296.0723365028076,0.0,192.8903365028076,0.0,1755.82208734384,0.0,0.0,0.0,0.0,0.0,0.0,296.0723365028076
7935,scenario_1,131.889,131.889,0.0,0.0,0.0,1939.0679070215072,0.0,0.0,0.0,0.0,0.0,0.0,131.889
7936,scenario_1,138.774,171.77071343313227,0.0,32.99671343313227,0.0,1939.0679070215072,0.0,0.0,0.0,0.0,0.0,0.0,171.77071343313227
7937,scenario_1,19.779,0.0,0.0,0.0,19.779,1970.414784782983,0.0,0.0,0.0,0.0,0.0,0.0,0.0
7938,scenario_1,257.375,0.0,0.0,0.0,257.375,1949.8116597829828,0.0,0.0,0.0,0.0,0.0,0.0,0.0
7939,scenario_1,281.692,0.0,0.0,0.0,281.692,1681.7127014496496,0.0,0.0,0.0,0.0,0.0,0.0,0.0
7940,scenario_1,245.093,0.0,0.0,0.0,245.093,1388.2835347829828,0.0,0.0,0.0,0.0,0.0,0.0,0.0
7941,scenario_1,156.141,0.0,0.0,0.0,156.141,1132.9783264496493,0.0,0.0,0.0,0.0,0.0,0.0,0.0
7942,scenario_1,85.606,0.0,0.0,0.0,85.606,970.3314514496493,0.0,0.0,0.0,0.0,0.0,0.0,0.0
7943,scenario_1,44.778,0.0,0.0,0.0,44.778,881.1585347829827,0.0,0.0,0.0,0.0,0.0,0.0,0.0
7944,scenario_1,19.871,0.0,0.0,0.0,19.871,834.5147847829827,0.0,0.0,0.0,0.0,0.0,0.0,0.0
7945,scenario_1,30.646,0.0,0.0,0.0,30.646,813.8158264496494,0.0,0.0,0.0,0.0,0.0,0.0,0.0
7946,scenario_1,50.716,0.0,0.0,0.0,50.716,781.8929097829828,0.0,0.0,0.0,0.0,0.0,0.0,0.0
7947,scenario_1,55.929,0.0,0.0,0.0,55.929,729.0637431163161,0.0,0.0,0.0,0.0,0.0,0.0,0.0
7948,scenario_1,65.242,0.0,0.0,0.0,65.242,670.8043681163161,0.0,0.0,0.0,0.0,0.0,0.0,0.0
7949,scenario_1,83.306,0.0,0.0,0.0,83.306,602.8439514496495,0.0,0.0,0.0,0.0,0.0,0.0,0.0
7950,scenario_1,113.455,29.15039302716632,0.0,0.0,84.30460697283368,516.0668681163161,0.0,0.0,0.0,0.0,0.0,0.0,29.15039302716632
7951,scenario_1,189.601,189.601,0.0,0.0,0.0,428.24956918628095,0.0,0.0,0.0,0.0,0.0,0.0,189.601
7952,scenario_1,233.247,380.83409619108164,0.0,147.58709619108163,0.0,428.24956918628095,0.0,0.0,0.0,0.0,0.0,0.0,380.83409619108164
7953,scenario_1,212.966,212.966,0.0,0.0,0.0,568.4573105678085,0.0,0.0,0.0,0.0,0.0,0.0,212.966
7954,scenario_1,163.817,557.8999569565966,0.0,394.0829569565966,0.0,568.4573105678085,0.0,0.0,0.0,0.0,0.0,0.0,557.8999569565966
7955,scenario_1,114.508,508.5909569565966,0.0,394.0829569565966,0.0,942.8361196765752,0.0,0.0,0.0,0.0,0.0,0.0,508.5909569565966
7956,scenario_1,95.749,489.8319569565966,0.0,394.0829569565966,0.0,1317.214928785342,0.0,0.0,0.0,0.0,0.0,0.0,489.8319569565966
7957,scenario_1,111.563,111.563,0.0,0.0,0.0,1691.5937378941087,0.0,0.0,0.0,0.0,0.0,0.0,111.563
7958,scenario_1,119.915,413.4108388303939,0.0,293.4958388303939,0.0,1691.5937378941087,0.0,0.0,0.0,0.0,0.0,0.0,413.4108388303939
7959,scenario_1,135.722,135.722,0.0,0.0,0.0,1970.414784782983,0.0,0.0,0.0,0.0,0.0,0.0,135.722
7960,scenario_1,185.816,173.54531211338949,0.0,0.0,12.270687886610517,1970.414784782983,0.0,0.0,0.0,0.0,0.0,0.0,173.54531211338949
7961,scenario_1,215.012,0.0,0.0,0.0,215.012,1957.6328182344303,0.0,0.0,0.0,0.0,0.0,0.0,0.0
7962,scenario_1,266.454,0.0,0.0,0.0,266.454,1733.661984901097,0.0,0.0,0.0,0.0,0.0,0.0,0.0
7963,scenario_1,286.632,0.0,0.0,0.0,286.632,1456.1057349010969,0.0,0.0,0.0,0.0,0.0,0.0,0.0
7964,scenario_1,22.203,0.0,0.0,0.0,22.203,1157.5307349010968,0.0,0.0,0.0,0.0,0.0,0.0,0.0
7965,scenario_1,166.869,0.0,0.0,0.0,166.869,1134.4026099010969,0.0,0.0,0.0,0.0,0.0,0.0,0.0
7966,scenario_1,77.275,0.0,0.0,0.0,77.275,960.5807349010969,0.0,0.0,0.0,0.0,0.0,0.0,0.0
7967,scenario_1,36.016,0.0,0.0,0.0,36.016,880.0859432344303,0.0,0.0,0.0,0.0,0.0,0.0,0.0
7968,scenario_1,20.291,0.0,0.0,0.0,20.291,842.5692765677636,0.0,0.0,0.0,0.0,0.0,0.0,0.0
7969,scenario_1,36.869,0.0,0.0,0.0,36.869,821.4328182344303,0.0,0.0,0.0,0.0,0.0,0.0,0.0
7970,scenario_1,44.537,0.0,0.0,0.0,44.537,783.027609901097,0.0,0.0,0.0,0.0,0.0,0.0,0.0
7971,scenario_1,48.998,0.0,0.0,0.0,48.998,736.6349015677637,0.0,0.0,0.0,0.0,0.0,0.0,0.0
7972,scenario_1,64.244,0.0,0.0,0.0,64.244,685.5953182344304,0.0,0.0,0.0,0.0,0.0,0.0,0.0
7973,scenario_1,79.293,0.0,0.0,0.0,79.293,618.674484901097,0.0,0.0,0.0,0.0,0.0,0.0,0.0
7974,scenario_1,131.486,33.96964630590406,0.0,0.0,97.51635369409593,536.077609901097,0.0,0.0,0.0,0.0,0.0,0.0,33.96964630590406
7975,scenario_1,26.874,222.11190246572298,0.0,195.23790246572298,0.0,434.49807480308044,0.0,0.0,0.0,0.0,0.0,0.0,222.11190246572298
7976,scenario_1,297.663,297.663,0.0,0.0,0.0,619.9740821455173,0.0,0.0,0.0,0.0,0.0,0.0,297.663
7977,scenario_1,241.948,481.21565822227933,0.0,239.26765822227935,0.0,619.9740821455173,0.0,0.0,0.0,0.0,0.0,0.0,481.21565822227933
7978,scenario_1,143.589,537.6719569565967,0.0,394.0829569565966,0.0,847.2783574566827,0.0,0.0,0.0,0.0,0.0,0.0,537.6719569565967
7979,scenario_1,95.978,490.0609569565966,0.0,394.0829569565966,0.0,1221.6571665654494,0.0,0.0,0.0,0.0,0.0,0.0,490.0609569565966
7980,scenario_1,83.266,83.266,0.0,0.0,0.0,1596.0359756742162,0.0,0.0,0.0,0.0,0.0,0.0,83.266
7981,scenario_1,9.719,9.719,0.0,0.0,0.0,1596.0359756742162,0.0,0.0,0.0,0.0,0.0,0.0,9.719
7982,scenario_1,94.266,488.3489569565966,0.0,394.0829569565966,0.0,1596.0359756742162,0.0,0.0,0.0,0.0,0.0,0.0,488.3489569565966
7983,scenario_1,119.819,119.819,0.0,0.0,0.0,1970.414784782983,0.0,0.0,0.0,0.0,0.0,0.0,119.819
7984,scenario_1,136.579,136.579,0.0,0.0,0.0,1970.414784782983,0.0,0.0,0.0,0.0,0.0,0.0,136.579
7985,scenario_1,201.114,0.0,59.29674385775746,0.0,141.81725614224254,1970.414784782983,0.0,19.765581285919154,0.0,0.0,0.0,0.0,0.0
7986,scenario_1,273.015,0.0,0.0,0.0,273.015,1822.6884763014803,0.0,0.0,0.0,0.0,0.0,0.0,0.0
7987,scenario_1,330.735,0.0,0.0,0.0,330.735,1538.2978513014803,0.0,0.0,0.0,0.0,0.0,0.0,0.0
7988,scenario_1,263.422,0.0,61.3917014289115,0.0,202.0302985710885,1193.7822263014803,0.0,20.463900476303834,0.0,0.0,0.0,0.0,0.0
7989,scenario_1,156.654,0.0,0.0,0.0,156.654,983.333998623263,0.0,0.0,0.0,0.0,0.0,0.0,0.0
7990,scenario_1,83.185,0.0,0.0,0.0,83.185,820.152748623263,0.0,0.0,0.0,0.0,0.0,0.0,0.0
7991,scenario_1,46.387,0.0,0.0,0.0,46.387,733.5017069565964,0.0,0.0,0.0,0.0,0.0,0.0,0.0
7992,scenario_1,33.041,0.0,0.0,0.0,33.041,685.1819152899297,0.0,0.0,0.0,0.0,0.0,0.0,0.0
7993,scenario_1,41.492,0.0,0.0,0.0,41.492,650.7642069565965,0.0,0.0,0.0,0.0,0.0,0.0,0.0
7994,scenario_1,39.681,0.0,0.0,0.0,39.681,607.5433736232632,0.0,0.0,0.0,0.0,0.0,0.0,0.0
7995,scenario_1,43.826,0.0,0.0,0.0,43.826,566.2089986232631,0.0,0.0,0.0,0.0,0.0,0.0,0.0
7996,scenario_1,48.514,0.0,0.0,0.0,48.514,520.5569152899299,0.0,0.0,0.0,0.0,0.0,0.0,0.0
7997,scenario_1,72.901,0.0,0.0,0.0,72.901,470.02149862326314,0.0,0.0,0.0,0.0,0.0,0.0,0.0
7998,scenario_1,13.362,13.362,0.0,0.0,0.0,394.0829569565965,0.0,0.0,0.0,0.0,0.0,0.0,13.362
7999,scenario_1,218.872,218.872,0.0,0.0,0.0,394.0829569565965,0.0,0.0,0.0,0.0,0.0,0.0,218.872
8000,scenario_1,282.771,282.771,0.0,0.0,0.0,394.0829569565965,0.0,0.0,0.0,0.0,0.0,0.0,282.771
8001,scenario_1,229.152,538.4341172215717,0.0,309.2821172215717,0.0,394.0829569565965,0.0,0.0,0.0,0.0,0.0,0.0,538.4341172215717
8002,scenario_1,15.305,409.3879569565966,0.0,394.0829569565966,0.0,687.9009683170896,0.0,0.0,0.0,0.0,0.0,0.0,409.3879569565966
8003,scenario_1,11.101,405.1839569565966,0.0,394.0829569565966,0.0,1062.2797774258563,0.0,0.0,0.0,0.0,0.0,0.0,405.1839569565966
8004,scenario_1,91.476,485.5589569565966,0.0,394.0829569565966,0.0,1436.658586534623,0.0,0.0,0.0,0.0,0.0,0.0,485.5589569565966
8005,scenario_1,109.376,109.376,0.0,0.0,0.0,1811.0373956433898,0.0,0.0,0.0,0.0,0.0,0.0,109.376
8006,scenario_1,111.494,262.2015810563394,0.0,150.70758105633942,0.0,1811.0373956433898,0.0,0.0,0.0,0.0,0.0,0.0,262.2015810563394
8007,scenario_1,106.675,106.675,0.0,0.0,0.0,1954.2095976469122,0.0,0.0,0.0,0.0,0.0,0.0,106.675
8008,scenario_1,154.904,171.9620917221796,0.0,17.058091722179597,0.0,1954.2095976469122,0.0,0.0,0.0,0.0,0.0,0.0,171.9620917221796
8009,scenario_1,183.318,0.0,41.05413207433202,0.0,142.263867925668,1970.414784782983,0.0,13.684710691444005,0.0,0.0,0.0,0.0,0.0
8010,scenario_1,258.796,0.0,61.3917014289115,0.0,197.40429857108848,1822.2232556937454,0.0,20.463900476303834,0.0,0.0,0.0,0.0,0.0
8011,scenario_1,275.401,0.0,0.0,0.0,275.401,1616.5937780155282,0.0,0.0,0.0,0.0,0.0,0.0,0.0
8012,scenario_1,258.155,0.0,0.0,0.0,258.155,1329.7177363488615,0.0,0.0,0.0,0.0,0.0,0.0,0.0
8013,scenario_1,176.618,0.0,0.0,0.0,176.618,1060.8062780155283,0.0,0.0,0.0,0.0,0.0,0.0,0.0
8014,scenario_1,91.229,0.0,0.0,0.0,91.229,876.8291946821948,0.0,0.0,0.0,0.0,0.0,0.0,0.0
8015,scenario_1,48.474,0.0,0.0,0.0,48.474,781.7989863488615,0.0,0.0,0.0,0.0,0.0,0.0,0.0
8016,scenario_1,1.775,0.0,0.0,0.0,1.775,731.3052363488615,0.0,0.0,0.0,0.0,0.0,0.0,0.0
8017,scenario_1,20.852,0.0,20.852,0.0,0.0,729.4562780155281,0.0,6.950666666666667,0.0,0.0,0.0,0.0,0.0
8018,scenario_1,37.714,0.0,0.0,0.0,37.714,729.4562780155281,0.0,0.0,0.0,0.0,0.0,0.0,0.0
8019,scenario_1,51.072,0.0,0.0,0.0,51.072,690.1708613488614,0.0,0.0,0.0,0.0,0.0,0.0,0.0
8020,scenario_1,54.152,0.0,0.0,0.0,54.152,636.9708613488614,0.0,0.0,0.0,0.0,0.0,0.0,0.0
8021,scenario_1,75.436,0.0,0.0,0.0,75.436,580.5625280155281,0.0,0.0,0.0,0.0,0.0,0.0,0.0
8022,scenario_1,129.925,26.340611783425732,0.0,0.0,103.58438821657428,501.98336134886137,0.0,0.0,0.0,0.0,0.0,0.0,26.340611783425732
8023,scenario_1,167.803,167.803,0.0,0.0,0.0,394.0829569565965,0.0,0.0,0.0,0.0,0.0,0.0,167.803
8024,scenario_1,190.421,392.2037063631217,0.0,201.7827063631217,0.0,394.0829569565965,0.0,0.0,0.0,0.0,0.0,0.0,392.2037063631217
8025,scenario_1,178.739,530.4484231604142,0.0,351.7094231604142,0.0,585.7765280015622,0.0,0.0,0.0,0.0,0.0,0.0,530.4484231604142
8026,scenario_1,155.827,549.9099569565966,0.0,394.0829569565966,0.0,919.9004800039556,0.0,0.0,0.0,0.0,0.0,0.0,549.9099569565966
8027,scenario_1,145.007,539.0899569565966,0.0,394.0829569565966,0.0,1294.2792891127224,0.0,0.0,0.0,0.0,0.0,0.0,539.0899569565966
8028,scenario_1,153.776,153.776,0.0,0.0,0.0,1668.6580982214891,0.0,0.0,0.0,0.0,0.0,0.0,153.776
8029,scenario_1,121.485,121.485,0.0,0.0,0.0,1668.6580982214891,0.0,0.0,0.0,0.0,0.0,0.0,121.485
8030,scenario_1,131.522,449.16061743315134,0.0,317.63861743315135,0.0,1668.6580982214891,0.0,0.0,0.0,0.0,0.0,0.0,449.16061743315134
8031,scenario_1,176.232,176.232,0.0,0.0,0.0,1970.414784782983,0.0,0.0,0.0,0.0,0.0,0.0,176.232
8032,scenario_1,190.642,177.9122167089244,0.0,0.0,12.729783291075591,1970.414784782983,0.0,0.0,0.0,0.0,0.0,0.0,177.9122167089244
8033,scenario_1,212.955,0.0,0.0,0.0,212.955,1957.1545938547793,0.0,0.0,0.0,0.0,0.0,0.0,0.0
8034,scenario_1,221.111,0.0,0.0,0.0,221.111,1735.3264688547793,0.0,0.0,0.0,0.0,0.0,0.0,0.0
8035,scenario_1,224.481,0.0,0.0,0.0,224.481,1505.0025105214459,0.0,0.0,0.0,0.0,0.0,0.0,0.0
8036,scenario_1,172.749,0.0,0.0,0.0,172.749,1271.168135521446,0.0,0.0,0.0,0.0,0.0,0.0,0.0
8037,scenario_1,126.304,0.0,0.0,0.0,126.304,1091.2212605214459,0.0,0.0,0.0,0.0,0.0,0.0,0.0
8038,scenario_1,82.161,0.0,0.0,0.0,82.161,959.6545938547791,0.0,0.0,0.0,0.0,0.0,0.0,0.0
8039,scenario_1,41.083,0.0,0.0,0.0,41.083,874.0702188547791,0.0,0.0,0.0,0.0,0.0,0.0,0.0
8040,scenario_1,36.737,0.0,0.0,0.0,36.737,831.2754271881124,0.0,0.0,0.0,0.0,0.0,0.0,0.0
8041,scenario_1,3.928,0.0,0.0,0.0,3.928,793.0077188547791,0.0,0.0,0.0,0.0,0.0,0.0,0.0
8042,scenario_1,41.084,0.0,0.0,0.0,41.084,788.9160521881124,0.0,0.0,0.0,0.0,0.0,0.0,0.0
8043,scenario_1,3.998,0.0,0.0,0.0,3.998,746.1202188547791,0.0,0.0,0.0,0.0,0.0,0.0,0.0
8044,scenario_1,59.127,0.0,0.0,0.0,59.127,741.9556355214457,0.0,0.0,0.0,0.0,0.0,0.0,0.0
8045,scenario_1,7.2,0.0,0.0,0.0,7.2,680.3650105214457,0.0,0.0,0.0,0.0,0.0,0.0,0.0
8046,scenario_1,120.785,26.610281190719718,0.0,0.0,94.17471880928028,672.8650105214457,0.0,0.0,0.0,0.0,0.0,0.0,26.610281190719718
8047,scenario_1,185.223,185.223,0.0,0.0,0.0,574.7663450951121,0.0,0.0,0.0,0.0,0.0,0.0,185.223
8048,scenario_1,211.854,383.0871405939572,0.0,171.2331405939572,0.0,574.7663450951121,0.0,0.0,0.0,0.0,0.0,0.0,383.0871405939572
8049,scenario_1,166.567,518.8613376599112,0.0,352.2943376599112,0.0,737.4378286593715,0.0,0.0,0.0,0.0,0.0,0.0,518.8613376599112
8050,scenario_1,167.036,561.1189569565965,0.0,394.0829569565966,0.0,1072.1174494362872,0.0,0.0,0.0,0.0,0.0,0.0,561.1189569565965
8051,scenario_1,133.225,527.3079569565966,0.0,394.0829569565966,0.0,1446.496258545054,0.0,0.0,0.0,0.0,0.0,0.0,527.3079569565966
8052,scenario_1,128.032,128.032,0.0,0.0,0.0,1820.8750676538207,0.0,0.0,0.0,0.0,0.0,0.0,128.032
8053,scenario_1,143.637,143.637,0.0,0.0,0.0,1820.8750676538207,0.0,0.0,0.0,0.0,0.0,0.0,143.637
8054,scenario_1,160.604,318.01422855701287,0.0,157.41022855701289,0.0,1820.8750676538207,0.0,0.0,0.0,0.0,0.0,0.0,318.01422855701287
8055,scenario_1,164.778,164.778,0.0,0.0,0.0,1970.414784782983,0.0,0.0,0.0,0.0,0.0,0.0,164.778
8056,scenario_1,187.879,171.10088942146655,0.0,0.0,16.778110578533443,1970.414784782983,0.0,0.0,0.0,0.0,0.0,0.0,171.10088942146655
8057,scenario_1,217.916,0.0,0.0,0.0,217.916,1952.9375862636773,0.0,0.0,0.0,0.0,0.0,0.0,0.0
8058,scenario_1,259.831,0.0,0.0,0.0,259.831,1725.941752930344,0.0,0.0,0.0,0.0,0.0,0.0,0.0
8059,scenario_1,248.545,0.0,0.0,0.0,248.545,1455.2844612636773,0.0,0.0,0.0,0.0,0.0,0.0,0.0
8060,scenario_1,172.733,0.0,0.0,0.0,172.733,1196.3834195970105,0.0,0.0,0.0,0.0,0.0,0.0,0.0
8061,scenario_1,105.851,0.0,0.0,0.0,105.851,1016.4532112636772,0.0,0.0,0.0,0.0,0.0,0.0,0.0
8062,scenario_1,7.857,0.0,0.0,0.0,7.857,906.1917529303439,0.0,0.0,0.0,0.0,0.0,0.0,0.0
8063,scenario_1,49.005,0.0,0.0,0.0,49.005,898.0073779303439,0.0,0.0,0.0,0.0,0.0,0.0,0.0
8064,scenario_1,33.022,0.0,0.0,0.0,33.022,846.9605029303439,0.0,0.0,0.0,0.0,0.0,0.0,0.0
8065,scenario_1,38.742,0.0,0.0,0.0,38.742,812.5625862636772,0.0,0.0,0.0,0.0,0.0,0.0,0.0
8066,scenario_1,44.331,0.0,0.0,0.0,44.331,772.2063362636771,0.0,0.0,0.0,0.0,0.0,0.0,0.0
8067,scenario_1,57.973,0.0,0.0,0.0,57.973,726.0282112636771,0.0,0.0,0.0,0.0,0.0,0.0,0.0
8068,scenario_1,58.534,0.0,0.0,0.0,58.534,665.6396695970104,0.0,0.0,0.0,0.0,0.0,0.0,0.0
8069,scenario_1,79.225,0.0,0.0,0.0,79.225,604.6667529303437,0.0,0.0,0.0,0.0,0.0,0.0,0.0
8070,scenario_1,126.873,18.74637331350147,0.0,0.0,108.12662668649854,522.1407112636771,0.0,0.0,0.0,0.0,0.0,0.0,18.74637331350147
8071,scenario_1,218.394,204.739973228107,0.0,0.0,13.654026771893001,409.5088084652411,0.0,0.0,0.0,0.0,0.0,0.0,204.739973228107
8072,scenario_1,279.545,279.545,0.0,0.0,0.0,395.28586391118586,0.0,0.0,0.0,0.0,0.0,0.0,279.545
8073,scenario_1,224.555,505.09949887477933,0.0,280.5444988747793,0.0,395.28586391118586,0.0,0.0,0.0,0.0,0.0,0.0,505.09949887477933
8074,scenario_1,138.055,532.1379569565966,0.0,394.0829569565966,0.0,661.8031378422262,0.0,0.0,0.0,0.0,0.0,0.0,532.1379569565966
8075,scenario_1,112.307,506.3899569565966,0.0,394.0829569565966,0.0,1036.1819469509928,0.0,0.0,0.0,0.0,0.0,0.0,506.3899569565966
8076,scenario_1,124.846,518.9289569565966,0.0,394.0829569565966,0.0,1410.5607560597596,0.0,0.0,0.0,0.0,0.0,0.0,518.9289569565966
8077,scenario_1,118.197,118.197,0.0,0.0,0.0,1784.9395651685263,0.0,0.0,0.0,0.0,0.0,0.0,118.197
8078,scenario_1,148.224,244.39057099524456,0.0,96.16657099524458,0.0,1784.9395651685263,0.0,0.0,0.0,0.0,0.0,0.0,244.39057099524456
8079,scenario_1,132.317,132.317,0.0,0.0,0.0,1876.2978076140087,0.0,0.0,0.0,0.0,0.0,0.0,132.317
8080,scenario_1,172.106,172.106,0.0,0.0,0.0,1876.2978076140087,0.0,0.0,0.0,0.0,0.0,0.0,172.106
8081,scenario_1,194.413,0.0,0.0,0.0,194.413,1876.2978076140087,0.0,0.0,0.0,0.0,0.0,0.0,0.0
8082,scenario_1,255.649,0.0,0.0,0.0,255.649,1673.784265947342,0.0,0.0,0.0,0.0,0.0,0.0,0.0
8083,scenario_1,297.374,0.0,0.0,0.0,297.374,1407.4832242806754,0.0,0.0,0.0,0.0,0.0,0.0,0.0
8084,scenario_1,233.385,0.0,0.0,0.0,233.385,1097.718640947342,0.0,0.0,0.0,0.0,0.0,0.0,0.0
8085,scenario_1,14.953,0.0,0.0,0.0,14.953,854.6092659473419,0.0,0.0,0.0,0.0,0.0,0.0,0.0
8086,scenario_1,7.577,0.0,0.0,0.0,7.577,839.0332242806752,0.0,0.0,0.0,0.0,0.0,0.0,0.0
8087,scenario_1,45.882,0.0,0.0,0.0,45.882,831.1405159473419,0.0,0.0,0.0,0.0,0.0,0.0,0.0
8088,scenario_1,33.718,0.0,0.0,0.0,33.718,783.3467659473419,0.0,0.0,0.0,0.0,0.0,0.0,0.0
8089,scenario_1,3.999,0.0,0.0,0.0,3.999,748.2238492806752,0.0,0.0,0.0,0.0,0.0,0.0,0.0
8090,scenario_1,41.031,0.0,0.0,0.0,41.031,744.0582242806752,0.0,0.0,0.0,0.0,0.0,0.0,0.0
8091,scenario_1,44.409,0.0,0.0,0.0,44.409,701.3175992806752,0.0,0.0,0.0,0.0,0.0,0.0,0.0
8092,scenario_1,52.846,0.0,0.0,0.0,52.846,655.0582242806752,0.0,0.0,0.0,0.0,0.0,0.0,0.0
8093,scenario_1,77.803,0.0,0.0,0.0,77.803,600.0103076140085,0.0,0.0,0.0,0.0,0.0,0.0,0.0
8094,scenario_1,143.305,23.417743368884434,0.0,0.0,119.88725663111558,518.9655159473418,0.0,0.0,0.0,0.0,0.0,0.0,23.417743368884434
8095,scenario_1,23.961,212.32551268489274,0.0,188.36451268489276,0.0,394.0829569565965,0.0,0.0,0.0,0.0,0.0,0.0,212.32551268489274
8096,scenario_1,289.737,289.737,0.0,0.0,0.0,573.0292440072446,0.0,0.0,0.0,0.0,0.0,0.0,289.737
8097,scenario_1,223.845,223.845,0.0,0.0,0.0,573.0292440072446,0.0,0.0,0.0,0.0,0.0,0.0,223.845
8098,scenario_1,137.681,531.7639569565966,0.0,394.0829569565966,0.0,573.0292440072446,0.0,0.0,0.0,0.0,0.0,0.0,531.7639569565966
8099,scenario_1,111.533,505.6159569565966,0.0,394.0829569565966,0.0,947.4080531160114,0.0,0.0,0.0,0.0,0.0,0.0,505.6159569565966
8100,scenario_1,120.486,514.5689569565966,0.0,394.0829569565966,0.0,1321.7868622247781,0.0,0.0,0.0,0.0,0.0,0.0,514.5689569565966
8101,scenario_1,11.103,11.103,0.0,0.0,0.0,1696.1656713335449,0.0,0.0,0.0,0.0,0.0,0.0,11.103
8102,scenario_1,123.032,411.7152773151979,0.0,288.6832773151979,0.0,1696.1656713335449,0.0,0.0,0.0,0.0,0.0,0.0,411.7152773151979
8103,scenario_1,161.369,161.369,0.0,0.0,0.0,1970.414784782983,0.0,0.0,0.0,0.0,0.0,0.0,161.369
8104,scenario_1,145.768,145.768,0.0,0.0,0.0,1970.414784782983,0.0,0.0,0.0,0.0,0.0,0.0,145.768
8105,scenario_1,183.894,0.0,21.545141053471752,0.0,162.34885894652825,1970.414784782983,0.0,7.1817136844905844,0.0,0.0,0.0,0.0,0.0
8106,scenario_1,263.751,0.0,0.0,0.0,263.751,1801.301390047016,0.0,0.0,0.0,0.0,0.0,0.0,0.0
8107,scenario_1,265.441,0.0,0.0,0.0,265.441,1526.5607650470158,0.0,0.0,0.0,0.0,0.0,0.0,0.0
8108,scenario_1,220.432,0.0,0.0,0.0,220.432,1250.0597233803492,0.0,0.0,0.0,0.0,0.0,0.0,0.0
8109,scenario_1,145.293,0.0,0.0,0.0,145.293,1020.4430567136824,0.0,0.0,0.0,0.0,0.0,0.0,0.0
8110,scenario_1,81.406,0.0,0.0,0.0,81.406,869.0961817136823,0.0,0.0,0.0,0.0,0.0,0.0,0.0
8111,scenario_1,4.96,0.0,0.0,0.0,4.96,784.2982650470157,0.0,0.0,0.0,0.0,0.0,0.0,0.0
8112,scenario_1,17.692,0.0,0.0,0.0,17.692,779.131598380349,0.0,0.0,0.0,0.0,0.0,0.0,0.0
8113,scenario_1,23.399,0.0,0.0,0.0,23.399,760.7024317136824,0.0,0.0,0.0,0.0,0.0,0.0,0.0
8114,scenario_1,38.198,0.0,0.0,0.0,38.198,736.328473380349,0.0,0.0,0.0,0.0,0.0,0.0,0.0
8115,scenario_1,46.407,0.0,0.0,0.0,46.407,696.5388900470157,0.0,0.0,0.0,0.0,0.0,0.0,0.0
8116,scenario_1,55.211,0.0,0.0,0.0,55.211,648.1982650470156,0.0,0.0,0.0,0.0,0.0,0.0,0.0
8117,scenario_1,85.371,0.0,0.0,0.0,85.371,590.6868067136824,0.0,0.0,0.0,0.0,0.0,0.0,0.0
8118,scenario_1,122.724,19.35530423319757,0.0,0.0,103.36869576680243,501.75868171368234,0.0,0.0,0.0,0.0,0.0,0.0,19.35530423319757
8119,scenario_1,224.325,211.61219360753446,12.712806392465524,0.0,0.0,394.0829569565965,0.0,4.237602130821841,0.0,0.0,0.0,0.0,211.61219360753446
8120,scenario_1,25.804,108.76883304349414,0.0,82.96483304349414,0.0,394.0829569565965,0.0,0.0,0.0,0.0,0.0,0.0,108.76883304349414
8121,scenario_1,22.953,417.0359569565966,0.0,394.0829569565966,0.0,472.8995483479159,0.0,0.0,0.0,0.0,0.0,0.0,417.0359569565966
8122,scenario_1,159.762,553.8449569565967,0.0,394.0829569565966,0.0,847.2783574566827,0.0,0.0,0.0,0.0,0.0,0.0,553.8449569565967
8123,scenario_1,119.862,119.862,0.0,0.0,0.0,1221.6571665654494,0.0,0.0,0.0,0.0,0.0,0.0,119.862
8124,scenario_1,86.274,480.3569569565966,0.0,394.0829569565966,0.0,1221.6571665654494,0.0,0.0,0.0,0.0,0.0,0.0,480.3569569565966
8125,scenario_1,95.854,95.854,0.0,0.0,0.0,1596.0359756742162,0.0,0.0,0.0,0.0,0.0,0.0,95.854
8126,scenario_1,98.213,492.29595695659657,0.0,394.0829569565966,0.0,1596.0359756742162,0.0,0.0,0.0,0.0,0.0,0.0,492.29595695659657
8127,scenario_1,110.052,110.052,0.0,0.0,0.0,1970.414784782983,0.0,0.0,0.0,0.0,0.0,0.0,110.052
8128,scenario_1,154.755,154.755,0.0,0.0,0.0,1970.414784782983,0.0,0.0,0.0,0.0,0.0,0.0,154.755
8129,scenario_1,195.553,0.0,34.00715536424022,0.0,161.54584463575978,1970.414784782983,0.0,11.33571845474674,0.0,0.0,0.0,0.0,0.0
8130,scenario_1,241.824,0.0,61.3917014289115,0.0,180.4322985710885,1802.1378632873998,0.0,20.463900476303834,0.0,0.0,0.0,0.0,0.0
8131,scenario_1,275.643,0.0,0.0,0.0,275.643,1614.1875522758494,0.0,0.0,0.0,0.0,0.0,0.0,0.0
8132,scenario_1,266.322,0.0,0.0,0.0,266.322,1327.0594272758494,0.0,0.0,0.0,0.0,0.0,0.0,0.0
8133,scenario_1,169.192,0.0,0.0,0.0,169.192,1049.6406772758494,0.0,0.0,0.0,0.0,0.0,0.0,0.0
8134,scenario_1,66.603,0.0,0.0,0.0,66.603,873.3990106091827,0.0,0.0,0.0,0.0,0.0,0.0,0.0
8135,scenario_1,2.07,0.0,0.0,0.0,2.07,804.0208856091828,0.0,0.0,0.0,0.0,0.0,0.0,0.0
8136,scenario_1,17.078,0.0,0.0,0.0,17.078,801.8646356091828,0.0,0.0,0.0,0.0,0.0,0.0,0.0
8137,scenario_1,27.366,0.0,27.366,0.0,0.0,784.0750522758494,0.0,9.122,0.0,0.0,0.0,0.0,0.0
8138,scenario_1,42.125,0.0,0.0,0.0,42.125,784.0750522758494,0.0,0.0,0.0,0.0,0.0,0.0,0.0
8139,scenario_1,5.034,0.0,0.0,0.0,5.034,740.1948439425161,0.0,0.0,0.0,0.0,0.0,0.0,0.0
8140,scenario_1,59.799,0.0,0.0,0.0,59.799,734.9510939425161,0.0,0.0,0.0,0.0,0.0,0.0,0.0
8141,scenario_1,65.399,0.0,0.0,0.0,65.399,672.6604689425161,0.0,0.0,0.0,0.0,0.0,0.0,0.0
8142,scenario_1,128.474,10.125651293232348,0.0,0.0,118.34834870676764,604.5365106091828,0.0,0.0,0.0,0.0,0.0,0.0,10.125651293232348
8143,scenario_1,218.226,134.53893720028478,0.0,0.0,83.68706279971522,481.2569807062998,0.0,0.0,0.0,0.0,0.0,0.0,134.53893720028478
8144,scenario_1,271.407,427.27812733761726,0.0,155.87112733761728,0.0,394.0829569565965,0.0,0.0,0.0,0.0,0.0,0.0,427.27812733761726
8145,scenario_1,223.446,223.446,0.0,0.0,0.0,542.1605279273329,0.0,0.0,0.0,0.0,0.0,0.0,223.446
8146,scenario_1,166.523,560.6059569565966,0.0,394.0829569565966,0.0,542.1605279273329,0.0,0.0,0.0,0.0,0.0,0.0,560.6059569565966
8147,scenario_1,112.241,506.3239569565966,0.0,394.0829569565966,0.0,916.5393370360996,0.0,0.0,0.0,0.0,0.0,0.0,506.3239569565966
8148,scenario_1,99.993,494.0759569565966,0.0,394.0829569565966,0.0,1290.9181461448663,0.0,0.0,0.0,0.0,0.0,0.0,494.0759569565966
8149,scenario_1,10.077,10.077,0.0,0.0,0.0,1665.296955253633,0.0,0.0,0.0,0.0,0.0,0.0,10.077
8150,scenario_1,92.884,414.06066266247353,0.0,321.1766626624735,0.0,1665.296955253633,0.0,0.0,0.0,0.0,0.0,0.0,414.06066266247353
8151,scenario_1,126.964,126.964,0.0,0.0,0.0,1970.414784782983,0.0,0.0,0.0,0.0,0.0,0.0,126.964
8152,scenario_1,168.765,168.765,0.0,0.0,0.0,1970.414784782983,0.0,0.0,0.0,0.0,0.0,0.0,168.765
8153,scenario_1,179.422,0.0,23.744585518176876,0.0,155.67741448182312,1970.414784782983,0.0,7.914861839392292,0.0,0.0,0.0,0.0,0.0
8154,scenario_1,236.379,0.0,0.0,0.0,236.379,1808.2508113644171,0.0,0.0,0.0,0.0,0.0,0.0,0.0
8155,scenario_1,276.551,0.0,0.0,0.0,276.551,1562.022686364417,0.0,0.0,0.0,0.0,0.0,0.0,0.0
8156,scenario_1,249.964,0.0,0.0,0.0,249.964,1273.9487280310836,0.0,0.0,0.0,0.0,0.0,0.0,0.0
8157,scenario_1,151.376,0.0,0.0,0.0,151.376,1013.569561364417,0.0,0.0,0.0,0.0,0.0,0.0,0.0
8158,scenario_1,66.493,0.0,0.0,0.0,66.493,855.8862280310836,0.0,0.0,0.0,0.0,0.0,0.0,0.0
8159,scenario_1,2.839,0.0,0.0,0.0,2.839,786.622686364417,0.0,0.0,0.0,0.0,0.0,0.0,0.0
8160,scenario_1,38.601,0.0,38.601,0.0,0.0,783.6653946977502,0.0,12.866999999999999,0.0,0.0,0.0,0.0,0.0
8161,scenario_1,42.285,0.0,0.0,0.0,42.285,783.6653946977502,0.0,0.0,0.0,0.0,0.0,0.0,0.0
8162,scenario_1,45.079,0.0,0.0,0.0,45.079,739.6185196977502,0.0,0.0,0.0,0.0,0.0,0.0,0.0
8163,scenario_1,4.778,0.0,0.0,0.0,4.778,692.6612280310835,0.0,0.0,0.0,0.0,0.0,0.0,0.0
8164,scenario_1,55.209,0.0,0.0,0.0,55.209,687.6841446977502,0.0,0.0,0.0,0.0,0.0,0.0,0.0
8165,scenario_1,78.857,0.0,0.0,0.0,78.857,630.1747696977502,0.0,0.0,0.0,0.0,0.0,0.0,0.0
8166,scenario_1,126.775,17.015269698936834,0.0,0.0,109.75973030106317,548.0320613644169,0.0,0.0,0.0,0.0,0.0,0.0,17.015269698936834
8167,scenario_1,213.534,175.50259006955554,0.0,0.0,38.031409930444454,433.6990089674761,0.0,0.0,0.0,0.0,0.0,0.0,175.50259006955554
8168,scenario_1,284.373,284.373,0.0,0.0,0.0,394.0829569565965,0.0,0.0,0.0,0.0,0.0,0.0,284.373
8169,scenario_1,213.986,213.986,0.0,0.0,0.0,394.0829569565965,0.0,0.0,0.0,0.0,0.0,0.0,213.986
8170,scenario_1,15.191,409.2739569565966,0.0,394.0829569565966,0.0,394.0829569565965,0.0,0.0,0.0,0.0,0.0,0.0,409.2739569565966
8171,scenario_1,120.774,514.8569569565966,0.0,394.0829569565966,0.0,768.4617660653632,0.0,0.0,0.0,0.0,0.0,0.0,514.8569569565966
8172,scenario_1,95.726,489.8089569565966,0.0,394.0829569565966,0.0,1142.84057517413,0.0,0.0,0.0,0.0,0.0,0.0,489.8089569565966
8173,scenario_1,104.612,104.612,0.0,0.0,0.0,1517.2193842828967,0.0,0.0,0.0,0.0,0.0,0.0,104.612
8174,scenario_1,142.578,497.0355136953752,0.0,354.45751369537516,0.0,1517.2193842828967,0.0,0.0,0.0,0.0,0.0,0.0,497.0355136953752
8175,scenario_1,12.892,135.48227630471553,0.0,122.59027630471553,0.0,1853.9540222935032,0.0,0.0,0.0,0.0,0.0,0.0,135.48227630471553
8176,scenario_1,129.901,129.901,0.0,0.0,0.0,1970.414784782983,0.0,0.0,0.0,0.0,0.0,0.0,129.901
8177,scenario_1,201.553,0.0,0.0,0.0,201.553,1970.414784782983,0.0,0.0,0.0,0.0,0.0,0.0,0.0
8178,scenario_1,270.968,0.0,0.0,0.0,270.968,1760.4637431163162,0.0,0.0,0.0,0.0,0.0,0.0,0.0
8179,scenario_1,28.768,0.0,0.0,0.0,28.768,1478.2054097829828,0.0,0.0,0.0,0.0,0.0,0.0,0.0
8180,scenario_1,261.204,0.0,0.0,0.0,261.204,1448.238743116316,0.0,0.0,0.0,0.0,0.0,0.0,0.0
8181,scenario_1,150.601,0.0,0.0,0.0,150.601,1176.151243116316,0.0,0.0,0.0,0.0,0.0,0.0,0.0
8182,scenario_1,86.789,0.0,0.0,0.0,86.789,1019.2752014496493,0.0,0.0,0.0,0.0,0.0,0.0,0.0
8183,scenario_1,46.101,0.0,0.0,0.0,46.101,928.869993116316,0.0,0.0,0.0,0.0,0.0,0.0,0.0
8184,scenario_1,20.411,0.0,0.0,0.0,20.411,880.848118116316,0.0,0.0,0.0,0.0,0.0,0.0,0.0
8185,scenario_1,2.451,0.0,0.0,0.0,2.451,859.5866597829827,0.0,0.0,0.0,0.0,0.0,0.0,0.0
8186,scenario_1,39.956,0.0,0.0,0.0,39.956,857.0335347829827,0.0,0.0,0.0,0.0,0.0,0.0,0.0
8187,scenario_1,45.089,0.0,0.0,0.0,45.089,815.4127014496494,0.0,0.0,0.0,0.0,0.0,0.0,0.0
8188,scenario_1,51.846,0.0,0.0,0.0,51.846,768.444993116316,0.0,0.0,0.0,0.0,0.0,0.0,0.0
8189,scenario_1,78.961,0.0,0.0,0.0,78.961,714.438743116316,0.0,0.0,0.0,0.0,0.0,0.0,0.0
8190,scenario_1,129.288,18.815965418609597,0.0,0.0,110.47203458139042,632.1877014496494,0.0,0.0,0.0,0.0,0.0,0.0,18.815965418609597
8191,scenario_1,203.434,200.01640909389295,0.0,0.0,3.4175909061070513,517.1126654273677,0.0,0.0,0.0,0.0,0.0,0.0,200.01640909389295
8192,scenario_1,205.437,205.437,0.0,0.0,0.0,513.5526749001729,0.0,0.0,0.0,0.0,0.0,0.0,205.437
8193,scenario_1,19.284,413.3669569565966,0.0,394.0829569565966,0.0,513.5526749001729,0.0,0.0,0.0,0.0,0.0,0.0,413.3669569565966
8194,scenario_1,147.902,541.9849569565965,0.0,394.0829569565966,0.0,887.9314840089396,0.0,0.0,0.0,0.0,0.0,0.0,541.9849569565965
8195,scenario_1,120.625,471.91519216474717,0.0,351.29019216474717,0.0,1262.3102931177064,0.0,0.0,0.0,0.0,0.0,0.0,471.91519216474717
8196,scenario_1,122.709,122.709,0.0,0.0,0.0,1596.0359756742162,0.0,0.0,0.0,0.0,0.0,0.0,122.709
8197,scenario_1,12.958,407.04095695659663,0.0,394.0829569565966,0.0,1596.0359756742162,0.0,0.0,0.0,0.0,0.0,0.0,407.04095695659663
8198,scenario_1,137.171,137.171,0.0,0.0,0.0,1970.414784782983,0.0,0.0,0.0,0.0,0.0,0.0,137.171
8199,scenario_1,166.267,166.267,0.0,0.0,0.0,1970.414784782983,0.0,0.0,0.0,0.0,0.0,0.0,166.267
8200,scenario_1,183.311,183.311,0.0,0.0,0.0,1970.414784782983,0.0,0.0,0.0,0.0,0.0,0.0,183.311
8201,scenario_1,210.502,0.0,0.0,0.0,210.502,1970.414784782983,0.0,0.0,0.0,0.0,0.0,0.0,0.0
8202,scenario_1,230.406,0.0,0.0,0.0,230.406,1751.1418681163161,0.0,0.0,0.0,0.0,0.0,0.0,0.0
8203,scenario_1,225.897,0.0,0.0,0.0,225.897,1511.135618116316,0.0,0.0,0.0,0.0,0.0,0.0,0.0
8204,scenario_1,190.344,0.0,0.0,0.0,190.344,1275.826243116316,0.0,0.0,0.0,0.0,0.0,0.0,0.0
8205,scenario_1,118.955,0.0,0.0,0.0,118.955,1077.5512431163158,0.0,0.0,0.0,0.0,0.0,0.0,0.0
8206,scenario_1,72.569,0.0,0.0,0.0,72.569,953.6397847829825,0.0,0.0,0.0,0.0,0.0,0.0,0.0
8207,scenario_1,51.465,0.0,0.0,0.0,51.465,878.0470764496491,0.0,0.0,0.0,0.0,0.0,0.0,0.0
8208,scenario_1,37.916,0.0,0.0,0.0,37.916,824.4377014496491,0.0,0.0,0.0,0.0,0.0,0.0,0.0
8209,scenario_1,3.977,0.0,0.0,0.0,3.977,784.9418681163158,0.0,0.0,0.0,0.0,0.0,0.0,0.0
8210,scenario_1,43.027,0.0,0.0,0.0,43.027,780.7991597829825,0.0,0.0,0.0,0.0,0.0,0.0,0.0
8211,scenario_1,48.043,0.0,0.0,0.0,48.043,735.9793681163159,0.0,0.0,0.0,0.0,0.0,0.0,0.0
8212,scenario_1,54.889,0.0,0.0,0.0,54.889,685.9345764496492,0.0,0.0,0.0,0.0,0.0,0.0,0.0
8213,scenario_1,78.486,0.0,0.0,0.0,78.486,628.7585347829825,0.0,0.0,0.0,0.0,0.0,0.0,0.0
8214,scenario_1,125.682,19.746759824430782,0.0,0.0,105.93524017556922,547.0022847829824,0.0,0.0,0.0,0.0,0.0,0.0,19.746759824430782
8215,scenario_1,175.043,175.043,0.0,0.0,0.0,436.6530762667645,0.0,0.0,0.0,0.0,0.0,0.0,175.043
8216,scenario_1,15.805,394.43065372658174,0.0,378.62565372658173,0.0,436.6530762667645,0.0,0.0,0.0,0.0,0.0,0.0,394.43065372658174
8217,scenario_1,15.621,409.7039569565966,0.0,394.0829569565966,0.0,796.3474473070171,0.0,0.0,0.0,0.0,0.0,0.0,409.7039569565966
8218,scenario_1,164.917,558.9999569565966,0.0,394.0829569565966,0.0,1170.7262564157838,0.0,0.0,0.0,0.0,0.0,0.0,558.9999569565966
8219,scenario_1,147.005,147.005,0.0,0.0,0.0,1545.1050655245506,0.0,0.0,0.0,0.0,0.0,0.0,147.005
8220,scenario_1,139.671,533.7539569565965,0.0,394.0829569565966,0.0,1545.1050655245506,0.0,0.0,0.0,0.0,0.0,0.0,533.7539569565965
8221,scenario_1,147.748,147.748,0.0,0.0,0.0,1919.4838746333173,0.0,0.0,0.0,0.0,0.0,0.0,147.748
8222,scenario_1,141.522,195.13348436806902,0.0,53.611484368069036,0.0,1919.4838746333173,0.0,0.0,0.0,0.0,0.0,0.0,195.13348436806902
8223,scenario_1,146.246,146.246,0.0,0.0,0.0,1970.414784782983,0.0,0.0,0.0,0.0,0.0,0.0,146.246
8224,scenario_1,183.777,183.777,0.0,0.0,0.0,1970.414784782983,0.0,0.0,0.0,0.0,0.0,0.0,183.777
8225,scenario_1,225.068,0.0,32.45974960234349,0.0,192.60825039765652,1970.414784782983,0.0,10.819916534114498,0.0,0.0,0.0,0.0,0.0
8226,scenario_1,259.243,0.0,0.0,0.0,259.243,1769.7811906187574,0.0,0.0,0.0,0.0,0.0,0.0,0.0
8227,scenario_1,260.698,0.0,0.0,0.0,260.698,1499.7363989520907,0.0,0.0,0.0,0.0,0.0,0.0,0.0
8228,scenario_1,204.806,0.0,0.0,0.0,204.806,1228.175982285424,0.0,0.0,0.0,0.0,0.0,0.0,0.0
8229,scenario_1,132.972,0.0,0.0,0.0,132.972,1014.8363989520907,0.0,0.0,0.0,0.0,0.0,0.0,0.0
8230,scenario_1,83.545,0.0,0.0,0.0,83.545,876.3238989520906,0.0,0.0,0.0,0.0,0.0,0.0,0.0
8231,scenario_1,29.586,0.0,0.0,0.0,29.586,789.297857285424,0.0,0.0,0.0,0.0,0.0,0.0,0.0
8232,scenario_1,33.779,0.0,0.0,0.0,33.779,758.479107285424,0.0,0.0,0.0,0.0,0.0,0.0,0.0
8233,scenario_1,43.709,0.0,0.0,0.0,43.709,723.2926489520906,0.0,0.0,0.0,0.0,0.0,0.0,0.0
8234,scenario_1,46.266,0.0,0.0,0.0,46.266,677.7624406187573,0.0,0.0,0.0,0.0,0.0,0.0,0.0
8235,scenario_1,5.141,0.0,0.0,0.0,5.141,629.5686906187573,0.0,0.0,0.0,0.0,0.0,0.0,0.0
8236,scenario_1,63.888,0.0,0.0,0.0,63.888,624.213482285424,0.0,0.0,0.0,0.0,0.0,0.0,0.0
8237,scenario_1,58.011,0.0,0.0,0.0,58.011,557.663482285424,0.0,0.0,0.0,0.0,0.0,0.0,0.0
8238,scenario_1,116.694,17.667695684325516,0.0,0.0,99.02630431567448,497.2353572854241,0.0,0.0,0.0,0.0,0.0,0.0,17.667695684325516
8239,scenario_1,21.737,207.74983177403345,0.0,186.01283177403346,0.0,394.0829569565965,0.0,0.0,0.0,0.0,0.0,0.0,207.74983177403345
8240,scenario_1,256.317,256.317,0.0,0.0,0.0,570.7951471419283,0.0,0.0,0.0,0.0,0.0,0.0,256.317
8241,scenario_1,241.376,352.3815770794935,0.0,111.00557707949352,0.0,570.7951471419283,0.0,0.0,0.0,0.0,0.0,0.0,352.3815770794935
8242,scenario_1,139.381,533.4639569565966,0.0,394.0829569565966,0.0,676.2504453674471,0.0,0.0,0.0,0.0,0.0,0.0,533.4639569565966
8243,scenario_1,95.483,489.5659569565966,0.0,394.0829569565966,0.0,1050.6292544762139,0.0,0.0,0.0,0.0,0.0,0.0,489.5659569565966
8244,scenario_1,92.506,92.506,0.0,0.0,0.0,1425.0080635849806,0.0,0.0,0.0,0.0,0.0,0.0,92.506
8245,scenario_1,101.673,495.7559569565966,0.0,394.0829569565966,0.0,1425.0080635849806,0.0,0.0,0.0,0.0,0.0,0.0,495.7559569565966
8246,scenario_1,118.919,118.919,0.0,0.0,0.0,1799.3868726937474,0.0,0.0,0.0,0.0,0.0,0.0,118.919
8247,scenario_1,128.757,128.757,0.0,0.0,0.0,1799.3868726937474,0.0,0.0,0.0,0.0,0.0,0.0,128.757
8248,scenario_1,14.063,194.09238114656372,0.0,180.02938114656374,0.0,1799.3868726937474,0.0,0.0,0.0,0.0,0.0,0.0,194.09238114656372
8249,scenario_1,196.376,0.0,47.09875334354098,0.0,149.27724665645903,1970.414784782983,0.0,15.699584447846993,0.0,0.0,0.0,0.0,0.0
8250,scenario_1,252.451,0.0,0.0,0.0,252.451,1814.9176528491714,0.0,0.0,0.0,0.0,0.0,0.0,0.0
8251,scenario_1,284.381,0.0,0.0,0.0,284.381,1551.9478611825048,0.0,0.0,0.0,0.0,0.0,0.0,0.0
8252,scenario_1,233.314,0.0,0.0,0.0,233.314,1255.7176528491714,0.0,0.0,0.0,0.0,0.0,0.0,0.0
8253,scenario_1,174.707,0.0,0.0,0.0,174.707,1012.6822361825048,0.0,0.0,0.0,0.0,0.0,0.0,0.0
8254,scenario_1,80.861,0.0,0.0,0.0,80.861,830.6957778491715,0.0,0.0,0.0,0.0,0.0,0.0,0.0
8255,scenario_1,39.522,0.0,0.0,0.0,39.522,746.4655695158382,0.0,0.0,0.0,0.0,0.0,0.0,0.0
8256,scenario_1,13.095,0.0,0.0,0.0,13.095,705.2968195158381,0.0,0.0,0.0,0.0,0.0,0.0,0.0
8257,scenario_1,24.219,0.0,0.0,0.0,24.219,691.6561945158381,0.0,0.0,0.0,0.0,0.0,0.0,0.0
8258,scenario_1,3.788,0.0,0.0,0.0,3.788,666.4280695158382,0.0,0.0,0.0,0.0,0.0,0.0,0.0
8259,scenario_1,48.866,0.0,48.866,0.0,0.0,662.4822361825048,0.0,16.288666666666668,0.0,0.0,0.0,0.0,0.0
8260,scenario_1,50.566,0.0,0.0,0.0,50.566,662.4822361825048,0.0,0.0,0.0,0.0,0.0,0.0,0.0
8261,scenario_1,75.225,0.0,0.0,0.0,75.225,609.8093195158382,0.0,0.0,0.0,0.0,0.0,0.0,0.0
8262,scenario_1,123.309,14.083702271257021,0.0,0.0,109.22529772874297,531.4499445158382,0.0,0.0,0.0,0.0,0.0,0.0,14.083702271257021
8263,scenario_1,229.005,206.35798967187094,0.0,0.0,22.647010328129056,417.6735927150643,0.0,0.0,0.0,0.0,0.0,0.0,206.35798967187094
8264,scenario_1,256.884,256.884,0.0,0.0,0.0,394.0829569565965,0.0,0.0,0.0,0.0,0.0,0.0,256.884
8265,scenario_1,22.24,416.3229569565966,0.0,394.0829569565966,0.0,394.0829569565965,0.0,0.0,0.0,0.0,0.0,0.0,416.3229569565966
8266,scenario_1,160.186,554.2689569565966,0.0,394.0829569565966,0.0,768.4617660653632,0.0,0.0,0.0,0.0,0.0,0.0,554.2689569565966
8267,scenario_1,117.656,511.7389569565966,0.0,394.0829569565966,0.0,1142.84057517413,0.0,0.0,0.0,0.0,0.0,0.0,511.7389569565966
8268,scenario_1,90.019,90.019,0.0,0.0,0.0,1517.2193842828967,0.0,0.0,0.0,0.0,0.0,0.0,90.019
8269,scenario_1,109.178,503.2609569565966,0.0,394.0829569565966,0.0,1517.2193842828967,0.0,0.0,0.0,0.0,0.0,0.0,503.2609569565966
8270,scenario_1,125.554,208.51883304349414,0.0,82.96483304349414,0.0,1891.5981933916635,0.0,0.0,0.0,0.0,0.0,0.0,208.51883304349414
8271,scenario_1,123.354,123.354,0.0,0.0,0.0,1970.414784782983,0.0,0.0,0.0,0.0,0.0,0.0,123.354
8272,scenario_1,151.267,151.267,0.0,0.0,0.0,1970.414784782983,0.0,0.0,0.0,0.0,0.0,0.0,151.267
8273,scenario_1,176.063,0.0,25.78528457844496,0.0,150.27771542155503,1970.414784782983,0.0,8.595094859481653,0.0,0.0,0.0,0.0,0.0
8274,scenario_1,260.927,0.0,0.0,0.0,260.927,1813.8754978855297,0.0,0.0,0.0,0.0,0.0,0.0,0.0
8275,scenario_1,275.519,0.0,0.0,0.0,275.519,1542.0765395521964,0.0,0.0,0.0,0.0,0.0,0.0,0.0
8276,scenario_1,226.645,0.0,0.0,0.0,226.645,1255.077581218863,0.0,0.0,0.0,0.0,0.0,0.0,0.0
8277,scenario_1,146.991,0.0,0.0,0.0,146.991,1018.9890395521963,0.0,0.0,0.0,0.0,0.0,0.0,0.0
8278,scenario_1,52.589,0.0,0.0,0.0,52.589,865.8734145521963,0.0,0.0,0.0,0.0,0.0,0.0,0.0
8279,scenario_1,20.347,0.0,0.0,0.0,20.347,811.093206218863,0.0,0.0,0.0,0.0,0.0,0.0,0.0
8280,scenario_1,21.226,0.0,0.0,0.0,21.226,789.8984145521963,0.0,0.0,0.0,0.0,0.0,0.0,0.0
8281,scenario_1,40.744,0.0,40.744,0.0,0.0,767.7879978855296,0.0,13.581333333333333,0.0,0.0,0.0,0.0,0.0
8282,scenario_1,47.333,0.0,0.0,0.0,47.333,767.7879978855296,0.0,0.0,0.0,0.0,0.0,0.0,0.0
8283,scenario_1,49.036,0.0,0.0,0.0,49.036,718.4827895521963,0.0,0.0,0.0,0.0,0.0,0.0,0.0
8284,scenario_1,59.735,0.0,0.0,0.0,59.735,667.4036228855297,0.0,0.0,0.0,0.0,0.0,0.0,0.0
8285,scenario_1,65.707,0.0,0.0,0.0,65.707,605.1796645521963,0.0,0.0,0.0,0.0,0.0,0.0,0.0
8286,scenario_1,127.465,15.005797663939694,0.0,0.0,112.45920233606032,536.7348728855296,0.0,0.0,0.0,0.0,0.0,0.0,15.005797663939694
8287,scenario_1,223.146,198.65936304428448,0.0,0.0,24.48663695571551,419.5898704521335,0.0,0.0,0.0,0.0,0.0,0.0,198.65936304428448
8288,scenario_1,240.751,240.751,0.0,0.0,0.0,394.0829569565965,0.0,0.0,0.0,0.0,0.0,0.0,240.751
8289,scenario_1,200.688,200.688,0.0,0.0,0.0,394.0829569565965,0.0,0.0,0.0,0.0,0.0,0.0,200.688
8290,scenario_1,15.924,410.0069569565966,0.0,394.0829569565966,0.0,394.0829569565965,0.0,0.0,0.0,0.0,0.0,0.0,410.0069569565966
8291,scenario_1,103.552,497.6349569565966,0.0,394.0829569565966,0.0,768.4617660653632,0.0,0.0,0.0,0.0,0.0,0.0,497.6349569565966
8292,scenario_1,9.453,403.5359569565966,0.0,394.0829569565966,0.0,1142.84057517413,0.0,0.0,0.0,0.0,0.0,0.0,403.5359569565966
8293,scenario_1,112.169,112.169,0.0,0.0,0.0,1517.2193842828967,0.0,0.0,0.0,0.0,0.0,0.0,112.169
8294,scenario_1,140.544,430.7199911530271,0.0,290.17599115302704,0.0,1517.2193842828967,0.0,0.0,0.0,0.0,0.0,0.0,430.7199911530271
8295,scenario_1,126.209,126.209,0.0,0.0,0.0,1792.8865758782724,0.0,0.0,0.0,0.0,0.0,0.0,126.209
8296,scenario_1,155.291,155.291,0.0,0.0,0.0,1792.8865758782724,0.0,0.0,0.0,0.0,0.0,0.0,155.291
8297,scenario_1,198.178,0.0,0.0,0.0,198.178,1792.8865758782724,0.0,0.0,0.0,0.0,0.0,0.0,0.0
8298,scenario_1,244.294,0.0,0.0,0.0,244.294,1586.4511592116057,0.0,0.0,0.0,0.0,0.0,0.0,0.0
8299,scenario_1,27.381,0.0,0.0,0.0,27.381,1331.9782425449391,0.0,0.0,0.0,0.0,0.0,0.0,0.0
8300,scenario_1,245.369,0.0,0.0,0.0,245.369,1303.4563675449392,0.0,0.0,0.0,0.0,0.0,0.0,0.0
8301,scenario_1,167.737,0.0,0.0,0.0,167.737,1047.8636592116059,0.0,0.0,0.0,0.0,0.0,0.0,0.0
8302,scenario_1,67.793,0.0,0.0,0.0,67.793,873.1376175449391,0.0,0.0,0.0,0.0,0.0,0.0,0.0
8303,scenario_1,24.003,0.0,0.0,0.0,24.003,802.5199092116057,0.0,0.0,0.0,0.0,0.0,0.0,0.0
8304,scenario_1,21.176,0.0,0.0,0.0,21.176,777.5167842116058,0.0,0.0,0.0,0.0,0.0,0.0,0.0
8305,scenario_1,27.305,0.0,0.0,0.0,27.305,755.4584508782725,0.0,0.0,0.0,0.0,0.0,0.0,0.0
8306,scenario_1,52.999,0.0,0.0,0.0,52.999,727.0157425449391,0.0,0.0,0.0,0.0,0.0,0.0,0.0
8307,scenario_1,58.209,0.0,0.0,0.0,58.209,671.8084508782724,0.0,0.0,0.0,0.0,0.0,0.0,0.0
8308,scenario_1,5.411,0.0,0.0,0.0,5.411,611.1740758782724,0.0,0.0,0.0,0.0,0.0,0.0,0.0
8309,scenario_1,73.204,0.0,0.0,0.0,73.204,605.5376175449392,0.0,0.0,0.0,0.0,0.0,0.0,0.0
8310,scenario_1,118.895,15.310263123787744,0.0,0.0,103.58473687621225,529.2834508782726,0.0,0.0,0.0,0.0,0.0,0.0,15.310263123787744
8311,scenario_1,226.633,200.42526271140318,0.0,0.0,26.20773728859683,421.38268329888484,0.0,0.0,0.0,0.0,0.0,0.0,200.42526271140318
8312,scenario_1,268.923,268.923,0.0,0.0,0.0,394.0829569565965,0.0,0.0,0.0,0.0,0.0,0.0,268.923
8313,scenario_1,199.794,282.7588330434942,0.0,82.96483304349414,0.0,394.0829569565965,0.0,0.0,0.0,0.0,0.0,0.0,282.7588330434942
8314,scenario_1,120.056,514.1389569565966,0.0,394.0829569565966,0.0,472.8995483479159,0.0,0.0,0.0,0.0,0.0,0.0,514.1389569565966
8315,scenario_1,85.085,479.1679569565966,0.0,394.0829569565966,0.0,847.2783574566827,0.0,0.0,0.0,0.0,0.0,0.0,479.1679569565966
8316,scenario_1,132.088,526.1709569565966,0.0,394.0829569565966,0.0,1221.6571665654494,0.0,0.0,0.0,0.0,0.0,0.0,526.1709569565966
8317,scenario_1,103.162,103.162,0.0,0.0,0.0,1596.0359756742162,0.0,0.0,0.0,0.0,0.0,0.0,103.162
8318,scenario_1,93.375,487.4579569565966,0.0,394.0829569565966,0.0,1596.0359756742162,0.0,0.0,0.0,0.0,0.0,0.0,487.4579569565966
8319,scenario_1,131.343,131.343,0.0,0.0,0.0,1970.414784782983,0.0,0.0,0.0,0.0,0.0,0.0,131.343
8320,scenario_1,141.274,117.70634677725681,0.0,0.0,23.56765322274319,1970.414784782983,0.0,0.0,0.0,0.0,0.0,0.0,117.70634677725681
8321,scenario_1,172.061,0.0,5.160437359347583,0.0,166.90056264065242,1945.8651460092922,0.0,1.7201457864491942,0.0,0.0,0.0,0.0,0.0
8322,scenario_1,232.616,0.0,0.0,0.0,232.616,1772.0103932586126,0.0,0.0,0.0,0.0,0.0,0.0,0.0
8323,scenario_1,268.016,0.0,0.0,0.0,268.016,1529.7020599252792,0.0,0.0,0.0,0.0,0.0,0.0,0.0
8324,scenario_1,233.675,0.0,0.0,0.0,233.675,1250.5187265919458,0.0,0.0,0.0,0.0,0.0,0.0,0.0
8325,scenario_1,184.185,0.0,0.0,0.0,184.185,1007.1072682586124,0.0,0.0,0.0,0.0,0.0,0.0,0.0
8326,scenario_1,9.142,0.0,0.0,0.0,9.142,815.2478932586124,0.0,0.0,0.0,0.0,0.0,0.0,0.0
8327,scenario_1,42.796,0.0,0.0,0.0,42.796,805.7249765919457,0.0,0.0,0.0,0.0,0.0,0.0,0.0
8328,scenario_1,3.582,0.0,0.0,0.0,3.582,761.1458099252791,0.0,0.0,0.0,0.0,0.0,0.0,0.0
8329,scenario_1,41.344,0.0,0.0,0.0,41.344,757.414559925279,0.0,0.0,0.0,0.0,0.0,0.0,0.0
8330,scenario_1,41.633,0.0,0.0,0.0,41.633,714.3478932586123,0.0,0.0,0.0,0.0,0.0,0.0,0.0
8331,scenario_1,42.566,0.0,0.0,0.0,42.566,670.980184925279,0.0,0.0,0.0,0.0,0.0,0.0,0.0
8332,scenario_1,49.705,0.0,0.0,0.0,49.705,626.6406015919457,0.0,0.0,0.0,0.0,0.0,0.0,0.0
8333,scenario_1,66.901,0.0,0.0,0.0,66.901,574.8645599252791,0.0,0.0,0.0,0.0,0.0,0.0,0.0
8334,scenario_1,121.977,15.327661150064776,0.0,0.0,106.64933884993523,505.1760182586124,0.0,0.0,0.0,0.0,0.0,0.0,15.327661150064776
8335,scenario_1,20.812,205.54898144998896,0.0,184.73698144998895,0.0,394.0829569565965,0.0,0.0,0.0,0.0,0.0,0.0,205.54898144998896
8336,scenario_1,262.992,262.992,0.0,0.0,0.0,569.583089334086,0.0,0.0,0.0,0.0,0.0,0.0,262.992
8337,scenario_1,235.374,527.6848085501017,0.0,292.31080855010174,0.0,569.583089334086,0.0,0.0,0.0,0.0,0.0,0.0,527.6848085501017
8338,scenario_1,130.757,524.8399569565966,0.0,394.0829569565966,0.0,847.2783574566827,0.0,0.0,0.0,0.0,0.0,0.0,524.8399569565966
8339,scenario_1,97.695,491.7779569565966,0.0,394.0829569565966,0.0,1221.6571665654494,0.0,0.0,0.0,0.0,0.0,0.0,491.7779569565966
8340,scenario_1,110.864,110.864,0.0,0.0,0.0,1596.0359756742162,0.0,0.0,0.0,0.0,0.0,0.0,110.864
8341,scenario_1,117.453,117.453,0.0,0.0,0.0,1596.0359756742162,0.0,0.0,0.0,0.0,0.0,0.0,117.453
8342,scenario_1,107.314,501.39695695659657,0.0,394.0829569565966,0.0,1596.0359756742162,0.0,0.0,0.0,0.0,0.0,0.0,501.39695695659657
8343,scenario_1,123.379,123.379,0.0,0.0,0.0,1970.414784782983,0.0,0.0,0.0,0.0,0.0,0.0,123.379
8344,scenario_1,145.937,145.937,0.0,0.0,0.0,1970.414784782983,0.0,0.0,0.0,0.0,0.0,0.0,145.937
8345,scenario_1,208.451,0.0,20.695653428838426,0.0,187.75534657116157,1970.414784782983,0.0,6.898551142946142,0.0,0.0,0.0,0.0,0.0
8346,scenario_1,284.635,0.0,0.0,0.0,284.635,1774.8362987713563,0.0,0.0,0.0,0.0,0.0,0.0,0.0
8347,scenario_1,305.501,0.0,0.0,0.0,305.501,1478.3415071046895,0.0,0.0,0.0,0.0,0.0,0.0,0.0
8348,scenario_1,234.695,0.0,0.0,0.0,234.695,1160.1112987713561,0.0,0.0,0.0,0.0,0.0,0.0,0.0
8349,scenario_1,121.682,0.0,0.0,0.0,121.682,915.6373404380228,0.0,0.0,0.0,0.0,0.0,0.0,0.0
8350,scenario_1,47.098,0.0,0.0,0.0,47.098,788.8852571046895,0.0,0.0,0.0,0.0,0.0,0.0,0.0
8351,scenario_1,19.906,0.0,0.0,0.0,19.906,739.8248404380228,0.0,0.0,0.0,0.0,0.0,0.0,0.0
8352,scenario_1,33.068,0.0,0.0,0.0,33.068,719.0894237713561,0.0,0.0,0.0,0.0,0.0,0.0,0.0
8353,scenario_1,39.361,0.0,0.0,0.0,39.361,684.6435904380228,0.0,0.0,0.0,0.0,0.0,0.0,0.0
8354,scenario_1,43.908,0.0,0.0,0.0,43.908,643.6425487713561,0.0,0.0,0.0,0.0,0.0,0.0,0.0
8355,scenario_1,54.197,0.0,0.0,0.0,54.197,597.9050487713562,0.0,0.0,0.0,0.0,0.0,0.0,0.0
8356,scenario_1,6.78,0.0,0.0,0.0,6.78,541.4498404380229,0.0,0.0,0.0,0.0,0.0,0.0,0.0
8357,scenario_1,90.401,0.0,61.3917014289115,0.0,29.009298571088493,534.3873404380229,0.0,20.463900476303834,0.0,0.0,0.0,0.0,0.0
8358,scenario_1,119.871,14.188090428919212,0.0,0.0,105.68290957108078,504.169321093139,0.0,0.0,0.0,0.0,0.0,0.0,14.188090428919212
8359,scenario_1,167.642,167.642,0.0,0.0,0.0,394.0829569565965,0.0,0.0,0.0,0.0,0.0,0.0,167.642
8360,scenario_1,200.022,387.82810275444825,0.0,187.80610275444826,0.0,394.0829569565965,0.0,0.0,0.0,0.0,0.0,0.0,387.82810275444825
8361,scenario_1,176.586,465.8276872456425,0.0,289.2416872456425,0.0,572.4987545733223,0.0,0.0,0.0,0.0,0.0,0.0,465.8276872456425
8362,scenario_1,173.255,567.3379569565966,0.0,394.0829569565966,0.0,847.2783574566827,0.0,0.0,0.0,0.0,0.0,0.0,567.3379569565966
8363,scenario_1,138.884,532.9669569565966,0.0,394.0829569565966,0.0,1221.6571665654494,0.0,0.0,0.0,0.0,0.0,0.0,532.9669569565966
8364,scenario_1,113.028,113.028,0.0,0.0,0.0,1596.0359756742162,0.0,0.0,0.0,0.0,0.0,0.0,113.028
8365,scenario_1,134.627,528.7099569565967,0.0,394.0829569565966,0.0,1596.0359756742162,0.0,0.0,0.0,0.0,0.0,0.0,528.7099569565967
8366,scenario_1,13.126,13.126,0.0,0.0,0.0,1970.414784782983,0.0,0.0,0.0,0.0,0.0,0.0,13.126
8367,scenario_1,13.552,13.552,0.0,0.0,0.0,1970.414784782983,0.0,0.0,0.0,0.0,0.0,0.0,13.552
8368,scenario_1,190.703,187.10707359633557,0.0,0.0,3.5959264036644356,1970.414784782983,0.0,0.0,0.0,0.0,0.0,0.0,187.10707359633557
8369,scenario_1,214.642,0.0,0.0,0.0,214.642,1966.669028112499,0.0,0.0,0.0,0.0,0.0,0.0,0.0
8370,scenario_1,246.013,0.0,0.0,0.0,246.013,1743.0836114458325,0.0,0.0,0.0,0.0,0.0,0.0,0.0
8371,scenario_1,238.756,0.0,0.0,0.0,238.756,1486.8200697791658,0.0,0.0,0.0,0.0,0.0,0.0,0.0
8372,scenario_1,188.815,0.0,0.0,0.0,188.815,1238.1159031124992,0.0,0.0,0.0,0.0,0.0,0.0,0.0
8373,scenario_1,147.025,0.0,0.0,0.0,147.025,1041.4336114458324,0.0,0.0,0.0,0.0,0.0,0.0,0.0
8374,scenario_1,8.364,0.0,0.0,0.0,8.364,888.2825697791657,0.0,0.0,0.0,0.0,0.0,0.0,0.0
8375,scenario_1,47.154,0.0,0.0,0.0,47.154,879.5700697791657,0.0,0.0,0.0,0.0,0.0,0.0,0.0
8376,scenario_1,19.484,0.0,0.0,0.0,19.484,830.4513197791657,0.0,0.0,0.0,0.0,0.0,0.0,0.0
8377,scenario_1,26.318,0.0,0.0,0.0,26.318,810.1554864458324,0.0,0.0,0.0,0.0,0.0,0.0,0.0
8378,scenario_1,33.804,0.0,0.0,0.0,33.804,782.740903112499,0.0,0.0,0.0,0.0,0.0,0.0,0.0
8379,scenario_1,43.724,0.0,0.0,0.0,43.724,747.5284031124991,0.0,0.0,0.0,0.0,0.0,0.0,0.0
8380,scenario_1,52.504,0.0,0.0,0.0,52.504,701.9825697791657,0.0,0.0,0.0,0.0,0.0,0.0,0.0
8381,scenario_1,77.391,0.0,0.0,0.0,77.391,647.290903112499,0.0,0.0,0.0,0.0,0.0,0.0,0.0
8382,scenario_1,108.648,11.752366750134795,0.0,0.0,96.8956332498652,566.675278112499,0.0,0.0,0.0,0.0,0.0,0.0,11.752366750134795
8383,scenario_1,151.813,196.19754232608452,0.0,44.38454232608453,0.0,465.74232681055605,0.0,0.0,0.0,0.0,0.0,0.0,196.19754232608452
8384,scenario_1,21.002,381.5474152684399,0.0,360.5454152684399,0.0,507.90764202033637,0.0,0.0,0.0,0.0,0.0,0.0,381.5474152684399
8385,scenario_1,198.236,524.2025317269599,0.0,325.96653172695994,0.0,850.4257865253543,0.0,0.0,0.0,0.0,0.0,0.0,524.2025317269599
8386,scenario_1,143.669,143.669,0.0,0.0,0.0,1160.0939916659663,0.0,0.0,0.0,0.0,0.0,0.0,143.669
8387,scenario_1,123.602,517.6849569565966,0.0,394.0829569565966,0.0,1160.0939916659663,0.0,0.0,0.0,0.0,0.0,0.0,517.6849569565966
8388,scenario_1,150.171,544.2539569565965,0.0,394.0829569565966,0.0,1534.472800774733,0.0,0.0,0.0,0.0,0.0,0.0,544.2539569565965
8389,scenario_1,13.261,13.261,0.0,0.0,0.0,1908.8516098834998,0.0,0.0,0.0,0.0,0.0,0.0,13.261
8390,scenario_1,145.933,210.73634199945587,0.0,64.8033419994559,0.0,1908.8516098834998,0.0,0.0,0.0,0.0,0.0,0.0,210.73634199945587
8391,scenario_1,186.162,186.162,0.0,0.0,0.0,1970.414784782983,0.0,0.0,0.0,0.0,0.0,0.0,186.162
8392,scenario_1,205.276,193.89230384437786,0.0,0.0,11.383696155622147,1970.414784782983,0.0,0.0,0.0,0.0,0.0,0.0,193.89230384437786
8393,scenario_1,198.643,0.0,0.0,0.0,198.643,1958.5567679542098,0.0,0.0,0.0,0.0,0.0,0.0,0.0
8394,scenario_1,235.568,0.0,0.0,0.0,235.568,1751.6369762875431,0.0,0.0,0.0,0.0,0.0,0.0,0.0
8395,scenario_1,204.344,0.0,0.0,0.0,204.344,1506.2536429542097,0.0,0.0,0.0,0.0,0.0,0.0,0.0
8396,scenario_1,179.481,0.0,0.0,0.0,179.481,1293.3953096208763,0.0,0.0,0.0,0.0,0.0,0.0,0.0
8397,scenario_1,101.297,0.0,0.0,0.0,101.297,1106.4359346208764,0.0,0.0,0.0,0.0,0.0,0.0,0.0
8398,scenario_1,52.106,0.0,0.0,0.0,52.106,1000.9182262875431,0.0,0.0,0.0,0.0,0.0,0.0,0.0
8399,scenario_1,35.469,0.0,0.0,0.0,35.469,946.6411429542097,0.0,0.0,0.0,0.0,0.0,0.0,0.0
8400,scenario_1,3.851,0.0,0.0,0.0,3.851,909.6942679542097,0.0,0.0,0.0,0.0,0.0,0.0,0.0
8401,scenario_1,43.803,0.0,0.0,0.0,43.803,905.6828096208765,0.0,0.0,0.0,0.0,0.0,0.0,0.0
8402,scenario_1,54.098,0.0,0.0,0.0,54.098,860.0546846208765,0.0,0.0,0.0,0.0,0.0,0.0,0.0
8403,scenario_1,53.744,0.0,0.0,0.0,53.744,803.7026012875432,0.0,0.0,0.0,0.0,0.0,0.0,0.0
8404,scenario_1,58.592,0.0,0.0,0.0,58.592,747.7192679542098,0.0,0.0,0.0,0.0,0.0,0.0,0.0
8405,scenario_1,79.451,0.0,0.0,0.0,79.451,686.6859346208765,0.0,0.0,0.0,0.0,0.0,0.0,0.0
8406,scenario_1,119.226,8.446741757498806,0.0,0.0,110.77925824250119,603.9244762875433,0.0,0.0,0.0,0.0,0.0,0.0,8.446741757498806
8407,scenario_1,222.838,164.37655226539385,0.0,0.0,58.46144773460614,488.5294156182712,0.0,0.0,0.0,0.0,0.0,0.0,164.37655226539385
8408,scenario_1,264.887,369.94293174165983,0.0,105.05593174165983,0.0,427.63207422805647,0.0,0.0,0.0,0.0,0.0,0.0,369.94293174165983
8409,scenario_1,216.513,498.7666173099398,0.0,282.25361730993984,0.0,527.4352093826333,0.0,0.0,0.0,0.0,0.0,0.0,498.7666173099398
8410,scenario_1,139.612,523.680590938649,0.0,384.068590938649,0.0,795.5761458270761,0.0,0.0,0.0,0.0,0.0,0.0,523.680590938649
8411,scenario_1,111.145,111.145,0.0,0.0,0.0,1160.4413072187926,0.0,0.0,0.0,0.0,0.0,0.0,111.145
8412,scenario_1,102.625,496.7079569565966,0.0,394.0829569565966,0.0,1160.4413072187926,0.0,0.0,0.0,0.0,0.0,0.0,496.7079569565966
8413,scenario_1,104.274,459.2817966742168,0.0,355.0077966742168,0.0,1534.8201163275594,0.0,0.0,0.0,0.0,0.0,0.0,459.2817966742168
8414,scenario_1,118.048,221.560906963071,0.0,103.512906963071,0.0,1872.0775231680655,0.0,0.0,0.0,0.0,0.0,0.0,221.560906963071
8415,scenario_1,142.542,142.542,0.0,0.0,0.0,1970.414784782983,0.0,0.0,0.0,0.0,0.0,0.0,142.542
8416,scenario_1,144.957,111.34736817300177,0.0,0.0,33.609631826998225,1970.414784782983,0.0,0.0,0.0,0.0,0.0,0.0,111.34736817300177
8417,scenario_1,189.175,0.0,59.82925751141937,0.0,129.34574248858064,1935.4047516298597,0.0,19.94308583713979,0.0,0.0,0.0,0.0,0.0
8418,scenario_1,257.368,0.0,61.3917014289115,0.0,195.97629857108848,1800.6696032042548,0.0,20.463900476303834,0.0,0.0,0.0,0.0,0.0
8419,scenario_1,259.126,0.0,0.0,0.0,259.126,1596.5276255260376,0.0,0.0,0.0,0.0,0.0,0.0,0.0
8420,scenario_1,234.781,0.0,61.3917014289115,0.0,173.3892985710885,1326.604708859371,0.0,20.463900476303834,0.0,0.0,0.0,0.0,0.0
8421,scenario_1,154.445,0.0,0.0,0.0,154.445,1145.9908561811537,0.0,0.0,0.0,0.0,0.0,0.0,0.0
8422,scenario_1,58.976,0.0,0.0,0.0,58.976,985.1106478478205,0.0,0.0,0.0,0.0,0.0,0.0,0.0
8423,scenario_1,25.398,0.0,0.0,0.0,25.398,923.6773145144871,0.0,0.0,0.0,0.0,0.0,0.0,0.0
8424,scenario_1,34.353,0.0,0.0,0.0,34.353,897.2210645144871,0.0,0.0,0.0,0.0,0.0,0.0,0.0
8425,scenario_1,39.441,0.0,0.0,0.0,39.441,861.4366895144872,0.0,0.0,0.0,0.0,0.0,0.0,0.0
8426,scenario_1,49.155,0.0,0.0,0.0,49.155,820.3523145144871,0.0,0.0,0.0,0.0,0.0,0.0,0.0
8427,scenario_1,47.139,0.0,0.0,0.0,47.139,769.1491895144871,0.0,0.0,0.0,0.0,0.0,0.0,0.0
8428,scenario_1,49.196,0.0,0.0,0.0,49.196,720.0460645144872,0.0,0.0,0.0,0.0,0.0,0.0,0.0
8429,scenario_1,62.272,0.0,61.3917014289115,0.0,0.8802985710884954,668.8002311811539,0.0,20.463900476303834,0.0,0.0,0.0,0.0,0.0
8430,scenario_1,121.159,2.8532763094331703,0.0,0.0,118.30572369056684,667.8832535029367,0.0,0.0,0.0,0.0,0.0,0.0,2.8532763094331703
8431,scenario_1,206.784,62.24143900608029,0.0,0.0,144.5425609939197,544.6481246585962,0.0,0.0,0.0,0.0,0.0,0.0,62.24143900608029
8432,scenario_1,24.255,180.21745519063106,0.0,155.96245519063106,0.0,394.0829569565965,0.0,0.0,0.0,0.0,0.0,0.0,180.21745519063106
8433,scenario_1,23.319,417.4019569565966,0.0,394.0829569565966,0.0,542.247289387696,0.0,0.0,0.0,0.0,0.0,0.0,417.4019569565966
8434,scenario_1,126.552,478.8632752490157,0.0,352.3112752490157,0.0,916.6260984964628,0.0,0.0,0.0,0.0,0.0,0.0,478.8632752490157
8435,scenario_1,96.823,437.4211766571266,0.0,340.5981766571266,0.0,1251.3218099830276,0.0,0.0,0.0,0.0,0.0,0.0,437.4211766571266
8436,scenario_1,97.607,97.607,0.0,0.0,0.0,1574.890077807298,0.0,0.0,0.0,0.0,0.0,0.0,97.607
8437,scenario_1,11.478,225.44502122902443,0.0,213.96702122902443,0.0,1574.890077807298,0.0,0.0,0.0,0.0,0.0,0.0,225.44502122902443
8438,scenario_1,113.472,244.99900603315797,0.0,131.527006033158,0.0,1778.1587479748712,0.0,0.0,0.0,0.0,0.0,0.0,244.99900603315797
8439,scenario_1,118.224,118.224,0.0,0.0,0.0,1903.1094037063713,0.0,0.0,0.0,0.0,0.0,0.0,118.224
8440,scenario_1,163.006,68.09587484830139,0.0,0.0,94.91012515169861,1903.1094037063713,0.0,0.0,0.0,0.0,0.0,0.0,68.09587484830139
8441,scenario_1,201.593,0.0,0.0,0.0,201.593,1804.2446900066852,0.0,0.0,0.0,0.0,0.0,0.0,0.0
8442,scenario_1,257.675,0.0,0.0,0.0,257.675,1594.251981673352,0.0,0.0,0.0,0.0,0.0,0.0,0.0
8443,scenario_1,28.533,0.0,0.0,0.0,28.533,1325.8405233400188,0.0,0.0,0.0,0.0,0.0,0.0,0.0
8444,scenario_1,243.821,0.0,0.0,0.0,243.821,1296.1186483400188,0.0,0.0,0.0,0.0,0.0,0.0,0.0
8445,scenario_1,159.066,0.0,0.0,0.0,159.066,1042.1384400066854,0.0,0.0,0.0,0.0,0.0,0.0,0.0
8446,scenario_1,73.605,0.0,0.0,0.0,73.605,876.4446900066855,0.0,0.0,0.0,0.0,0.0,0.0,0.0
8447,scenario_1,40.247,0.0,0.0,0.0,40.247,799.7728150066855,0.0,0.0,0.0,0.0,0.0,0.0,0.0
8448,scenario_1,20.705,0.0,0.0,0.0,20.705,757.8488566733522,0.0,0.0,0.0,0.0,0.0,0.0,0.0
8449,scenario_1,29.363,0.0,0.0,0.0,29.363,736.2811483400188,0.0,0.0,0.0,0.0,0.0,0.0,0.0
8450,scenario_1,49.042,0.0,0.0,0.0,49.042,705.6946900066855,0.0,0.0,0.0,0.0,0.0,0.0,0.0
8451,scenario_1,48.857,0.0,0.0,0.0,48.857,654.6092733400188,0.0,0.0,0.0,0.0,0.0,0.0,0.0
8452,scenario_1,48.441,0.0,0.0,0.0,48.441,603.7165650066855,0.0,0.0,0.0,0.0,0.0,0.0,0.0
8453,scenario_1,64.553,0.0,0.0,0.0,64.553,553.2571900066855,0.0,0.0,0.0,0.0,0.0,0.0,0.0
8454,scenario_1,13.101,10.14304931950938,0.0,0.0,2.9579506804906206,486.0144816733522,0.0,0.0,0.0,0.0,0.0,0.0,10.14304931950938
8455,scenario_1,208.718,199.08561468807176,0.0,0.0,9.632385311928232,482.93328304784114,0.0,0.0,0.0,0.0,0.0,0.0,199.08561468807176
8456,scenario_1,231.597,231.597,0.0,0.0,0.0,472.8995483479159,0.0,0.0,0.0,0.0,0.0,0.0,231.597
8457,scenario_1,202.365,202.365,0.0,0.0,0.0,472.8995483479159,0.0,0.0,0.0,0.0,0.0,0.0,202.365
8458,scenario_1,129.602,523.6849569565966,0.0,394.0829569565966,0.0,472.8995483479159,0.0,0.0,0.0,0.0,0.0,0.0,523.6849569565966
8459,scenario_1,128.269,522.3519569565966,0.0,394.0829569565966,0.0,847.2783574566827,0.0,0.0,0.0,0.0,0.0,0.0,522.3519569565966
8460,scenario_1,95.323,95.323,0.0,0.0,0.0,1221.6571665654494,0.0,0.0,0.0,0.0,0.0,0.0,95.323
8461,scenario_1,94.541,488.6239569565966,0.0,394.0829569565966,0.0,1221.6571665654494,0.0,0.0,0.0,0.0,0.0,0.0,488.6239569565966
8462,scenario_1,89.434,483.5169569565966,0.0,394.0829569565966,0.0,1596.0359756742162,0.0,0.0,0.0,0.0,0.0,0.0,483.5169569565966
8463,scenario_1,108.453,108.453,0.0,0.0,0.0,1970.414784782983,0.0,0.0,0.0,0.0,0.0,0.0,108.453
8464,scenario_1,137.344,137.344,0.0,0.0,0.0,1970.414784782983,0.0,0.0,0.0,0.0,0.0,0.0,137.344
8465,scenario_1,215.817,0.626328945973135,0.0,0.0,215.19067105402686,1970.414784782983,0.0,0.0,0.0,0.0,0.0,0.0,0.626328945973135
8466,scenario_1,260.355,0.0,0.0,0.0,260.355,1746.2578357683715,0.0,0.0,0.0,0.0,0.0,0.0,0.0
8467,scenario_1,27.882,0.0,0.0,0.0,27.882,1475.0547107683715,0.0,0.0,0.0,0.0,0.0,0.0,0.0
8468,scenario_1,225.156,0.0,0.0,0.0,225.156,1446.0109607683714,0.0,0.0,0.0,0.0,0.0,0.0,0.0
8469,scenario_1,178.352,0.0,0.0,0.0,178.352,1211.4734607683713,0.0,0.0,0.0,0.0,0.0,0.0,0.0
8470,scenario_1,77.975,0.0,0.0,0.0,77.975,1025.690127435038,0.0,0.0,0.0,0.0,0.0,0.0,0.0
8471,scenario_1,42.484,0.0,0.0,0.0,42.484,944.4661691017046,0.0,0.0,0.0,0.0,0.0,0.0,0.0
8472,scenario_1,19.541,0.0,0.0,0.0,19.541,900.2120024350379,0.0,0.0,0.0,0.0,0.0,0.0,0.0
8473,scenario_1,28.437,0.0,0.0,0.0,28.437,879.8567941017046,0.0,0.0,0.0,0.0,0.0,0.0,0.0
8474,scenario_1,32.824,0.0,0.0,0.0,32.824,850.2349191017046,0.0,0.0,0.0,0.0,0.0,0.0,0.0
8475,scenario_1,43.279,0.0,0.0,0.0,43.279,816.0432524350379,0.0,0.0,0.0,0.0,0.0,0.0,0.0
8476,scenario_1,53.521,0.0,0.0,0.0,53.521,770.9609607683711,0.0,0.0,0.0,0.0,0.0,0.0,0.0
8477,scenario_1,67.976,0.0,0.0,0.0,67.976,715.2099191017045,0.0,0.0,0.0,0.0,0.0,0.0,0.0
8478,scenario_1,139.618,8.751207217346858,0.0,0.0,130.86679278265314,644.4015857683712,0.0,0.0,0.0,0.0,0.0,0.0,8.751207217346858
8479,scenario_1,228.843,178.47765256292791,0.0,0.0,50.365347437072074,508.0820099531075,0.0,0.0,0.0,0.0,0.0,0.0,178.47765256292791
8480,scenario_1,263.636,258.6216606080736,0.0,0.0,5.0143393919263985,455.61810637282406,0.0,0.0,0.0,0.0,0.0,0.0,258.6216606080736
8481,scenario_1,217.284,217.284,0.0,0.0,0.0,450.39483617290074,0.0,0.0,0.0,0.0,0.0,0.0,217.284
8482,scenario_1,168.827,562.9099569565966,0.0,394.0829569565966,0.0,450.39483617290074,0.0,0.0,0.0,0.0,0.0,0.0,562.9099569565966
8483,scenario_1,114.042,508.12495695659663,0.0,394.0829569565966,0.0,824.7736452816675,0.0,0.0,0.0,0.0,0.0,0.0,508.12495695659663
8484,scenario_1,89.583,483.6659569565966,0.0,394.0829569565966,0.0,1199.1524543904343,0.0,0.0,0.0,0.0,0.0,0.0,483.6659569565966
8485,scenario_1,105.195,105.195,0.0,0.0,0.0,1573.531263499201,0.0,0.0,0.0,0.0,0.0,0.0,105.195
8486,scenario_1,12.317,406.3999569565966,0.0,394.0829569565966,0.0,1573.531263499201,0.0,0.0,0.0,0.0,0.0,0.0,406.3999569565966
8487,scenario_1,128.798,152.48717071054224,0.0,23.689170710542243,0.0,1947.9100726079678,0.0,0.0,0.0,0.0,0.0,0.0,152.48717071054224
8488,scenario_1,160.515,160.515,0.0,0.0,0.0,1970.414784782983,0.0,0.0,0.0,0.0,0.0,0.0,160.515
8489,scenario_1,17.277,0.626328945973135,0.0,0.0,16.650671054026866,1970.414784782983,0.0,0.0,0.0,0.0,0.0,0.0,0.626328945973135
8490,scenario_1,273.239,0.0,0.0,0.0,273.239,1953.0703357683715,0.0,0.0,0.0,0.0,0.0,0.0,0.0
8491,scenario_1,281.301,0.0,0.0,0.0,281.301,1668.4463774350381,0.0,0.0,0.0,0.0,0.0,0.0,0.0
8492,scenario_1,226.093,0.0,0.0,0.0,226.093,1375.424502435038,0.0,0.0,0.0,0.0,0.0,0.0,0.0
8493,scenario_1,138.986,0.0,0.0,0.0,138.986,1139.9109607683713,0.0,0.0,0.0,0.0,0.0,0.0,0.0
8494,scenario_1,70.707,0.0,0.0,0.0,70.707,995.1338774350379,0.0,0.0,0.0,0.0,0.0,0.0,0.0
8495,scenario_1,42.914,0.0,0.0,0.0,42.914,921.4807524350379,0.0,0.0,0.0,0.0,0.0,0.0,0.0
8496,scenario_1,21.148,0.0,0.0,0.0,21.148,876.7786691017045,0.0,0.0,0.0,0.0,0.0,0.0,0.0
8497,scenario_1,37.251,0.0,0.0,0.0,37.251,854.7495024350378,0.0,0.0,0.0,0.0,0.0,0.0,0.0
8498,scenario_1,40.911,0.0,0.0,0.0,40.911,815.9463774350378,0.0,0.0,0.0,0.0,0.0,0.0,0.0
8499,scenario_1,50.812,0.0,0.0,0.0,50.812,773.3307524350378,0.0,0.0,0.0,0.0,0.0,0.0,0.0
8500,scenario_1,52.283,0.0,0.0,0.0,52.283,720.4015857683711,0.0,0.0,0.0,0.0,0.0,0.0,0.0
8501,scenario_1,78.175,0.0,0.0,0.0,78.175,665.9401274350378,0.0,0.0,0.0,0.0,0.0,0.0,0.0
8502,scenario_1,133.248,8.229266429035912,0.0,0.0,125.01873357096407,584.5078357683711,0.0,0.0,0.0,0.0,0.0,0.0,8.229266429035912
8503,scenario_1,216.986,193.7531196341616,0.0,0.0,23.232880365838383,454.2799882986169,0.0,0.0,0.0,0.0,0.0,0.0,193.7531196341616
8504,scenario_1,27.016,386.9582014405967,0.0,359.9422014405967,0.0,430.0790712508686,0.0,0.0,0.0,0.0,0.0,0.0,386.9582014405967
8505,scenario_1,223.154,539.7650662317645,0.0,316.61106623176454,0.0,772.0241626194354,0.0,0.0,0.0,0.0,0.0,0.0,539.7650662317645
8506,scenario_1,145.819,145.819,0.0,0.0,0.0,1072.8046755396117,0.0,0.0,0.0,0.0,0.0,0.0,145.819
8507,scenario_1,115.646,509.7289569565966,0.0,394.0829569565966,0.0,1072.8046755396117,0.0,0.0,0.0,0.0,0.0,0.0,509.7289569565966
8508,scenario_1,110.504,110.504,0.0,0.0,0.0,1447.1834846483785,0.0,0.0,0.0,0.0,0.0,0.0,110.504
8509,scenario_1,107.064,501.14695695659657,0.0,394.0829569565966,0.0,1447.1834846483785,0.0,0.0,0.0,0.0,0.0,0.0,501.14695695659657
8510,scenario_1,122.921,122.921,0.0,0.0,0.0,1821.5622937571452,0.0,0.0,0.0,0.0,0.0,0.0,122.921
8511,scenario_1,116.206,272.89283265877657,0.0,156.68683265877655,0.0,1821.5622937571452,0.0,0.0,0.0,0.0,0.0,0.0,272.89283265877657
8512,scenario_1,133.296,133.296,0.0,0.0,0.0,1970.414784782983,0.0,0.0,0.0,0.0,0.0,0.0,133.296
8513,scenario_1,173.812,2.531412823308087,0.0,0.0,171.28058717669194,1970.414784782983,0.0,0.0,0.0,0.0,0.0,0.0,2.531412823308087
8514,scenario_1,274.076,0.0,61.3917014289115,0.0,212.6842985710885,1791.9975064739288,0.0,20.463900476303834,0.0,0.0,0.0,0.0,0.0
8515,scenario_1,267.611,0.0,0.0,0.0,267.611,1570.4513621290448,0.0,0.0,0.0,0.0,0.0,0.0,0.0
8516,scenario_1,236.133,0.0,0.0,0.0,236.133,1291.6899037957114,0.0,0.0,0.0,0.0,0.0,0.0,0.0
8517,scenario_1,158.658,0.0,0.0,0.0,158.658,1045.7180287957115,0.0,0.0,0.0,0.0,0.0,0.0,0.0
8518,scenario_1,83.784,0.0,0.0,0.0,83.784,880.4492787957115,0.0,0.0,0.0,0.0,0.0,0.0,0.0
8519,scenario_1,48.674,0.0,0.0,0.0,48.674,793.1742787957115,0.0,0.0,0.0,0.0,0.0,0.0,0.0
8520,scenario_1,1.863,0.0,0.0,0.0,1.863,742.4721954623782,0.0,0.0,0.0,0.0,0.0,0.0,0.0
8521,scenario_1,40.093,0.0,7.866128745518992,0.0,32.22687125448101,740.5315704623782,0.0,2.6220429151729974,0.0,0.0,0.0,0.0,0.0
8522,scenario_1,4.033,0.0,0.0,0.0,4.033,706.9619129056272,0.0,0.0,0.0,0.0,0.0,0.0,0.0
8523,scenario_1,40.176,0.0,0.0,0.0,40.176,702.7608712389605,0.0,0.0,0.0,0.0,0.0,0.0,0.0
8524,scenario_1,54.544,0.0,0.0,0.0,54.544,660.9108712389605,0.0,0.0,0.0,0.0,0.0,0.0,0.0
8525,scenario_1,80.345,0.0,0.0,0.0,80.345,604.0942045722937,0.0,0.0,0.0,0.0,0.0,0.0,0.0
8526,scenario_1,127.416,6.150202288930645,0.0,0.0,121.26579771106935,520.4014962389604,0.0,0.0,0.0,0.0,0.0,0.0,6.150202288930645
8527,scenario_1,185.109,185.109,0.0,0.0,0.0,394.0829569565965,0.0,0.0,0.0,0.0,0.0,0.0,185.109
8528,scenario_1,196.375,389.0894596595331,0.0,192.71445965953308,0.0,394.0829569565965,0.0,0.0,0.0,0.0,0.0,0.0,389.0894596595331
8529,scenario_1,193.914,193.914,0.0,0.0,0.0,577.1616936331529,0.0,0.0,0.0,0.0,0.0,0.0,193.914
8530,scenario_1,165.581,559.6639569565966,0.0,394.0829569565966,0.0,577.1616936331529,0.0,0.0,0.0,0.0,0.0,0.0,559.6639569565966
8531,scenario_1,126.619,520.7019569565966,0.0,394.0829569565966,0.0,951.5405027419197,0.0,0.0,0.0,0.0,0.0,0.0,520.7019569565966
8532,scenario_1,126.259,126.259,0.0,0.0,0.0,1325.9193118506864,0.0,0.0,0.0,0.0,0.0,0.0,126.259
8533,scenario_1,13.202,407.2849569565966,0.0,394.0829569565966,0.0,1325.9193118506864,0.0,0.0,0.0,0.0,0.0,0.0,407.2849569565966
8534,scenario_1,166.304,166.304,0.0,0.0,0.0,1700.2981209594532,0.0,0.0,0.0,0.0,0.0,0.0,166.304
8535,scenario_1,140.697,349.7437218590926,0.0,209.04672185909263,0.0,1700.2981209594532,0.0,0.0,0.0,0.0,0.0,0.0,349.7437218590926
8536,scenario_1,17.817,17.817,0.0,0.0,0.0,1898.8925067255911,0.0,0.0,0.0,0.0,0.0,0.0,17.817
8537,scenario_1,236.773,0.30446545984805173,0.0,0.0,236.46853454015195,1898.8925067255911,0.0,0.0,0.0,0.0,0.0,0.0,0.30446545984805173
8538,scenario_1,232.832,0.0,0.0,0.0,232.832,1652.5711165795994,0.0,0.0,0.0,0.0,0.0,0.0,0.0
8539,scenario_1,226.244,0.0,0.0,0.0,226.244,1410.0377832462661,0.0,0.0,0.0,0.0,0.0,0.0,0.0
8540,scenario_1,168.918,0.0,0.0,0.0,168.918,1174.3669499129328,0.0,0.0,0.0,0.0,0.0,0.0,0.0
8541,scenario_1,115.793,0.0,0.0,0.0,115.793,998.4106999129327,0.0,0.0,0.0,0.0,0.0,0.0,0.0
8542,scenario_1,75.734,0.0,0.0,0.0,75.734,877.7929915795994,0.0,0.0,0.0,0.0,0.0,0.0,0.0
8543,scenario_1,31.953,0.0,0.0,0.0,31.953,798.903408246266,0.0,0.0,0.0,0.0,0.0,0.0,0.0
8544,scenario_1,22.364,0.0,0.0,0.0,22.364,765.6190332462661,0.0,0.0,0.0,0.0,0.0,0.0,0.0
8545,scenario_1,32.319,0.0,0.0,0.0,32.319,742.3231999129328,0.0,0.0,0.0,0.0,0.0,0.0,0.0
8546,scenario_1,39.907,0.0,0.0,0.0,39.907,708.6575749129328,0.0,0.0,0.0,0.0,0.0,0.0,0.0
8547,scenario_1,44.314,0.0,0.0,0.0,44.314,667.0877832462661,0.0,0.0,0.0,0.0,0.0,0.0,0.0
8548,scenario_1,47.035,0.0,0.0,0.0,47.035,620.9273665795994,0.0,0.0,0.0,0.0,0.0,0.0,0.0
8549,scenario_1,60.158,0.0,0.0,0.0,60.158,571.9325749129328,0.0,0.0,0.0,0.0,0.0,0.0,0.0
8550,scenario_1,117.041,6.463366761917212,0.0,0.0,110.57763323808278,509.2679915795994,0.0,0.0,0.0,0.0,0.0,0.0,6.463366761917212
8551,scenario_1,165.556,165.556,0.0,0.0,0.0,394.0829569565965,0.0,0.0,0.0,0.0,0.0,0.0,165.556
8552,scenario_1,196.245,410.37594480948115,0.0,214.13094480948115,0.0,394.0829569565965,0.0,0.0,0.0,0.0,0.0,0.0,410.37594480948115
8553,scenario_1,195.504,195.504,0.0,0.0,0.0,597.5073545256035,0.0,0.0,0.0,0.0,0.0,0.0,195.504
8554,scenario_1,153.151,547.2339569565966,0.0,394.0829569565966,0.0,597.5073545256035,0.0,0.0,0.0,0.0,0.0,0.0,547.2339569565966
8555,scenario_1,130.368,524.4509569565967,0.0,394.0829569565966,0.0,971.8861636343703,0.0,0.0,0.0,0.0,0.0,0.0,524.4509569565967
8556,scenario_1,124.011,124.011,0.0,0.0,0.0,1346.2649727431372,0.0,0.0,0.0,0.0,0.0,0.0,124.011
8557,scenario_1,157.084,551.1669569565966,0.0,394.0829569565966,0.0,1346.2649727431372,0.0,0.0,0.0,0.0,0.0,0.0,551.1669569565966
8558,scenario_1,150.928,150.928,0.0,0.0,0.0,1720.643781851904,0.0,0.0,0.0,0.0,0.0,0.0,150.928
8559,scenario_1,161.925,161.925,0.0,0.0,0.0,1720.643781851904,0.0,0.0,0.0,0.0,0.0,0.0,161.925
8560,scenario_1,18.785,217.75369688332657,0.0,198.96869688332657,0.0,1720.643781851904,0.0,0.0,0.0,0.0,0.0,0.0,217.75369688332657
8561,scenario_1,197.975,0.0,0.0,0.0,197.975,1909.664043891064,0.0,0.0,0.0,0.0,0.0,0.0,0.0
8562,scenario_1,25.62,0.0,0.0,0.0,25.62,1703.4400855577308,0.0,0.0,0.0,0.0,0.0,0.0,0.0
8563,scenario_1,239.086,0.0,0.0,0.0,239.086,1676.7525855577308,0.0,0.0,0.0,0.0,0.0,0.0,0.0
8564,scenario_1,180.688,0.0,0.0,0.0,180.688,1427.704668891064,0.0,0.0,0.0,0.0,0.0,0.0,0.0
8565,scenario_1,95.698,0.0,0.0,0.0,95.698,1239.4880022243974,0.0,0.0,0.0,0.0,0.0,0.0,0.0
8566,scenario_1,49.514,0.0,0.0,0.0,49.514,1139.8025855577307,0.0,0.0,0.0,0.0,0.0,0.0,0.0
8567,scenario_1,36.306,0.0,0.0,0.0,36.306,1088.2255022243974,0.0,0.0,0.0,0.0,0.0,0.0,0.0
8568,scenario_1,18.811,0.0,0.0,0.0,18.811,1050.4067522243975,0.0,0.0,0.0,0.0,0.0,0.0,0.0
8569,scenario_1,20.984,0.0,0.0,0.0,20.984,1030.8119605577308,0.0,0.0,0.0,0.0,0.0,0.0,0.0
8570,scenario_1,44.684,0.0,0.0,0.0,44.684,1008.9536272243975,0.0,0.0,0.0,0.0,0.0,0.0,0.0
8571,scenario_1,49.382,0.0,0.0,0.0,49.382,962.4077938910641,0.0,0.0,0.0,0.0,0.0,0.0,0.0
8572,scenario_1,54.661,0.0,0.0,0.0,54.661,910.9682105577308,0.0,0.0,0.0,0.0,0.0,0.0,0.0
8573,scenario_1,81.171,0.0,0.0,0.0,81.171,854.0296688910641,0.0,0.0,0.0,0.0,0.0,0.0,0.0
8574,scenario_1,136.459,3.905856899193578,0.0,0.0,132.55314310080644,769.4765438910641,0.0,0.0,0.0,0.0,0.0,0.0,3.905856899193578
8575,scenario_1,222.596,133.36457042658517,0.0,0.0,89.23142957341483,631.4003531610574,0.0,0.0,0.0,0.0,0.0,0.0,133.36457042658517
8576,scenario_1,266.188,244.35527906090778,0.0,0.0,21.832720939092212,538.4509473554169,0.0,0.0,0.0,0.0,0.0,0.0,244.35527906090778
8577,scenario_1,209.176,209.176,0.0,0.0,0.0,515.7085297105292,0.0,0.0,0.0,0.0,0.0,0.0,209.176
8578,scenario_1,139.771,533.8539569565966,0.0,394.0829569565966,0.0,515.7085297105292,0.0,0.0,0.0,0.0,0.0,0.0,533.8539569565966
8579,scenario_1,76.502,470.5849569565966,0.0,394.0829569565966,0.0,890.087338819296,0.0,0.0,0.0,0.0,0.0,0.0,470.5849569565966
8580,scenario_1,97.955,492.0379569565966,0.0,394.0829569565966,0.0,1264.4661479280626,0.0,0.0,0.0,0.0,0.0,0.0,492.0379569565966
8581,scenario_1,109.751,109.751,0.0,0.0,0.0,1638.8449570368293,0.0,0.0,0.0,0.0,0.0,0.0,109.751
8582,scenario_1,122.943,425.36652309983435,0.0,302.42352309983437,0.0,1638.8449570368293,0.0,0.0,0.0,0.0,0.0,0.0,425.36652309983435
8583,scenario_1,150.459,150.459,0.0,0.0,0.0,1926.147303981672,0.0,0.0,0.0,0.0,0.0,0.0,150.459
8584,scenario_1,165.415,212.0123482119062,0.0,46.597348211906194,0.0,1926.147303981672,0.0,0.0,0.0,0.0,0.0,0.0,212.0123482119062
8585,scenario_1,195.881,2.8793733488487177,0.0,0.0,193.00162665115127,1970.414784782983,0.0,0.0,0.0,0.0,0.0,0.0,2.8793733488487177
8586,scenario_1,260.917,0.0,61.3917014289115,0.0,199.52529857108846,1769.3714236880337,0.0,20.463900476303834,0.0,0.0,0.0,0.0,0.0
8587,scenario_1,271.229,0.0,61.3917014289115,0.0,209.83729857108847,1561.5325710098166,0.0,20.463900476303834,0.0,0.0,0.0,0.0,0.0
8588,scenario_1,239.194,0.0,34.99680929972243,0.0,204.19719070027756,1342.9520516649327,0.0,11.665603099907477,0.0,0.0,0.0,0.0,0.0
8589,scenario_1,165.359,0.0,0.0,0.0,165.359,1130.246644685477,0.0,0.0,0.0,0.0,0.0,0.0,0.0
8590,scenario_1,93.794,0.0,0.0,0.0,93.794,957.9976863521435,0.0,0.0,0.0,0.0,0.0,0.0,0.0
8591,scenario_1,45.638,0.0,0.0,0.0,45.638,860.2956030188102,0.0,0.0,0.0,0.0,0.0,0.0,0.0
8592,scenario_1,33.925,0.0,0.0,0.0,33.925,812.7560196854769,0.0,0.0,0.0,0.0,0.0,0.0,0.0
8593,scenario_1,4.967,0.0,0.0,0.0,4.967,777.4174780188102,0.0,0.0,0.0,0.0,0.0,0.0,0.0
8594,scenario_1,44.449,0.0,0.0,0.0,44.449,772.2435196854769,0.0,0.0,0.0,0.0,0.0,0.0,0.0
8595,scenario_1,65.063,0.0,0.0,0.0,65.063,725.9424780188102,0.0,0.0,0.0,0.0,0.0,0.0,0.0
8596,scenario_1,54.832,0.0,0.0,0.0,54.832,658.1685196854769,0.0,0.0,0.0,0.0,0.0,0.0,0.0
8597,scenario_1,7.173,0.0,0.0,0.0,7.173,601.0518530188102,0.0,0.0,0.0,0.0,0.0,0.0,0.0
8598,scenario_1,146.897,2.670597033524339,0.0,0.0,144.22640296647566,593.5799780188103,0.0,0.0,0.0,0.0,0.0,0.0,2.670597033524339
8599,scenario_1,231.849,184.55826274675042,0.0,0.0,47.290737253249574,443.3441415953981,0.0,0.0,0.0,0.0,0.0,0.0,184.55826274675042
8600,scenario_1,27.822,381.6518034261021,0.0,353.8298034261021,0.0,394.0829569565965,0.0,0.0,0.0,0.0,0.0,0.0,381.6518034261021
8601,scenario_1,275.773,275.773,0.0,0.0,0.0,730.2212702113934,0.0,0.0,0.0,0.0,0.0,0.0,275.773
8602,scenario_1,152.581,546.6639569565966,0.0,394.0829569565966,0.0,730.2212702113934,0.0,0.0,0.0,0.0,0.0,0.0,546.6639569565966
8603,scenario_1,115.021,509.1039569565966,0.0,394.0829569565966,0.0,1104.6000793201601,0.0,0.0,0.0,0.0,0.0,0.0,509.1039569565966
8604,scenario_1,139.882,139.882,0.0,0.0,0.0,1478.978888428927,0.0,0.0,0.0,0.0,0.0,0.0,139.882
8605,scenario_1,131.169,525.2519569565966,0.0,394.0829569565966,0.0,1478.978888428927,0.0,0.0,0.0,0.0,0.0,0.0,525.2519569565966
8606,scenario_1,123.693,123.693,0.0,0.0,0.0,1853.3576975376936,0.0,0.0,0.0,0.0,0.0,0.0,123.693
8607,scenario_1,117.897,241.11498657398872,0.0,123.21798657398871,0.0,1853.3576975376936,0.0,0.0,0.0,0.0,0.0,0.0,241.11498657398872
8608,scenario_1,153.113,153.113,0.0,0.0,0.0,1970.414784782983,0.0,0.0,0.0,0.0,0.0,0.0,153.113
8609,scenario_1,198.903,16.275853582162995,0.0,0.0,182.627146417837,1970.414784782983,0.0,0.0,0.0,0.0,0.0,0.0,16.275853582162995
8610,scenario_1,272.787,0.0,0.0,0.0,272.787,1780.1781739310693,0.0,0.0,0.0,0.0,0.0,0.0,0.0
8611,scenario_1,293.192,0.0,0.0,0.0,293.192,1496.0250489310693,0.0,0.0,0.0,0.0,0.0,0.0,0.0
8612,scenario_1,233.373,0.0,0.0,0.0,233.373,1190.616715597736,0.0,0.0,0.0,0.0,0.0,0.0,0.0
8613,scenario_1,13.987,0.0,0.0,0.0,13.987,947.519840597736,0.0,0.0,0.0,0.0,0.0,0.0,0.0
8614,scenario_1,59.103,0.0,0.0,0.0,59.103,932.9500489310693,0.0,0.0,0.0,0.0,0.0,0.0,0.0
8615,scenario_1,34.063,0.0,0.0,0.0,34.063,871.3844239310694,0.0,0.0,0.0,0.0,0.0,0.0,0.0
8616,scenario_1,3.349,0.0,0.0,0.0,3.349,835.9021322644027,0.0,0.0,0.0,0.0,0.0,0.0,0.0
8617,scenario_1,35.343,0.0,0.0,0.0,35.343,832.413590597736,0.0,0.0,0.0,0.0,0.0,0.0,0.0
8618,scenario_1,38.764,0.0,0.0,0.0,38.764,795.597965597736,0.0,0.0,0.0,0.0,0.0,0.0,0.0
8619,scenario_1,52.165,0.0,0.0,0.0,52.165,755.2187989310693,0.0,0.0,0.0,0.0,0.0,0.0,0.0
8620,scenario_1,56.832,0.0,0.0,0.0,56.832,700.8802572644026,0.0,0.0,0.0,0.0,0.0,0.0,0.0
8621,scenario_1,75.534,0.0,0.0,0.0,75.534,641.6802572644026,0.0,0.0,0.0,0.0,0.0,0.0,0.0
8622,scenario_1,116.873,3.9319539386091247,0.0,0.0,112.94104606139088,562.9990072644026,0.0,0.0,0.0,0.0,0.0,0.0,3.9319539386091247
8623,scenario_1,207.581,187.44633510873769,0.0,0.0,20.134664891262304,445.3520842837871,0.0,0.0,0.0,0.0,0.0,0.0,187.44633510873769
8624,scenario_1,303.542,303.542,0.0,0.0,0.0,424.37847502205557,0.0,0.0,0.0,0.0,0.0,0.0,303.542
8625,scenario_1,227.189,278.26381402722143,0.0,51.07481402722143,0.0,424.37847502205557,0.0,0.0,0.0,0.0,0.0,0.0,278.26381402722143
8626,scenario_1,125.019,519.1019569565966,0.0,394.0829569565966,0.0,472.8995483479159,0.0,0.0,0.0,0.0,0.0,0.0,519.1019569565966
8627,scenario_1,117.418,511.5009569565966,0.0,394.0829569565966,0.0,847.2783574566827,0.0,0.0,0.0,0.0,0.0,0.0,511.5009569565966
8628,scenario_1,106.968,501.0509569565966,0.0,394.0829569565966,0.0,1221.6571665654494,0.0,0.0,0.0,0.0,0.0,0.0,501.0509569565966
8629,scenario_1,96.341,96.341,0.0,0.0,0.0,1596.0359756742162,0.0,0.0,0.0,0.0,0.0,0.0,96.341
8630,scenario_1,105.218,499.3009569565966,0.0,394.0829569565966,0.0,1596.0359756742162,0.0,0.0,0.0,0.0,0.0,0.0,499.3009569565966
8631,scenario_1,136.115,136.115,0.0,0.0,0.0,1970.414784782983,0.0,0.0,0.0,0.0,0.0,0.0,136.115
8632,scenario_1,146.743,146.743,0.0,0.0,0.0,1970.414784782983,0.0,0.0,0.0,0.0,0.0,0.0,146.743
8633,scenario_1,190.409,14.440361809936167,0.0,0.0,175.9686381900638,1970.414784782983,0.0,0.0,0.0,0.0,0.0,0.0,14.440361809936167
8634,scenario_1,249.824,0.0,52.111405078517066,0.0,197.71259492148295,1787.1141200016664,0.0,17.37046835950569,0.0,0.0,0.0,0.0,0.0
8635,scenario_1,285.109,0.0,61.3917014289115,0.0,223.71729857108846,1581.1635002917883,0.0,20.463900476303834,0.0,0.0,0.0,0.0,0.0
8636,scenario_1,230.781,0.0,0.0,0.0,230.781,1348.1246476135711,0.0,0.0,0.0,0.0,0.0,0.0,0.0
8637,scenario_1,146.255,0.0,0.0,0.0,146.255,1107.727772613571,0.0,0.0,0.0,0.0,0.0,0.0,0.0
8638,scenario_1,75.159,0.0,0.0,0.0,75.159,955.3788142802376,0.0,0.0,0.0,0.0,0.0,0.0,0.0
8639,scenario_1,43.909,0.0,0.0,0.0,43.909,877.0881892802377,0.0,0.0,0.0,0.0,0.0,0.0,0.0
8640,scenario_1,19.685,0.0,0.0,0.0,19.685,831.3496476135709,0.0,0.0,0.0,0.0,0.0,0.0,0.0
8641,scenario_1,38.525,0.0,0.0,0.0,38.525,810.8444392802376,0.0,0.0,0.0,0.0,0.0,0.0,0.0
8642,scenario_1,46.222,0.0,0.0,0.0,46.222,770.7142309469042,0.0,0.0,0.0,0.0,0.0,0.0,0.0
8643,scenario_1,54.171,0.0,0.0,0.0,54.171,722.5663142802375,0.0,0.0,0.0,0.0,0.0,0.0,0.0
8644,scenario_1,64.413,0.0,0.0,0.0,64.413,666.1381892802375,0.0,0.0,0.0,0.0,0.0,0.0,0.0
8645,scenario_1,74.073,0.0,0.0,0.0,74.073,599.0413142802375,0.0,0.0,0.0,0.0,0.0,0.0,0.0
8646,scenario_1,124.653,1.9659769693045623,0.0,0.0,122.68702303069544,521.8819392802376,0.0,0.0,0.0,0.0,0.0,0.0,1.9659769693045623
8647,scenario_1,220.745,182.23562623876674,38.50937376123326,0.0,0.0,394.0829569565965,0.0,12.836457920411087,0.0,0.0,0.0,0.0,182.23562623876674
8648,scenario_1,244.542,244.542,0.0,0.0,0.0,394.0829569565965,0.0,0.0,0.0,0.0,0.0,0.0,244.542
8649,scenario_1,217.774,217.774,0.0,0.0,0.0,394.0829569565965,0.0,0.0,0.0,0.0,0.0,0.0,217.774
8650,scenario_1,134.704,528.7869569565967,0.0,394.0829569565966,0.0,394.0829569565965,0.0,0.0,0.0,0.0,0.0,0.0,528.7869569565967
8651,scenario_1,107.875,501.9579569565966,0.0,394.0829569565966,0.0,768.4617660653632,0.0,0.0,0.0,0.0,0.0,0.0,501.9579569565966
8652,scenario_1,97.247,491.3299569565966,0.0,394.0829569565966,0.0,1142.84057517413,0.0,0.0,0.0,0.0,0.0,0.0,491.3299569565966
8653,scenario_1,139.394,139.394,0.0,0.0,0.0,1517.2193842828967,0.0,0.0,0.0,0.0,0.0,0.0,139.394
8654,scenario_1,117.952,420.964929079378,0.0,303.012929079378,0.0,1517.2193842828967,0.0,0.0,0.0,0.0,0.0,0.0,420.964929079378
8655,scenario_1,158.476,158.476,0.0,0.0,0.0,1805.0816669083058,0.0,0.0,0.0,0.0,0.0,0.0,158.476
8656,scenario_1,175.471,175.471,0.0,0.0,0.0,1805.0816669083058,0.0,0.0,0.0,0.0,0.0,0.0,175.471
8657,scenario_1,217.961,16.63251312084214,0.0,0.0,201.32848687915788,1805.0816669083058,0.0,0.0,0.0,0.0,0.0,0.0,16.63251312084214
8658,scenario_1,259.277,0.0,0.0,0.0,259.277,1595.3644930758496,0.0,0.0,0.0,0.0,0.0,0.0,0.0
8659,scenario_1,27.416,0.0,0.0,0.0,27.416,1325.2842847425163,0.0,0.0,0.0,0.0,0.0,0.0,0.0
8660,scenario_1,242.303,0.0,0.0,0.0,242.303,1296.725951409183,0.0,0.0,0.0,0.0,0.0,0.0,0.0
8661,scenario_1,170.375,0.0,0.0,0.0,170.375,1044.3269930758495,0.0,0.0,0.0,0.0,0.0,0.0,0.0
8662,scenario_1,80.087,0.0,0.0,0.0,80.087,866.8530347425162,0.0,0.0,0.0,0.0,0.0,0.0,0.0
8663,scenario_1,54.717,0.0,0.0,0.0,54.717,783.4290764091829,0.0,0.0,0.0,0.0,0.0,0.0,0.0
8664,scenario_1,36.631,0.0,0.0,0.0,36.631,726.4322014091829,0.0,0.0,0.0,0.0,0.0,0.0,0.0
8665,scenario_1,43.069,0.0,0.0,0.0,43.069,688.2749097425162,0.0,0.0,0.0,0.0,0.0,0.0,0.0
8666,scenario_1,48.162,0.0,0.0,0.0,48.162,643.4113680758495,0.0,0.0,0.0,0.0,0.0,0.0,0.0
8667,scenario_1,47.787,0.0,0.0,0.0,47.787,593.2426180758495,0.0,0.0,0.0,0.0,0.0,0.0,0.0
8668,scenario_1,4.906,0.0,0.0,0.0,4.906,543.4644930758494,0.0,0.0,0.0,0.0,0.0,0.0,0.0
8669,scenario_1,7.054,0.0,0.0,0.0,7.054,538.3540764091828,0.0,0.0,0.0,0.0,0.0,0.0,0.0
8670,scenario_1,132.986,1.5397253255172902,0.0,0.0,131.4462746744827,531.006159742516,0.0,0.0,0.0,0.0,0.0,0.0,1.5397253255172902
8671,scenario_1,21.725,191.88283180938072,0.0,170.15783180938072,0.0,394.0829569565965,0.0,0.0,0.0,0.0,0.0,0.0,191.88283180938072
8672,scenario_1,308.072,308.072,0.0,0.0,0.0,555.7328971755081,0.0,0.0,0.0,0.0,0.0,0.0,308.072
8673,scenario_1,231.393,538.28295819071,0.0,306.88995819071005,0.0,555.7328971755081,0.0,0.0,0.0,0.0,0.0,0.0,538.28295819071
8674,scenario_1,145.722,539.8049569565966,0.0,394.0829569565966,0.0,847.2783574566827,0.0,0.0,0.0,0.0,0.0,0.0,539.8049569565966
8675,scenario_1,102.652,496.7349569565966,0.0,394.0829569565966,0.0,1221.6571665654494,0.0,0.0,0.0,0.0,0.0,0.0,496.7349569565966
8676,scenario_1,113.862,113.862,0.0,0.0,0.0,1596.0359756742162,0.0,0.0,0.0,0.0,0.0,0.0,113.862
8677,scenario_1,125.512,125.512,0.0,0.0,0.0,1596.0359756742162,0.0,0.0,0.0,0.0,0.0,0.0,125.512
8678,scenario_1,122.852,516.9349569565966,0.0,394.0829569565966,0.0,1596.0359756742162,0.0,0.0,0.0,0.0,0.0,0.0,516.9349569565966
8679,scenario_1,149.846,149.846,0.0,0.0,0.0,1970.414784782983,0.0,0.0,0.0,0.0,0.0,0.0,149.846
8680,scenario_1,142.531,142.531,0.0,0.0,0.0,1970.414784782983,0.0,0.0,0.0,0.0,0.0,0.0,142.531
8681,scenario_1,184.494,20.87763153243783,0.0,0.0,163.61636846756215,1970.414784782983,0.0,0.0,0.0,0.0,0.0,0.0,20.87763153243783
8682,scenario_1,235.633,0.0,61.3917014289115,0.0,174.24129857108852,1799.9810676292723,0.0,20.463900476303834,0.0,0.0,0.0,0.0,0.0
8683,scenario_1,273.442,0.0,0.0,0.0,273.442,1618.479714951055,0.0,0.0,0.0,0.0,0.0,0.0,0.0
8684,scenario_1,226.399,0.0,0.0,0.0,226.399,1333.6442982843882,0.0,0.0,0.0,0.0,0.0,0.0,0.0
8685,scenario_1,161.528,0.0,0.0,0.0,161.528,1097.8120066177216,0.0,0.0,0.0,0.0,0.0,0.0,0.0
8686,scenario_1,77.088,0.0,0.0,0.0,77.088,929.5536732843883,0.0,0.0,0.0,0.0,0.0,0.0,0.0
8687,scenario_1,41.988,0.0,0.0,0.0,41.988,849.2536732843884,0.0,0.0,0.0,0.0,0.0,0.0,0.0
8688,scenario_1,34.844,0.0,0.0,0.0,34.844,805.5161732843884,0.0,0.0,0.0,0.0,0.0,0.0,0.0
8689,scenario_1,37.129,0.0,37.129,0.0,0.0,769.220339951055,0.0,12.376333333333333,0.0,0.0,0.0,0.0,0.0
8690,scenario_1,45.762,0.0,10.266386999802592,0.0,35.49561300019741,769.220339951055,0.0,3.422128999934197,0.0,0.0,0.0,0.0,0.0
8691,scenario_1,51.674,0.0,0.0,0.0,51.674,732.2457430758494,0.0,0.0,0.0,0.0,0.0,0.0,0.0
8692,scenario_1,60.194,0.0,0.0,0.0,60.194,678.4186597425161,0.0,0.0,0.0,0.0,0.0,0.0,0.0
8693,scenario_1,78.234,0.0,0.0,0.0,78.234,615.7165764091827,0.0,0.0,0.0,0.0,0.0,0.0,0.0
8694,scenario_1,136.074,1.5397253255172902,0.0,0.0,134.53427467448273,534.2228264091827,0.0,0.0,0.0,0.0,0.0,0.0,1.5397253255172902
8695,scenario_1,178.857,178.857,0.0,0.0,0.0,394.0829569565965,0.0,0.0,0.0,0.0,0.0,0.0,178.857
8696,scenario_1,217.345,380.9819794144364,0.0,163.6369794144364,0.0,394.0829569565965,0.0,0.0,0.0,0.0,0.0,0.0,380.9819794144364
8697,scenario_1,234.303,234.303,0.0,0.0,0.0,549.538087400311,0.0,0.0,0.0,0.0,0.0,0.0,234.303
8698,scenario_1,169.368,563.4509569565967,0.0,394.0829569565966,0.0,549.538087400311,0.0,0.0,0.0,0.0,0.0,0.0,563.4509569565967
8699,scenario_1,14.576,408.6589569565966,0.0,394.0829569565966,0.0,923.9168965090778,0.0,0.0,0.0,0.0,0.0,0.0,408.6589569565966
8700,scenario_1,142.586,536.6689569565966,0.0,394.0829569565966,0.0,1298.2957056178445,0.0,0.0,0.0,0.0,0.0,0.0,536.6689569565966
8701,scenario_1,148.253,148.253,0.0,0.0,0.0,1672.6745147266113,0.0,0.0,0.0,0.0,0.0,0.0,148.253
8702,scenario_1,149.679,346.3640773557127,0.0,196.6850773557127,0.0,1672.6745147266113,0.0,0.0,0.0,0.0,0.0,0.0,346.3640773557127
8703,scenario_1,154.997,154.997,0.0,0.0,0.0,1859.5253382145384,0.0,0.0,0.0,0.0,0.0,0.0,154.997
8704,scenario_1,169.588,169.588,0.0,0.0,0.0,1859.5253382145384,0.0,0.0,0.0,0.0,0.0,0.0,169.588
8705,scenario_1,217.851,20.538370020035718,0.0,0.0,197.31262997996427,1859.5253382145384,0.0,0.0,0.0,0.0,0.0,0.0,20.538370020035718
8706,scenario_1,265.049,0.0,0.0,0.0,265.049,1653.9913486520754,0.0,0.0,0.0,0.0,0.0,0.0,0.0
8707,scenario_1,246.513,0.0,0.0,0.0,246.513,1377.898640318742,0.0,0.0,0.0,0.0,0.0,0.0,0.0
8708,scenario_1,18.931,0.0,0.0,0.0,18.931,1121.1142653187421,0.0,0.0,0.0,0.0,0.0,0.0,0.0
8709,scenario_1,108.728,0.0,0.0,0.0,108.728,1101.3944736520755,0.0,0.0,0.0,0.0,0.0,0.0,0.0
8710,scenario_1,52.939,0.0,0.0,0.0,52.939,988.1361403187422,0.0,0.0,0.0,0.0,0.0,0.0,0.0
8711,scenario_1,33.299,0.0,0.0,0.0,33.299,932.9913486520754,0.0,0.0,0.0,0.0,0.0,0.0,0.0
8712,scenario_1,19.214,0.0,0.0,0.0,19.214,898.3048903187421,0.0,0.0,0.0,0.0,0.0,0.0,0.0
8713,scenario_1,28.668,0.0,0.0,0.0,28.668,878.2903069854087,0.0,0.0,0.0,0.0,0.0,0.0,0.0
8714,scenario_1,38.075,0.0,0.0,0.0,38.075,848.4278069854088,0.0,0.0,0.0,0.0,0.0,0.0,0.0
8715,scenario_1,49.027,0.0,0.0,0.0,49.027,808.7663486520754,0.0,0.0,0.0,0.0,0.0,0.0,0.0
8716,scenario_1,63.484,0.0,0.0,0.0,63.484,757.6965569854087,0.0,0.0,0.0,0.0,0.0,0.0,0.0
8717,scenario_1,82.519,0.0,0.0,0.0,82.519,691.567390318742,0.0,0.0,0.0,0.0,0.0,0.0,0.0
8718,scenario_1,128.533,1.1308717080070492,0.0,0.0,127.40212829199294,605.6100986520753,0.0,0.0,0.0,0.0,0.0,0.0,1.1308717080070492
8719,scenario_1,181.543,181.543,0.0,0.0,0.0,472.8995483479159,0.0,0.0,0.0,0.0,0.0,0.0,181.543
8720,scenario_1,201.264,201.264,0.0,0.0,0.0,472.8995483479159,0.0,0.0,0.0,0.0,0.0,0.0,201.264
8721,scenario_1,171.724,171.724,0.0,0.0,0.0,472.8995483479159,0.0,0.0,0.0,0.0,0.0,0.0,171.724
8722,scenario_1,134.716,528.7989569565966,0.0,394.0829569565966,0.0,472.8995483479159,0.0,0.0,0.0,0.0,0.0,0.0,528.7989569565966
8723,scenario_1,165.398,559.4809569565966,0.0,394.0829569565966,0.0,847.2783574566827,0.0,0.0,0.0,0.0,0.0,0.0,559.4809569565966
8724,scenario_1,128.819,522.9019569565966,0.0,394.0829569565966,0.0,1221.6571665654494,0.0,0.0,0.0,0.0,0.0,0.0,522.9019569565966
8725,scenario_1,118.524,118.524,0.0,0.0,0.0,1596.0359756742162,0.0,0.0,0.0,0.0,0.0,0.0,118.524
8726,scenario_1,142.785,536.8679569565966,0.0,394.0829569565966,0.0,1596.0359756742162,0.0,0.0,0.0,0.0,0.0,0.0,536.8679569565966
8727,scenario_1,152.219,152.219,0.0,0.0,0.0,1970.414784782983,0.0,0.0,0.0,0.0,0.0,0.0,152.219
8728,scenario_1,193.972,193.972,0.0,0.0,0.0,1970.414784782983,0.0,0.0,0.0,0.0,0.0,0.0,193.972
8729,scenario_1,202.375,24.73999336593883,0.0,0.0,177.63500663406117,1970.414784782983,0.0,0.0,0.0,0.0,0.0,0.0,24.73999336593883
8730,scenario_1,239.438,0.0,4.919292776761779,0.0,234.5187072232382,1785.3783195391693,0.0,1.639764258920593,0.0,0.0,0.0,0.0,0.0
8731,scenario_1,216.665,0.0,0.0,0.0,216.665,1541.0879995149628,0.0,0.0,0.0,0.0,0.0,0.0,0.0
8732,scenario_1,180.126,0.0,0.0,0.0,180.126,1315.3952911816295,0.0,0.0,0.0,0.0,0.0,0.0,0.0
8733,scenario_1,121.503,0.0,0.0,0.0,121.503,1127.7640411816294,0.0,0.0,0.0,0.0,0.0,0.0,0.0
8734,scenario_1,75.308,0.0,0.0,0.0,75.308,1001.1984161816295,0.0,0.0,0.0,0.0,0.0,0.0,0.0
8735,scenario_1,50.163,0.0,0.0,0.0,50.163,922.7525828482961,0.0,0.0,0.0,0.0,0.0,0.0,0.0
8736,scenario_1,32.519,0.0,0.0,0.0,32.519,870.4994578482962,0.0,0.0,0.0,0.0,0.0,0.0,0.0
8737,scenario_1,40.431,0.0,0.0,0.0,40.431,836.6254995149628,0.0,0.0,0.0,0.0,0.0,0.0,0.0
8738,scenario_1,47.417,0.0,0.0,0.0,47.417,794.5098745149628,0.0,0.0,0.0,0.0,0.0,0.0,0.0
8739,scenario_1,44.141,0.0,0.0,0.0,44.141,745.1171661816295,0.0,0.0,0.0,0.0,0.0,0.0,0.0
8740,scenario_1,52.958,0.0,0.0,0.0,52.958,699.1369578482962,0.0,0.0,0.0,0.0,0.0,0.0,0.0
8741,scenario_1,79.006,0.0,0.0,0.0,79.006,643.9723745149629,0.0,0.0,0.0,0.0,0.0,0.0,0.0
8742,scenario_1,115.101,1.1482697342840809,0.0,0.0,113.95273026571591,561.6744578482962,0.0,0.0,0.0,0.0,0.0,0.0,1.1482697342840809
8743,scenario_1,223.325,176.38988940968414,0.0,0.0,46.935110590315844,442.97369715484217,0.0,0.0,0.0,0.0,0.0,0.0,176.38988940968414
8744,scenario_1,24.8,380.5557277706491,0.0,355.7557277706491,0.0,394.0829569565965,0.0,0.0,0.0,0.0,0.0,0.0,380.5557277706491
8745,scenario_1,197.328,318.6200622294417,0.0,121.2920622294417,0.0,732.0508983387131,0.0,0.0,0.0,0.0,0.0,0.0,318.6200622294417
8746,scenario_1,133.714,133.714,0.0,0.0,0.0,847.2783574566827,0.0,0.0,0.0,0.0,0.0,0.0,133.714
8747,scenario_1,85.582,479.6649569565966,0.0,394.0829569565966,0.0,847.2783574566827,0.0,0.0,0.0,0.0,0.0,0.0,479.6649569565966
8748,scenario_1,85.621,85.621,0.0,0.0,0.0,1221.6571665654494,0.0,0.0,0.0,0.0,0.0,0.0,85.621
8749,scenario_1,101.543,495.6259569565966,0.0,394.0829569565966,0.0,1221.6571665654494,0.0,0.0,0.0,0.0,0.0,0.0,495.6259569565966
8750,scenario_1,11.376,405.4589569565966,0.0,394.0829569565966,0.0,1596.0359756742162,0.0,0.0,0.0,0.0,0.0,0.0,405.4589569565966
8751,scenario_1,158.685,158.685,0.0,0.0,0.0,1970.414784782983,0.0,0.0,0.0,0.0,0.0,0.0,158.685
8752,scenario_1,175.919,175.919,0.0,0.0,0.0,1970.414784782983,0.0,0.0,0.0,0.0,0.0,0.0,175.919
8753,scenario_1,208.159,26.906047637429257,61.3917014289115,0.0,119.86125093365924,1970.414784782983,0.0,20.463900476303834,0.0,0.0,0.0,0.0,26.906047637429257
8754,scenario_1,249.004,0.0,35.06204995109297,0.0,213.94195004890702,1845.559315060421,0.0,11.687349983697658,0.0,0.0,0.0,0.0,0.0
8755,scenario_1,282.057,0.0,61.3917014289115,0.0,220.6652985710885,1622.7031170928096,0.0,20.463900476303834,0.0,0.0,0.0,0.0,0.0
8756,scenario_1,233.439,0.0,61.3917014289115,0.0,172.0472985710885,1392.843431081259,0.0,20.463900476303834,0.0,0.0,0.0,0.0,0.0
8757,scenario_1,157.625,0.0,61.3917014289115,0.0,96.2332985710885,1213.6274950697086,0.0,20.463900476303834,0.0,0.0,0.0,0.0,0.0
8758,scenario_1,80.817,0.0,0.0,0.0,80.817,1113.3844757248248,0.0,0.0,0.0,0.0,0.0,0.0,0.0
8759,scenario_1,42.233,0.0,0.0,0.0,42.233,1029.2001007248248,0.0,0.0,0.0,0.0,0.0,0.0,0.0
