meta;scenario_1;scenario_1;scenario_1;scenario_1;scenario_1;scenario_1;scenario_1;scenario_1;scenario_1;scenario_1
hour;2026;2027;2028;2029;2030;2031;2032;2033;2034;2035
0;18,941;18,941;18,941;18,941;18,941;18,941;18,941;18,941;18,941;18,941
1;18,941;18,941;18,941;18,941;18,941;18,941;18,941;18,941;18,941;18,941
2;17,101;17,101;17,101;17,101;17,101;17,101;17,101;17,101;17,101;17,101
3;17,101;17,101;17,101;17,101;17,101;17,101;17,101;17,101;17,101;17,101
4;41,381;41,381;41,381;41,381;41,381;41,381;41,381;41,381;41,381;41,381
5;34,165;34,165;34,165;34,165;34,165;34,165;34,165;34,165;34,165;34,165
6;51,465;51,465;51,465;51,465;51,465;51,465;51,465;51,465;51,465;51,465
7;63,629;63,629;63,629;63,629;63,629;63,629;63,629;63,629;63,629;63,629
8;52,661;52,661;52,661;52,661;52,661;52,661;52,661;52,661;52,661;52,661
9;56,951;56,951;56,951;56,951;56,951;56,951;56,951;56,951;56,951;56,951
10;57,119;57,119;57,119;57,119;57,119;57,119;57,119;57,119;57,119;57,119
11;52,259;52,259;52,259;52,259;52,259;52,259;52,259;52,259;52,259;52,259
12;42,623;42,623;42,623;42,623;42,623;42,623;42,623;42,623;42,623;42,623
13;43,487;43,487;43,487;43,487;43,487;43,487;43,487;43,487;43,487;43,487
14;41,327;41,327;41,327;41,327;41,327;41,327;41,327;41,327;41,327;41,327
15;48,127;48,127;48,127;48,127;48,127;48,127;48,127;48,127;48,127;48,127
16;55,167;55,167;55,167;55,167;55,167;55,167;55,167;55,167;55,167;55,167
17;72,387;72,387;72,387;72,387;72,387;72,387;72,387;72,387;72,387;72,387
18;80,067;80,067;80,067;80,067;80,067;80,067;80,067;80,067;80,067;80,067
19;69,965;69,965;69,965;69,965;69,965;69,965;69,965;69,965;69,965;69,965
20;51,829;51,829;51,829;51,829;51,829;51,829;51,829;51,829;51,829;51,829
21;51,709;51,709;51,709;51,709;51,709;51,709;51,709;51,709;51,709;51,709
22;41,381;41,381;41,381;41,381;41,381;41,381;41,381;41,381;41,381;41,381
23;18,941;18,941;18,941;18,941;18,941;18,941;18,941;18,941;18,941;18,941
24;18,941;18,941;18,941;18,941;18,941;18,941;18,941;18,941;18,941;18,941
25;18,941;18,941;18,941;18,941;18,941;18,941;18,941;18,941;18,941;18,941
26;17,101;17,101;17,101;17,101;17,101;17,101;17,101;17,101;17,101;17,101
27;17,101;17,101;17,101;17,101;17,101;17,101;17,101;17,101;17,101;17,101
28;41,381;41,381;41,381;41,381;41,381;41,381;41,381;41,381;41,381;41,381
29;34,165;34,165;34,165;34,165;34,165;34,165;34,165;34,165;34,165;34,165
30;51,465;51,465;51,465;51,465;51,465;51,465;51,465;51,465;51,465;51,465
31;63,629;63,629;63,629;63,629;63,629;63,629;63,629;63,629;63,629;63,629
32;52,661;52,661;52,661;52,661;52,661;52,661;52,661;52,661;52,661;52,661
33;56,951;56,951;56,951;56,951;56,951;56,951;56,951;56,951;56,951;56,951
34;57,119;57,119;57,119;57,119;57,119;57,119;57,119;57,119;57,119;57,119
35;52,259;52,259;52,259;52,259;52,259;52,259;52,259;52,259;52,259;52,259
36;42,623;42,623;42,623;42,623;42,623;42,623;42,623;42,623;42,623;42,623
37;43,487;43,487;43,487;43,487;43,487;43,487;43,487;43,487;43,487;43,487
38;41,327;41,327;41,327;41,327;41,327;41,327;41,327;41,327;41,327;41,327
39;48,127;48,127;48,127;48,127;48,127;48,127;48,127;48,127;48,127;48,127
40;55,167;55,167;55,167;55,167;55,167;55,167;55,167;55,167;55,167;55,167
41;72,387;72,387;72,387;72,387;72,387;72,387;72,387;72,387;72,387;72,387
42;80,067;80,067;80,067;80,067;80,067;80,067;80,067;80,067;80,067;80,067
43;69,965;69,965;69,965;69,965;69,965;69,965;69,965;69,965;69,965;69,965
44;51,829;51,829;51,829;51,829;51,829;51,829;51,829;51,829;51,829;51,829
45;51,709;51,709;51,709;51,709;51,709;51,709;51,709;51,709;51,709;51,709
46;41,381;41,381;41,381;41,381;41,381;41,381;41,381;41,381;41,381;41,381
47;18,941;18,941;18,941;18,941;18,941;18,941;18,941;18,941;18,941;18,941
48;18,941;18,941;18,941;18,941;18,941;18,941;18,941;18,941;18,941;18,941
49;18,941;18,941;18,941;18,941;18,941;18,941;18,941;18,941;18,941;18,941
50;17,101;17,101;17,101;17,101;17,101;17,101;17,101;17,101;17,101;17,101
51;17,101;17,101;17,101;17,101;17,101;17,101;17,101;17,101;17,101;17,101
52;41,381;41,381;41,381;41,381;41,381;41,381;41,381;41,381;41,381;41,381
53;34,165;34,165;34,165;34,165;34,165;34,165;34,165;34,165;34,165;34,165
54;51,465;51,465;51,465;51,465;51,465;51,465;51,465;51,465;51,465;51,465
55;63,629;63,629;63,629;63,629;63,629;63,629;63,629;63,629;63,629;63,629
56;52,661;52,661;52,661;52,661;52,661;52,661;52,661;52,661;52,661;52,661
57;56,951;56,951;56,951;56,951;56,951;56,951;56,951;56,951;56,951;56,951
58;57,119;57,119;57,119;57,119;57,119;57,119;57,119;57,119;57,119;57,119
59;52,259;52,259;52,259;52,259;52,259;52,259;52,259;52,259;52,259;52,259
60;42,623;42,623;42,623;42,623;42,623;42,623;42,623;42,623;42,623;42,623
61;43,487;43,487;43,487;43,487;43,487;43,487;43,487;43,487;43,487;43,487
62;41,327;41,327;41,327;41,327;41,327;41,327;41,327;41,327;41,327;41,327
63;48,127;48,127;48,127;48,127;48,127;48,127;48,127;48,127;48,127;48,127
64;55,167;55,167;55,167;55,167;55,167;55,167;55,167;55,167;55,167;55,167
65;72,387;72,387;72,387;72,387;72,387;72,387;72,387;72,387;72,387;72,387
66;80,067;80,067;80,067;80,067;80,067;80,067;80,067;80,067;80,067;80,067
67;69,965;69,965;69,965;69,965;69,965;69,965;69,965;69,965;69,965;69,965
68;51,829;51,829;51,829;51,829;51,829;51,829;51,829;51,829;51,829;51,829
69;51,709;51,709;51,709;51,709;51,709;51,709;51,709;51,709;51,709;51,709
70;41,381;41,381;41,381;41,381;41,381;41,381;41,381;41,381;41,381;41,381
71;18,941;18,941;18,941;18,941;18,941;18,941;18,941;18,941;18,941;18,941
72;18,941;18,941;18,941;18,941;18,941;18,941;18,941;18,941;18,941;18,941
73;18,941;18,941;18,941;18,941;18,941;18,941;18,941;18,941;18,941;18,941
74;17,101;17,101;17,101;17,101;17,101;17,101;17,101;17,101;17,101;17,101
75;17,101;17,101;17,101;17,101;17,101;17,101;17,101;17,101;17,101;17,101
76;41,381;41,381;41,381;41,381;41,381;41,381;41,381;41,381;41,381;41,381
77;34,165;34,165;34,165;34,165;34,165;34,165;34,165;34,165;34,165;34,165
78;51,465;51,465;51,465;51,465;51,465;51,465;51,465;51,465;51,465;51,465
79;63,629;63,629;63,629;63,629;63,629;63,629;63,629;63,629;63,629;63,629
80;52,661;52,661;52,661;52,661;52,661;52,661;52,661;52,661;52,661;52,661
81;56,951;56,951;56,951;56,951;56,951;56,951;56,951;56,951;56,951;56,951
82;57,119;57,119;57,119;57,119;57,119;57,119;57,119;57,119;57,119;57,119
83;52,259;52,259;52,259;52,259;52,259;52,259;52,259;52,259;52,259;52,259
84;42,623;42,623;42,623;42,623;42,623;42,623;42,623;42,623;42,623;42,623
85;43,487;43,487;43,487;43,487;43,487;43,487;43,487;43,487;43,487;43,487
86;41,327;41,327;41,327;41,327;41,327;41,327;41,327;41,327;41,327;41,327
87;48,127;48,127;48,127;48,127;48,127;48,127;48,127;48,127;48,127;48,127
88;55,167;55,167;55,167;55,167;55,167;55,167;55,167;55,167;55,167;55,167
89;72,387;72,387;72,387;72,387;72,387;72,387;72,387;72,387;72,387;72,387
90;80,067;80,067;80,067;80,067;80,067;80,067;80,067;80,067;80,067;80,067
91;69,965;69,965;69,965;69,965;69,965;69,965;69,965;69,965;69,965;69,965
92;51,829;51,829;51,829;51,829;51,829;51,829;51,829;51,829;51,829;51,829
93;51,709;51,709;51,709;51,709;51,709;51,709;51,709;51,709;51,709;51,709
94;41,381;41,381;41,381;41,381;41,381;41,381;41,381;41,381;41,381;41,381
95;18,941;18,941;18,941;18,941;18,941;18,941;18,941;18,941;18,941;18,941
96;18,941;18,941;18,941;18,941;18,941;18,941;18,941;18,941;18,941;18,941
97;18,941;18,941;18,941;18,941;18,941;18,941;18,941;18,941;18,941;18,941
98;17,101;17,101;17,101;17,101;17,101;17,101;17,101;17,101;17,101;17,101
99;17,101;17,101;17,101;17,101;17,101;17,101;17,101;17,101;17,101;17,101
100;41,381;41,381;41,381;41,381;41,381;41,381;41,381;41,381;41,381;41,381
101;34,165;34,165;34,165;34,165;34,165;34,165;34,165;34,165;34,165;34,165
102;51,465;51,465;51,465;51,465;51,465;51,465;51,465;51,465;51,465;51,465
103;63,629;63,629;63,629;63,629;63,629;63,629;63,629;63,629;63,629;63,629
104;52,661;52,661;52,661;52,661;52,661;52,661;52,661;52,661;52,661;52,661
105;56,951;56,951;56,951;56,951;56,951;56,951;56,951;56,951;56,951;56,951
106;57,119;57,119;57,119;57,119;57,119;57,119;57,119;57,119;57,119;57,119
107;52,259;52,259;52,259;52,259;52,259;52,259;52,259;52,259;52,259;52,259
108;42,623;42,623;42,623;42,623;42,623;42,623;42,623;42,623;42,623;42,623
109;43,487;43,487;43,487;43,487;43,487;43,487;43,487;43,487;43,487;43,487
110;41,327;41,327;41,327;41,327;41,327;41,327;41,327;41,327;41,327;41,327
111;48,127;48,127;48,127;48,127;48,127;48,127;48,127;48,127;48,127;48,127
112;55,167;55,167;55,167;55,167;55,167;55,167;55,167;55,167;55,167;55,167
113;72,387;72,387;72,387;72,387;72,387;72,387;72,387;72,387;72,387;72,387
114;80,067;80,067;80,067;80,067;80,067;80,067;80,067;80,067;80,067;80,067
115;69,965;69,965;69,965;69,965;69,965;69,965;69,965;69,965;69,965;69,965
116;51,829;51,829;51,829;51,829;51,829;51,829;51,829;51,829;51,829;51,829
117;51,709;51,709;51,709;51,709;51,709;51,709;51,709;51,709;51,709;51,709
118;41,381;41,381;41,381;41,381;41,381;41,381;41,381;41,381;41,381;41,381
119;18,941;18,941;18,941;18,941;18,941;18,941;18,941;18,941;18,941;18,941
120;18,941;18,941;18,941;18,941;18,941;18,941;18,941;18,941;18,941;18,941
121;18,941;18,941;18,941;18,941;18,941;18,941;18,941;18,941;18,941;18,941
122;17,101;17,101;17,101;17,101;17,101;17,101;17,101;17,101;17,101;17,101
123;17,101;17,101;17,101;17,101;17,101;17,101;17,101;17,101;17,101;17,101
124;41,381;41,381;41,381;41,381;41,381;41,381;41,381;41,381;41,381;41,381
125;34,165;34,165;34,165;34,165;34,165;34,165;34,165;34,165;34,165;34,165
126;51,465;51,465;51,465;51,465;51,465;51,465;51,465;51,465;51,465;51,465
127;63,629;63,629;63,629;63,629;63,629;63,629;63,629;63,629;63,629;63,629
128;52,661;52,661;52,661;52,661;52,661;52,661;52,661;52,661;52,661;52,661
129;56,951;56,951;56,951;56,951;56,951;56,951;56,951;56,951;56,951;56,951
130;57,119;57,119;57,119;57,119;57,119;57,119;57,119;57,119;57,119;57,119
131;52,259;52,259;52,259;52,259;52,259;52,259;52,259;52,259;52,259;52,259
132;42,623;42,623;42,623;42,623;42,623;42,623;42,623;42,623;42,623;42,623
133;43,487;43,487;43,487;43,487;43,487;43,487;43,487;43,487;43,487;43,487
134;41,327;41,327;41,327;41,327;41,327;41,327;41,327;41,327;41,327;41,327
135;48,127;48,127;48,127;48,127;48,127;48,127;48,127;48,127;48,127;48,127
136;55,167;55,167;55,167;55,167;55,167;55,167;55,167;55,167;55,167;55,167
137;72,387;72,387;72,387;72,387;72,387;72,387;72,387;72,387;72,387;72,387
138;80,067;80,067;80,067;80,067;80,067;80,067;80,067;80,067;80,067;80,067
139;69,965;69,965;69,965;69,965;69,965;69,965;69,965;69,965;69,965;69,965
140;51,829;51,829;51,829;51,829;51,829;51,829;51,829;51,829;51,829;51,829
141;51,709;51,709;51,709;51,709;51,709;51,709;51,709;51,709;51,709;51,709
142;41,381;41,381;41,381;41,381;41,381;41,381;41,381;41,381;41,381;41,381
143;18,941;18,941;18,941;18,941;18,941;18,941;18,941;18,941;18,941;18,941
144;18,941;18,941;18,941;18,941;18,941;18,941;18,941;18,941;18,941;18,941
145;18,941;18,941;18,941;18,941;18,941;18,941;18,941;18,941;18,941;18,941
146;17,101;17,101;17,101;17,101;17,101;17,101;17,101;17,101;17,101;17,101
147;17,101;17,101;17,101;17,101;17,101;17,101;17,101;17,101;17,101;17,101
148;41,381;41,381;41,381;41,381;41,381;41,381;41,381;41,381;41,381;41,381
149;34,165;34,165;34,165;34,165;34,165;34,165;34,165;34,165;34,165;34,165
150;51,465;51,465;51,465;51,465;51,465;51,465;51,465;51,465;51,465;51,465
151;63,629;63,629;63,629;63,629;63,629;63,629;63,629;63,629;63,629;63,629
152;52,661;52,661;52,661;52,661;52,661;52,661;52,661;52,661;52,661;52,661
153;56,951;56,951;56,951;56,951;56,951;56,951;56,951;56,951;56,951;56,951
154;57,119;57,119;57,119;57,119;57,119;57,119;57,119;57,119;57,119;57,119
155;52,259;52,259;52,259;52,259;52,259;52,259;52,259;52,259;52,259;52,259
156;42,623;42,623;42,623;42,623;42,623;42,623;42,623;42,623;42,623;42,623
157;43,487;43,487;43,487;43,487;43,487;43,487;43,487;43,487;43,487;43,487
158;41,327;41,327;41,327;41,327;41,327;41,327;41,327;41,327;41,327;41,327
159;48,127;48,127;48,127;48,127;48,127;48,127;48,127;48,127;48,127;48,127
160;55,167;55,167;55,167;55,167;55,167;55,167;55,167;55,167;55,167;55,167
161;72,387;72,387;72,387;72,387;72,387;72,387;72,387;72,387;72,387;72,387
162;80,067;80,067;80,067;80,067;80,067;80,067;80,067;80,067;80,067;80,067
163;69,965;69,965;69,965;69,965;69,965;69,965;69,965;69,965;69,965;69,965
164;51,829;51,829;51,829;51,829;51,829;51,829;51,829;51,829;51,829;51,829
165;51,709;51,709;51,709;51,709;51,709;51,709;51,709;51,709;51,709;51,709
166;41,381;41,381;41,381;41,381;41,381;41,381;41,381;41,381;41,381;41,381
167;18,941;18,941;18,941;18,941;18,941;18,941;18,941;18,941;18,941;18,941
168;18,941;18,941;18,941;18,941;18,941;18,941;18,941;18,941;18,941;18,941
169;18,941;18,941;18,941;18,941;18,941;18,941;18,941;18,941;18,941;18,941
170;17,101;17,101;17,101;17,101;17,101;17,101;17,101;17,101;17,101;17,101
171;17,101;17,101;17,101;17,101;17,101;17,101;17,101;17,101;17,101;17,101
172;41,381;41,381;41,381;41,381;41,381;41,381;41,381;41,381;41,381;41,381
173;34,165;34,165;34,165;34,165;34,165;34,165;34,165;34,165;34,165;34,165
174;51,465;51,465;51,465;51,465;51,465;51,465;51,465;51,465;51,465;51,465
175;63,629;63,629;63,629;63,629;63,629;63,629;63,629;63,629;63,629;63,629
176;52,661;52,661;52,661;52,661;52,661;52,661;52,661;52,661;52,661;52,661
177;56,951;56,951;56,951;56,951;56,951;56,951;56,951;56,951;56,951;56,951
178;57,119;57,119;57,119;57,119;57,119;57,119;57,119;57,119;57,119;57,119
179;52,259;52,259;52,259;52,259;52,259;52,259;52,259;52,259;52,259;52,259
180;42,623;42,623;42,623;42,623;42,623;42,623;42,623;42,623;42,623;42,623
181;43,487;43,487;43,487;43,487;43,487;43,487;43,487;43,487;43,487;43,487
182;41,327;41,327;41,327;41,327;41,327;41,327;41,327;41,327;41,327;41,327
183;48,127;48,127;48,127;48,127;48,127;48,127;48,127;48,127;48,127;48,127
184;55,167;55,167;55,167;55,167;55,167;55,167;55,167;55,167;55,167;55,167
185;72,387;72,387;72,387;72,387;72,387;72,387;72,387;72,387;72,387;72,387
186;80,067;80,067;80,067;80,067;80,067;80,067;80,067;80,067;80,067;80,067
187;69,965;69,965;69,965;69,965;69,965;69,965;69,965;69,965;69,965;69,965
188;51,829;51,829;51,829;51,829;51,829;51,829;51,829;51,829;51,829;51,829
189;51,709;51,709;51,709;51,709;51,709;51,709;51,709;51,709;51,709;51,709
190;41,381;41,381;41,381;41,381;41,381;41,381;41,381;41,381;41,381;41,381
191;18,941;18,941;18,941;18,941;18,941;18,941;18,941;18,941;18,941;18,941
192;18,941;18,941;18,941;18,941;18,941;18,941;18,941;18,941;18,941;18,941
193;18,941;18,941;18,941;18,941;18,941;18,941;18,941;18,941;18,941;18,941
194;17,101;17,101;17,101;17,101;17,101;17,101;17,101;17,101;17,101;17,101
195;17,101;17,101;17,101;17,101;17,101;17,101;17,101;17,101;17,101;17,101
196;41,381;41,381;41,381;41,381;41,381;41,381;41,381;41,381;41,381;41,381
197;34,165;34,165;34,165;34,165;34,165;34,165;34,165;34,165;34,165;34,165
198;51,465;51,465;51,465;51,465;51,465;51,465;51,465;51,465;51,465;51,465
199;63,629;63,629;63,629;63,629;63,629;63,629;63,629;63,629;63,629;63,629
200;52,661;52,661;52,661;52,661;52,661;52,661;52,661;52,661;52,661;52,661
201;56,951;56,951;56,951;56,951;56,951;56,951;56,951;56,951;56,951;56,951
202;57,119;57,119;57,119;57,119;57,119;57,119;57,119;57,119;57,119;57,119
203;52,259;52,259;52,259;52,259;52,259;52,259;52,259;52,259;52,259;52,259
204;42,623;42,623;42,623;42,623;42,623;42,623;42,623;42,623;42,623;42,623
205;43,487;43,487;43,487;43,487;43,487;43,487;43,487;43,487;43,487;43,487
206;41,327;41,327;41,327;41,327;41,327;41,327;41,327;41,327;41,327;41,327
207;48,127;48,127;48,127;48,127;48,127;48,127;48,127;48,127;48,127;48,127
208;55,167;55,167;55,167;55,167;55,167;55,167;55,167;55,167;55,167;55,167
209;72,387;72,387;72,387;72,387;72,387;72,387;72,387;72,387;72,387;72,387
210;80,067;80,067;80,067;80,067;80,067;80,067;80,067;80,067;80,067;80,067
211;69,965;69,965;69,965;69,965;69,965;69,965;69,965;69,965;69,965;69,965
212;51,829;51,829;51,829;51,829;51,829;51,829;51,829;51,829;51,829;51,829
213;51,709;51,709;51,709;51,709;51,709;51,709;51,709;51,709;51,709;51,709
214;41,381;41,381;41,381;41,381;41,381;41,381;41,381;41,381;41,381;41,381
215;18,941;18,941;18,941;18,941;18,941;18,941;18,941;18,941;18,941;18,941
216;18,941;18,941;18,941;18,941;18,941;18,941;18,941;18,941;18,941;18,941
217;18,941;18,941;18,941;18,941;18,941;18,941;18,941;18,941;18,941;18,941
218;17,101;17,101;17,101;17,101;17,101;17,101;17,101;17,101;17,101;17,101
219;17,101;17,101;17,101;17,101;17,101;17,101;17,101;17,101;17,101;17,101
220;41,381;41,381;41,381;41,381;41,381;41,381;41,381;41,381;41,381;41,381
221;34,165;34,165;34,165;34,165;34,165;34,165;34,165;34,165;34,165;34,165
222;51,465;51,465;51,465;51,465;51,465;51,465;51,465;51,465;51,465;51,465
223;63,629;63,629;63,629;63,629;63,629;63,629;63,629;63,629;63,629;63,629
224;52,661;52,661;52,661;52,661;52,661;52,661;52,661;52,661;52,661;52,661
225;56,951;56,951;56,951;56,951;56,951;56,951;56,951;56,951;56,951;56,951
226;57,119;57,119;57,119;57,119;57,119;57,119;57,119;57,119;57,119;57,119
227;52,259;52,259;52,259;52,259;52,259;52,259;52,259;52,259;52,259;52,259
228;42,623;42,623;42,623;42,623;42,623;42,623;42,623;42,623;42,623;42,623
229;43,487;43,487;43,487;43,487;43,487;43,487;43,487;43,487;43,487;43,487
230;41,327;41,327;41,327;41,327;41,327;41,327;41,327;41,327;41,327;41,327
231;48,127;48,127;48,127;48,127;48,127;48,127;48,127;48,127;48,127;48,127
232;55,167;55,167;55,167;55,167;55,167;55,167;55,167;55,167;55,167;55,167
233;72,387;72,387;72,387;72,387;72,387;72,387;72,387;72,387;72,387;72,387
234;80,067;80,067;80,067;80,067;80,067;80,067;80,067;80,067;80,067;80,067
235;69,965;69,965;69,965;69,965;69,965;69,965;69,965;69,965;69,965;69,965
236;51,829;51,829;51,829;51,829;51,829;51,829;51,829;51,829;51,829;51,829
237;51,709;51,709;51,709;51,709;51,709;51,709;51,709;51,709;51,709;51,709
238;41,381;41,381;41,381;41,381;41,381;41,381;41,381;41,381;41,381;41,381
239;18,941;18,941;18,941;18,941;18,941;18,941;18,941;18,941;18,941;18,941
240;18,941;18,941;18,941;18,941;18,941;18,941;18,941;18,941;18,941;18,941
241;18,941;18,941;18,941;18,941;18,941;18,941;18,941;18,941;18,941;18,941
242;17,101;17,101;17,101;17,101;17,101;17,101;17,101;17,101;17,101;17,101
243;17,101;17,101;17,101;17,101;17,101;17,101;17,101;17,101;17,101;17,101
244;41,381;41,381;41,381;41,381;41,381;41,381;41,381;41,381;41,381;41,381
245;34,165;34,165;34,165;34,165;34,165;34,165;34,165;34,165;34,165;34,165
246;51,465;51,465;51,465;51,465;51,465;51,465;51,465;51,465;51,465;51,465
247;63,629;63,629;63,629;63,629;63,629;63,629;63,629;63,629;63,629;63,629
248;52,661;52,661;52,661;52,661;52,661;52,661;52,661;52,661;52,661;52,661
249;56,951;56,951;56,951;56,951;56,951;56,951;56,951;56,951;56,951;56,951
250;57,119;57,119;57,119;57,119;57,119;57,119;57,119;57,119;57,119;57,119
251;52,259;52,259;52,259;52,259;52,259;52,259;52,259;52,259;52,259;52,259
252;42,623;42,623;42,623;42,623;42,623;42,623;42,623;42,623;42,623;42,623
253;43,487;43,487;43,487;43,487;43,487;43,487;43,487;43,487;43,487;43,487
254;41,327;41,327;41,327;41,327;41,327;41,327;41,327;41,327;41,327;41,327
255;48,127;48,127;48,127;48,127;48,127;48,127;48,127;48,127;48,127;48,127
256;55,167;55,167;55,167;55,167;55,167;55,167;55,167;55,167;55,167;55,167
257;72,387;72,387;72,387;72,387;72,387;72,387;72,387;72,387;72,387;72,387
258;80,067;80,067;80,067;80,067;80,067;80,067;80,067;80,067;80,067;80,067
259;69,965;69,965;69,965;69,965;69,965;69,965;69,965;69,965;69,965;69,965
260;51,829;51,829;51,829;51,829;51,829;51,829;51,829;51,829;51,829;51,829
261;51,709;51,709;51,709;51,709;51,709;51,709;51,709;51,709;51,709;51,709
262;41,381;41,381;41,381;41,381;41,381;41,381;41,381;41,381;41,381;41,381
263;18,941;18,941;18,941;18,941;18,941;18,941;18,941;18,941;18,941;18,941
264;18,941;18,941;18,941;18,941;18,941;18,941;18,941;18,941;18,941;18,941
265;18,941;18,941;18,941;18,941;18,941;18,941;18,941;18,941;18,941;18,941
266;17,101;17,101;17,101;17,101;17,101;17,101;17,101;17,101;17,101;17,101
267;17,101;17,101;17,101;17,101;17,101;17,101;17,101;17,101;17,101;17,101
268;41,381;41,381;41,381;41,381;41,381;41,381;41,381;41,381;41,381;41,381
269;34,165;34,165;34,165;34,165;34,165;34,165;34,165;34,165;34,165;34,165
270;51,465;51,465;51,465;51,465;51,465;51,465;51,465;51,465;51,465;51,465
271;63,629;63,629;63,629;63,629;63,629;63,629;63,629;63,629;63,629;63,629
272;52,661;52,661;52,661;52,661;52,661;52,661;52,661;52,661;52,661;52,661
273;56,951;56,951;56,951;56,951;56,951;56,951;56,951;56,951;56,951;56,951
274;57,119;57,119;57,119;57,119;57,119;57,119;57,119;57,119;57,119;57,119
275;52,259;52,259;52,259;52,259;52,259;52,259;52,259;52,259;52,259;52,259
276;42,623;42,623;42,623;42,623;42,623;42,623;42,623;42,623;42,623;42,623
277;43,487;43,487;43,487;43,487;43,487;43,487;43,487;43,487;43,487;43,487
278;41,327;41,327;41,327;41,327;41,327;41,327;41,327;41,327;41,327;41,327
279;48,127;48,127;48,127;48,127;48,127;48,127;48,127;48,127;48,127;48,127
280;55,167;55,167;55,167;55,167;55,167;55,167;55,167;55,167;55,167;55,167
281;72,387;72,387;72,387;72,387;72,387;72,387;72,387;72,387;72,387;72,387
282;80,067;80,067;80,067;80,067;80,067;80,067;80,067;80,067;80,067;80,067
283;69,965;69,965;69,965;69,965;69,965;69,965;69,965;69,965;69,965;69,965
284;51,829;51,829;51,829;51,829;51,829;51,829;51,829;51,829;51,829;51,829
285;51,709;51,709;51,709;51,709;51,709;51,709;51,709;51,709;51,709;51,709
286;41,381;41,381;41,381;41,381;41,381;41,381;41,381;41,381;41,381;41,381
287;18,941;18,941;18,941;18,941;18,941;18,941;18,941;18,941;18,941;18,941
288;18,941;18,941;18,941;18,941;18,941;18,941;18,941;18,941;18,941;18,941
289;18,941;18,941;18,941;18,941;18,941;18,941;18,941;18,941;18,941;18,941
290;17,101;17,101;17,101;17,101;17,101;17,101;17,101;17,101;17,101;17,101
291;17,101;17,101;17,101;17,101;17,101;17,101;17,101;17,101;17,101;17,101
292;41,381;41,381;41,381;41,381;41,381;41,381;41,381;41,381;41,381;41,381
293;34,165;34,165;34,165;34,165;34,165;34,165;34,165;34,165;34,165;34,165
294;51,465;51,465;51,465;51,465;51,465;51,465;51,465;51,465;51,465;51,465
295;63,629;63,629;63,629;63,629;63,629;63,629;63,629;63,629;63,629;63,629
296;52,661;52,661;52,661;52,661;52,661;52,661;52,661;52,661;52,661;52,661
297;56,951;56,951;56,951;56,951;56,951;56,951;56,951;56,951;56,951;56,951
298;57,119;57,119;57,119;57,119;57,119;57,119;57,119;57,119;57,119;57,119
299;52,259;52,259;52,259;52,259;52,259;52,259;52,259;52,259;52,259;52,259
300;42,623;42,623;42,623;42,623;42,623;42,623;42,623;42,623;42,623;42,623
301;43,487;43,487;43,487;43,487;43,487;43,487;43,487;43,487;43,487;43,487
302;41,327;41,327;41,327;41,327;41,327;41,327;41,327;41,327;41,327;41,327
303;48,127;48,127;48,127;48,127;48,127;48,127;48,127;48,127;48,127;48,127
304;55,167;55,167;55,167;55,167;55,167;55,167;55,167;55,167;55,167;55,167
305;72,387;72,387;72,387;72,387;72,387;72,387;72,387;72,387;72,387;72,387
306;80,067;80,067;80,067;80,067;80,067;80,067;80,067;80,067;80,067;80,067
307;69,965;69,965;69,965;69,965;69,965;69,965;69,965;69,965;69,965;69,965
308;51,829;51,829;51,829;51,829;51,829;51,829;51,829;51,829;51,829;51,829
309;51,709;51,709;51,709;51,709;51,709;51,709;51,709;51,709;51,709;51,709
310;41,381;41,381;41,381;41,381;41,381;41,381;41,381;41,381;41,381;41,381
311;18,941;18,941;18,941;18,941;18,941;18,941;18,941;18,941;18,941;18,941
312;18,941;18,941;18,941;18,941;18,941;18,941;18,941;18,941;18,941;18,941
313;18,941;18,941;18,941;18,941;18,941;18,941;18,941;18,941;18,941;18,941
314;17,101;17,101;17,101;17,101;17,101;17,101;17,101;17,101;17,101;17,101
315;17,101;17,101;17,101;17,101;17,101;17,101;17,101;17,101;17,101;17,101
316;41,381;41,381;41,381;41,381;41,381;41,381;41,381;41,381;41,381;41,381
317;34,165;34,165;34,165;34,165;34,165;34,165;34,165;34,165;34,165;34,165
318;51,465;51,465;51,465;51,465;51,465;51,465;51,465;51,465;51,465;51,465
319;63,629;63,629;63,629;63,629;63,629;63,629;63,629;63,629;63,629;63,629
320;52,661;52,661;52,661;52,661;52,661;52,661;52,661;52,661;52,661;52,661
321;56,951;56,951;56,951;56,951;56,951;56,951;56,951;56,951;56,951;56,951
322;57,119;57,119;57,119;57,119;57,119;57,119;57,119;57,119;57,119;57,119
323;52,259;52,259;52,259;52,259;52,259;52,259;52,259;52,259;52,259;52,259
324;42,623;42,623;42,623;42,623;42,623;42,623;42,623;42,623;42,623;42,623
325;43,487;43,487;43,487;43,487;43,487;43,487;43,487;43,487;43,487;43,487
326;41,327;41,327;41,327;41,327;41,327;41,327;41,327;41,327;41,327;41,327
327;48,127;48,127;48,127;48,127;48,127;48,127;48,127;48,127;48,127;48,127
328;55,167;55,167;55,167;55,167;55,167;55,167;55,167;55,167;55,167;55,167
329;72,387;72,387;72,387;72,387;72,387;72,387;72,387;72,387;72,387;72,387
330;80,067;80,067;80,067;80,067;80,067;80,067;80,067;80,067;80,067;80,067
331;69,965;69,965;69,965;69,965;69,965;69,965;69,965;69,965;69,965;69,965
332;51,829;51,829;51,829;51,829;51,829;51,829;51,829;51,829;51,829;51,829
333;51,709;51,709;51,709;51,709;51,709;51,709;51,709;51,709;51,709;51,709
334;41,381;41,381;41,381;41,381;41,381;41,381;41,381;41,381;41,381;41,381
335;18,941;18,941;18,941;18,941;18,941;18,941;18,941;18,941;18,941;18,941
336;18,941;18,941;18,941;18,941;18,941;18,941;18,941;18,941;18,941;18,941
337;18,941;18,941;18,941;18,941;18,941;18,941;18,941;18,941;18,941;18,941
338;17,101;17,101;17,101;17,101;17,101;17,101;17,101;17,101;17,101;17,101
339;17,101;17,101;17,101;17,101;17,101;17,101;17,101;17,101;17,101;17,101
340;41,381;41,381;41,381;41,381;41,381;41,381;41,381;41,381;41,381;41,381
341;34,165;34,165;34,165;34,165;34,165;34,165;34,165;34,165;34,165;34,165
342;51,465;51,465;51,465;51,465;51,465;51,465;51,465;51,465;51,465;51,465
343;63,629;63,629;63,629;63,629;63,629;63,629;63,629;63,629;63,629;63,629
344;52,661;52,661;52,661;52,661;52,661;52,661;52,661;52,661;52,661;52,661
345;56,951;56,951;56,951;56,951;56,951;56,951;56,951;56,951;56,951;56,951
346;57,119;57,119;57,119;57,119;57,119;57,119;57,119;57,119;57,119;57,119
347;52,259;52,259;52,259;52,259;52,259;52,259;52,259;52,259;52,259;52,259
348;42,623;42,623;42,623;42,623;42,623;42,623;42,623;42,623;42,623;42,623
349;43,487;43,487;43,487;43,487;43,487;43,487;43,487;43,487;43,487;43,487
350;41,327;41,327;41,327;41,327;41,327;41,327;41,327;41,327;41,327;41,327
351;48,127;48,127;48,127;48,127;48,127;48,127;48,127;48,127;48,127;48,127
352;55,167;55,167;55,167;55,167;55,167;55,167;55,167;55,167;55,167;55,167
353;72,387;72,387;72,387;72,387;72,387;72,387;72,387;72,387;72,387;72,387
354;80,067;80,067;80,067;80,067;80,067;80,067;80,067;80,067;80,067;80,067
355;69,965;69,965;69,965;69,965;69,965;69,965;69,965;69,965;69,965;69,965
356;51,829;51,829;51,829;51,829;51,829;51,829;51,829;51,829;51,829;51,829
357;51,709;51,709;51,709;51,709;51,709;51,709;51,709;51,709;51,709;51,709
358;41,381;41,381;41,381;41,381;41,381;41,381;41,381;41,381;41,381;41,381
359;18,941;18,941;18,941;18,941;18,941;18,941;18,941;18,941;18,941;18,941
360;18,941;18,941;18,941;18,941;18,941;18,941;18,941;18,941;18,941;18,941
361;18,941;18,941;18,941;18,941;18,941;18,941;18,941;18,941;18,941;18,941
362;17,101;17,101;17,101;17,101;17,101;17,101;17,101;17,101;17,101;17,101
363;17,101;17,101;17,101;17,101;17,101;17,101;17,101;17,101;17,101;17,101
364;41,381;41,381;41,381;41,381;41,381;41,381;41,381;41,381;41,381;41,381
365;34,165;34,165;34,165;34,165;34,165;34,165;34,165;34,165;34,165;34,165
366;51,465;51,465;51,465;51,465;51,465;51,465;51,465;51,465;51,465;51,465
367;63,629;63,629;63,629;63,629;63,629;63,629;63,629;63,629;63,629;63,629
368;52,661;52,661;52,661;52,661;52,661;52,661;52,661;52,661;52,661;52,661
369;56,951;56,951;56,951;56,951;56,951;56,951;56,951;56,951;56,951;56,951
370;57,119;57,119;57,119;57,119;57,119;57,119;57,119;57,119;57,119;57,119
371;52,259;52,259;52,259;52,259;52,259;52,259;52,259;52,259;52,259;52,259
372;42,623;42,623;42,623;42,623;42,623;42,623;42,623;42,623;42,623;42,623
373;43,487;43,487;43,487;43,487;43,487;43,487;43,487;43,487;43,487;43,487
374;41,327;41,327;41,327;41,327;41,327;41,327;41,327;41,327;41,327;41,327
375;48,127;48,127;48,127;48,127;48,127;48,127;48,127;48,127;48,127;48,127
376;55,167;55,167;55,167;55,167;55,167;55,167;55,167;55,167;55,167;55,167
377;72,387;72,387;72,387;72,387;72,387;72,387;72,387;72,387;72,387;72,387
378;80,067;80,067;80,067;80,067;80,067;80,067;80,067;80,067;80,067;80,067
379;69,965;69,965;69,965;69,965;69,965;69,965;69,965;69,965;69,965;69,965
380;51,829;51,829;51,829;51,829;51,829;51,829;51,829;51,829;51,829;51,829
381;51,709;51,709;51,709;51,709;51,709;51,709;51,709;51,709;51,709;51,709
382;41,381;41,381;41,381;41,381;41,381;41,381;41,381;41,381;41,381;41,381
383;18,941;18,941;18,941;18,941;18,941;18,941;18,941;18,941;18,941;18,941
384;18,941;18,941;18,941;18,941;18,941;18,941;18,941;18,941;18,941;18,941
385;18,941;18,941;18,941;18,941;18,941;18,941;18,941;18,941;18,941;18,941
386;17,101;17,101;17,101;17,101;17,101;17,101;17,101;17,101;17,101;17,101
387;17,101;17,101;17,101;17,101;17,101;17,101;17,101;17,101;17,101;17,101
388;41,381;41,381;41,381;41,381;41,381;41,381;41,381;41,381;41,381;41,381
389;34,165;34,165;34,165;34,165;34,165;34,165;34,165;34,165;34,165;34,165
390;51,465;51,465;51,465;51,465;51,465;51,465;51,465;51,465;51,465;51,465
391;63,629;63,629;63,629;63,629;63,629;63,629;63,629;63,629;63,629;63,629
392;52,661;52,661;52,661;52,661;52,661;52,661;52,661;52,661;52,661;52,661
393;56,951;56,951;56,951;56,951;56,951;56,951;56,951;56,951;56,951;56,951
394;57,119;57,119;57,119;57,119;57,119;57,119;57,119;57,119;57,119;57,119
395;52,259;52,259;52,259;52,259;52,259;52,259;52,259;52,259;52,259;52,259
396;42,623;42,623;42,623;42,623;42,623;42,623;42,623;42,623;42,623;42,623
397;43,487;43,487;43,487;43,487;43,487;43,487;43,487;43,487;43,487;43,487
398;41,327;41,327;41,327;41,327;41,327;41,327;41,327;41,327;41,327;41,327
399;48,127;48,127;48,127;48,127;48,127;48,127;48,127;48,127;48,127;48,127
400;55,167;55,167;55,167;55,167;55,167;55,167;55,167;55,167;55,167;55,167
401;72,387;72,387;72,387;72,387;72,387;72,387;72,387;72,387;72,387;72,387
402;80,067;80,067;80,067;80,067;80,067;80,067;80,067;80,067;80,067;80,067
403;69,965;69,965;69,965;69,965;69,965;69,965;69,965;69,965;69,965;69,965
404;51,829;51,829;51,829;51,829;51,829;51,829;51,829;51,829;51,829;51,829
405;51,709;51,709;51,709;51,709;51,709;51,709;51,709;51,709;51,709;51,709
406;41,381;41,381;41,381;41,381;41,381;41,381;41,381;41,381;41,381;41,381
407;18,941;18,941;18,941;18,941;18,941;18,941;18,941;18,941;18,941;18,941
408;18,941;18,941;18,941;18,941;18,941;18,941;18,941;18,941;18,941;18,941
409;18,941;18,941;18,941;18,941;18,941;18,941;18,941;18,941;18,941;18,941
410;17,101;17,101;17,101;17,101;17,101;17,101;17,101;17,101;17,101;17,101
411;17,101;17,101;17,101;17,101;17,101;17,101;17,101;17,101;17,101;17,101
412;41,381;41,381;41,381;41,381;41,381;41,381;41,381;41,381;41,381;41,381
413;34,165;34,165;34,165;34,165;34,165;34,165;34,165;34,165;34,165;34,165
414;51,465;51,465;51,465;51,465;51,465;51,465;51,465;51,465;51,465;51,465
415;63,629;63,629;63,629;63,629;63,629;63,629;63,629;63,629;63,629;63,629
416;52,661;52,661;52,661;52,661;52,661;52,661;52,661;52,661;52,661;52,661
417;56,951;56,951;56,951;56,951;56,951;56,951;56,951;56,951;56,951;56,951
418;57,119;57,119;57,119;57,119;57,119;57,119;57,119;57,119;57,119;57,119
419;52,259;52,259;52,259;52,259;52,259;52,259;52,259;52,259;52,259;52,259
420;42,623;42,623;42,623;42,623;42,623;42,623;42,623;42,623;42,623;42,623
421;43,487;43,487;43,487;43,487;43,487;43,487;43,487;43,487;43,487;43,487
422;41,327;41,327;41,327;41,327;41,327;41,327;41,327;41,327;41,327;41,327
423;48,127;48,127;48,127;48,127;48,127;48,127;48,127;48,127;48,127;48,127
424;55,167;55,167;55,167;55,167;55,167;55,167;55,167;55,167;55,167;55,167
425;72,387;72,387;72,387;72,387;72,387;72,387;72,387;72,387;72,387;72,387
426;80,067;80,067;80,067;80,067;80,067;80,067;80,067;80,067;80,067;80,067
427;69,965;69,965;69,965;69,965;69,965;69,965;69,965;69,965;69,965;69,965
428;51,829;51,829;51,829;51,829;51,829;51,829;51,829;51,829;51,829;51,829
429;51,709;51,709;51,709;51,709;51,709;51,709;51,709;51,709;51,709;51,709
430;41,381;41,381;41,381;41,381;41,381;41,381;41,381;41,381;41,381;41,381
431;18,941;18,941;18,941;18,941;18,941;18,941;18,941;18,941;18,941;18,941
432;18,941;18,941;18,941;18,941;18,941;18,941;18,941;18,941;18,941;18,941
433;18,941;18,941;18,941;18,941;18,941;18,941;18,941;18,941;18,941;18,941
434;17,101;17,101;17,101;17,101;17,101;17,101;17,101;17,101;17,101;17,101
435;17,101;17,101;17,101;17,101;17,101;17,101;17,101;17,101;17,101;17,101
436;41,381;41,381;41,381;41,381;41,381;41,381;41,381;41,381;41,381;41,381
437;34,165;34,165;34,165;34,165;34,165;34,165;34,165;34,165;34,165;34,165
438;51,465;51,465;51,465;51,465;51,465;51,465;51,465;51,465;51,465;51,465
439;63,629;63,629;63,629;63,629;63,629;63,629;63,629;63,629;63,629;63,629
440;52,661;52,661;52,661;52,661;52,661;52,661;52,661;52,661;52,661;52,661
441;56,951;56,951;56,951;56,951;56,951;56,951;56,951;56,951;56,951;56,951
442;57,119;57,119;57,119;57,119;57,119;57,119;57,119;57,119;57,119;57,119
443;52,259;52,259;52,259;52,259;52,259;52,259;52,259;52,259;52,259;52,259
444;42,623;42,623;42,623;42,623;42,623;42,623;42,623;42,623;42,623;42,623
445;43,487;43,487;43,487;43,487;43,487;43,487;43,487;43,487;43,487;43,487
446;41,327;41,327;41,327;41,327;41,327;41,327;41,327;41,327;41,327;41,327
447;48,127;48,127;48,127;48,127;48,127;48,127;48,127;48,127;48,127;48,127
448;55,167;55,167;55,167;55,167;55,167;55,167;55,167;55,167;55,167;55,167
449;72,387;72,387;72,387;72,387;72,387;72,387;72,387;72,387;72,387;72,387
450;80,067;80,067;80,067;80,067;80,067;80,067;80,067;80,067;80,067;80,067
451;69,965;69,965;69,965;69,965;69,965;69,965;69,965;69,965;69,965;69,965
452;51,829;51,829;51,829;51,829;51,829;51,829;51,829;51,829;51,829;51,829
453;51,709;51,709;51,709;51,709;51,709;51,709;51,709;51,709;51,709;51,709
454;41,381;41,381;41,381;41,381;41,381;41,381;41,381;41,381;41,381;41,381
455;18,941;18,941;18,941;18,941;18,941;18,941;18,941;18,941;18,941;18,941
456;18,941;18,941;18,941;18,941;18,941;18,941;18,941;18,941;18,941;18,941
457;18,941;18,941;18,941;18,941;18,941;18,941;18,941;18,941;18,941;18,941
458;17,101;17,101;17,101;17,101;17,101;17,101;17,101;17,101;17,101;17,101
459;17,101;17,101;17,101;17,101;17,101;17,101;17,101;17,101;17,101;17,101
460;41,381;41,381;41,381;41,381;41,381;41,381;41,381;41,381;41,381;41,381
461;34,165;34,165;34,165;34,165;34,165;34,165;34,165;34,165;34,165;34,165
462;51,465;51,465;51,465;51,465;51,465;51,465;51,465;51,465;51,465;51,465
463;63,629;63,629;63,629;63,629;63,629;63,629;63,629;63,629;63,629;63,629
464;52,661;52,661;52,661;52,661;52,661;52,661;52,661;52,661;52,661;52,661
465;56,951;56,951;56,951;56,951;56,951;56,951;56,951;56,951;56,951;56,951
466;57,119;57,119;57,119;57,119;57,119;57,119;57,119;57,119;57,119;57,119
467;52,259;52,259;52,259;52,259;52,259;52,259;52,259;52,259;52,259;52,259
468;42,623;42,623;42,623;42,623;42,623;42,623;42,623;42,623;42,623;42,623
469;43,487;43,487;43,487;43,487;43,487;43,487;43,487;43,487;43,487;43,487
470;41,327;41,327;41,327;41,327;41,327;41,327;41,327;41,327;41,327;41,327
471;48,127;48,127;48,127;48,127;48,127;48,127;48,127;48,127;48,127;48,127
472;55,167;55,167;55,167;55,167;55,167;55,167;55,167;55,167;55,167;55,167
473;72,387;72,387;72,387;72,387;72,387;72,387;72,387;72,387;72,387;72,387
474;80,067;80,067;80,067;80,067;80,067;80,067;80,067;80,067;80,067;80,067
475;69,965;69,965;69,965;69,965;69,965;69,965;69,965;69,965;69,965;69,965
476;51,829;51,829;51,829;51,829;51,829;51,829;51,829;51,829;51,829;51,829
477;51,709;51,709;51,709;51,709;51,709;51,709;51,709;51,709;51,709;51,709
478;41,381;41,381;41,381;41,381;41,381;41,381;41,381;41,381;41,381;41,381
479;18,941;18,941;18,941;18,941;18,941;18,941;18,941;18,941;18,941;18,941
480;18,941;18,941;18,941;18,941;18,941;18,941;18,941;18,941;18,941;18,941
481;18,941;18,941;18,941;18,941;18,941;18,941;18,941;18,941;18,941;18,941
482;17,101;17,101;17,101;17,101;17,101;17,101;17,101;17,101;17,101;17,101
483;17,101;17,101;17,101;17,101;17,101;17,101;17,101;17,101;17,101;17,101
484;41,381;41,381;41,381;41,381;41,381;41,381;41,381;41,381;41,381;41,381
485;34,165;34,165;34,165;34,165;34,165;34,165;34,165;34,165;34,165;34,165
486;51,465;51,465;51,465;51,465;51,465;51,465;51,465;51,465;51,465;51,465
487;63,629;63,629;63,629;63,629;63,629;63,629;63,629;63,629;63,629;63,629
488;52,661;52,661;52,661;52,661;52,661;52,661;52,661;52,661;52,661;52,661
489;56,951;56,951;56,951;56,951;56,951;56,951;56,951;56,951;56,951;56,951
490;57,119;57,119;57,119;57,119;57,119;57,119;57,119;57,119;57,119;57,119
491;52,259;52,259;52,259;52,259;52,259;52,259;52,259;52,259;52,259;52,259
492;42,623;42,623;42,623;42,623;42,623;42,623;42,623;42,623;42,623;42,623
493;43,487;43,487;43,487;43,487;43,487;43,487;43,487;43,487;43,487;43,487
494;41,327;41,327;41,327;41,327;41,327;41,327;41,327;41,327;41,327;41,327
495;48,127;48,127;48,127;48,127;48,127;48,127;48,127;48,127;48,127;48,127
496;55,167;55,167;55,167;55,167;55,167;55,167;55,167;55,167;55,167;55,167
497;72,387;72,387;72,387;72,387;72,387;72,387;72,387;72,387;72,387;72,387
498;80,067;80,067;80,067;80,067;80,067;80,067;80,067;80,067;80,067;80,067
499;69,965;69,965;69,965;69,965;69,965;69,965;69,965;69,965;69,965;69,965
500;51,829;51,829;51,829;51,829;51,829;51,829;51,829;51,829;51,829;51,829
501;51,709;51,709;51,709;51,709;51,709;51,709;51,709;51,709;51,709;51,709
502;41,381;41,381;41,381;41,381;41,381;41,381;41,381;41,381;41,381;41,381
503;18,941;18,941;18,941;18,941;18,941;18,941;18,941;18,941;18,941;18,941
504;18,941;18,941;18,941;18,941;18,941;18,941;18,941;18,941;18,941;18,941
505;18,941;18,941;18,941;18,941;18,941;18,941;18,941;18,941;18,941;18,941
506;17,101;17,101;17,101;17,101;17,101;17,101;17,101;17,101;17,101;17,101
507;17,101;17,101;17,101;17,101;17,101;17,101;17,101;17,101;17,101;17,101
508;41,381;41,381;41,381;41,381;41,381;41,381;41,381;41,381;41,381;41,381
509;34,165;34,165;34,165;34,165;34,165;34,165;34,165;34,165;34,165;34,165
510;51,465;51,465;51,465;51,465;51,465;51,465;51,465;51,465;51,465;51,465
511;63,629;63,629;63,629;63,629;63,629;63,629;63,629;63,629;63,629;63,629
512;52,661;52,661;52,661;52,661;52,661;52,661;52,661;52,661;52,661;52,661
513;56,951;56,951;56,951;56,951;56,951;56,951;56,951;56,951;56,951;56,951
514;57,119;57,119;57,119;57,119;57,119;57,119;57,119;57,119;57,119;57,119
515;52,259;52,259;52,259;52,259;52,259;52,259;52,259;52,259;52,259;52,259
516;42,623;42,623;42,623;42,623;42,623;42,623;42,623;42,623;42,623;42,623
517;43,487;43,487;43,487;43,487;43,487;43,487;43,487;43,487;43,487;43,487
518;41,327;41,327;41,327;41,327;41,327;41,327;41,327;41,327;41,327;41,327
519;48,127;48,127;48,127;48,127;48,127;48,127;48,127;48,127;48,127;48,127
520;55,167;55,167;55,167;55,167;55,167;55,167;55,167;55,167;55,167;55,167
521;72,387;72,387;72,387;72,387;72,387;72,387;72,387;72,387;72,387;72,387
522;80,067;80,067;80,067;80,067;80,067;80,067;80,067;80,067;80,067;80,067
523;69,965;69,965;69,965;69,965;69,965;69,965;69,965;69,965;69,965;69,965
524;51,829;51,829;51,829;51,829;51,829;51,829;51,829;51,829;51,829;51,829
525;51,709;51,709;51,709;51,709;51,709;51,709;51,709;51,709;51,709;51,709
526;41,381;41,381;41,381;41,381;41,381;41,381;41,381;41,381;41,381;41,381
527;18,941;18,941;18,941;18,941;18,941;18,941;18,941;18,941;18,941;18,941
528;18,941;18,941;18,941;18,941;18,941;18,941;18,941;18,941;18,941;18,941
529;18,941;18,941;18,941;18,941;18,941;18,941;18,941;18,941;18,941;18,941
530;17,101;17,101;17,101;17,101;17,101;17,101;17,101;17,101;17,101;17,101
531;17,101;17,101;17,101;17,101;17,101;17,101;17,101;17,101;17,101;17,101
532;41,381;41,381;41,381;41,381;41,381;41,381;41,381;41,381;41,381;41,381
533;34,165;34,165;34,165;34,165;34,165;34,165;34,165;34,165;34,165;34,165
534;51,465;51,465;51,465;51,465;51,465;51,465;51,465;51,465;51,465;51,465
535;63,629;63,629;63,629;63,629;63,629;63,629;63,629;63,629;63,629;63,629
536;52,661;52,661;52,661;52,661;52,661;52,661;52,661;52,661;52,661;52,661
537;56,951;56,951;56,951;56,951;56,951;56,951;56,951;56,951;56,951;56,951
538;57,119;57,119;57,119;57,119;57,119;57,119;57,119;57,119;57,119;57,119
539;52,259;52,259;52,259;52,259;52,259;52,259;52,259;52,259;52,259;52,259
540;42,623;42,623;42,623;42,623;42,623;42,623;42,623;42,623;42,623;42,623
541;43,487;43,487;43,487;43,487;43,487;43,487;43,487;43,487;43,487;43,487
542;41,327;41,327;41,327;41,327;41,327;41,327;41,327;41,327;41,327;41,327
543;48,127;48,127;48,127;48,127;48,127;48,127;48,127;48,127;48,127;48,127
544;55,167;55,167;55,167;55,167;55,167;55,167;55,167;55,167;55,167;55,167
545;72,387;72,387;72,387;72,387;72,387;72,387;72,387;72,387;72,387;72,387
546;80,067;80,067;80,067;80,067;80,067;80,067;80,067;80,067;80,067;80,067
547;69,965;69,965;69,965;69,965;69,965;69,965;69,965;69,965;69,965;69,965
548;51,829;51,829;51,829;51,829;51,829;51,829;51,829;51,829;51,829;51,829
549;51,709;51,709;51,709;51,709;51,709;51,709;51,709;51,709;51,709;51,709
550;41,381;41,381;41,381;41,381;41,381;41,381;41,381;41,381;41,381;41,381
551;18,941;18,941;18,941;18,941;18,941;18,941;18,941;18,941;18,941;18,941
552;18,941;18,941;18,941;18,941;18,941;18,941;18,941;18,941;18,941;18,941
553;18,941;18,941;18,941;18,941;18,941;18,941;18,941;18,941;18,941;18,941
554;17,101;17,101;17,101;17,101;17,101;17,101;17,101;17,101;17,101;17,101
555;17,101;17,101;17,101;17,101;17,101;17,101;17,101;17,101;17,101;17,101
556;41,381;41,381;41,381;41,381;41,381;41,381;41,381;41,381;41,381;41,381
557;34,165;34,165;34,165;34,165;34,165;34,165;34,165;34,165;34,165;34,165
558;51,465;51,465;51,465;51,465;51,465;51,465;51,465;51,465;51,465;51,465
559;63,629;63,629;63,629;63,629;63,629;63,629;63,629;63,629;63,629;63,629
560;52,661;52,661;52,661;52,661;52,661;52,661;52,661;52,661;52,661;52,661
561;56,951;56,951;56,951;56,951;56,951;56,951;56,951;56,951;56,951;56,951
562;57,119;57,119;57,119;57,119;57,119;57,119;57,119;57,119;57,119;57,119
563;52,259;52,259;52,259;52,259;52,259;52,259;52,259;52,259;52,259;52,259
564;42,623;42,623;42,623;42,623;42,623;42,623;42,623;42,623;42,623;42,623
565;43,487;43,487;43,487;43,487;43,487;43,487;43,487;43,487;43,487;43,487
566;41,327;41,327;41,327;41,327;41,327;41,327;41,327;41,327;41,327;41,327
567;48,127;48,127;48,127;48,127;48,127;48,127;48,127;48,127;48,127;48,127
568;55,167;55,167;55,167;55,167;55,167;55,167;55,167;55,167;55,167;55,167
569;72,387;72,387;72,387;72,387;72,387;72,387;72,387;72,387;72,387;72,387
570;80,067;80,067;80,067;80,067;80,067;80,067;80,067;80,067;80,067;80,067
571;69,965;69,965;69,965;69,965;69,965;69,965;69,965;69,965;69,965;69,965
572;51,829;51,829;51,829;51,829;51,829;51,829;51,829;51,829;51,829;51,829
573;51,709;51,709;51,709;51,709;51,709;51,709;51,709;51,709;51,709;51,709
574;41,381;41,381;41,381;41,381;41,381;41,381;41,381;41,381;41,381;41,381
575;18,941;18,941;18,941;18,941;18,941;18,941;18,941;18,941;18,941;18,941
576;18,941;18,941;18,941;18,941;18,941;18,941;18,941;18,941;18,941;18,941
577;18,941;18,941;18,941;18,941;18,941;18,941;18,941;18,941;18,941;18,941
578;17,101;17,101;17,101;17,101;17,101;17,101;17,101;17,101;17,101;17,101
579;17,101;17,101;17,101;17,101;17,101;17,101;17,101;17,101;17,101;17,101
580;41,381;41,381;41,381;41,381;41,381;41,381;41,381;41,381;41,381;41,381
581;34,165;34,165;34,165;34,165;34,165;34,165;34,165;34,165;34,165;34,165
582;51,465;51,465;51,465;51,465;51,465;51,465;51,465;51,465;51,465;51,465
583;63,629;63,629;63,629;63,629;63,629;63,629;63,629;63,629;63,629;63,629
584;52,661;52,661;52,661;52,661;52,661;52,661;52,661;52,661;52,661;52,661
585;56,951;56,951;56,951;56,951;56,951;56,951;56,951;56,951;56,951;56,951
586;57,119;57,119;57,119;57,119;57,119;57,119;57,119;57,119;57,119;57,119
587;52,259;52,259;52,259;52,259;52,259;52,259;52,259;52,259;52,259;52,259
588;42,623;42,623;42,623;42,623;42,623;42,623;42,623;42,623;42,623;42,623
589;43,487;43,487;43,487;43,487;43,487;43,487;43,487;43,487;43,487;43,487
590;41,327;41,327;41,327;41,327;41,327;41,327;41,327;41,327;41,327;41,327
591;48,127;48,127;48,127;48,127;48,127;48,127;48,127;48,127;48,127;48,127
592;55,167;55,167;55,167;55,167;55,167;55,167;55,167;55,167;55,167;55,167
593;72,387;72,387;72,387;72,387;72,387;72,387;72,387;72,387;72,387;72,387
594;80,067;80,067;80,067;80,067;80,067;80,067;80,067;80,067;80,067;80,067
595;69,965;69,965;69,965;69,965;69,965;69,965;69,965;69,965;69,965;69,965
596;51,829;51,829;51,829;51,829;51,829;51,829;51,829;51,829;51,829;51,829
597;51,709;51,709;51,709;51,709;51,709;51,709;51,709;51,709;51,709;51,709
598;41,381;41,381;41,381;41,381;41,381;41,381;41,381;41,381;41,381;41,381
599;18,941;18,941;18,941;18,941;18,941;18,941;18,941;18,941;18,941;18,941
600;18,941;18,941;18,941;18,941;18,941;18,941;18,941;18,941;18,941;18,941
601;18,941;18,941;18,941;18,941;18,941;18,941;18,941;18,941;18,941;18,941
602;17,101;17,101;17,101;17,101;17,101;17,101;17,101;17,101;17,101;17,101
603;17,101;17,101;17,101;17,101;17,101;17,101;17,101;17,101;17,101;17,101
604;41,381;41,381;41,381;41,381;41,381;41,381;41,381;41,381;41,381;41,381
605;34,165;34,165;34,165;34,165;34,165;34,165;34,165;34,165;34,165;34,165
606;51,465;51,465;51,465;51,465;51,465;51,465;51,465;51,465;51,465;51,465
607;63,629;63,629;63,629;63,629;63,629;63,629;63,629;63,629;63,629;63,629
608;52,661;52,661;52,661;52,661;52,661;52,661;52,661;52,661;52,661;52,661
609;56,951;56,951;56,951;56,951;56,951;56,951;56,951;56,951;56,951;56,951
610;57,119;57,119;57,119;57,119;57,119;57,119;57,119;57,119;57,119;57,119
611;52,259;52,259;52,259;52,259;52,259;52,259;52,259;52,259;52,259;52,259
612;42,623;42,623;42,623;42,623;42,623;42,623;42,623;42,623;42,623;42,623
613;43,487;43,487;43,487;43,487;43,487;43,487;43,487;43,487;43,487;43,487
614;41,327;41,327;41,327;41,327;41,327;41,327;41,327;41,327;41,327;41,327
615;48,127;48,127;48,127;48,127;48,127;48,127;48,127;48,127;48,127;48,127
616;55,167;55,167;55,167;55,167;55,167;55,167;55,167;55,167;55,167;55,167
617;72,387;72,387;72,387;72,387;72,387;72,387;72,387;72,387;72,387;72,387
618;80,067;80,067;80,067;80,067;80,067;80,067;80,067;80,067;80,067;80,067
619;69,965;69,965;69,965;69,965;69,965;69,965;69,965;69,965;69,965;69,965
620;51,829;51,829;51,829;51,829;51,829;51,829;51,829;51,829;51,829;51,829
621;51,709;51,709;51,709;51,709;51,709;51,709;51,709;51,709;51,709;51,709
622;41,381;41,381;41,381;41,381;41,381;41,381;41,381;41,381;41,381;41,381
623;18,941;18,941;18,941;18,941;18,941;18,941;18,941;18,941;18,941;18,941
624;18,941;18,941;18,941;18,941;18,941;18,941;18,941;18,941;18,941;18,941
625;18,941;18,941;18,941;18,941;18,941;18,941;18,941;18,941;18,941;18,941
626;17,101;17,101;17,101;17,101;17,101;17,101;17,101;17,101;17,101;17,101
627;17,101;17,101;17,101;17,101;17,101;17,101;17,101;17,101;17,101;17,101
628;41,381;41,381;41,381;41,381;41,381;41,381;41,381;41,381;41,381;41,381
629;34,165;34,165;34,165;34,165;34,165;34,165;34,165;34,165;34,165;34,165
630;51,465;51,465;51,465;51,465;51,465;51,465;51,465;51,465;51,465;51,465
631;63,629;63,629;63,629;63,629;63,629;63,629;63,629;63,629;63,629;63,629
632;52,661;52,661;52,661;52,661;52,661;52,661;52,661;52,661;52,661;52,661
633;56,951;56,951;56,951;56,951;56,951;56,951;56,951;56,951;56,951;56,951
634;57,119;57,119;57,119;57,119;57,119;57,119;57,119;57,119;57,119;57,119
635;52,259;52,259;52,259;52,259;52,259;52,259;52,259;52,259;52,259;52,259
636;42,623;42,623;42,623;42,623;42,623;42,623;42,623;42,623;42,623;42,623
637;43,487;43,487;43,487;43,487;43,487;43,487;43,487;43,487;43,487;43,487
638;41,327;41,327;41,327;41,327;41,327;41,327;41,327;41,327;41,327;41,327
639;48,127;48,127;48,127;48,127;48,127;48,127;48,127;48,127;48,127;48,127
640;55,167;55,167;55,167;55,167;55,167;55,167;55,167;55,167;55,167;55,167
641;72,387;72,387;72,387;72,387;72,387;72,387;72,387;72,387;72,387;72,387
642;80,067;80,067;80,067;80,067;80,067;80,067;80,067;80,067;80,067;80,067
643;69,965;69,965;69,965;69,965;69,965;69,965;69,965;69,965;69,965;69,965
644;51,829;51,829;51,829;51,829;51,829;51,829;51,829;51,829;51,829;51,829
645;51,709;51,709;51,709;51,709;51,709;51,709;51,709;51,709;51,709;51,709
646;41,381;41,381;41,381;41,381;41,381;41,381;41,381;41,381;41,381;41,381
647;18,941;18,941;18,941;18,941;18,941;18,941;18,941;18,941;18,941;18,941
648;18,941;18,941;18,941;18,941;18,941;18,941;18,941;18,941;18,941;18,941
649;18,941;18,941;18,941;18,941;18,941;18,941;18,941;18,941;18,941;18,941
650;17,101;17,101;17,101;17,101;17,101;17,101;17,101;17,101;17,101;17,101
651;17,101;17,101;17,101;17,101;17,101;17,101;17,101;17,101;17,101;17,101
652;41,381;41,381;41,381;41,381;41,381;41,381;41,381;41,381;41,381;41,381
653;34,165;34,165;34,165;34,165;34,165;34,165;34,165;34,165;34,165;34,165
654;51,465;51,465;51,465;51,465;51,465;51,465;51,465;51,465;51,465;51,465
655;63,629;63,629;63,629;63,629;63,629;63,629;63,629;63,629;63,629;63,629
656;52,661;52,661;52,661;52,661;52,661;52,661;52,661;52,661;52,661;52,661
657;56,951;56,951;56,951;56,951;56,951;56,951;56,951;56,951;56,951;56,951
658;57,119;57,119;57,119;57,119;57,119;57,119;57,119;57,119;57,119;57,119
659;52,259;52,259;52,259;52,259;52,259;52,259;52,259;52,259;52,259;52,259
660;42,623;42,623;42,623;42,623;42,623;42,623;42,623;42,623;42,623;42,623
661;43,487;43,487;43,487;43,487;43,487;43,487;43,487;43,487;43,487;43,487
662;41,327;41,327;41,327;41,327;41,327;41,327;41,327;41,327;41,327;41,327
663;48,127;48,127;48,127;48,127;48,127;48,127;48,127;48,127;48,127;48,127
664;55,167;55,167;55,167;55,167;55,167;55,167;55,167;55,167;55,167;55,167
665;72,387;72,387;72,387;72,387;72,387;72,387;72,387;72,387;72,387;72,387
666;80,067;80,067;80,067;80,067;80,067;80,067;80,067;80,067;80,067;80,067
667;69,965;69,965;69,965;69,965;69,965;69,965;69,965;69,965;69,965;69,965
668;51,829;51,829;51,829;51,829;51,829;51,829;51,829;51,829;51,829;51,829
669;51,709;51,709;51,709;51,709;51,709;51,709;51,709;51,709;51,709;51,709
670;41,381;41,381;41,381;41,381;41,381;41,381;41,381;41,381;41,381;41,381
671;18,941;18,941;18,941;18,941;18,941;18,941;18,941;18,941;18,941;18,941
672;18,941;18,941;18,941;18,941;18,941;18,941;18,941;18,941;18,941;18,941
673;18,941;18,941;18,941;18,941;18,941;18,941;18,941;18,941;18,941;18,941
674;17,101;17,101;17,101;17,101;17,101;17,101;17,101;17,101;17,101;17,101
675;17,101;17,101;17,101;17,101;17,101;17,101;17,101;17,101;17,101;17,101
676;41,381;41,381;41,381;41,381;41,381;41,381;41,381;41,381;41,381;41,381
677;34,165;34,165;34,165;34,165;34,165;34,165;34,165;34,165;34,165;34,165
678;51,465;51,465;51,465;51,465;51,465;51,465;51,465;51,465;51,465;51,465
679;63,629;63,629;63,629;63,629;63,629;63,629;63,629;63,629;63,629;63,629
680;52,661;52,661;52,661;52,661;52,661;52,661;52,661;52,661;52,661;52,661
681;56,951;56,951;56,951;56,951;56,951;56,951;56,951;56,951;56,951;56,951
682;57,119;57,119;57,119;57,119;57,119;57,119;57,119;57,119;57,119;57,119
683;52,259;52,259;52,259;52,259;52,259;52,259;52,259;52,259;52,259;52,259
684;42,623;42,623;42,623;42,623;42,623;42,623;42,623;42,623;42,623;42,623
685;43,487;43,487;43,487;43,487;43,487;43,487;43,487;43,487;43,487;43,487
686;41,327;41,327;41,327;41,327;41,327;41,327;41,327;41,327;41,327;41,327
687;48,127;48,127;48,127;48,127;48,127;48,127;48,127;48,127;48,127;48,127
688;55,167;55,167;55,167;55,167;55,167;55,167;55,167;55,167;55,167;55,167
689;72,387;72,387;72,387;72,387;72,387;72,387;72,387;72,387;72,387;72,387
690;80,067;80,067;80,067;80,067;80,067;80,067;80,067;80,067;80,067;80,067
691;69,965;69,965;69,965;69,965;69,965;69,965;69,965;69,965;69,965;69,965
692;51,829;51,829;51,829;51,829;51,829;51,829;51,829;51,829;51,829;51,829
693;51,709;51,709;51,709;51,709;51,709;51,709;51,709;51,709;51,709;51,709
694;41,381;41,381;41,381;41,381;41,381;41,381;41,381;41,381;41,381;41,381
695;18,941;18,941;18,941;18,941;18,941;18,941;18,941;18,941;18,941;18,941
696;18,941;18,941;18,941;18,941;18,941;18,941;18,941;18,941;18,941;18,941
697;18,941;18,941;18,941;18,941;18,941;18,941;18,941;18,941;18,941;18,941
698;17,101;17,101;17,101;17,101;17,101;17,101;17,101;17,101;17,101;17,101
699;17,101;17,101;17,101;17,101;17,101;17,101;17,101;17,101;17,101;17,101
700;41,381;41,381;41,381;41,381;41,381;41,381;41,381;41,381;41,381;41,381
701;34,165;34,165;34,165;34,165;34,165;34,165;34,165;34,165;34,165;34,165
702;51,465;51,465;51,465;51,465;51,465;51,465;51,465;51,465;51,465;51,465
703;63,629;63,629;63,629;63,629;63,629;63,629;63,629;63,629;63,629;63,629
704;52,661;52,661;52,661;52,661;52,661;52,661;52,661;52,661;52,661;52,661
705;56,951;56,951;56,951;56,951;56,951;56,951;56,951;56,951;56,951;56,951
706;57,119;57,119;57,119;57,119;57,119;57,119;57,119;57,119;57,119;57,119
707;52,259;52,259;52,259;52,259;52,259;52,259;52,259;52,259;52,259;52,259
708;42,623;42,623;42,623;42,623;42,623;42,623;42,623;42,623;42,623;42,623
709;43,487;43,487;43,487;43,487;43,487;43,487;43,487;43,487;43,487;43,487
710;41,327;41,327;41,327;41,327;41,327;41,327;41,327;41,327;41,327;41,327
711;48,127;48,127;48,127;48,127;48,127;48,127;48,127;48,127;48,127;48,127
712;55,167;55,167;55,167;55,167;55,167;55,167;55,167;55,167;55,167;55,167
713;72,387;72,387;72,387;72,387;72,387;72,387;72,387;72,387;72,387;72,387
714;80,067;80,067;80,067;80,067;80,067;80,067;80,067;80,067;80,067;80,067
715;69,965;69,965;69,965;69,965;69,965;69,965;69,965;69,965;69,965;69,965
716;51,829;51,829;51,829;51,829;51,829;51,829;51,829;51,829;51,829;51,829
717;51,709;51,709;51,709;51,709;51,709;51,709;51,709;51,709;51,709;51,709
718;41,381;41,381;41,381;41,381;41,381;41,381;41,381;41,381;41,381;41,381
719;18,941;18,941;18,941;18,941;18,941;18,941;18,941;18,941;18,941;18,941
720;18,941;18,941;18,941;18,941;18,941;18,941;18,941;18,941;18,941;18,941
721;18,941;18,941;18,941;18,941;18,941;18,941;18,941;18,941;18,941;18,941
722;17,101;17,101;17,101;17,101;17,101;17,101;17,101;17,101;17,101;17,101
723;17,101;17,101;17,101;17,101;17,101;17,101;17,101;17,101;17,101;17,101
724;41,381;41,381;41,381;41,381;41,381;41,381;41,381;41,381;41,381;41,381
725;34,165;34,165;34,165;34,165;34,165;34,165;34,165;34,165;34,165;34,165
726;51,465;51,465;51,465;51,465;51,465;51,465;51,465;51,465;51,465;51,465
727;63,629;63,629;63,629;63,629;63,629;63,629;63,629;63,629;63,629;63,629
728;52,661;52,661;52,661;52,661;52,661;52,661;52,661;52,661;52,661;52,661
729;56,951;56,951;56,951;56,951;56,951;56,951;56,951;56,951;56,951;56,951
730;57,119;57,119;57,119;57,119;57,119;57,119;57,119;57,119;57,119;57,119
731;52,259;52,259;52,259;52,259;52,259;52,259;52,259;52,259;52,259;52,259
732;42,623;42,623;42,623;42,623;42,623;42,623;42,623;42,623;42,623;42,623
733;43,487;43,487;43,487;43,487;43,487;43,487;43,487;43,487;43,487;43,487
734;41,327;41,327;41,327;41,327;41,327;41,327;41,327;41,327;41,327;41,327
735;48,127;48,127;48,127;48,127;48,127;48,127;48,127;48,127;48,127;48,127
736;55,167;55,167;55,167;55,167;55,167;55,167;55,167;55,167;55,167;55,167
737;72,387;72,387;72,387;72,387;72,387;72,387;72,387;72,387;72,387;72,387
738;80,067;80,067;80,067;80,067;80,067;80,067;80,067;80,067;80,067;80,067
739;69,965;69,965;69,965;69,965;69,965;69,965;69,965;69,965;69,965;69,965
740;51,829;51,829;51,829;51,829;51,829;51,829;51,829;51,829;51,829;51,829
741;51,709;51,709;51,709;51,709;51,709;51,709;51,709;51,709;51,709;51,709
742;41,381;41,381;41,381;41,381;41,381;41,381;41,381;41,381;41,381;41,381
743;18,941;18,941;18,941;18,941;18,941;18,941;18,941;18,941;18,941;18,941
744;18,941;18,941;18,941;18,941;18,941;18,941;18,941;18,941;18,941;18,941
745;18,941;18,941;18,941;18,941;18,941;18,941;18,941;18,941;18,941;18,941
746;17,101;17,101;17,101;17,101;17,101;17,101;17,101;17,101;17,101;17,101
747;17,101;17,101;17,101;17,101;17,101;17,101;17,101;17,101;17,101;17,101
748;41,381;41,381;41,381;41,381;41,381;41,381;41,381;41,381;41,381;41,381
749;34,165;34,165;34,165;34,165;34,165;34,165;34,165;34,165;34,165;34,165
750;51,465;51,465;51,465;51,465;51,465;51,465;51,465;51,465;51,465;51,465
751;63,629;63,629;63,629;63,629;63,629;63,629;63,629;63,629;63,629;63,629
752;52,661;52,661;52,661;52,661;52,661;52,661;52,661;52,661;52,661;52,661
753;56,951;56,951;56,951;56,951;56,951;56,951;56,951;56,951;56,951;56,951
754;57,119;57,119;57,119;57,119;57,119;57,119;57,119;57,119;57,119;57,119
755;52,259;52,259;52,259;52,259;52,259;52,259;52,259;52,259;52,259;52,259
756;42,623;42,623;42,623;42,623;42,623;42,623;42,623;42,623;42,623;42,623
757;43,487;43,487;43,487;43,487;43,487;43,487;43,487;43,487;43,487;43,487
758;41,327;41,327;41,327;41,327;41,327;41,327;41,327;41,327;41,327;41,327
759;48,127;48,127;48,127;48,127;48,127;48,127;48,127;48,127;48,127;48,127
760;55,167;55,167;55,167;55,167;55,167;55,167;55,167;55,167;55,167;55,167
761;72,387;72,387;72,387;72,387;72,387;72,387;72,387;72,387;72,387;72,387
762;80,067;80,067;80,067;80,067;80,067;80,067;80,067;80,067;80,067;80,067
763;69,965;69,965;69,965;69,965;69,965;69,965;69,965;69,965;69,965;69,965
764;51,829;51,829;51,829;51,829;51,829;51,829;51,829;51,829;51,829;51,829
765;51,709;51,709;51,709;51,709;51,709;51,709;51,709;51,709;51,709;51,709
766;41,381;41,381;41,381;41,381;41,381;41,381;41,381;41,381;41,381;41,381
767;18,941;18,941;18,941;18,941;18,941;18,941;18,941;18,941;18,941;18,941
768;18,941;18,941;18,941;18,941;18,941;18,941;18,941;18,941;18,941;18,941
769;18,941;18,941;18,941;18,941;18,941;18,941;18,941;18,941;18,941;18,941
770;17,101;17,101;17,101;17,101;17,101;17,101;17,101;17,101;17,101;17,101
771;17,101;17,101;17,101;17,101;17,101;17,101;17,101;17,101;17,101;17,101
772;41,381;41,381;41,381;41,381;41,381;41,381;41,381;41,381;41,381;41,381
773;34,165;34,165;34,165;34,165;34,165;34,165;34,165;34,165;34,165;34,165
774;51,465;51,465;51,465;51,465;51,465;51,465;51,465;51,465;51,465;51,465
775;63,629;63,629;63,629;63,629;63,629;63,629;63,629;63,629;63,629;63,629
776;52,661;52,661;52,661;52,661;52,661;52,661;52,661;52,661;52,661;52,661
777;56,951;56,951;56,951;56,951;56,951;56,951;56,951;56,951;56,951;56,951
778;57,119;57,119;57,119;57,119;57,119;57,119;57,119;57,119;57,119;57,119
779;52,259;52,259;52,259;52,259;52,259;52,259;52,259;52,259;52,259;52,259
780;42,623;42,623;42,623;42,623;42,623;42,623;42,623;42,623;42,623;42,623
781;43,487;43,487;43,487;43,487;43,487;43,487;43,487;43,487;43,487;43,487
782;41,327;41,327;41,327;41,327;41,327;41,327;41,327;41,327;41,327;41,327
783;48,127;48,127;48,127;48,127;48,127;48,127;48,127;48,127;48,127;48,127
784;55,167;55,167;55,167;55,167;55,167;55,167;55,167;55,167;55,167;55,167
785;72,387;72,387;72,387;72,387;72,387;72,387;72,387;72,387;72,387;72,387
786;80,067;80,067;80,067;80,067;80,067;80,067;80,067;80,067;80,067;80,067
787;69,965;69,965;69,965;69,965;69,965;69,965;69,965;69,965;69,965;69,965
788;51,829;51,829;51,829;51,829;51,829;51,829;51,829;51,829;51,829;51,829
789;51,709;51,709;51,709;51,709;51,709;51,709;51,709;51,709;51,709;51,709
790;41,381;41,381;41,381;41,381;41,381;41,381;41,381;41,381;41,381;41,381
791;18,941;18,941;18,941;18,941;18,941;18,941;18,941;18,941;18,941;18,941
792;18,941;18,941;18,941;18,941;18,941;18,941;18,941;18,941;18,941;18,941
793;18,941;18,941;18,941;18,941;18,941;18,941;18,941;18,941;18,941;18,941
794;17,101;17,101;17,101;17,101;17,101;17,101;17,101;17,101;17,101;17,101
795;17,101;17,101;17,101;17,101;17,101;17,101;17,101;17,101;17,101;17,101
796;41,381;41,381;41,381;41,381;41,381;41,381;41,381;41,381;41,381;41,381
797;34,165;34,165;34,165;34,165;34,165;34,165;34,165;34,165;34,165;34,165
798;51,465;51,465;51,465;51,465;51,465;51,465;51,465;51,465;51,465;51,465
799;63,629;63,629;63,629;63,629;63,629;63,629;63,629;63,629;63,629;63,629
800;52,661;52,661;52,661;52,661;52,661;52,661;52,661;52,661;52,661;52,661
801;56,951;56,951;56,951;56,951;56,951;56,951;56,951;56,951;56,951;56,951
802;57,119;57,119;57,119;57,119;57,119;57,119;57,119;57,119;57,119;57,119
803;52,259;52,259;52,259;52,259;52,259;52,259;52,259;52,259;52,259;52,259
804;42,623;42,623;42,623;42,623;42,623;42,623;42,623;42,623;42,623;42,623
805;43,487;43,487;43,487;43,487;43,487;43,487;43,487;43,487;43,487;43,487
806;41,327;41,327;41,327;41,327;41,327;41,327;41,327;41,327;41,327;41,327
807;48,127;48,127;48,127;48,127;48,127;48,127;48,127;48,127;48,127;48,127
808;55,167;55,167;55,167;55,167;55,167;55,167;55,167;55,167;55,167;55,167
809;72,387;72,387;72,387;72,387;72,387;72,387;72,387;72,387;72,387;72,387
810;80,067;80,067;80,067;80,067;80,067;80,067;80,067;80,067;80,067;80,067
811;69,965;69,965;69,965;69,965;69,965;69,965;69,965;69,965;69,965;69,965
812;51,829;51,829;51,829;51,829;51,829;51,829;51,829;51,829;51,829;51,829
813;51,709;51,709;51,709;51,709;51,709;51,709;51,709;51,709;51,709;51,709
814;41,381;41,381;41,381;41,381;41,381;41,381;41,381;41,381;41,381;41,381
815;18,941;18,941;18,941;18,941;18,941;18,941;18,941;18,941;18,941;18,941
816;18,941;18,941;18,941;18,941;18,941;18,941;18,941;18,941;18,941;18,941
817;18,941;18,941;18,941;18,941;18,941;18,941;18,941;18,941;18,941;18,941
818;17,101;17,101;17,101;17,101;17,101;17,101;17,101;17,101;17,101;17,101
819;17,101;17,101;17,101;17,101;17,101;17,101;17,101;17,101;17,101;17,101
820;41,381;41,381;41,381;41,381;41,381;41,381;41,381;41,381;41,381;41,381
821;34,165;34,165;34,165;34,165;34,165;34,165;34,165;34,165;34,165;34,165
822;51,465;51,465;51,465;51,465;51,465;51,465;51,465;51,465;51,465;51,465
823;63,629;63,629;63,629;63,629;63,629;63,629;63,629;63,629;63,629;63,629
824;52,661;52,661;52,661;52,661;52,661;52,661;52,661;52,661;52,661;52,661
825;56,951;56,951;56,951;56,951;56,951;56,951;56,951;56,951;56,951;56,951
826;57,119;57,119;57,119;57,119;57,119;57,119;57,119;57,119;57,119;57,119
827;52,259;52,259;52,259;52,259;52,259;52,259;52,259;52,259;52,259;52,259
828;42,623;42,623;42,623;42,623;42,623;42,623;42,623;42,623;42,623;42,623
829;43,487;43,487;43,487;43,487;43,487;43,487;43,487;43,487;43,487;43,487
830;41,327;41,327;41,327;41,327;41,327;41,327;41,327;41,327;41,327;41,327
831;48,127;48,127;48,127;48,127;48,127;48,127;48,127;48,127;48,127;48,127
832;55,167;55,167;55,167;55,167;55,167;55,167;55,167;55,167;55,167;55,167
833;72,387;72,387;72,387;72,387;72,387;72,387;72,387;72,387;72,387;72,387
834;80,067;80,067;80,067;80,067;80,067;80,067;80,067;80,067;80,067;80,067
835;69,965;69,965;69,965;69,965;69,965;69,965;69,965;69,965;69,965;69,965
836;51,829;51,829;51,829;51,829;51,829;51,829;51,829;51,829;51,829;51,829
837;51,709;51,709;51,709;51,709;51,709;51,709;51,709;51,709;51,709;51,709
838;41,381;41,381;41,381;41,381;41,381;41,381;41,381;41,381;41,381;41,381
839;18,941;18,941;18,941;18,941;18,941;18,941;18,941;18,941;18,941;18,941
840;18,941;18,941;18,941;18,941;18,941;18,941;18,941;18,941;18,941;18,941
841;18,941;18,941;18,941;18,941;18,941;18,941;18,941;18,941;18,941;18,941
842;17,101;17,101;17,101;17,101;17,101;17,101;17,101;17,101;17,101;17,101
843;17,101;17,101;17,101;17,101;17,101;17,101;17,101;17,101;17,101;17,101
844;41,381;41,381;41,381;41,381;41,381;41,381;41,381;41,381;41,381;41,381
845;34,165;34,165;34,165;34,165;34,165;34,165;34,165;34,165;34,165;34,165
846;51,465;51,465;51,465;51,465;51,465;51,465;51,465;51,465;51,465;51,465
847;63,629;63,629;63,629;63,629;63,629;63,629;63,629;63,629;63,629;63,629
848;52,661;52,661;52,661;52,661;52,661;52,661;52,661;52,661;52,661;52,661
849;56,951;56,951;56,951;56,951;56,951;56,951;56,951;56,951;56,951;56,951
850;57,119;57,119;57,119;57,119;57,119;57,119;57,119;57,119;57,119;57,119
851;52,259;52,259;52,259;52,259;52,259;52,259;52,259;52,259;52,259;52,259
852;42,623;42,623;42,623;42,623;42,623;42,623;42,623;42,623;42,623;42,623
853;43,487;43,487;43,487;43,487;43,487;43,487;43,487;43,487;43,487;43,487
854;41,327;41,327;41,327;41,327;41,327;41,327;41,327;41,327;41,327;41,327
855;48,127;48,127;48,127;48,127;48,127;48,127;48,127;48,127;48,127;48,127
856;55,167;55,167;55,167;55,167;55,167;55,167;55,167;55,167;55,167;55,167
857;72,387;72,387;72,387;72,387;72,387;72,387;72,387;72,387;72,387;72,387
858;80,067;80,067;80,067;80,067;80,067;80,067;80,067;80,067;80,067;80,067
859;69,965;69,965;69,965;69,965;69,965;69,965;69,965;69,965;69,965;69,965
860;51,829;51,829;51,829;51,829;51,829;51,829;51,829;51,829;51,829;51,829
861;51,709;51,709;51,709;51,709;51,709;51,709;51,709;51,709;51,709;51,709
862;41,381;41,381;41,381;41,381;41,381;41,381;41,381;41,381;41,381;41,381
863;18,941;18,941;18,941;18,941;18,941;18,941;18,941;18,941;18,941;18,941
864;18,941;18,941;18,941;18,941;18,941;18,941;18,941;18,941;18,941;18,941
865;18,941;18,941;18,941;18,941;18,941;18,941;18,941;18,941;18,941;18,941
866;17,101;17,101;17,101;17,101;17,101;17,101;17,101;17,101;17,101;17,101
867;17,101;17,101;17,101;17,101;17,101;17,101;17,101;17,101;17,101;17,101
868;41,381;41,381;41,381;41,381;41,381;41,381;41,381;41,381;41,381;41,381
869;34,165;34,165;34,165;34,165;34,165;34,165;34,165;34,165;34,165;34,165
870;51,465;51,465;51,465;51,465;51,465;51,465;51,465;51,465;51,465;51,465
871;63,629;63,629;63,629;63,629;63,629;63,629;63,629;63,629;63,629;63,629
872;52,661;52,661;52,661;52,661;52,661;52,661;52,661;52,661;52,661;52,661
873;56,951;56,951;56,951;56,951;56,951;56,951;56,951;56,951;56,951;56,951
874;57,119;57,119;57,119;57,119;57,119;57,119;57,119;57,119;57,119;57,119
875;52,259;52,259;52,259;52,259;52,259;52,259;52,259;52,259;52,259;52,259
876;42,623;42,623;42,623;42,623;42,623;42,623;42,623;42,623;42,623;42,623
877;43,487;43,487;43,487;43,487;43,487;43,487;43,487;43,487;43,487;43,487
878;41,327;41,327;41,327;41,327;41,327;41,327;41,327;41,327;41,327;41,327
879;48,127;48,127;48,127;48,127;48,127;48,127;48,127;48,127;48,127;48,127
880;55,167;55,167;55,167;55,167;55,167;55,167;55,167;55,167;55,167;55,167
881;72,387;72,387;72,387;72,387;72,387;72,387;72,387;72,387;72,387;72,387
882;80,067;80,067;80,067;80,067;80,067;80,067;80,067;80,067;80,067;80,067
883;69,965;69,965;69,965;69,965;69,965;69,965;69,965;69,965;69,965;69,965
884;51,829;51,829;51,829;51,829;51,829;51,829;51,829;51,829;51,829;51,829
885;51,709;51,709;51,709;51,709;51,709;51,709;51,709;51,709;51,709;51,709
886;41,381;41,381;41,381;41,381;41,381;41,381;41,381;41,381;41,381;41,381
887;18,941;18,941;18,941;18,941;18,941;18,941;18,941;18,941;18,941;18,941
888;18,941;18,941;18,941;18,941;18,941;18,941;18,941;18,941;18,941;18,941
889;18,941;18,941;18,941;18,941;18,941;18,941;18,941;18,941;18,941;18,941
890;17,101;17,101;17,101;17,101;17,101;17,101;17,101;17,101;17,101;17,101
891;17,101;17,101;17,101;17,101;17,101;17,101;17,101;17,101;17,101;17,101
892;41,381;41,381;41,381;41,381;41,381;41,381;41,381;41,381;41,381;41,381
893;34,165;34,165;34,165;34,165;34,165;34,165;34,165;34,165;34,165;34,165
894;51,465;51,465;51,465;51,465;51,465;51,465;51,465;51,465;51,465;51,465
895;63,629;63,629;63,629;63,629;63,629;63,629;63,629;63,629;63,629;63,629
896;52,661;52,661;52,661;52,661;52,661;52,661;52,661;52,661;52,661;52,661
897;56,951;56,951;56,951;56,951;56,951;56,951;56,951;56,951;56,951;56,951
898;57,119;57,119;57,119;57,119;57,119;57,119;57,119;57,119;57,119;57,119
899;52,259;52,259;52,259;52,259;52,259;52,259;52,259;52,259;52,259;52,259
900;42,623;42,623;42,623;42,623;42,623;42,623;42,623;42,623;42,623;42,623
901;43,487;43,487;43,487;43,487;43,487;43,487;43,487;43,487;43,487;43,487
902;41,327;41,327;41,327;41,327;41,327;41,327;41,327;41,327;41,327;41,327
903;48,127;48,127;48,127;48,127;48,127;48,127;48,127;48,127;48,127;48,127
904;55,167;55,167;55,167;55,167;55,167;55,167;55,167;55,167;55,167;55,167
905;72,387;72,387;72,387;72,387;72,387;72,387;72,387;72,387;72,387;72,387
906;80,067;80,067;80,067;80,067;80,067;80,067;80,067;80,067;80,067;80,067
907;69,965;69,965;69,965;69,965;69,965;69,965;69,965;69,965;69,965;69,965
908;51,829;51,829;51,829;51,829;51,829;51,829;51,829;51,829;51,829;51,829
909;51,709;51,709;51,709;51,709;51,709;51,709;51,709;51,709;51,709;51,709
910;41,381;41,381;41,381;41,381;41,381;41,381;41,381;41,381;41,381;41,381
911;18,941;18,941;18,941;18,941;18,941;18,941;18,941;18,941;18,941;18,941
912;18,941;18,941;18,941;18,941;18,941;18,941;18,941;18,941;18,941;18,941
913;18,941;18,941;18,941;18,941;18,941;18,941;18,941;18,941;18,941;18,941
914;17,101;17,101;17,101;17,101;17,101;17,101;17,101;17,101;17,101;17,101
915;17,101;17,101;17,101;17,101;17,101;17,101;17,101;17,101;17,101;17,101
916;41,381;41,381;41,381;41,381;41,381;41,381;41,381;41,381;41,381;41,381
917;34,165;34,165;34,165;34,165;34,165;34,165;34,165;34,165;34,165;34,165
918;51,465;51,465;51,465;51,465;51,465;51,465;51,465;51,465;51,465;51,465
919;63,629;63,629;63,629;63,629;63,629;63,629;63,629;63,629;63,629;63,629
920;52,661;52,661;52,661;52,661;52,661;52,661;52,661;52,661;52,661;52,661
921;56,951;56,951;56,951;56,951;56,951;56,951;56,951;56,951;56,951;56,951
922;57,119;57,119;57,119;57,119;57,119;57,119;57,119;57,119;57,119;57,119
923;52,259;52,259;52,259;52,259;52,259;52,259;52,259;52,259;52,259;52,259
924;42,623;42,623;42,623;42,623;42,623;42,623;42,623;42,623;42,623;42,623
925;43,487;43,487;43,487;43,487;43,487;43,487;43,487;43,487;43,487;43,487
926;41,327;41,327;41,327;41,327;41,327;41,327;41,327;41,327;41,327;41,327
927;48,127;48,127;48,127;48,127;48,127;48,127;48,127;48,127;48,127;48,127
928;55,167;55,167;55,167;55,167;55,167;55,167;55,167;55,167;55,167;55,167
929;72,387;72,387;72,387;72,387;72,387;72,387;72,387;72,387;72,387;72,387
930;80,067;80,067;80,067;80,067;80,067;80,067;80,067;80,067;80,067;80,067
931;69,965;69,965;69,965;69,965;69,965;69,965;69,965;69,965;69,965;69,965
932;51,829;51,829;51,829;51,829;51,829;51,829;51,829;51,829;51,829;51,829
933;51,709;51,709;51,709;51,709;51,709;51,709;51,709;51,709;51,709;51,709
934;41,381;41,381;41,381;41,381;41,381;41,381;41,381;41,381;41,381;41,381
935;18,941;18,941;18,941;18,941;18,941;18,941;18,941;18,941;18,941;18,941
936;18,941;18,941;18,941;18,941;18,941;18,941;18,941;18,941;18,941;18,941
937;18,941;18,941;18,941;18,941;18,941;18,941;18,941;18,941;18,941;18,941
938;17,101;17,101;17,101;17,101;17,101;17,101;17,101;17,101;17,101;17,101
939;17,101;17,101;17,101;17,101;17,101;17,101;17,101;17,101;17,101;17,101
940;41,381;41,381;41,381;41,381;41,381;41,381;41,381;41,381;41,381;41,381
941;34,165;34,165;34,165;34,165;34,165;34,165;34,165;34,165;34,165;34,165
942;51,465;51,465;51,465;51,465;51,465;51,465;51,465;51,465;51,465;51,465
943;63,629;63,629;63,629;63,629;63,629;63,629;63,629;63,629;63,629;63,629
944;52,661;52,661;52,661;52,661;52,661;52,661;52,661;52,661;52,661;52,661
945;56,951;56,951;56,951;56,951;56,951;56,951;56,951;56,951;56,951;56,951
946;57,119;57,119;57,119;57,119;57,119;57,119;57,119;57,119;57,119;57,119
947;52,259;52,259;52,259;52,259;52,259;52,259;52,259;52,259;52,259;52,259
948;42,623;42,623;42,623;42,623;42,623;42,623;42,623;42,623;42,623;42,623
949;43,487;43,487;43,487;43,487;43,487;43,487;43,487;43,487;43,487;43,487
950;41,327;41,327;41,327;41,327;41,327;41,327;41,327;41,327;41,327;41,327
951;48,127;48,127;48,127;48,127;48,127;48,127;48,127;48,127;48,127;48,127
952;55,167;55,167;55,167;55,167;55,167;55,167;55,167;55,167;55,167;55,167
953;72,387;72,387;72,387;72,387;72,387;72,387;72,387;72,387;72,387;72,387
954;80,067;80,067;80,067;80,067;80,067;80,067;80,067;80,067;80,067;80,067
955;69,965;69,965;69,965;69,965;69,965;69,965;69,965;69,965;69,965;69,965
956;51,829;51,829;51,829;51,829;51,829;51,829;51,829;51,829;51,829;51,829
957;51,709;51,709;51,709;51,709;51,709;51,709;51,709;51,709;51,709;51,709
958;41,381;41,381;41,381;41,381;41,381;41,381;41,381;41,381;41,381;41,381
959;18,941;18,941;18,941;18,941;18,941;18,941;18,941;18,941;18,941;18,941
960;18,941;18,941;18,941;18,941;18,941;18,941;18,941;18,941;18,941;18,941
961;18,941;18,941;18,941;18,941;18,941;18,941;18,941;18,941;18,941;18,941
962;17,101;17,101;17,101;17,101;17,101;17,101;17,101;17,101;17,101;17,101
963;17,101;17,101;17,101;17,101;17,101;17,101;17,101;17,101;17,101;17,101
964;41,381;41,381;41,381;41,381;41,381;41,381;41,381;41,381;41,381;41,381
965;34,165;34,165;34,165;34,165;34,165;34,165;34,165;34,165;34,165;34,165
966;51,465;51,465;51,465;51,465;51,465;51,465;51,465;51,465;51,465;51,465
967;63,629;63,629;63,629;63,629;63,629;63,629;63,629;63,629;63,629;63,629
968;52,661;52,661;52,661;52,661;52,661;52,661;52,661;52,661;52,661;52,661
969;56,951;56,951;56,951;56,951;56,951;56,951;56,951;56,951;56,951;56,951
970;57,119;57,119;57,119;57,119;57,119;57,119;57,119;57,119;57,119;57,119
971;52,259;52,259;52,259;52,259;52,259;52,259;52,259;52,259;52,259;52,259
972;42,623;42,623;42,623;42,623;42,623;42,623;42,623;42,623;42,623;42,623
973;43,487;43,487;43,487;43,487;43,487;43,487;43,487;43,487;43,487;43,487
974;41,327;41,327;41,327;41,327;41,327;41,327;41,327;41,327;41,327;41,327
975;48,127;48,127;48,127;48,127;48,127;48,127;48,127;48,127;48,127;48,127
976;55,167;55,167;55,167;55,167;55,167;55,167;55,167;55,167;55,167;55,167
977;72,387;72,387;72,387;72,387;72,387;72,387;72,387;72,387;72,387;72,387
978;80,067;80,067;80,067;80,067;80,067;80,067;80,067;80,067;80,067;80,067
979;69,965;69,965;69,965;69,965;69,965;69,965;69,965;69,965;69,965;69,965
980;51,829;51,829;51,829;51,829;51,829;51,829;51,829;51,829;51,829;51,829
981;51,709;51,709;51,709;51,709;51,709;51,709;51,709;51,709;51,709;51,709
982;41,381;41,381;41,381;41,381;41,381;41,381;41,381;41,381;41,381;41,381
983;18,941;18,941;18,941;18,941;18,941;18,941;18,941;18,941;18,941;18,941
984;18,941;18,941;18,941;18,941;18,941;18,941;18,941;18,941;18,941;18,941
985;18,941;18,941;18,941;18,941;18,941;18,941;18,941;18,941;18,941;18,941
986;17,101;17,101;17,101;17,101;17,101;17,101;17,101;17,101;17,101;17,101
987;17,101;17,101;17,101;17,101;17,101;17,101;17,101;17,101;17,101;17,101
988;41,381;41,381;41,381;41,381;41,381;41,381;41,381;41,381;41,381;41,381
989;34,165;34,165;34,165;34,165;34,165;34,165;34,165;34,165;34,165;34,165
990;51,465;51,465;51,465;51,465;51,465;51,465;51,465;51,465;51,465;51,465
991;63,629;63,629;63,629;63,629;63,629;63,629;63,629;63,629;63,629;63,629
992;52,661;52,661;52,661;52,661;52,661;52,661;52,661;52,661;52,661;52,661
993;56,951;56,951;56,951;56,951;56,951;56,951;56,951;56,951;56,951;56,951
994;57,119;57,119;57,119;57,119;57,119;57,119;57,119;57,119;57,119;57,119
995;52,259;52,259;52,259;52,259;52,259;52,259;52,259;52,259;52,259;52,259
996;42,623;42,623;42,623;42,623;42,623;42,623;42,623;42,623;42,623;42,623
997;43,487;43,487;43,487;43,487;43,487;43,487;43,487;43,487;43,487;43,487
998;41,327;41,327;41,327;41,327;41,327;41,327;41,327;41,327;41,327;41,327
999;48,127;48,127;48,127;48,127;48,127;48,127;48,127;48,127;48,127;48,127
1000;55,167;55,167;55,167;55,167;55,167;55,167;55,167;55,167;55,167;55,167
1001;72,387;72,387;72,387;72,387;72,387;72,387;72,387;72,387;72,387;72,387
1002;80,067;80,067;80,067;80,067;80,067;80,067;80,067;80,067;80,067;80,067
1003;69,965;69,965;69,965;69,965;69,965;69,965;69,965;69,965;69,965;69,965
1004;51,829;51,829;51,829;51,829;51,829;51,829;51,829;51,829;51,829;51,829
1005;51,709;51,709;51,709;51,709;51,709;51,709;51,709;51,709;51,709;51,709
1006;41,381;41,381;41,381;41,381;41,381;41,381;41,381;41,381;41,381;41,381
1007;18,941;18,941;18,941;18,941;18,941;18,941;18,941;18,941;18,941;18,941
1008;18,941;18,941;18,941;18,941;18,941;18,941;18,941;18,941;18,941;18,941
1009;18,941;18,941;18,941;18,941;18,941;18,941;18,941;18,941;18,941;18,941
1010;17,101;17,101;17,101;17,101;17,101;17,101;17,101;17,101;17,101;17,101
1011;17,101;17,101;17,101;17,101;17,101;17,101;17,101;17,101;17,101;17,101
1012;41,381;41,381;41,381;41,381;41,381;41,381;41,381;41,381;41,381;41,381
1013;34,165;34,165;34,165;34,165;34,165;34,165;34,165;34,165;34,165;34,165
1014;51,465;51,465;51,465;51,465;51,465;51,465;51,465;51,465;51,465;51,465
1015;63,629;63,629;63,629;63,629;63,629;63,629;63,629;63,629;63,629;63,629
1016;52,661;52,661;52,661;52,661;52,661;52,661;52,661;52,661;52,661;52,661
1017;56,951;56,951;56,951;56,951;56,951;56,951;56,951;56,951;56,951;56,951
1018;57,119;57,119;57,119;57,119;57,119;57,119;57,119;57,119;57,119;57,119
1019;52,259;52,259;52,259;52,259;52,259;52,259;52,259;52,259;52,259;52,259
1020;42,623;42,623;42,623;42,623;42,623;42,623;42,623;42,623;42,623;42,623
1021;43,487;43,487;43,487;43,487;43,487;43,487;43,487;43,487;43,487;43,487
1022;41,327;41,327;41,327;41,327;41,327;41,327;41,327;41,327;41,327;41,327
1023;48,127;48,127;48,127;48,127;48,127;48,127;48,127;48,127;48,127;48,127
1024;55,167;55,167;55,167;55,167;55,167;55,167;55,167;55,167;55,167;55,167
1025;72,387;72,387;72,387;72,387;72,387;72,387;72,387;72,387;72,387;72,387
1026;80,067;80,067;80,067;80,067;80,067;80,067;80,067;80,067;80,067;80,067
1027;69,965;69,965;69,965;69,965;69,965;69,965;69,965;69,965;69,965;69,965
1028;51,829;51,829;51,829;51,829;51,829;51,829;51,829;51,829;51,829;51,829
1029;51,709;51,709;51,709;51,709;51,709;51,709;51,709;51,709;51,709;51,709
1030;41,381;41,381;41,381;41,381;41,381;41,381;41,381;41,381;41,381;41,381
1031;18,941;18,941;18,941;18,941;18,941;18,941;18,941;18,941;18,941;18,941
1032;18,941;18,941;18,941;18,941;18,941;18,941;18,941;18,941;18,941;18,941
1033;18,941;18,941;18,941;18,941;18,941;18,941;18,941;18,941;18,941;18,941
1034;17,101;17,101;17,101;17,101;17,101;17,101;17,101;17,101;17,101;17,101
1035;17,101;17,101;17,101;17,101;17,101;17,101;17,101;17,101;17,101;17,101
1036;41,381;41,381;41,381;41,381;41,381;41,381;41,381;41,381;41,381;41,381
1037;34,165;34,165;34,165;34,165;34,165;34,165;34,165;34,165;34,165;34,165
1038;51,465;51,465;51,465;51,465;51,465;51,465;51,465;51,465;51,465;51,465
1039;63,629;63,629;63,629;63,629;63,629;63,629;63,629;63,629;63,629;63,629
1040;52,661;52,661;52,661;52,661;52,661;52,661;52,661;52,661;52,661;52,661
1041;56,951;56,951;56,951;56,951;56,951;56,951;56,951;56,951;56,951;56,951
1042;57,119;57,119;57,119;57,119;57,119;57,119;57,119;57,119;57,119;57,119
1043;52,259;52,259;52,259;52,259;52,259;52,259;52,259;52,259;52,259;52,259
1044;42,623;42,623;42,623;42,623;42,623;42,623;42,623;42,623;42,623;42,623
1045;43,487;43,487;43,487;43,487;43,487;43,487;43,487;43,487;43,487;43,487
1046;41,327;41,327;41,327;41,327;41,327;41,327;41,327;41,327;41,327;41,327
1047;48,127;48,127;48,127;48,127;48,127;48,127;48,127;48,127;48,127;48,127
1048;55,167;55,167;55,167;55,167;55,167;55,167;55,167;55,167;55,167;55,167
1049;72,387;72,387;72,387;72,387;72,387;72,387;72,387;72,387;72,387;72,387
1050;80,067;80,067;80,067;80,067;80,067;80,067;80,067;80,067;80,067;80,067
1051;69,965;69,965;69,965;69,965;69,965;69,965;69,965;69,965;69,965;69,965
1052;51,829;51,829;51,829;51,829;51,829;51,829;51,829;51,829;51,829;51,829
1053;51,709;51,709;51,709;51,709;51,709;51,709;51,709;51,709;51,709;51,709
1054;41,381;41,381;41,381;41,381;41,381;41,381;41,381;41,381;41,381;41,381
1055;18,941;18,941;18,941;18,941;18,941;18,941;18,941;18,941;18,941;18,941
1056;18,941;18,941;18,941;18,941;18,941;18,941;18,941;18,941;18,941;18,941
1057;18,941;18,941;18,941;18,941;18,941;18,941;18,941;18,941;18,941;18,941
1058;17,101;17,101;17,101;17,101;17,101;17,101;17,101;17,101;17,101;17,101
1059;17,101;17,101;17,101;17,101;17,101;17,101;17,101;17,101;17,101;17,101
1060;41,381;41,381;41,381;41,381;41,381;41,381;41,381;41,381;41,381;41,381
1061;34,165;34,165;34,165;34,165;34,165;34,165;34,165;34,165;34,165;34,165
1062;51,465;51,465;51,465;51,465;51,465;51,465;51,465;51,465;51,465;51,465
1063;63,629;63,629;63,629;63,629;63,629;63,629;63,629;63,629;63,629;63,629
1064;52,661;52,661;52,661;52,661;52,661;52,661;52,661;52,661;52,661;52,661
1065;56,951;56,951;56,951;56,951;56,951;56,951;56,951;56,951;56,951;56,951
1066;57,119;57,119;57,119;57,119;57,119;57,119;57,119;57,119;57,119;57,119
1067;52,259;52,259;52,259;52,259;52,259;52,259;52,259;52,259;52,259;52,259
1068;42,623;42,623;42,623;42,623;42,623;42,623;42,623;42,623;42,623;42,623
1069;43,487;43,487;43,487;43,487;43,487;43,487;43,487;43,487;43,487;43,487
1070;41,327;41,327;41,327;41,327;41,327;41,327;41,327;41,327;41,327;41,327
1071;48,127;48,127;48,127;48,127;48,127;48,127;48,127;48,127;48,127;48,127
1072;55,167;55,167;55,167;55,167;55,167;55,167;55,167;55,167;55,167;55,167
1073;72,387;72,387;72,387;72,387;72,387;72,387;72,387;72,387;72,387;72,387
1074;80,067;80,067;80,067;80,067;80,067;80,067;80,067;80,067;80,067;80,067
1075;69,965;69,965;69,965;69,965;69,965;69,965;69,965;69,965;69,965;69,965
1076;51,829;51,829;51,829;51,829;51,829;51,829;51,829;51,829;51,829;51,829
1077;51,709;51,709;51,709;51,709;51,709;51,709;51,709;51,709;51,709;51,709
1078;41,381;41,381;41,381;41,381;41,381;41,381;41,381;41,381;41,381;41,381
1079;18,941;18,941;18,941;18,941;18,941;18,941;18,941;18,941;18,941;18,941
1080;18,941;18,941;18,941;18,941;18,941;18,941;18,941;18,941;18,941;18,941
1081;18,941;18,941;18,941;18,941;18,941;18,941;18,941;18,941;18,941;18,941
1082;17,101;17,101;17,101;17,101;17,101;17,101;17,101;17,101;17,101;17,101
1083;17,101;17,101;17,101;17,101;17,101;17,101;17,101;17,101;17,101;17,101
1084;41,381;41,381;41,381;41,381;41,381;41,381;41,381;41,381;41,381;41,381
1085;34,165;34,165;34,165;34,165;34,165;34,165;34,165;34,165;34,165;34,165
1086;51,465;51,465;51,465;51,465;51,465;51,465;51,465;51,465;51,465;51,465
1087;63,629;63,629;63,629;63,629;63,629;63,629;63,629;63,629;63,629;63,629
1088;52,661;52,661;52,661;52,661;52,661;52,661;52,661;52,661;52,661;52,661
1089;56,951;56,951;56,951;56,951;56,951;56,951;56,951;56,951;56,951;56,951
1090;57,119;57,119;57,119;57,119;57,119;57,119;57,119;57,119;57,119;57,119
1091;52,259;52,259;52,259;52,259;52,259;52,259;52,259;52,259;52,259;52,259
1092;42,623;42,623;42,623;42,623;42,623;42,623;42,623;42,623;42,623;42,623
1093;43,487;43,487;43,487;43,487;43,487;43,487;43,487;43,487;43,487;43,487
1094;41,327;41,327;41,327;41,327;41,327;41,327;41,327;41,327;41,327;41,327
1095;48,127;48,127;48,127;48,127;48,127;48,127;48,127;48,127;48,127;48,127
1096;55,167;55,167;55,167;55,167;55,167;55,167;55,167;55,167;55,167;55,167
1097;72,387;72,387;72,387;72,387;72,387;72,387;72,387;72,387;72,387;72,387
1098;80,067;80,067;80,067;80,067;80,067;80,067;80,067;80,067;80,067;80,067
1099;69,965;69,965;69,965;69,965;69,965;69,965;69,965;69,965;69,965;69,965
1100;51,829;51,829;51,829;51,829;51,829;51,829;51,829;51,829;51,829;51,829
1101;51,709;51,709;51,709;51,709;51,709;51,709;51,709;51,709;51,709;51,709
1102;41,381;41,381;41,381;41,381;41,381;41,381;41,381;41,381;41,381;41,381
1103;18,941;18,941;18,941;18,941;18,941;18,941;18,941;18,941;18,941;18,941
1104;18,941;18,941;18,941;18,941;18,941;18,941;18,941;18,941;18,941;18,941
1105;18,941;18,941;18,941;18,941;18,941;18,941;18,941;18,941;18,941;18,941
1106;17,101;17,101;17,101;17,101;17,101;17,101;17,101;17,101;17,101;17,101
1107;17,101;17,101;17,101;17,101;17,101;17,101;17,101;17,101;17,101;17,101
1108;41,381;41,381;41,381;41,381;41,381;41,381;41,381;41,381;41,381;41,381
1109;34,165;34,165;34,165;34,165;34,165;34,165;34,165;34,165;34,165;34,165
1110;51,465;51,465;51,465;51,465;51,465;51,465;51,465;51,465;51,465;51,465
1111;63,629;63,629;63,629;63,629;63,629;63,629;63,629;63,629;63,629;63,629
1112;52,661;52,661;52,661;52,661;52,661;52,661;52,661;52,661;52,661;52,661
1113;56,951;56,951;56,951;56,951;56,951;56,951;56,951;56,951;56,951;56,951
1114;57,119;57,119;57,119;57,119;57,119;57,119;57,119;57,119;57,119;57,119
1115;52,259;52,259;52,259;52,259;52,259;52,259;52,259;52,259;52,259;52,259
1116;42,623;42,623;42,623;42,623;42,623;42,623;42,623;42,623;42,623;42,623
1117;43,487;43,487;43,487;43,487;43,487;43,487;43,487;43,487;43,487;43,487
1118;41,327;41,327;41,327;41,327;41,327;41,327;41,327;41,327;41,327;41,327
1119;48,127;48,127;48,127;48,127;48,127;48,127;48,127;48,127;48,127;48,127
1120;55,167;55,167;55,167;55,167;55,167;55,167;55,167;55,167;55,167;55,167
1121;72,387;72,387;72,387;72,387;72,387;72,387;72,387;72,387;72,387;72,387
1122;80,067;80,067;80,067;80,067;80,067;80,067;80,067;80,067;80,067;80,067
1123;69,965;69,965;69,965;69,965;69,965;69,965;69,965;69,965;69,965;69,965
1124;51,829;51,829;51,829;51,829;51,829;51,829;51,829;51,829;51,829;51,829
1125;51,709;51,709;51,709;51,709;51,709;51,709;51,709;51,709;51,709;51,709
1126;41,381;41,381;41,381;41,381;41,381;41,381;41,381;41,381;41,381;41,381
1127;18,941;18,941;18,941;18,941;18,941;18,941;18,941;18,941;18,941;18,941
1128;18,941;18,941;18,941;18,941;18,941;18,941;18,941;18,941;18,941;18,941
1129;18,941;18,941;18,941;18,941;18,941;18,941;18,941;18,941;18,941;18,941
1130;17,101;17,101;17,101;17,101;17,101;17,101;17,101;17,101;17,101;17,101
1131;17,101;17,101;17,101;17,101;17,101;17,101;17,101;17,101;17,101;17,101
1132;41,381;41,381;41,381;41,381;41,381;41,381;41,381;41,381;41,381;41,381
1133;34,165;34,165;34,165;34,165;34,165;34,165;34,165;34,165;34,165;34,165
1134;51,465;51,465;51,465;51,465;51,465;51,465;51,465;51,465;51,465;51,465
1135;63,629;63,629;63,629;63,629;63,629;63,629;63,629;63,629;63,629;63,629
1136;52,661;52,661;52,661;52,661;52,661;52,661;52,661;52,661;52,661;52,661
1137;56,951;56,951;56,951;56,951;56,951;56,951;56,951;56,951;56,951;56,951
1138;57,119;57,119;57,119;57,119;57,119;57,119;57,119;57,119;57,119;57,119
1139;52,259;52,259;52,259;52,259;52,259;52,259;52,259;52,259;52,259;52,259
1140;42,623;42,623;42,623;42,623;42,623;42,623;42,623;42,623;42,623;42,623
1141;43,487;43,487;43,487;43,487;43,487;43,487;43,487;43,487;43,487;43,487
1142;41,327;41,327;41,327;41,327;41,327;41,327;41,327;41,327;41,327;41,327
1143;48,127;48,127;48,127;48,127;48,127;48,127;48,127;48,127;48,127;48,127
1144;55,167;55,167;55,167;55,167;55,167;55,167;55,167;55,167;55,167;55,167
1145;72,387;72,387;72,387;72,387;72,387;72,387;72,387;72,387;72,387;72,387
1146;80,067;80,067;80,067;80,067;80,067;80,067;80,067;80,067;80,067;80,067
1147;69,965;69,965;69,965;69,965;69,965;69,965;69,965;69,965;69,965;69,965
1148;51,829;51,829;51,829;51,829;51,829;51,829;51,829;51,829;51,829;51,829
1149;51,709;51,709;51,709;51,709;51,709;51,709;51,709;51,709;51,709;51,709
1150;41,381;41,381;41,381;41,381;41,381;41,381;41,381;41,381;41,381;41,381
1151;18,941;18,941;18,941;18,941;18,941;18,941;18,941;18,941;18,941;18,941
1152;18,941;18,941;18,941;18,941;18,941;18,941;18,941;18,941;18,941;18,941
1153;18,941;18,941;18,941;18,941;18,941;18,941;18,941;18,941;18,941;18,941
1154;17,101;17,101;17,101;17,101;17,101;17,101;17,101;17,101;17,101;17,101
1155;17,101;17,101;17,101;17,101;17,101;17,101;17,101;17,101;17,101;17,101
1156;41,381;41,381;41,381;41,381;41,381;41,381;41,381;41,381;41,381;41,381
1157;34,165;34,165;34,165;34,165;34,165;34,165;34,165;34,165;34,165;34,165
1158;51,465;51,465;51,465;51,465;51,465;51,465;51,465;51,465;51,465;51,465
1159;63,629;63,629;63,629;63,629;63,629;63,629;63,629;63,629;63,629;63,629
1160;52,661;52,661;52,661;52,661;52,661;52,661;52,661;52,661;52,661;52,661
1161;56,951;56,951;56,951;56,951;56,951;56,951;56,951;56,951;56,951;56,951
1162;57,119;57,119;57,119;57,119;57,119;57,119;57,119;57,119;57,119;57,119
1163;52,259;52,259;52,259;52,259;52,259;52,259;52,259;52,259;52,259;52,259
1164;42,623;42,623;42,623;42,623;42,623;42,623;42,623;42,623;42,623;42,623
1165;43,487;43,487;43,487;43,487;43,487;43,487;43,487;43,487;43,487;43,487
1166;41,327;41,327;41,327;41,327;41,327;41,327;41,327;41,327;41,327;41,327
1167;48,127;48,127;48,127;48,127;48,127;48,127;48,127;48,127;48,127;48,127
1168;55,167;55,167;55,167;55,167;55,167;55,167;55,167;55,167;55,167;55,167
1169;72,387;72,387;72,387;72,387;72,387;72,387;72,387;72,387;72,387;72,387
1170;80,067;80,067;80,067;80,067;80,067;80,067;80,067;80,067;80,067;80,067
1171;69,965;69,965;69,965;69,965;69,965;69,965;69,965;69,965;69,965;69,965
1172;51,829;51,829;51,829;51,829;51,829;51,829;51,829;51,829;51,829;51,829
1173;51,709;51,709;51,709;51,709;51,709;51,709;51,709;51,709;51,709;51,709
1174;41,381;41,381;41,381;41,381;41,381;41,381;41,381;41,381;41,381;41,381
1175;18,941;18,941;18,941;18,941;18,941;18,941;18,941;18,941;18,941;18,941
1176;18,941;18,941;18,941;18,941;18,941;18,941;18,941;18,941;18,941;18,941
1177;18,941;18,941;18,941;18,941;18,941;18,941;18,941;18,941;18,941;18,941
1178;17,101;17,101;17,101;17,101;17,101;17,101;17,101;17,101;17,101;17,101
1179;17,101;17,101;17,101;17,101;17,101;17,101;17,101;17,101;17,101;17,101
1180;41,381;41,381;41,381;41,381;41,381;41,381;41,381;41,381;41,381;41,381
1181;34,165;34,165;34,165;34,165;34,165;34,165;34,165;34,165;34,165;34,165
1182;51,465;51,465;51,465;51,465;51,465;51,465;51,465;51,465;51,465;51,465
1183;63,629;63,629;63,629;63,629;63,629;63,629;63,629;63,629;63,629;63,629
1184;52,661;52,661;52,661;52,661;52,661;52,661;52,661;52,661;52,661;52,661
1185;56,951;56,951;56,951;56,951;56,951;56,951;56,951;56,951;56,951;56,951
1186;57,119;57,119;57,119;57,119;57,119;57,119;57,119;57,119;57,119;57,119
1187;52,259;52,259;52,259;52,259;52,259;52,259;52,259;52,259;52,259;52,259
1188;42,623;42,623;42,623;42,623;42,623;42,623;42,623;42,623;42,623;42,623
1189;43,487;43,487;43,487;43,487;43,487;43,487;43,487;43,487;43,487;43,487
1190;41,327;41,327;41,327;41,327;41,327;41,327;41,327;41,327;41,327;41,327
1191;48,127;48,127;48,127;48,127;48,127;48,127;48,127;48,127;48,127;48,127
1192;55,167;55,167;55,167;55,167;55,167;55,167;55,167;55,167;55,167;55,167
1193;72,387;72,387;72,387;72,387;72,387;72,387;72,387;72,387;72,387;72,387
1194;80,067;80,067;80,067;80,067;80,067;80,067;80,067;80,067;80,067;80,067
1195;69,965;69,965;69,965;69,965;69,965;69,965;69,965;69,965;69,965;69,965
1196;51,829;51,829;51,829;51,829;51,829;51,829;51,829;51,829;51,829;51,829
1197;51,709;51,709;51,709;51,709;51,709;51,709;51,709;51,709;51,709;51,709
1198;41,381;41,381;41,381;41,381;41,381;41,381;41,381;41,381;41,381;41,381
1199;18,941;18,941;18,941;18,941;18,941;18,941;18,941;18,941;18,941;18,941
1200;18,941;18,941;18,941;18,941;18,941;18,941;18,941;18,941;18,941;18,941
1201;18,941;18,941;18,941;18,941;18,941;18,941;18,941;18,941;18,941;18,941
1202;17,101;17,101;17,101;17,101;17,101;17,101;17,101;17,101;17,101;17,101
1203;17,101;17,101;17,101;17,101;17,101;17,101;17,101;17,101;17,101;17,101
1204;41,381;41,381;41,381;41,381;41,381;41,381;41,381;41,381;41,381;41,381
1205;34,165;34,165;34,165;34,165;34,165;34,165;34,165;34,165;34,165;34,165
1206;51,465;51,465;51,465;51,465;51,465;51,465;51,465;51,465;51,465;51,465
1207;63,629;63,629;63,629;63,629;63,629;63,629;63,629;63,629;63,629;63,629
1208;52,661;52,661;52,661;52,661;52,661;52,661;52,661;52,661;52,661;52,661
1209;56,951;56,951;56,951;56,951;56,951;56,951;56,951;56,951;56,951;56,951
1210;57,119;57,119;57,119;57,119;57,119;57,119;57,119;57,119;57,119;57,119
1211;52,259;52,259;52,259;52,259;52,259;52,259;52,259;52,259;52,259;52,259
1212;42,623;42,623;42,623;42,623;42,623;42,623;42,623;42,623;42,623;42,623
1213;43,487;43,487;43,487;43,487;43,487;43,487;43,487;43,487;43,487;43,487
1214;41,327;41,327;41,327;41,327;41,327;41,327;41,327;41,327;41,327;41,327
1215;48,127;48,127;48,127;48,127;48,127;48,127;48,127;48,127;48,127;48,127
1216;55,167;55,167;55,167;55,167;55,167;55,167;55,167;55,167;55,167;55,167
1217;72,387;72,387;72,387;72,387;72,387;72,387;72,387;72,387;72,387;72,387
1218;80,067;80,067;80,067;80,067;80,067;80,067;80,067;80,067;80,067;80,067
1219;69,965;69,965;69,965;69,965;69,965;69,965;69,965;69,965;69,965;69,965
1220;51,829;51,829;51,829;51,829;51,829;51,829;51,829;51,829;51,829;51,829
1221;51,709;51,709;51,709;51,709;51,709;51,709;51,709;51,709;51,709;51,709
1222;41,381;41,381;41,381;41,381;41,381;41,381;41,381;41,381;41,381;41,381
1223;18,941;18,941;18,941;18,941;18,941;18,941;18,941;18,941;18,941;18,941
1224;18,941;18,941;18,941;18,941;18,941;18,941;18,941;18,941;18,941;18,941
1225;18,941;18,941;18,941;18,941;18,941;18,941;18,941;18,941;18,941;18,941
1226;17,101;17,101;17,101;17,101;17,101;17,101;17,101;17,101;17,101;17,101
1227;17,101;17,101;17,101;17,101;17,101;17,101;17,101;17,101;17,101;17,101
1228;41,381;41,381;41,381;41,381;41,381;41,381;41,381;41,381;41,381;41,381
1229;34,165;34,165;34,165;34,165;34,165;34,165;34,165;34,165;34,165;34,165
1230;51,465;51,465;51,465;51,465;51,465;51,465;51,465;51,465;51,465;51,465
1231;63,629;63,629;63,629;63,629;63,629;63,629;63,629;63,629;63,629;63,629
1232;52,661;52,661;52,661;52,661;52,661;52,661;52,661;52,661;52,661;52,661
1233;56,951;56,951;56,951;56,951;56,951;56,951;56,951;56,951;56,951;56,951
1234;57,119;57,119;57,119;57,119;57,119;57,119;57,119;57,119;57,119;57,119
1235;52,259;52,259;52,259;52,259;52,259;52,259;52,259;52,259;52,259;52,259
1236;42,623;42,623;42,623;42,623;42,623;42,623;42,623;42,623;42,623;42,623
1237;43,487;43,487;43,487;43,487;43,487;43,487;43,487;43,487;43,487;43,487
1238;41,327;41,327;41,327;41,327;41,327;41,327;41,327;41,327;41,327;41,327
1239;48,127;48,127;48,127;48,127;48,127;48,127;48,127;48,127;48,127;48,127
1240;55,167;55,167;55,167;55,167;55,167;55,167;55,167;55,167;55,167;55,167
1241;72,387;72,387;72,387;72,387;72,387;72,387;72,387;72,387;72,387;72,387
1242;80,067;80,067;80,067;80,067;80,067;80,067;80,067;80,067;80,067;80,067
1243;69,965;69,965;69,965;69,965;69,965;69,965;69,965;69,965;69,965;69,965
1244;51,829;51,829;51,829;51,829;51,829;51,829;51,829;51,829;51,829;51,829
1245;51,709;51,709;51,709;51,709;51,709;51,709;51,709;51,709;51,709;51,709
1246;41,381;41,381;41,381;41,381;41,381;41,381;41,381;41,381;41,381;41,381
1247;18,941;18,941;18,941;18,941;18,941;18,941;18,941;18,941;18,941;18,941
1248;18,941;18,941;18,941;18,941;18,941;18,941;18,941;18,941;18,941;18,941
1249;18,941;18,941;18,941;18,941;18,941;18,941;18,941;18,941;18,941;18,941
1250;17,101;17,101;17,101;17,101;17,101;17,101;17,101;17,101;17,101;17,101
1251;17,101;17,101;17,101;17,101;17,101;17,101;17,101;17,101;17,101;17,101
1252;41,381;41,381;41,381;41,381;41,381;41,381;41,381;41,381;41,381;41,381
1253;34,165;34,165;34,165;34,165;34,165;34,165;34,165;34,165;34,165;34,165
1254;51,465;51,465;51,465;51,465;51,465;51,465;51,465;51,465;51,465;51,465
1255;63,629;63,629;63,629;63,629;63,629;63,629;63,629;63,629;63,629;63,629
1256;52,661;52,661;52,661;52,661;52,661;52,661;52,661;52,661;52,661;52,661
1257;56,951;56,951;56,951;56,951;56,951;56,951;56,951;56,951;56,951;56,951
1258;57,119;57,119;57,119;57,119;57,119;57,119;57,119;57,119;57,119;57,119
1259;52,259;52,259;52,259;52,259;52,259;52,259;52,259;52,259;52,259;52,259
1260;42,623;42,623;42,623;42,623;42,623;42,623;42,623;42,623;42,623;42,623
1261;43,487;43,487;43,487;43,487;43,487;43,487;43,487;43,487;43,487;43,487
1262;41,327;41,327;41,327;41,327;41,327;41,327;41,327;41,327;41,327;41,327
1263;48,127;48,127;48,127;48,127;48,127;48,127;48,127;48,127;48,127;48,127
1264;55,167;55,167;55,167;55,167;55,167;55,167;55,167;55,167;55,167;55,167
1265;72,387;72,387;72,387;72,387;72,387;72,387;72,387;72,387;72,387;72,387
1266;80,067;80,067;80,067;80,067;80,067;80,067;80,067;80,067;80,067;80,067
1267;69,965;69,965;69,965;69,965;69,965;69,965;69,965;69,965;69,965;69,965
1268;51,829;51,829;51,829;51,829;51,829;51,829;51,829;51,829;51,829;51,829
1269;51,709;51,709;51,709;51,709;51,709;51,709;51,709;51,709;51,709;51,709
1270;41,381;41,381;41,381;41,381;41,381;41,381;41,381;41,381;41,381;41,381
1271;18,941;18,941;18,941;18,941;18,941;18,941;18,941;18,941;18,941;18,941
1272;18,941;18,941;18,941;18,941;18,941;18,941;18,941;18,941;18,941;18,941
1273;18,941;18,941;18,941;18,941;18,941;18,941;18,941;18,941;18,941;18,941
1274;17,101;17,101;17,101;17,101;17,101;17,101;17,101;17,101;17,101;17,101
1275;17,101;17,101;17,101;17,101;17,101;17,101;17,101;17,101;17,101;17,101
1276;41,381;41,381;41,381;41,381;41,381;41,381;41,381;41,381;41,381;41,381
1277;34,165;34,165;34,165;34,165;34,165;34,165;34,165;34,165;34,165;34,165
1278;51,465;51,465;51,465;51,465;51,465;51,465;51,465;51,465;51,465;51,465
1279;63,629;63,629;63,629;63,629;63,629;63,629;63,629;63,629;63,629;63,629
1280;52,661;52,661;52,661;52,661;52,661;52,661;52,661;52,661;52,661;52,661
1281;56,951;56,951;56,951;56,951;56,951;56,951;56,951;56,951;56,951;56,951
1282;57,119;57,119;57,119;57,119;57,119;57,119;57,119;57,119;57,119;57,119
1283;52,259;52,259;52,259;52,259;52,259;52,259;52,259;52,259;52,259;52,259
1284;42,623;42,623;42,623;42,623;42,623;42,623;42,623;42,623;42,623;42,623
1285;43,487;43,487;43,487;43,487;43,487;43,487;43,487;43,487;43,487;43,487
1286;41,327;41,327;41,327;41,327;41,327;41,327;41,327;41,327;41,327;41,327
1287;48,127;48,127;48,127;48,127;48,127;48,127;48,127;48,127;48,127;48,127
1288;55,167;55,167;55,167;55,167;55,167;55,167;55,167;55,167;55,167;55,167
1289;72,387;72,387;72,387;72,387;72,387;72,387;72,387;72,387;72,387;72,387
1290;80,067;80,067;80,067;80,067;80,067;80,067;80,067;80,067;80,067;80,067
1291;69,965;69,965;69,965;69,965;69,965;69,965;69,965;69,965;69,965;69,965
1292;51,829;51,829;51,829;51,829;51,829;51,829;51,829;51,829;51,829;51,829
1293;51,709;51,709;51,709;51,709;51,709;51,709;51,709;51,709;51,709;51,709
1294;41,381;41,381;41,381;41,381;41,381;41,381;41,381;41,381;41,381;41,381
1295;18,941;18,941;18,941;18,941;18,941;18,941;18,941;18,941;18,941;18,941
1296;18,941;18,941;18,941;18,941;18,941;18,941;18,941;18,941;18,941;18,941
1297;18,941;18,941;18,941;18,941;18,941;18,941;18,941;18,941;18,941;18,941
1298;17,101;17,101;17,101;17,101;17,101;17,101;17,101;17,101;17,101;17,101
1299;17,101;17,101;17,101;17,101;17,101;17,101;17,101;17,101;17,101;17,101
1300;41,381;41,381;41,381;41,381;41,381;41,381;41,381;41,381;41,381;41,381
1301;34,165;34,165;34,165;34,165;34,165;34,165;34,165;34,165;34,165;34,165
1302;51,465;51,465;51,465;51,465;51,465;51,465;51,465;51,465;51,465;51,465
1303;63,629;63,629;63,629;63,629;63,629;63,629;63,629;63,629;63,629;63,629
1304;52,661;52,661;52,661;52,661;52,661;52,661;52,661;52,661;52,661;52,661
1305;56,951;56,951;56,951;56,951;56,951;56,951;56,951;56,951;56,951;56,951
1306;57,119;57,119;57,119;57,119;57,119;57,119;57,119;57,119;57,119;57,119
1307;52,259;52,259;52,259;52,259;52,259;52,259;52,259;52,259;52,259;52,259
1308;42,623;42,623;42,623;42,623;42,623;42,623;42,623;42,623;42,623;42,623
1309;43,487;43,487;43,487;43,487;43,487;43,487;43,487;43,487;43,487;43,487
1310;41,327;41,327;41,327;41,327;41,327;41,327;41,327;41,327;41,327;41,327
1311;48,127;48,127;48,127;48,127;48,127;48,127;48,127;48,127;48,127;48,127
1312;55,167;55,167;55,167;55,167;55,167;55,167;55,167;55,167;55,167;55,167
1313;72,387;72,387;72,387;72,387;72,387;72,387;72,387;72,387;72,387;72,387
1314;80,067;80,067;80,067;80,067;80,067;80,067;80,067;80,067;80,067;80,067
1315;69,965;69,965;69,965;69,965;69,965;69,965;69,965;69,965;69,965;69,965
1316;51,829;51,829;51,829;51,829;51,829;51,829;51,829;51,829;51,829;51,829
1317;51,709;51,709;51,709;51,709;51,709;51,709;51,709;51,709;51,709;51,709
1318;41,381;41,381;41,381;41,381;41,381;41,381;41,381;41,381;41,381;41,381
1319;18,941;18,941;18,941;18,941;18,941;18,941;18,941;18,941;18,941;18,941
1320;18,941;18,941;18,941;18,941;18,941;18,941;18,941;18,941;18,941;18,941
1321;18,941;18,941;18,941;18,941;18,941;18,941;18,941;18,941;18,941;18,941
1322;17,101;17,101;17,101;17,101;17,101;17,101;17,101;17,101;17,101;17,101
1323;17,101;17,101;17,101;17,101;17,101;17,101;17,101;17,101;17,101;17,101
1324;41,381;41,381;41,381;41,381;41,381;41,381;41,381;41,381;41,381;41,381
1325;34,165;34,165;34,165;34,165;34,165;34,165;34,165;34,165;34,165;34,165
1326;51,465;51,465;51,465;51,465;51,465;51,465;51,465;51,465;51,465;51,465
1327;63,629;63,629;63,629;63,629;63,629;63,629;63,629;63,629;63,629;63,629
1328;52,661;52,661;52,661;52,661;52,661;52,661;52,661;52,661;52,661;52,661
1329;56,951;56,951;56,951;56,951;56,951;56,951;56,951;56,951;56,951;56,951
1330;57,119;57,119;57,119;57,119;57,119;57,119;57,119;57,119;57,119;57,119
1331;52,259;52,259;52,259;52,259;52,259;52,259;52,259;52,259;52,259;52,259
1332;42,623;42,623;42,623;42,623;42,623;42,623;42,623;42,623;42,623;42,623
1333;43,487;43,487;43,487;43,487;43,487;43,487;43,487;43,487;43,487;43,487
1334;41,327;41,327;41,327;41,327;41,327;41,327;41,327;41,327;41,327;41,327
1335;48,127;48,127;48,127;48,127;48,127;48,127;48,127;48,127;48,127;48,127
1336;55,167;55,167;55,167;55,167;55,167;55,167;55,167;55,167;55,167;55,167
1337;72,387;72,387;72,387;72,387;72,387;72,387;72,387;72,387;72,387;72,387
1338;80,067;80,067;80,067;80,067;80,067;80,067;80,067;80,067;80,067;80,067
1339;69,965;69,965;69,965;69,965;69,965;69,965;69,965;69,965;69,965;69,965
1340;51,829;51,829;51,829;51,829;51,829;51,829;51,829;51,829;51,829;51,829
1341;51,709;51,709;51,709;51,709;51,709;51,709;51,709;51,709;51,709;51,709
1342;41,381;41,381;41,381;41,381;41,381;41,381;41,381;41,381;41,381;41,381
1343;18,941;18,941;18,941;18,941;18,941;18,941;18,941;18,941;18,941;18,941
1344;18,941;18,941;18,941;18,941;18,941;18,941;18,941;18,941;18,941;18,941
1345;18,941;18,941;18,941;18,941;18,941;18,941;18,941;18,941;18,941;18,941
1346;17,101;17,101;17,101;17,101;17,101;17,101;17,101;17,101;17,101;17,101
1347;17,101;17,101;17,101;17,101;17,101;17,101;17,101;17,101;17,101;17,101
1348;41,381;41,381;41,381;41,381;41,381;41,381;41,381;41,381;41,381;41,381
1349;34,165;34,165;34,165;34,165;34,165;34,165;34,165;34,165;34,165;34,165
1350;51,465;51,465;51,465;51,465;51,465;51,465;51,465;51,465;51,465;51,465
1351;63,629;63,629;63,629;63,629;63,629;63,629;63,629;63,629;63,629;63,629
1352;52,661;52,661;52,661;52,661;52,661;52,661;52,661;52,661;52,661;52,661
1353;56,951;56,951;56,951;56,951;56,951;56,951;56,951;56,951;56,951;56,951
1354;57,119;57,119;57,119;57,119;57,119;57,119;57,119;57,119;57,119;57,119
1355;52,259;52,259;52,259;52,259;52,259;52,259;52,259;52,259;52,259;52,259
1356;42,623;42,623;42,623;42,623;42,623;42,623;42,623;42,623;42,623;42,623
1357;43,487;43,487;43,487;43,487;43,487;43,487;43,487;43,487;43,487;43,487
1358;41,327;41,327;41,327;41,327;41,327;41,327;41,327;41,327;41,327;41,327
1359;48,127;48,127;48,127;48,127;48,127;48,127;48,127;48,127;48,127;48,127
1360;55,167;55,167;55,167;55,167;55,167;55,167;55,167;55,167;55,167;55,167
1361;72,387;72,387;72,387;72,387;72,387;72,387;72,387;72,387;72,387;72,387
1362;80,067;80,067;80,067;80,067;80,067;80,067;80,067;80,067;80,067;80,067
1363;69,965;69,965;69,965;69,965;69,965;69,965;69,965;69,965;69,965;69,965
1364;51,829;51,829;51,829;51,829;51,829;51,829;51,829;51,829;51,829;51,829
1365;51,709;51,709;51,709;51,709;51,709;51,709;51,709;51,709;51,709;51,709
1366;41,381;41,381;41,381;41,381;41,381;41,381;41,381;41,381;41,381;41,381
1367;18,941;18,941;18,941;18,941;18,941;18,941;18,941;18,941;18,941;18,941
1368;18,941;18,941;18,941;18,941;18,941;18,941;18,941;18,941;18,941;18,941
1369;18,941;18,941;18,941;18,941;18,941;18,941;18,941;18,941;18,941;18,941
1370;17,101;17,101;17,101;17,101;17,101;17,101;17,101;17,101;17,101;17,101
1371;17,101;17,101;17,101;17,101;17,101;17,101;17,101;17,101;17,101;17,101
1372;41,381;41,381;41,381;41,381;41,381;41,381;41,381;41,381;41,381;41,381
1373;34,165;34,165;34,165;34,165;34,165;34,165;34,165;34,165;34,165;34,165
1374;51,465;51,465;51,465;51,465;51,465;51,465;51,465;51,465;51,465;51,465
1375;63,629;63,629;63,629;63,629;63,629;63,629;63,629;63,629;63,629;63,629
1376;52,661;52,661;52,661;52,661;52,661;52,661;52,661;52,661;52,661;52,661
1377;56,951;56,951;56,951;56,951;56,951;56,951;56,951;56,951;56,951;56,951
1378;57,119;57,119;57,119;57,119;57,119;57,119;57,119;57,119;57,119;57,119
1379;52,259;52,259;52,259;52,259;52,259;52,259;52,259;52,259;52,259;52,259
1380;42,623;42,623;42,623;42,623;42,623;42,623;42,623;42,623;42,623;42,623
1381;43,487;43,487;43,487;43,487;43,487;43,487;43,487;43,487;43,487;43,487
1382;41,327;41,327;41,327;41,327;41,327;41,327;41,327;41,327;41,327;41,327
1383;48,127;48,127;48,127;48,127;48,127;48,127;48,127;48,127;48,127;48,127
1384;55,167;55,167;55,167;55,167;55,167;55,167;55,167;55,167;55,167;55,167
1385;72,387;72,387;72,387;72,387;72,387;72,387;72,387;72,387;72,387;72,387
1386;80,067;80,067;80,067;80,067;80,067;80,067;80,067;80,067;80,067;80,067
1387;69,965;69,965;69,965;69,965;69,965;69,965;69,965;69,965;69,965;69,965
1388;51,829;51,829;51,829;51,829;51,829;51,829;51,829;51,829;51,829;51,829
1389;51,709;51,709;51,709;51,709;51,709;51,709;51,709;51,709;51,709;51,709
1390;41,381;41,381;41,381;41,381;41,381;41,381;41,381;41,381;41,381;41,381
1391;18,941;18,941;18,941;18,941;18,941;18,941;18,941;18,941;18,941;18,941
1392;18,941;18,941;18,941;18,941;18,941;18,941;18,941;18,941;18,941;18,941
1393;18,941;18,941;18,941;18,941;18,941;18,941;18,941;18,941;18,941;18,941
1394;17,101;17,101;17,101;17,101;17,101;17,101;17,101;17,101;17,101;17,101
1395;17,101;17,101;17,101;17,101;17,101;17,101;17,101;17,101;17,101;17,101
1396;41,381;41,381;41,381;41,381;41,381;41,381;41,381;41,381;41,381;41,381
1397;34,165;34,165;34,165;34,165;34,165;34,165;34,165;34,165;34,165;34,165
1398;51,465;51,465;51,465;51,465;51,465;51,465;51,465;51,465;51,465;51,465
1399;63,629;63,629;63,629;63,629;63,629;63,629;63,629;63,629;63,629;63,629
1400;52,661;52,661;52,661;52,661;52,661;52,661;52,661;52,661;52,661;52,661
1401;56,951;56,951;56,951;56,951;56,951;56,951;56,951;56,951;56,951;56,951
1402;57,119;57,119;57,119;57,119;57,119;57,119;57,119;57,119;57,119;57,119
1403;52,259;52,259;52,259;52,259;52,259;52,259;52,259;52,259;52,259;52,259
1404;42,623;42,623;42,623;42,623;42,623;42,623;42,623;42,623;42,623;42,623
1405;43,487;43,487;43,487;43,487;43,487;43,487;43,487;43,487;43,487;43,487
1406;41,327;41,327;41,327;41,327;41,327;41,327;41,327;41,327;41,327;41,327
1407;48,127;48,127;48,127;48,127;48,127;48,127;48,127;48,127;48,127;48,127
1408;55,167;55,167;55,167;55,167;55,167;55,167;55,167;55,167;55,167;55,167
1409;72,387;72,387;72,387;72,387;72,387;72,387;72,387;72,387;72,387;72,387
1410;80,067;80,067;80,067;80,067;80,067;80,067;80,067;80,067;80,067;80,067
1411;69,965;69,965;69,965;69,965;69,965;69,965;69,965;69,965;69,965;69,965
1412;51,829;51,829;51,829;51,829;51,829;51,829;51,829;51,829;51,829;51,829
1413;51,709;51,709;51,709;51,709;51,709;51,709;51,709;51,709;51,709;51,709
1414;41,381;41,381;41,381;41,381;41,381;41,381;41,381;41,381;41,381;41,381
1415;18,941;18,941;18,941;18,941;18,941;18,941;18,941;18,941;18,941;18,941
1416;18,941;18,941;18,941;18,941;18,941;18,941;18,941;18,941;18,941;18,941
1417;18,941;18,941;18,941;18,941;18,941;18,941;18,941;18,941;18,941;18,941
1418;17,101;17,101;17,101;17,101;17,101;17,101;17,101;17,101;17,101;17,101
1419;17,101;17,101;17,101;17,101;17,101;17,101;17,101;17,101;17,101;17,101
1420;41,381;41,381;41,381;41,381;41,381;41,381;41,381;41,381;41,381;41,381
1421;34,165;34,165;34,165;34,165;34,165;34,165;34,165;34,165;34,165;34,165
1422;51,465;51,465;51,465;51,465;51,465;51,465;51,465;51,465;51,465;51,465
1423;63,629;63,629;63,629;63,629;63,629;63,629;63,629;63,629;63,629;63,629
1424;52,661;52,661;52,661;52,661;52,661;52,661;52,661;52,661;52,661;52,661
1425;56,951;56,951;56,951;56,951;56,951;56,951;56,951;56,951;56,951;56,951
1426;57,119;57,119;57,119;57,119;57,119;57,119;57,119;57,119;57,119;57,119
1427;52,259;52,259;52,259;52,259;52,259;52,259;52,259;52,259;52,259;52,259
1428;42,623;42,623;42,623;42,623;42,623;42,623;42,623;42,623;42,623;42,623
1429;43,487;43,487;43,487;43,487;43,487;43,487;43,487;43,487;43,487;43,487
1430;41,327;41,327;41,327;41,327;41,327;41,327;41,327;41,327;41,327;41,327
1431;48,127;48,127;48,127;48,127;48,127;48,127;48,127;48,127;48,127;48,127
1432;55,167;55,167;55,167;55,167;55,167;55,167;55,167;55,167;55,167;55,167
1433;72,387;72,387;72,387;72,387;72,387;72,387;72,387;72,387;72,387;72,387
1434;80,067;80,067;80,067;80,067;80,067;80,067;80,067;80,067;80,067;80,067
1435;69,965;69,965;69,965;69,965;69,965;69,965;69,965;69,965;69,965;69,965
1436;51,829;51,829;51,829;51,829;51,829;51,829;51,829;51,829;51,829;51,829
1437;51,709;51,709;51,709;51,709;51,709;51,709;51,709;51,709;51,709;51,709
1438;41,381;41,381;41,381;41,381;41,381;41,381;41,381;41,381;41,381;41,381
1439;18,941;18,941;18,941;18,941;18,941;18,941;18,941;18,941;18,941;18,941
1440;18,941;18,941;18,941;18,941;18,941;18,941;18,941;18,941;18,941;18,941
1441;18,941;18,941;18,941;18,941;18,941;18,941;18,941;18,941;18,941;18,941
1442;17,101;17,101;17,101;17,101;17,101;17,101;17,101;17,101;17,101;17,101
1443;17,101;17,101;17,101;17,101;17,101;17,101;17,101;17,101;17,101;17,101
1444;41,381;41,381;41,381;41,381;41,381;41,381;41,381;41,381;41,381;41,381
1445;34,165;34,165;34,165;34,165;34,165;34,165;34,165;34,165;34,165;34,165
1446;51,465;51,465;51,465;51,465;51,465;51,465;51,465;51,465;51,465;51,465
1447;63,629;63,629;63,629;63,629;63,629;63,629;63,629;63,629;63,629;63,629
1448;52,661;52,661;52,661;52,661;52,661;52,661;52,661;52,661;52,661;52,661
1449;56,951;56,951;56,951;56,951;56,951;56,951;56,951;56,951;56,951;56,951
1450;57,119;57,119;57,119;57,119;57,119;57,119;57,119;57,119;57,119;57,119
1451;52,259;52,259;52,259;52,259;52,259;52,259;52,259;52,259;52,259;52,259
1452;42,623;42,623;42,623;42,623;42,623;42,623;42,623;42,623;42,623;42,623
1453;43,487;43,487;43,487;43,487;43,487;43,487;43,487;43,487;43,487;43,487
1454;41,327;41,327;41,327;41,327;41,327;41,327;41,327;41,327;41,327;41,327
1455;48,127;48,127;48,127;48,127;48,127;48,127;48,127;48,127;48,127;48,127
1456;55,167;55,167;55,167;55,167;55,167;55,167;55,167;55,167;55,167;55,167
1457;72,387;72,387;72,387;72,387;72,387;72,387;72,387;72,387;72,387;72,387
1458;80,067;80,067;80,067;80,067;80,067;80,067;80,067;80,067;80,067;80,067
1459;69,965;69,965;69,965;69,965;69,965;69,965;69,965;69,965;69,965;69,965
1460;51,829;51,829;51,829;51,829;51,829;51,829;51,829;51,829;51,829;51,829
1461;51,709;51,709;51,709;51,709;51,709;51,709;51,709;51,709;51,709;51,709
1462;41,381;41,381;41,381;41,381;41,381;41,381;41,381;41,381;41,381;41,381
1463;18,941;18,941;18,941;18,941;18,941;18,941;18,941;18,941;18,941;18,941
1464;18,941;18,941;18,941;18,941;18,941;18,941;18,941;18,941;18,941;18,941
1465;18,941;18,941;18,941;18,941;18,941;18,941;18,941;18,941;18,941;18,941
1466;17,101;17,101;17,101;17,101;17,101;17,101;17,101;17,101;17,101;17,101
1467;17,101;17,101;17,101;17,101;17,101;17,101;17,101;17,101;17,101;17,101
1468;41,381;41,381;41,381;41,381;41,381;41,381;41,381;41,381;41,381;41,381
1469;34,165;34,165;34,165;34,165;34,165;34,165;34,165;34,165;34,165;34,165
1470;51,465;51,465;51,465;51,465;51,465;51,465;51,465;51,465;51,465;51,465
1471;63,629;63,629;63,629;63,629;63,629;63,629;63,629;63,629;63,629;63,629
1472;52,661;52,661;52,661;52,661;52,661;52,661;52,661;52,661;52,661;52,661
1473;56,951;56,951;56,951;56,951;56,951;56,951;56,951;56,951;56,951;56,951
1474;57,119;57,119;57,119;57,119;57,119;57,119;57,119;57,119;57,119;57,119
1475;52,259;52,259;52,259;52,259;52,259;52,259;52,259;52,259;52,259;52,259
1476;42,623;42,623;42,623;42,623;42,623;42,623;42,623;42,623;42,623;42,623
1477;43,487;43,487;43,487;43,487;43,487;43,487;43,487;43,487;43,487;43,487
1478;41,327;41,327;41,327;41,327;41,327;41,327;41,327;41,327;41,327;41,327
1479;48,127;48,127;48,127;48,127;48,127;48,127;48,127;48,127;48,127;48,127
1480;55,167;55,167;55,167;55,167;55,167;55,167;55,167;55,167;55,167;55,167
1481;72,387;72,387;72,387;72,387;72,387;72,387;72,387;72,387;72,387;72,387
1482;80,067;80,067;80,067;80,067;80,067;80,067;80,067;80,067;80,067;80,067
1483;69,965;69,965;69,965;69,965;69,965;69,965;69,965;69,965;69,965;69,965
1484;51,829;51,829;51,829;51,829;51,829;51,829;51,829;51,829;51,829;51,829
1485;51,709;51,709;51,709;51,709;51,709;51,709;51,709;51,709;51,709;51,709
1486;41,381;41,381;41,381;41,381;41,381;41,381;41,381;41,381;41,381;41,381
1487;18,941;18,941;18,941;18,941;18,941;18,941;18,941;18,941;18,941;18,941
1488;18,941;18,941;18,941;18,941;18,941;18,941;18,941;18,941;18,941;18,941
1489;18,941;18,941;18,941;18,941;18,941;18,941;18,941;18,941;18,941;18,941
1490;17,101;17,101;17,101;17,101;17,101;17,101;17,101;17,101;17,101;17,101
1491;17,101;17,101;17,101;17,101;17,101;17,101;17,101;17,101;17,101;17,101
1492;41,381;41,381;41,381;41,381;41,381;41,381;41,381;41,381;41,381;41,381
1493;34,165;34,165;34,165;34,165;34,165;34,165;34,165;34,165;34,165;34,165
1494;51,465;51,465;51,465;51,465;51,465;51,465;51,465;51,465;51,465;51,465
1495;63,629;63,629;63,629;63,629;63,629;63,629;63,629;63,629;63,629;63,629
1496;52,661;52,661;52,661;52,661;52,661;52,661;52,661;52,661;52,661;52,661
1497;56,951;56,951;56,951;56,951;56,951;56,951;56,951;56,951;56,951;56,951
1498;57,119;57,119;57,119;57,119;57,119;57,119;57,119;57,119;57,119;57,119
1499;52,259;52,259;52,259;52,259;52,259;52,259;52,259;52,259;52,259;52,259
1500;42,623;42,623;42,623;42,623;42,623;42,623;42,623;42,623;42,623;42,623
1501;43,487;43,487;43,487;43,487;43,487;43,487;43,487;43,487;43,487;43,487
1502;41,327;41,327;41,327;41,327;41,327;41,327;41,327;41,327;41,327;41,327
1503;48,127;48,127;48,127;48,127;48,127;48,127;48,127;48,127;48,127;48,127
1504;55,167;55,167;55,167;55,167;55,167;55,167;55,167;55,167;55,167;55,167
1505;72,387;72,387;72,387;72,387;72,387;72,387;72,387;72,387;72,387;72,387
1506;80,067;80,067;80,067;80,067;80,067;80,067;80,067;80,067;80,067;80,067
1507;69,965;69,965;69,965;69,965;69,965;69,965;69,965;69,965;69,965;69,965
1508;51,829;51,829;51,829;51,829;51,829;51,829;51,829;51,829;51,829;51,829
1509;51,709;51,709;51,709;51,709;51,709;51,709;51,709;51,709;51,709;51,709
1510;41,381;41,381;41,381;41,381;41,381;41,381;41,381;41,381;41,381;41,381
1511;18,941;18,941;18,941;18,941;18,941;18,941;18,941;18,941;18,941;18,941
1512;18,941;18,941;18,941;18,941;18,941;18,941;18,941;18,941;18,941;18,941
1513;18,941;18,941;18,941;18,941;18,941;18,941;18,941;18,941;18,941;18,941
1514;17,101;17,101;17,101;17,101;17,101;17,101;17,101;17,101;17,101;17,101
1515;17,101;17,101;17,101;17,101;17,101;17,101;17,101;17,101;17,101;17,101
1516;41,381;41,381;41,381;41,381;41,381;41,381;41,381;41,381;41,381;41,381
1517;34,165;34,165;34,165;34,165;34,165;34,165;34,165;34,165;34,165;34,165
1518;51,465;51,465;51,465;51,465;51,465;51,465;51,465;51,465;51,465;51,465
1519;63,629;63,629;63,629;63,629;63,629;63,629;63,629;63,629;63,629;63,629
1520;52,661;52,661;52,661;52,661;52,661;52,661;52,661;52,661;52,661;52,661
1521;56,951;56,951;56,951;56,951;56,951;56,951;56,951;56,951;56,951;56,951
1522;57,119;57,119;57,119;57,119;57,119;57,119;57,119;57,119;57,119;57,119
1523;52,259;52,259;52,259;52,259;52,259;52,259;52,259;52,259;52,259;52,259
1524;42,623;42,623;42,623;42,623;42,623;42,623;42,623;42,623;42,623;42,623
1525;43,487;43,487;43,487;43,487;43,487;43,487;43,487;43,487;43,487;43,487
1526;41,327;41,327;41,327;41,327;41,327;41,327;41,327;41,327;41,327;41,327
1527;48,127;48,127;48,127;48,127;48,127;48,127;48,127;48,127;48,127;48,127
1528;55,167;55,167;55,167;55,167;55,167;55,167;55,167;55,167;55,167;55,167
1529;72,387;72,387;72,387;72,387;72,387;72,387;72,387;72,387;72,387;72,387
1530;80,067;80,067;80,067;80,067;80,067;80,067;80,067;80,067;80,067;80,067
1531;69,965;69,965;69,965;69,965;69,965;69,965;69,965;69,965;69,965;69,965
1532;51,829;51,829;51,829;51,829;51,829;51,829;51,829;51,829;51,829;51,829
1533;51,709;51,709;51,709;51,709;51,709;51,709;51,709;51,709;51,709;51,709
1534;41,381;41,381;41,381;41,381;41,381;41,381;41,381;41,381;41,381;41,381
1535;18,941;18,941;18,941;18,941;18,941;18,941;18,941;18,941;18,941;18,941
1536;18,941;18,941;18,941;18,941;18,941;18,941;18,941;18,941;18,941;18,941
1537;18,941;18,941;18,941;18,941;18,941;18,941;18,941;18,941;18,941;18,941
1538;17,101;17,101;17,101;17,101;17,101;17,101;17,101;17,101;17,101;17,101
1539;17,101;17,101;17,101;17,101;17,101;17,101;17,101;17,101;17,101;17,101
1540;41,381;41,381;41,381;41,381;41,381;41,381;41,381;41,381;41,381;41,381
1541;34,165;34,165;34,165;34,165;34,165;34,165;34,165;34,165;34,165;34,165
1542;51,465;51,465;51,465;51,465;51,465;51,465;51,465;51,465;51,465;51,465
1543;63,629;63,629;63,629;63,629;63,629;63,629;63,629;63,629;63,629;63,629
1544;52,661;52,661;52,661;52,661;52,661;52,661;52,661;52,661;52,661;52,661
1545;56,951;56,951;56,951;56,951;56,951;56,951;56,951;56,951;56,951;56,951
1546;57,119;57,119;57,119;57,119;57,119;57,119;57,119;57,119;57,119;57,119
1547;52,259;52,259;52,259;52,259;52,259;52,259;52,259;52,259;52,259;52,259
1548;42,623;42,623;42,623;42,623;42,623;42,623;42,623;42,623;42,623;42,623
1549;43,487;43,487;43,487;43,487;43,487;43,487;43,487;43,487;43,487;43,487
1550;41,327;41,327;41,327;41,327;41,327;41,327;41,327;41,327;41,327;41,327
1551;48,127;48,127;48,127;48,127;48,127;48,127;48,127;48,127;48,127;48,127
1552;55,167;55,167;55,167;55,167;55,167;55,167;55,167;55,167;55,167;55,167
1553;72,387;72,387;72,387;72,387;72,387;72,387;72,387;72,387;72,387;72,387
1554;80,067;80,067;80,067;80,067;80,067;80,067;80,067;80,067;80,067;80,067
1555;69,965;69,965;69,965;69,965;69,965;69,965;69,965;69,965;69,965;69,965
1556;51,829;51,829;51,829;51,829;51,829;51,829;51,829;51,829;51,829;51,829
1557;51,709;51,709;51,709;51,709;51,709;51,709;51,709;51,709;51,709;51,709
1558;41,381;41,381;41,381;41,381;41,381;41,381;41,381;41,381;41,381;41,381
1559;18,941;18,941;18,941;18,941;18,941;18,941;18,941;18,941;18,941;18,941
1560;18,941;18,941;18,941;18,941;18,941;18,941;18,941;18,941;18,941;18,941
1561;18,941;18,941;18,941;18,941;18,941;18,941;18,941;18,941;18,941;18,941
1562;17,101;17,101;17,101;17,101;17,101;17,101;17,101;17,101;17,101;17,101
1563;17,101;17,101;17,101;17,101;17,101;17,101;17,101;17,101;17,101;17,101
1564;41,381;41,381;41,381;41,381;41,381;41,381;41,381;41,381;41,381;41,381
1565;34,165;34,165;34,165;34,165;34,165;34,165;34,165;34,165;34,165;34,165
1566;51,465;51,465;51,465;51,465;51,465;51,465;51,465;51,465;51,465;51,465
1567;63,629;63,629;63,629;63,629;63,629;63,629;63,629;63,629;63,629;63,629
1568;52,661;52,661;52,661;52,661;52,661;52,661;52,661;52,661;52,661;52,661
1569;56,951;56,951;56,951;56,951;56,951;56,951;56,951;56,951;56,951;56,951
1570;57,119;57,119;57,119;57,119;57,119;57,119;57,119;57,119;57,119;57,119
1571;52,259;52,259;52,259;52,259;52,259;52,259;52,259;52,259;52,259;52,259
1572;42,623;42,623;42,623;42,623;42,623;42,623;42,623;42,623;42,623;42,623
1573;43,487;43,487;43,487;43,487;43,487;43,487;43,487;43,487;43,487;43,487
1574;41,327;41,327;41,327;41,327;41,327;41,327;41,327;41,327;41,327;41,327
1575;48,127;48,127;48,127;48,127;48,127;48,127;48,127;48,127;48,127;48,127
1576;55,167;55,167;55,167;55,167;55,167;55,167;55,167;55,167;55,167;55,167
1577;72,387;72,387;72,387;72,387;72,387;72,387;72,387;72,387;72,387;72,387
1578;80,067;80,067;80,067;80,067;80,067;80,067;80,067;80,067;80,067;80,067
1579;69,965;69,965;69,965;69,965;69,965;69,965;69,965;69,965;69,965;69,965
1580;51,829;51,829;51,829;51,829;51,829;51,829;51,829;51,829;51,829;51,829
1581;51,709;51,709;51,709;51,709;51,709;51,709;51,709;51,709;51,709;51,709
1582;41,381;41,381;41,381;41,381;41,381;41,381;41,381;41,381;41,381;41,381
1583;18,941;18,941;18,941;18,941;18,941;18,941;18,941;18,941;18,941;18,941
1584;18,941;18,941;18,941;18,941;18,941;18,941;18,941;18,941;18,941;18,941
1585;18,941;18,941;18,941;18,941;18,941;18,941;18,941;18,941;18,941;18,941
1586;17,101;17,101;17,101;17,101;17,101;17,101;17,101;17,101;17,101;17,101
1587;17,101;17,101;17,101;17,101;17,101;17,101;17,101;17,101;17,101;17,101
1588;41,381;41,381;41,381;41,381;41,381;41,381;41,381;41,381;41,381;41,381
1589;34,165;34,165;34,165;34,165;34,165;34,165;34,165;34,165;34,165;34,165
1590;51,465;51,465;51,465;51,465;51,465;51,465;51,465;51,465;51,465;51,465
1591;63,629;63,629;63,629;63,629;63,629;63,629;63,629;63,629;63,629;63,629
1592;52,661;52,661;52,661;52,661;52,661;52,661;52,661;52,661;52,661;52,661
1593;56,951;56,951;56,951;56,951;56,951;56,951;56,951;56,951;56,951;56,951
1594;57,119;57,119;57,119;57,119;57,119;57,119;57,119;57,119;57,119;57,119
1595;52,259;52,259;52,259;52,259;52,259;52,259;52,259;52,259;52,259;52,259
1596;42,623;42,623;42,623;42,623;42,623;42,623;42,623;42,623;42,623;42,623
1597;43,487;43,487;43,487;43,487;43,487;43,487;43,487;43,487;43,487;43,487
1598;41,327;41,327;41,327;41,327;41,327;41,327;41,327;41,327;41,327;41,327
1599;48,127;48,127;48,127;48,127;48,127;48,127;48,127;48,127;48,127;48,127
1600;55,167;55,167;55,167;55,167;55,167;55,167;55,167;55,167;55,167;55,167
1601;72,387;72,387;72,387;72,387;72,387;72,387;72,387;72,387;72,387;72,387
1602;80,067;80,067;80,067;80,067;80,067;80,067;80,067;80,067;80,067;80,067
1603;69,965;69,965;69,965;69,965;69,965;69,965;69,965;69,965;69,965;69,965
1604;51,829;51,829;51,829;51,829;51,829;51,829;51,829;51,829;51,829;51,829
1605;51,709;51,709;51,709;51,709;51,709;51,709;51,709;51,709;51,709;51,709
1606;41,381;41,381;41,381;41,381;41,381;41,381;41,381;41,381;41,381;41,381
1607;18,941;18,941;18,941;18,941;18,941;18,941;18,941;18,941;18,941;18,941
1608;18,941;18,941;18,941;18,941;18,941;18,941;18,941;18,941;18,941;18,941
1609;18,941;18,941;18,941;18,941;18,941;18,941;18,941;18,941;18,941;18,941
1610;17,101;17,101;17,101;17,101;17,101;17,101;17,101;17,101;17,101;17,101
1611;17,101;17,101;17,101;17,101;17,101;17,101;17,101;17,101;17,101;17,101
1612;41,381;41,381;41,381;41,381;41,381;41,381;41,381;41,381;41,381;41,381
1613;34,165;34,165;34,165;34,165;34,165;34,165;34,165;34,165;34,165;34,165
1614;51,465;51,465;51,465;51,465;51,465;51,465;51,465;51,465;51,465;51,465
1615;63,629;63,629;63,629;63,629;63,629;63,629;63,629;63,629;63,629;63,629
1616;52,661;52,661;52,661;52,661;52,661;52,661;52,661;52,661;52,661;52,661
1617;56,951;56,951;56,951;56,951;56,951;56,951;56,951;56,951;56,951;56,951
1618;57,119;57,119;57,119;57,119;57,119;57,119;57,119;57,119;57,119;57,119
1619;52,259;52,259;52,259;52,259;52,259;52,259;52,259;52,259;52,259;52,259
1620;42,623;42,623;42,623;42,623;42,623;42,623;42,623;42,623;42,623;42,623
1621;43,487;43,487;43,487;43,487;43,487;43,487;43,487;43,487;43,487;43,487
1622;41,327;41,327;41,327;41,327;41,327;41,327;41,327;41,327;41,327;41,327
1623;48,127;48,127;48,127;48,127;48,127;48,127;48,127;48,127;48,127;48,127
1624;55,167;55,167;55,167;55,167;55,167;55,167;55,167;55,167;55,167;55,167
1625;72,387;72,387;72,387;72,387;72,387;72,387;72,387;72,387;72,387;72,387
1626;80,067;80,067;80,067;80,067;80,067;80,067;80,067;80,067;80,067;80,067
1627;69,965;69,965;69,965;69,965;69,965;69,965;69,965;69,965;69,965;69,965
1628;51,829;51,829;51,829;51,829;51,829;51,829;51,829;51,829;51,829;51,829
1629;51,709;51,709;51,709;51,709;51,709;51,709;51,709;51,709;51,709;51,709
1630;41,381;41,381;41,381;41,381;41,381;41,381;41,381;41,381;41,381;41,381
1631;18,941;18,941;18,941;18,941;18,941;18,941;18,941;18,941;18,941;18,941
1632;18,941;18,941;18,941;18,941;18,941;18,941;18,941;18,941;18,941;18,941
1633;18,941;18,941;18,941;18,941;18,941;18,941;18,941;18,941;18,941;18,941
1634;17,101;17,101;17,101;17,101;17,101;17,101;17,101;17,101;17,101;17,101
1635;17,101;17,101;17,101;17,101;17,101;17,101;17,101;17,101;17,101;17,101
1636;41,381;41,381;41,381;41,381;41,381;41,381;41,381;41,381;41,381;41,381
1637;34,165;34,165;34,165;34,165;34,165;34,165;34,165;34,165;34,165;34,165
1638;51,465;51,465;51,465;51,465;51,465;51,465;51,465;51,465;51,465;51,465
1639;63,629;63,629;63,629;63,629;63,629;63,629;63,629;63,629;63,629;63,629
1640;52,661;52,661;52,661;52,661;52,661;52,661;52,661;52,661;52,661;52,661
1641;56,951;56,951;56,951;56,951;56,951;56,951;56,951;56,951;56,951;56,951
1642;57,119;57,119;57,119;57,119;57,119;57,119;57,119;57,119;57,119;57,119
1643;52,259;52,259;52,259;52,259;52,259;52,259;52,259;52,259;52,259;52,259
1644;42,623;42,623;42,623;42,623;42,623;42,623;42,623;42,623;42,623;42,623
1645;43,487;43,487;43,487;43,487;43,487;43,487;43,487;43,487;43,487;43,487
1646;41,327;41,327;41,327;41,327;41,327;41,327;41,327;41,327;41,327;41,327
1647;48,127;48,127;48,127;48,127;48,127;48,127;48,127;48,127;48,127;48,127
1648;55,167;55,167;55,167;55,167;55,167;55,167;55,167;55,167;55,167;55,167
1649;72,387;72,387;72,387;72,387;72,387;72,387;72,387;72,387;72,387;72,387
1650;80,067;80,067;80,067;80,067;80,067;80,067;80,067;80,067;80,067;80,067
1651;69,965;69,965;69,965;69,965;69,965;69,965;69,965;69,965;69,965;69,965
1652;51,829;51,829;51,829;51,829;51,829;51,829;51,829;51,829;51,829;51,829
1653;51,709;51,709;51,709;51,709;51,709;51,709;51,709;51,709;51,709;51,709
1654;41,381;41,381;41,381;41,381;41,381;41,381;41,381;41,381;41,381;41,381
1655;18,941;18,941;18,941;18,941;18,941;18,941;18,941;18,941;18,941;18,941
1656;18,941;18,941;18,941;18,941;18,941;18,941;18,941;18,941;18,941;18,941
1657;18,941;18,941;18,941;18,941;18,941;18,941;18,941;18,941;18,941;18,941
1658;17,101;17,101;17,101;17,101;17,101;17,101;17,101;17,101;17,101;17,101
1659;17,101;17,101;17,101;17,101;17,101;17,101;17,101;17,101;17,101;17,101
1660;41,381;41,381;41,381;41,381;41,381;41,381;41,381;41,381;41,381;41,381
1661;34,165;34,165;34,165;34,165;34,165;34,165;34,165;34,165;34,165;34,165
1662;51,465;51,465;51,465;51,465;51,465;51,465;51,465;51,465;51,465;51,465
1663;63,629;63,629;63,629;63,629;63,629;63,629;63,629;63,629;63,629;63,629
1664;52,661;52,661;52,661;52,661;52,661;52,661;52,661;52,661;52,661;52,661
1665;56,951;56,951;56,951;56,951;56,951;56,951;56,951;56,951;56,951;56,951
1666;57,119;57,119;57,119;57,119;57,119;57,119;57,119;57,119;57,119;57,119
1667;52,259;52,259;52,259;52,259;52,259;52,259;52,259;52,259;52,259;52,259
1668;42,623;42,623;42,623;42,623;42,623;42,623;42,623;42,623;42,623;42,623
1669;43,487;43,487;43,487;43,487;43,487;43,487;43,487;43,487;43,487;43,487
1670;41,327;41,327;41,327;41,327;41,327;41,327;41,327;41,327;41,327;41,327
1671;48,127;48,127;48,127;48,127;48,127;48,127;48,127;48,127;48,127;48,127
1672;55,167;55,167;55,167;55,167;55,167;55,167;55,167;55,167;55,167;55,167
1673;72,387;72,387;72,387;72,387;72,387;72,387;72,387;72,387;72,387;72,387
1674;80,067;80,067;80,067;80,067;80,067;80,067;80,067;80,067;80,067;80,067
1675;69,965;69,965;69,965;69,965;69,965;69,965;69,965;69,965;69,965;69,965
1676;51,829;51,829;51,829;51,829;51,829;51,829;51,829;51,829;51,829;51,829
1677;51,709;51,709;51,709;51,709;51,709;51,709;51,709;51,709;51,709;51,709
1678;41,381;41,381;41,381;41,381;41,381;41,381;41,381;41,381;41,381;41,381
1679;18,941;18,941;18,941;18,941;18,941;18,941;18,941;18,941;18,941;18,941
1680;18,941;18,941;18,941;18,941;18,941;18,941;18,941;18,941;18,941;18,941
1681;18,941;18,941;18,941;18,941;18,941;18,941;18,941;18,941;18,941;18,941
1682;17,101;17,101;17,101;17,101;17,101;17,101;17,101;17,101;17,101;17,101
1683;17,101;17,101;17,101;17,101;17,101;17,101;17,101;17,101;17,101;17,101
1684;41,381;41,381;41,381;41,381;41,381;41,381;41,381;41,381;41,381;41,381
1685;34,165;34,165;34,165;34,165;34,165;34,165;34,165;34,165;34,165;34,165
1686;51,465;51,465;51,465;51,465;51,465;51,465;51,465;51,465;51,465;51,465
1687;63,629;63,629;63,629;63,629;63,629;63,629;63,629;63,629;63,629;63,629
1688;52,661;52,661;52,661;52,661;52,661;52,661;52,661;52,661;52,661;52,661
1689;56,951;56,951;56,951;56,951;56,951;56,951;56,951;56,951;56,951;56,951
1690;57,119;57,119;57,119;57,119;57,119;57,119;57,119;57,119;57,119;57,119
1691;52,259;52,259;52,259;52,259;52,259;52,259;52,259;52,259;52,259;52,259
1692;42,623;42,623;42,623;42,623;42,623;42,623;42,623;42,623;42,623;42,623
1693;43,487;43,487;43,487;43,487;43,487;43,487;43,487;43,487;43,487;43,487
1694;41,327;41,327;41,327;41,327;41,327;41,327;41,327;41,327;41,327;41,327
1695;48,127;48,127;48,127;48,127;48,127;48,127;48,127;48,127;48,127;48,127
1696;55,167;55,167;55,167;55,167;55,167;55,167;55,167;55,167;55,167;55,167
1697;72,387;72,387;72,387;72,387;72,387;72,387;72,387;72,387;72,387;72,387
1698;80,067;80,067;80,067;80,067;80,067;80,067;80,067;80,067;80,067;80,067
1699;69,965;69,965;69,965;69,965;69,965;69,965;69,965;69,965;69,965;69,965
1700;51,829;51,829;51,829;51,829;51,829;51,829;51,829;51,829;51,829;51,829
1701;51,709;51,709;51,709;51,709;51,709;51,709;51,709;51,709;51,709;51,709
1702;41,381;41,381;41,381;41,381;41,381;41,381;41,381;41,381;41,381;41,381
1703;18,941;18,941;18,941;18,941;18,941;18,941;18,941;18,941;18,941;18,941
1704;18,941;18,941;18,941;18,941;18,941;18,941;18,941;18,941;18,941;18,941
1705;18,941;18,941;18,941;18,941;18,941;18,941;18,941;18,941;18,941;18,941
1706;17,101;17,101;17,101;17,101;17,101;17,101;17,101;17,101;17,101;17,101
1707;17,101;17,101;17,101;17,101;17,101;17,101;17,101;17,101;17,101;17,101
1708;41,381;41,381;41,381;41,381;41,381;41,381;41,381;41,381;41,381;41,381
1709;34,165;34,165;34,165;34,165;34,165;34,165;34,165;34,165;34,165;34,165
1710;51,465;51,465;51,465;51,465;51,465;51,465;51,465;51,465;51,465;51,465
1711;63,629;63,629;63,629;63,629;63,629;63,629;63,629;63,629;63,629;63,629
1712;52,661;52,661;52,661;52,661;52,661;52,661;52,661;52,661;52,661;52,661
1713;56,951;56,951;56,951;56,951;56,951;56,951;56,951;56,951;56,951;56,951
1714;57,119;57,119;57,119;57,119;57,119;57,119;57,119;57,119;57,119;57,119
1715;52,259;52,259;52,259;52,259;52,259;52,259;52,259;52,259;52,259;52,259
1716;42,623;42,623;42,623;42,623;42,623;42,623;42,623;42,623;42,623;42,623
1717;43,487;43,487;43,487;43,487;43,487;43,487;43,487;43,487;43,487;43,487
1718;41,327;41,327;41,327;41,327;41,327;41,327;41,327;41,327;41,327;41,327
1719;48,127;48,127;48,127;48,127;48,127;48,127;48,127;48,127;48,127;48,127
1720;55,167;55,167;55,167;55,167;55,167;55,167;55,167;55,167;55,167;55,167
1721;72,387;72,387;72,387;72,387;72,387;72,387;72,387;72,387;72,387;72,387
1722;80,067;80,067;80,067;80,067;80,067;80,067;80,067;80,067;80,067;80,067
1723;69,965;69,965;69,965;69,965;69,965;69,965;69,965;69,965;69,965;69,965
1724;51,829;51,829;51,829;51,829;51,829;51,829;51,829;51,829;51,829;51,829
1725;51,709;51,709;51,709;51,709;51,709;51,709;51,709;51,709;51,709;51,709
1726;41,381;41,381;41,381;41,381;41,381;41,381;41,381;41,381;41,381;41,381
1727;18,941;18,941;18,941;18,941;18,941;18,941;18,941;18,941;18,941;18,941
1728;18,941;18,941;18,941;18,941;18,941;18,941;18,941;18,941;18,941;18,941
1729;18,941;18,941;18,941;18,941;18,941;18,941;18,941;18,941;18,941;18,941
1730;17,101;17,101;17,101;17,101;17,101;17,101;17,101;17,101;17,101;17,101
1731;17,101;17,101;17,101;17,101;17,101;17,101;17,101;17,101;17,101;17,101
1732;41,381;41,381;41,381;41,381;41,381;41,381;41,381;41,381;41,381;41,381
1733;34,165;34,165;34,165;34,165;34,165;34,165;34,165;34,165;34,165;34,165
1734;51,465;51,465;51,465;51,465;51,465;51,465;51,465;51,465;51,465;51,465
1735;63,629;63,629;63,629;63,629;63,629;63,629;63,629;63,629;63,629;63,629
1736;52,661;52,661;52,661;52,661;52,661;52,661;52,661;52,661;52,661;52,661
1737;56,951;56,951;56,951;56,951;56,951;56,951;56,951;56,951;56,951;56,951
1738;57,119;57,119;57,119;57,119;57,119;57,119;57,119;57,119;57,119;57,119
1739;52,259;52,259;52,259;52,259;52,259;52,259;52,259;52,259;52,259;52,259
1740;42,623;42,623;42,623;42,623;42,623;42,623;42,623;42,623;42,623;42,623
1741;43,487;43,487;43,487;43,487;43,487;43,487;43,487;43,487;43,487;43,487
1742;41,327;41,327;41,327;41,327;41,327;41,327;41,327;41,327;41,327;41,327
1743;48,127;48,127;48,127;48,127;48,127;48,127;48,127;48,127;48,127;48,127
1744;55,167;55,167;55,167;55,167;55,167;55,167;55,167;55,167;55,167;55,167
1745;72,387;72,387;72,387;72,387;72,387;72,387;72,387;72,387;72,387;72,387
1746;80,067;80,067;80,067;80,067;80,067;80,067;80,067;80,067;80,067;80,067
1747;69,965;69,965;69,965;69,965;69,965;69,965;69,965;69,965;69,965;69,965
1748;51,829;51,829;51,829;51,829;51,829;51,829;51,829;51,829;51,829;51,829
1749;51,709;51,709;51,709;51,709;51,709;51,709;51,709;51,709;51,709;51,709
1750;41,381;41,381;41,381;41,381;41,381;41,381;41,381;41,381;41,381;41,381
1751;18,941;18,941;18,941;18,941;18,941;18,941;18,941;18,941;18,941;18,941
1752;18,941;18,941;18,941;18,941;18,941;18,941;18,941;18,941;18,941;18,941
1753;18,941;18,941;18,941;18,941;18,941;18,941;18,941;18,941;18,941;18,941
1754;17,101;17,101;17,101;17,101;17,101;17,101;17,101;17,101;17,101;17,101
1755;17,101;17,101;17,101;17,101;17,101;17,101;17,101;17,101;17,101;17,101
1756;41,381;41,381;41,381;41,381;41,381;41,381;41,381;41,381;41,381;41,381
1757;34,165;34,165;34,165;34,165;34,165;34,165;34,165;34,165;34,165;34,165
1758;51,465;51,465;51,465;51,465;51,465;51,465;51,465;51,465;51,465;51,465
1759;63,629;63,629;63,629;63,629;63,629;63,629;63,629;63,629;63,629;63,629
1760;52,661;52,661;52,661;52,661;52,661;52,661;52,661;52,661;52,661;52,661
1761;56,951;56,951;56,951;56,951;56,951;56,951;56,951;56,951;56,951;56,951
1762;57,119;57,119;57,119;57,119;57,119;57,119;57,119;57,119;57,119;57,119
1763;52,259;52,259;52,259;52,259;52,259;52,259;52,259;52,259;52,259;52,259
1764;42,623;42,623;42,623;42,623;42,623;42,623;42,623;42,623;42,623;42,623
1765;43,487;43,487;43,487;43,487;43,487;43,487;43,487;43,487;43,487;43,487
1766;41,327;41,327;41,327;41,327;41,327;41,327;41,327;41,327;41,327;41,327
1767;48,127;48,127;48,127;48,127;48,127;48,127;48,127;48,127;48,127;48,127
1768;55,167;55,167;55,167;55,167;55,167;55,167;55,167;55,167;55,167;55,167
1769;72,387;72,387;72,387;72,387;72,387;72,387;72,387;72,387;72,387;72,387
1770;80,067;80,067;80,067;80,067;80,067;80,067;80,067;80,067;80,067;80,067
1771;69,965;69,965;69,965;69,965;69,965;69,965;69,965;69,965;69,965;69,965
1772;51,829;51,829;51,829;51,829;51,829;51,829;51,829;51,829;51,829;51,829
1773;51,709;51,709;51,709;51,709;51,709;51,709;51,709;51,709;51,709;51,709
1774;41,381;41,381;41,381;41,381;41,381;41,381;41,381;41,381;41,381;41,381
1775;18,941;18,941;18,941;18,941;18,941;18,941;18,941;18,941;18,941;18,941
1776;18,941;18,941;18,941;18,941;18,941;18,941;18,941;18,941;18,941;18,941
1777;18,941;18,941;18,941;18,941;18,941;18,941;18,941;18,941;18,941;18,941
1778;17,101;17,101;17,101;17,101;17,101;17,101;17,101;17,101;17,101;17,101
1779;17,101;17,101;17,101;17,101;17,101;17,101;17,101;17,101;17,101;17,101
1780;41,381;41,381;41,381;41,381;41,381;41,381;41,381;41,381;41,381;41,381
1781;34,165;34,165;34,165;34,165;34,165;34,165;34,165;34,165;34,165;34,165
1782;51,465;51,465;51,465;51,465;51,465;51,465;51,465;51,465;51,465;51,465
1783;63,629;63,629;63,629;63,629;63,629;63,629;63,629;63,629;63,629;63,629
1784;52,661;52,661;52,661;52,661;52,661;52,661;52,661;52,661;52,661;52,661
1785;56,951;56,951;56,951;56,951;56,951;56,951;56,951;56,951;56,951;56,951
1786;57,119;57,119;57,119;57,119;57,119;57,119;57,119;57,119;57,119;57,119
1787;52,259;52,259;52,259;52,259;52,259;52,259;52,259;52,259;52,259;52,259
1788;42,623;42,623;42,623;42,623;42,623;42,623;42,623;42,623;42,623;42,623
1789;43,487;43,487;43,487;43,487;43,487;43,487;43,487;43,487;43,487;43,487
1790;41,327;41,327;41,327;41,327;41,327;41,327;41,327;41,327;41,327;41,327
1791;48,127;48,127;48,127;48,127;48,127;48,127;48,127;48,127;48,127;48,127
1792;55,167;55,167;55,167;55,167;55,167;55,167;55,167;55,167;55,167;55,167
1793;72,387;72,387;72,387;72,387;72,387;72,387;72,387;72,387;72,387;72,387
1794;80,067;80,067;80,067;80,067;80,067;80,067;80,067;80,067;80,067;80,067
1795;69,965;69,965;69,965;69,965;69,965;69,965;69,965;69,965;69,965;69,965
1796;51,829;51,829;51,829;51,829;51,829;51,829;51,829;51,829;51,829;51,829
1797;51,709;51,709;51,709;51,709;51,709;51,709;51,709;51,709;51,709;51,709
1798;41,381;41,381;41,381;41,381;41,381;41,381;41,381;41,381;41,381;41,381
1799;18,941;18,941;18,941;18,941;18,941;18,941;18,941;18,941;18,941;18,941
1800;18,941;18,941;18,941;18,941;18,941;18,941;18,941;18,941;18,941;18,941
1801;18,941;18,941;18,941;18,941;18,941;18,941;18,941;18,941;18,941;18,941
1802;17,101;17,101;17,101;17,101;17,101;17,101;17,101;17,101;17,101;17,101
1803;17,101;17,101;17,101;17,101;17,101;17,101;17,101;17,101;17,101;17,101
1804;41,381;41,381;41,381;41,381;41,381;41,381;41,381;41,381;41,381;41,381
1805;34,165;34,165;34,165;34,165;34,165;34,165;34,165;34,165;34,165;34,165
1806;51,465;51,465;51,465;51,465;51,465;51,465;51,465;51,465;51,465;51,465
1807;63,629;63,629;63,629;63,629;63,629;63,629;63,629;63,629;63,629;63,629
1808;52,661;52,661;52,661;52,661;52,661;52,661;52,661;52,661;52,661;52,661
1809;56,951;56,951;56,951;56,951;56,951;56,951;56,951;56,951;56,951;56,951
1810;57,119;57,119;57,119;57,119;57,119;57,119;57,119;57,119;57,119;57,119
1811;52,259;52,259;52,259;52,259;52,259;52,259;52,259;52,259;52,259;52,259
1812;42,623;42,623;42,623;42,623;42,623;42,623;42,623;42,623;42,623;42,623
1813;43,487;43,487;43,487;43,487;43,487;43,487;43,487;43,487;43,487;43,487
1814;41,327;41,327;41,327;41,327;41,327;41,327;41,327;41,327;41,327;41,327
1815;48,127;48,127;48,127;48,127;48,127;48,127;48,127;48,127;48,127;48,127
1816;55,167;55,167;55,167;55,167;55,167;55,167;55,167;55,167;55,167;55,167
1817;72,387;72,387;72,387;72,387;72,387;72,387;72,387;72,387;72,387;72,387
1818;80,067;80,067;80,067;80,067;80,067;80,067;80,067;80,067;80,067;80,067
1819;69,965;69,965;69,965;69,965;69,965;69,965;69,965;69,965;69,965;69,965
1820;51,829;51,829;51,829;51,829;51,829;51,829;51,829;51,829;51,829;51,829
1821;51,709;51,709;51,709;51,709;51,709;51,709;51,709;51,709;51,709;51,709
1822;41,381;41,381;41,381;41,381;41,381;41,381;41,381;41,381;41,381;41,381
1823;18,941;18,941;18,941;18,941;18,941;18,941;18,941;18,941;18,941;18,941
1824;18,941;18,941;18,941;18,941;18,941;18,941;18,941;18,941;18,941;18,941
1825;18,941;18,941;18,941;18,941;18,941;18,941;18,941;18,941;18,941;18,941
1826;17,101;17,101;17,101;17,101;17,101;17,101;17,101;17,101;17,101;17,101
1827;17,101;17,101;17,101;17,101;17,101;17,101;17,101;17,101;17,101;17,101
1828;41,381;41,381;41,381;41,381;41,381;41,381;41,381;41,381;41,381;41,381
1829;34,165;34,165;34,165;34,165;34,165;34,165;34,165;34,165;34,165;34,165
1830;51,465;51,465;51,465;51,465;51,465;51,465;51,465;51,465;51,465;51,465
1831;63,629;63,629;63,629;63,629;63,629;63,629;63,629;63,629;63,629;63,629
1832;52,661;52,661;52,661;52,661;52,661;52,661;52,661;52,661;52,661;52,661
1833;56,951;56,951;56,951;56,951;56,951;56,951;56,951;56,951;56,951;56,951
1834;57,119;57,119;57,119;57,119;57,119;57,119;57,119;57,119;57,119;57,119
1835;52,259;52,259;52,259;52,259;52,259;52,259;52,259;52,259;52,259;52,259
1836;42,623;42,623;42,623;42,623;42,623;42,623;42,623;42,623;42,623;42,623
1837;43,487;43,487;43,487;43,487;43,487;43,487;43,487;43,487;43,487;43,487
1838;41,327;41,327;41,327;41,327;41,327;41,327;41,327;41,327;41,327;41,327
1839;48,127;48,127;48,127;48,127;48,127;48,127;48,127;48,127;48,127;48,127
1840;55,167;55,167;55,167;55,167;55,167;55,167;55,167;55,167;55,167;55,167
1841;72,387;72,387;72,387;72,387;72,387;72,387;72,387;72,387;72,387;72,387
1842;80,067;80,067;80,067;80,067;80,067;80,067;80,067;80,067;80,067;80,067
1843;69,965;69,965;69,965;69,965;69,965;69,965;69,965;69,965;69,965;69,965
1844;51,829;51,829;51,829;51,829;51,829;51,829;51,829;51,829;51,829;51,829
1845;51,709;51,709;51,709;51,709;51,709;51,709;51,709;51,709;51,709;51,709
1846;41,381;41,381;41,381;41,381;41,381;41,381;41,381;41,381;41,381;41,381
1847;18,941;18,941;18,941;18,941;18,941;18,941;18,941;18,941;18,941;18,941
1848;18,941;18,941;18,941;18,941;18,941;18,941;18,941;18,941;18,941;18,941
1849;18,941;18,941;18,941;18,941;18,941;18,941;18,941;18,941;18,941;18,941
1850;17,101;17,101;17,101;17,101;17,101;17,101;17,101;17,101;17,101;17,101
1851;17,101;17,101;17,101;17,101;17,101;17,101;17,101;17,101;17,101;17,101
1852;41,381;41,381;41,381;41,381;41,381;41,381;41,381;41,381;41,381;41,381
1853;34,165;34,165;34,165;34,165;34,165;34,165;34,165;34,165;34,165;34,165
1854;51,465;51,465;51,465;51,465;51,465;51,465;51,465;51,465;51,465;51,465
1855;63,629;63,629;63,629;63,629;63,629;63,629;63,629;63,629;63,629;63,629
1856;52,661;52,661;52,661;52,661;52,661;52,661;52,661;52,661;52,661;52,661
1857;56,951;56,951;56,951;56,951;56,951;56,951;56,951;56,951;56,951;56,951
1858;57,119;57,119;57,119;57,119;57,119;57,119;57,119;57,119;57,119;57,119
1859;52,259;52,259;52,259;52,259;52,259;52,259;52,259;52,259;52,259;52,259
1860;42,623;42,623;42,623;42,623;42,623;42,623;42,623;42,623;42,623;42,623
1861;43,487;43,487;43,487;43,487;43,487;43,487;43,487;43,487;43,487;43,487
1862;41,327;41,327;41,327;41,327;41,327;41,327;41,327;41,327;41,327;41,327
1863;48,127;48,127;48,127;48,127;48,127;48,127;48,127;48,127;48,127;48,127
1864;55,167;55,167;55,167;55,167;55,167;55,167;55,167;55,167;55,167;55,167
1865;72,387;72,387;72,387;72,387;72,387;72,387;72,387;72,387;72,387;72,387
1866;80,067;80,067;80,067;80,067;80,067;80,067;80,067;80,067;80,067;80,067
1867;69,965;69,965;69,965;69,965;69,965;69,965;69,965;69,965;69,965;69,965
1868;51,829;51,829;51,829;51,829;51,829;51,829;51,829;51,829;51,829;51,829
1869;51,709;51,709;51,709;51,709;51,709;51,709;51,709;51,709;51,709;51,709
1870;41,381;41,381;41,381;41,381;41,381;41,381;41,381;41,381;41,381;41,381
1871;18,941;18,941;18,941;18,941;18,941;18,941;18,941;18,941;18,941;18,941
1872;18,941;18,941;18,941;18,941;18,941;18,941;18,941;18,941;18,941;18,941
1873;18,941;18,941;18,941;18,941;18,941;18,941;18,941;18,941;18,941;18,941
1874;17,101;17,101;17,101;17,101;17,101;17,101;17,101;17,101;17,101;17,101
1875;17,101;17,101;17,101;17,101;17,101;17,101;17,101;17,101;17,101;17,101
1876;41,381;41,381;41,381;41,381;41,381;41,381;41,381;41,381;41,381;41,381
1877;34,165;34,165;34,165;34,165;34,165;34,165;34,165;34,165;34,165;34,165
1878;51,465;51,465;51,465;51,465;51,465;51,465;51,465;51,465;51,465;51,465
1879;63,629;63,629;63,629;63,629;63,629;63,629;63,629;63,629;63,629;63,629
1880;52,661;52,661;52,661;52,661;52,661;52,661;52,661;52,661;52,661;52,661
1881;56,951;56,951;56,951;56,951;56,951;56,951;56,951;56,951;56,951;56,951
1882;57,119;57,119;57,119;57,119;57,119;57,119;57,119;57,119;57,119;57,119
1883;52,259;52,259;52,259;52,259;52,259;52,259;52,259;52,259;52,259;52,259
1884;42,623;42,623;42,623;42,623;42,623;42,623;42,623;42,623;42,623;42,623
1885;43,487;43,487;43,487;43,487;43,487;43,487;43,487;43,487;43,487;43,487
1886;41,327;41,327;41,327;41,327;41,327;41,327;41,327;41,327;41,327;41,327
1887;48,127;48,127;48,127;48,127;48,127;48,127;48,127;48,127;48,127;48,127
1888;55,167;55,167;55,167;55,167;55,167;55,167;55,167;55,167;55,167;55,167
1889;72,387;72,387;72,387;72,387;72,387;72,387;72,387;72,387;72,387;72,387
1890;80,067;80,067;80,067;80,067;80,067;80,067;80,067;80,067;80,067;80,067
1891;69,965;69,965;69,965;69,965;69,965;69,965;69,965;69,965;69,965;69,965
1892;51,829;51,829;51,829;51,829;51,829;51,829;51,829;51,829;51,829;51,829
1893;51,709;51,709;51,709;51,709;51,709;51,709;51,709;51,709;51,709;51,709
1894;41,381;41,381;41,381;41,381;41,381;41,381;41,381;41,381;41,381;41,381
1895;18,941;18,941;18,941;18,941;18,941;18,941;18,941;18,941;18,941;18,941
1896;18,941;18,941;18,941;18,941;18,941;18,941;18,941;18,941;18,941;18,941
1897;18,941;18,941;18,941;18,941;18,941;18,941;18,941;18,941;18,941;18,941
1898;17,101;17,101;17,101;17,101;17,101;17,101;17,101;17,101;17,101;17,101
1899;17,101;17,101;17,101;17,101;17,101;17,101;17,101;17,101;17,101;17,101
1900;41,381;41,381;41,381;41,381;41,381;41,381;41,381;41,381;41,381;41,381
1901;34,165;34,165;34,165;34,165;34,165;34,165;34,165;34,165;34,165;34,165
1902;51,465;51,465;51,465;51,465;51,465;51,465;51,465;51,465;51,465;51,465
1903;63,629;63,629;63,629;63,629;63,629;63,629;63,629;63,629;63,629;63,629
1904;52,661;52,661;52,661;52,661;52,661;52,661;52,661;52,661;52,661;52,661
1905;56,951;56,951;56,951;56,951;56,951;56,951;56,951;56,951;56,951;56,951
1906;57,119;57,119;57,119;57,119;57,119;57,119;57,119;57,119;57,119;57,119
1907;52,259;52,259;52,259;52,259;52,259;52,259;52,259;52,259;52,259;52,259
1908;42,623;42,623;42,623;42,623;42,623;42,623;42,623;42,623;42,623;42,623
1909;43,487;43,487;43,487;43,487;43,487;43,487;43,487;43,487;43,487;43,487
1910;41,327;41,327;41,327;41,327;41,327;41,327;41,327;41,327;41,327;41,327
1911;48,127;48,127;48,127;48,127;48,127;48,127;48,127;48,127;48,127;48,127
1912;55,167;55,167;55,167;55,167;55,167;55,167;55,167;55,167;55,167;55,167
1913;72,387;72,387;72,387;72,387;72,387;72,387;72,387;72,387;72,387;72,387
1914;80,067;80,067;80,067;80,067;80,067;80,067;80,067;80,067;80,067;80,067
1915;69,965;69,965;69,965;69,965;69,965;69,965;69,965;69,965;69,965;69,965
1916;51,829;51,829;51,829;51,829;51,829;51,829;51,829;51,829;51,829;51,829
1917;51,709;51,709;51,709;51,709;51,709;51,709;51,709;51,709;51,709;51,709
1918;41,381;41,381;41,381;41,381;41,381;41,381;41,381;41,381;41,381;41,381
1919;18,941;18,941;18,941;18,941;18,941;18,941;18,941;18,941;18,941;18,941
1920;18,941;18,941;18,941;18,941;18,941;18,941;18,941;18,941;18,941;18,941
1921;18,941;18,941;18,941;18,941;18,941;18,941;18,941;18,941;18,941;18,941
1922;17,101;17,101;17,101;17,101;17,101;17,101;17,101;17,101;17,101;17,101
1923;17,101;17,101;17,101;17,101;17,101;17,101;17,101;17,101;17,101;17,101
1924;41,381;41,381;41,381;41,381;41,381;41,381;41,381;41,381;41,381;41,381
1925;34,165;34,165;34,165;34,165;34,165;34,165;34,165;34,165;34,165;34,165
1926;51,465;51,465;51,465;51,465;51,465;51,465;51,465;51,465;51,465;51,465
1927;63,629;63,629;63,629;63,629;63,629;63,629;63,629;63,629;63,629;63,629
1928;52,661;52,661;52,661;52,661;52,661;52,661;52,661;52,661;52,661;52,661
1929;56,951;56,951;56,951;56,951;56,951;56,951;56,951;56,951;56,951;56,951
1930;57,119;57,119;57,119;57,119;57,119;57,119;57,119;57,119;57,119;57,119
1931;52,259;52,259;52,259;52,259;52,259;52,259;52,259;52,259;52,259;52,259
1932;42,623;42,623;42,623;42,623;42,623;42,623;42,623;42,623;42,623;42,623
1933;43,487;43,487;43,487;43,487;43,487;43,487;43,487;43,487;43,487;43,487
1934;41,327;41,327;41,327;41,327;41,327;41,327;41,327;41,327;41,327;41,327
1935;48,127;48,127;48,127;48,127;48,127;48,127;48,127;48,127;48,127;48,127
1936;55,167;55,167;55,167;55,167;55,167;55,167;55,167;55,167;55,167;55,167
1937;72,387;72,387;72,387;72,387;72,387;72,387;72,387;72,387;72,387;72,387
1938;80,067;80,067;80,067;80,067;80,067;80,067;80,067;80,067;80,067;80,067
1939;69,965;69,965;69,965;69,965;69,965;69,965;69,965;69,965;69,965;69,965
1940;51,829;51,829;51,829;51,829;51,829;51,829;51,829;51,829;51,829;51,829
1941;51,709;51,709;51,709;51,709;51,709;51,709;51,709;51,709;51,709;51,709
1942;41,381;41,381;41,381;41,381;41,381;41,381;41,381;41,381;41,381;41,381
1943;18,941;18,941;18,941;18,941;18,941;18,941;18,941;18,941;18,941;18,941
1944;18,941;18,941;18,941;18,941;18,941;18,941;18,941;18,941;18,941;18,941
1945;18,941;18,941;18,941;18,941;18,941;18,941;18,941;18,941;18,941;18,941
1946;17,101;17,101;17,101;17,101;17,101;17,101;17,101;17,101;17,101;17,101
1947;17,101;17,101;17,101;17,101;17,101;17,101;17,101;17,101;17,101;17,101
1948;41,381;41,381;41,381;41,381;41,381;41,381;41,381;41,381;41,381;41,381
1949;34,165;34,165;34,165;34,165;34,165;34,165;34,165;34,165;34,165;34,165
1950;51,465;51,465;51,465;51,465;51,465;51,465;51,465;51,465;51,465;51,465
1951;63,629;63,629;63,629;63,629;63,629;63,629;63,629;63,629;63,629;63,629
1952;52,661;52,661;52,661;52,661;52,661;52,661;52,661;52,661;52,661;52,661
1953;56,951;56,951;56,951;56,951;56,951;56,951;56,951;56,951;56,951;56,951
1954;57,119;57,119;57,119;57,119;57,119;57,119;57,119;57,119;57,119;57,119
1955;52,259;52,259;52,259;52,259;52,259;52,259;52,259;52,259;52,259;52,259
1956;42,623;42,623;42,623;42,623;42,623;42,623;42,623;42,623;42,623;42,623
1957;43,487;43,487;43,487;43,487;43,487;43,487;43,487;43,487;43,487;43,487
1958;41,327;41,327;41,327;41,327;41,327;41,327;41,327;41,327;41,327;41,327
1959;48,127;48,127;48,127;48,127;48,127;48,127;48,127;48,127;48,127;48,127
1960;55,167;55,167;55,167;55,167;55,167;55,167;55,167;55,167;55,167;55,167
1961;72,387;72,387;72,387;72,387;72,387;72,387;72,387;72,387;72,387;72,387
1962;80,067;80,067;80,067;80,067;80,067;80,067;80,067;80,067;80,067;80,067
1963;69,965;69,965;69,965;69,965;69,965;69,965;69,965;69,965;69,965;69,965
1964;51,829;51,829;51,829;51,829;51,829;51,829;51,829;51,829;51,829;51,829
1965;51,709;51,709;51,709;51,709;51,709;51,709;51,709;51,709;51,709;51,709
1966;41,381;41,381;41,381;41,381;41,381;41,381;41,381;41,381;41,381;41,381
1967;18,941;18,941;18,941;18,941;18,941;18,941;18,941;18,941;18,941;18,941
1968;18,941;18,941;18,941;18,941;18,941;18,941;18,941;18,941;18,941;18,941
1969;18,941;18,941;18,941;18,941;18,941;18,941;18,941;18,941;18,941;18,941
1970;17,101;17,101;17,101;17,101;17,101;17,101;17,101;17,101;17,101;17,101
1971;17,101;17,101;17,101;17,101;17,101;17,101;17,101;17,101;17,101;17,101
1972;41,381;41,381;41,381;41,381;41,381;41,381;41,381;41,381;41,381;41,381
1973;34,165;34,165;34,165;34,165;34,165;34,165;34,165;34,165;34,165;34,165
1974;51,465;51,465;51,465;51,465;51,465;51,465;51,465;51,465;51,465;51,465
1975;63,629;63,629;63,629;63,629;63,629;63,629;63,629;63,629;63,629;63,629
1976;52,661;52,661;52,661;52,661;52,661;52,661;52,661;52,661;52,661;52,661
1977;56,951;56,951;56,951;56,951;56,951;56,951;56,951;56,951;56,951;56,951
1978;57,119;57,119;57,119;57,119;57,119;57,119;57,119;57,119;57,119;57,119
1979;52,259;52,259;52,259;52,259;52,259;52,259;52,259;52,259;52,259;52,259
1980;42,623;42,623;42,623;42,623;42,623;42,623;42,623;42,623;42,623;42,623
1981;43,487;43,487;43,487;43,487;43,487;43,487;43,487;43,487;43,487;43,487
1982;41,327;41,327;41,327;41,327;41,327;41,327;41,327;41,327;41,327;41,327
1983;48,127;48,127;48,127;48,127;48,127;48,127;48,127;48,127;48,127;48,127
1984;55,167;55,167;55,167;55,167;55,167;55,167;55,167;55,167;55,167;55,167
1985;72,387;72,387;72,387;72,387;72,387;72,387;72,387;72,387;72,387;72,387
1986;80,067;80,067;80,067;80,067;80,067;80,067;80,067;80,067;80,067;80,067
1987;69,965;69,965;69,965;69,965;69,965;69,965;69,965;69,965;69,965;69,965
1988;51,829;51,829;51,829;51,829;51,829;51,829;51,829;51,829;51,829;51,829
1989;51,709;51,709;51,709;51,709;51,709;51,709;51,709;51,709;51,709;51,709
1990;41,381;41,381;41,381;41,381;41,381;41,381;41,381;41,381;41,381;41,381
1991;18,941;18,941;18,941;18,941;18,941;18,941;18,941;18,941;18,941;18,941
1992;18,941;18,941;18,941;18,941;18,941;18,941;18,941;18,941;18,941;18,941
1993;18,941;18,941;18,941;18,941;18,941;18,941;18,941;18,941;18,941;18,941
1994;17,101;17,101;17,101;17,101;17,101;17,101;17,101;17,101;17,101;17,101
1995;17,101;17,101;17,101;17,101;17,101;17,101;17,101;17,101;17,101;17,101
1996;41,381;41,381;41,381;41,381;41,381;41,381;41,381;41,381;41,381;41,381
1997;34,165;34,165;34,165;34,165;34,165;34,165;34,165;34,165;34,165;34,165
1998;51,465;51,465;51,465;51,465;51,465;51,465;51,465;51,465;51,465;51,465
1999;63,629;63,629;63,629;63,629;63,629;63,629;63,629;63,629;63,629;63,629
2000;52,661;52,661;52,661;52,661;52,661;52,661;52,661;52,661;52,661;52,661
2001;56,951;56,951;56,951;56,951;56,951;56,951;56,951;56,951;56,951;56,951
2002;57,119;57,119;57,119;57,119;57,119;57,119;57,119;57,119;57,119;57,119
2003;52,259;52,259;52,259;52,259;52,259;52,259;52,259;52,259;52,259;52,259
2004;42,623;42,623;42,623;42,623;42,623;42,623;42,623;42,623;42,623;42,623
2005;43,487;43,487;43,487;43,487;43,487;43,487;43,487;43,487;43,487;43,487
2006;41,327;41,327;41,327;41,327;41,327;41,327;41,327;41,327;41,327;41,327
2007;48,127;48,127;48,127;48,127;48,127;48,127;48,127;48,127;48,127;48,127
2008;55,167;55,167;55,167;55,167;55,167;55,167;55,167;55,167;55,167;55,167
2009;72,387;72,387;72,387;72,387;72,387;72,387;72,387;72,387;72,387;72,387
2010;80,067;80,067;80,067;80,067;80,067;80,067;80,067;80,067;80,067;80,067
2011;69,965;69,965;69,965;69,965;69,965;69,965;69,965;69,965;69,965;69,965
2012;51,829;51,829;51,829;51,829;51,829;51,829;51,829;51,829;51,829;51,829
2013;51,709;51,709;51,709;51,709;51,709;51,709;51,709;51,709;51,709;51,709
2014;41,381;41,381;41,381;41,381;41,381;41,381;41,381;41,381;41,381;41,381
2015;18,941;18,941;18,941;18,941;18,941;18,941;18,941;18,941;18,941;18,941
2016;18,941;18,941;18,941;18,941;18,941;18,941;18,941;18,941;18,941;18,941
2017;18,941;18,941;18,941;18,941;18,941;18,941;18,941;18,941;18,941;18,941
2018;17,101;17,101;17,101;17,101;17,101;17,101;17,101;17,101;17,101;17,101
2019;17,101;17,101;17,101;17,101;17,101;17,101;17,101;17,101;17,101;17,101
2020;41,381;41,381;41,381;41,381;41,381;41,381;41,381;41,381;41,381;41,381
2021;34,165;34,165;34,165;34,165;34,165;34,165;34,165;34,165;34,165;34,165
2022;51,465;51,465;51,465;51,465;51,465;51,465;51,465;51,465;51,465;51,465
2023;63,629;63,629;63,629;63,629;63,629;63,629;63,629;63,629;63,629;63,629
2024;52,661;52,661;52,661;52,661;52,661;52,661;52,661;52,661;52,661;52,661
2025;56,951;56,951;56,951;56,951;56,951;56,951;56,951;56,951;56,951;56,951
2026;57,119;57,119;57,119;57,119;57,119;57,119;57,119;57,119;57,119;57,119
2027;52,259;52,259;52,259;52,259;52,259;52,259;52,259;52,259;52,259;52,259
2028;42,623;42,623;42,623;42,623;42,623;42,623;42,623;42,623;42,623;42,623
2029;43,487;43,487;43,487;43,487;43,487;43,487;43,487;43,487;43,487;43,487
2030;41,327;41,327;41,327;41,327;41,327;41,327;41,327;41,327;41,327;41,327
2031;48,127;48,127;48,127;48,127;48,127;48,127;48,127;48,127;48,127;48,127
2032;55,167;55,167;55,167;55,167;55,167;55,167;55,167;55,167;55,167;55,167
2033;72,387;72,387;72,387;72,387;72,387;72,387;72,387;72,387;72,387;72,387
2034;80,067;80,067;80,067;80,067;80,067;80,067;80,067;80,067;80,067;80,067
2035;69,965;69,965;69,965;69,965;69,965;69,965;69,965;69,965;69,965;69,965
2036;51,829;51,829;51,829;51,829;51,829;51,829;51,829;51,829;51,829;51,829
2037;51,709;51,709;51,709;51,709;51,709;51,709;51,709;51,709;51,709;51,709
2038;41,381;41,381;41,381;41,381;41,381;41,381;41,381;41,381;41,381;41,381
2039;18,941;18,941;18,941;18,941;18,941;18,941;18,941;18,941;18,941;18,941
2040;18,941;18,941;18,941;18,941;18,941;18,941;18,941;18,941;18,941;18,941
2041;18,941;18,941;18,941;18,941;18,941;18,941;18,941;18,941;18,941;18,941
2042;17,101;17,101;17,101;17,101;17,101;17,101;17,101;17,101;17,101;17,101
2043;17,101;17,101;17,101;17,101;17,101;17,101;17,101;17,101;17,101;17,101
2044;41,381;41,381;41,381;41,381;41,381;41,381;41,381;41,381;41,381;41,381
2045;34,165;34,165;34,165;34,165;34,165;34,165;34,165;34,165;34,165;34,165
2046;51,465;51,465;51,465;51,465;51,465;51,465;51,465;51,465;51,465;51,465
2047;63,629;63,629;63,629;63,629;63,629;63,629;63,629;63,629;63,629;63,629
2048;52,661;52,661;52,661;52,661;52,661;52,661;52,661;52,661;52,661;52,661
2049;56,951;56,951;56,951;56,951;56,951;56,951;56,951;56,951;56,951;56,951
2050;57,119;57,119;57,119;57,119;57,119;57,119;57,119;57,119;57,119;57,119
2051;52,259;52,259;52,259;52,259;52,259;52,259;52,259;52,259;52,259;52,259
2052;42,623;42,623;42,623;42,623;42,623;42,623;42,623;42,623;42,623;42,623
2053;43,487;43,487;43,487;43,487;43,487;43,487;43,487;43,487;43,487;43,487
2054;41,327;41,327;41,327;41,327;41,327;41,327;41,327;41,327;41,327;41,327
2055;48,127;48,127;48,127;48,127;48,127;48,127;48,127;48,127;48,127;48,127
2056;55,167;55,167;55,167;55,167;55,167;55,167;55,167;55,167;55,167;55,167
2057;72,387;72,387;72,387;72,387;72,387;72,387;72,387;72,387;72,387;72,387
2058;80,067;80,067;80,067;80,067;80,067;80,067;80,067;80,067;80,067;80,067
2059;69,965;69,965;69,965;69,965;69,965;69,965;69,965;69,965;69,965;69,965
2060;51,829;51,829;51,829;51,829;51,829;51,829;51,829;51,829;51,829;51,829
2061;51,709;51,709;51,709;51,709;51,709;51,709;51,709;51,709;51,709;51,709
2062;41,381;41,381;41,381;41,381;41,381;41,381;41,381;41,381;41,381;41,381
2063;18,941;18,941;18,941;18,941;18,941;18,941;18,941;18,941;18,941;18,941
2064;18,941;18,941;18,941;18,941;18,941;18,941;18,941;18,941;18,941;18,941
2065;18,941;18,941;18,941;18,941;18,941;18,941;18,941;18,941;18,941;18,941
2066;17,101;17,101;17,101;17,101;17,101;17,101;17,101;17,101;17,101;17,101
2067;17,101;17,101;17,101;17,101;17,101;17,101;17,101;17,101;17,101;17,101
2068;41,381;41,381;41,381;41,381;41,381;41,381;41,381;41,381;41,381;41,381
2069;34,165;34,165;34,165;34,165;34,165;34,165;34,165;34,165;34,165;34,165
2070;51,465;51,465;51,465;51,465;51,465;51,465;51,465;51,465;51,465;51,465
2071;63,629;63,629;63,629;63,629;63,629;63,629;63,629;63,629;63,629;63,629
2072;52,661;52,661;52,661;52,661;52,661;52,661;52,661;52,661;52,661;52,661
2073;56,951;56,951;56,951;56,951;56,951;56,951;56,951;56,951;56,951;56,951
2074;57,119;57,119;57,119;57,119;57,119;57,119;57,119;57,119;57,119;57,119
2075;52,259;52,259;52,259;52,259;52,259;52,259;52,259;52,259;52,259;52,259
2076;42,623;42,623;42,623;42,623;42,623;42,623;42,623;42,623;42,623;42,623
2077;43,487;43,487;43,487;43,487;43,487;43,487;43,487;43,487;43,487;43,487
2078;41,327;41,327;41,327;41,327;41,327;41,327;41,327;41,327;41,327;41,327
2079;48,127;48,127;48,127;48,127;48,127;48,127;48,127;48,127;48,127;48,127
2080;55,167;55,167;55,167;55,167;55,167;55,167;55,167;55,167;55,167;55,167
2081;72,387;72,387;72,387;72,387;72,387;72,387;72,387;72,387;72,387;72,387
2082;80,067;80,067;80,067;80,067;80,067;80,067;80,067;80,067;80,067;80,067
2083;69,965;69,965;69,965;69,965;69,965;69,965;69,965;69,965;69,965;69,965
2084;51,829;51,829;51,829;51,829;51,829;51,829;51,829;51,829;51,829;51,829
2085;51,709;51,709;51,709;51,709;51,709;51,709;51,709;51,709;51,709;51,709
2086;41,381;41,381;41,381;41,381;41,381;41,381;41,381;41,381;41,381;41,381
2087;18,941;18,941;18,941;18,941;18,941;18,941;18,941;18,941;18,941;18,941
2088;18,941;18,941;18,941;18,941;18,941;18,941;18,941;18,941;18,941;18,941
2089;18,941;18,941;18,941;18,941;18,941;18,941;18,941;18,941;18,941;18,941
2090;17,101;17,101;17,101;17,101;17,101;17,101;17,101;17,101;17,101;17,101
2091;17,101;17,101;17,101;17,101;17,101;17,101;17,101;17,101;17,101;17,101
2092;41,381;41,381;41,381;41,381;41,381;41,381;41,381;41,381;41,381;41,381
2093;34,165;34,165;34,165;34,165;34,165;34,165;34,165;34,165;34,165;34,165
2094;51,465;51,465;51,465;51,465;51,465;51,465;51,465;51,465;51,465;51,465
2095;63,629;63,629;63,629;63,629;63,629;63,629;63,629;63,629;63,629;63,629
2096;52,661;52,661;52,661;52,661;52,661;52,661;52,661;52,661;52,661;52,661
2097;56,951;56,951;56,951;56,951;56,951;56,951;56,951;56,951;56,951;56,951
2098;57,119;57,119;57,119;57,119;57,119;57,119;57,119;57,119;57,119;57,119
2099;52,259;52,259;52,259;52,259;52,259;52,259;52,259;52,259;52,259;52,259
2100;42,623;42,623;42,623;42,623;42,623;42,623;42,623;42,623;42,623;42,623
2101;43,487;43,487;43,487;43,487;43,487;43,487;43,487;43,487;43,487;43,487
2102;41,327;41,327;41,327;41,327;41,327;41,327;41,327;41,327;41,327;41,327
2103;48,127;48,127;48,127;48,127;48,127;48,127;48,127;48,127;48,127;48,127
2104;55,167;55,167;55,167;55,167;55,167;55,167;55,167;55,167;55,167;55,167
2105;72,387;72,387;72,387;72,387;72,387;72,387;72,387;72,387;72,387;72,387
2106;80,067;80,067;80,067;80,067;80,067;80,067;80,067;80,067;80,067;80,067
2107;69,965;69,965;69,965;69,965;69,965;69,965;69,965;69,965;69,965;69,965
2108;51,829;51,829;51,829;51,829;51,829;51,829;51,829;51,829;51,829;51,829
2109;51,709;51,709;51,709;51,709;51,709;51,709;51,709;51,709;51,709;51,709
2110;41,381;41,381;41,381;41,381;41,381;41,381;41,381;41,381;41,381;41,381
2111;18,941;18,941;18,941;18,941;18,941;18,941;18,941;18,941;18,941;18,941
2112;18,941;18,941;18,941;18,941;18,941;18,941;18,941;18,941;18,941;18,941
2113;18,941;18,941;18,941;18,941;18,941;18,941;18,941;18,941;18,941;18,941
2114;17,101;17,101;17,101;17,101;17,101;17,101;17,101;17,101;17,101;17,101
2115;17,101;17,101;17,101;17,101;17,101;17,101;17,101;17,101;17,101;17,101
2116;41,381;41,381;41,381;41,381;41,381;41,381;41,381;41,381;41,381;41,381
2117;34,165;34,165;34,165;34,165;34,165;34,165;34,165;34,165;34,165;34,165
2118;51,465;51,465;51,465;51,465;51,465;51,465;51,465;51,465;51,465;51,465
2119;63,629;63,629;63,629;63,629;63,629;63,629;63,629;63,629;63,629;63,629
2120;52,661;52,661;52,661;52,661;52,661;52,661;52,661;52,661;52,661;52,661
2121;56,951;56,951;56,951;56,951;56,951;56,951;56,951;56,951;56,951;56,951
2122;57,119;57,119;57,119;57,119;57,119;57,119;57,119;57,119;57,119;57,119
2123;52,259;52,259;52,259;52,259;52,259;52,259;52,259;52,259;52,259;52,259
2124;42,623;42,623;42,623;42,623;42,623;42,623;42,623;42,623;42,623;42,623
2125;43,487;43,487;43,487;43,487;43,487;43,487;43,487;43,487;43,487;43,487
2126;41,327;41,327;41,327;41,327;41,327;41,327;41,327;41,327;41,327;41,327
2127;48,127;48,127;48,127;48,127;48,127;48,127;48,127;48,127;48,127;48,127
2128;55,167;55,167;55,167;55,167;55,167;55,167;55,167;55,167;55,167;55,167
2129;72,387;72,387;72,387;72,387;72,387;72,387;72,387;72,387;72,387;72,387
2130;80,067;80,067;80,067;80,067;80,067;80,067;80,067;80,067;80,067;80,067
2131;69,965;69,965;69,965;69,965;69,965;69,965;69,965;69,965;69,965;69,965
2132;51,829;51,829;51,829;51,829;51,829;51,829;51,829;51,829;51,829;51,829
2133;51,709;51,709;51,709;51,709;51,709;51,709;51,709;51,709;51,709;51,709
2134;41,381;41,381;41,381;41,381;41,381;41,381;41,381;41,381;41,381;41,381
2135;18,941;18,941;18,941;18,941;18,941;18,941;18,941;18,941;18,941;18,941
2136;18,941;18,941;18,941;18,941;18,941;18,941;18,941;18,941;18,941;18,941
2137;18,941;18,941;18,941;18,941;18,941;18,941;18,941;18,941;18,941;18,941
2138;17,101;17,101;17,101;17,101;17,101;17,101;17,101;17,101;17,101;17,101
2139;17,101;17,101;17,101;17,101;17,101;17,101;17,101;17,101;17,101;17,101
2140;41,381;41,381;41,381;41,381;41,381;41,381;41,381;41,381;41,381;41,381
2141;34,165;34,165;34,165;34,165;34,165;34,165;34,165;34,165;34,165;34,165
2142;51,465;51,465;51,465;51,465;51,465;51,465;51,465;51,465;51,465;51,465
2143;63,629;63,629;63,629;63,629;63,629;63,629;63,629;63,629;63,629;63,629
2144;52,661;52,661;52,661;52,661;52,661;52,661;52,661;52,661;52,661;52,661
2145;56,951;56,951;56,951;56,951;56,951;56,951;56,951;56,951;56,951;56,951
2146;57,119;57,119;57,119;57,119;57,119;57,119;57,119;57,119;57,119;57,119
2147;52,259;52,259;52,259;52,259;52,259;52,259;52,259;52,259;52,259;52,259
2148;42,623;42,623;42,623;42,623;42,623;42,623;42,623;42,623;42,623;42,623
2149;43,487;43,487;43,487;43,487;43,487;43,487;43,487;43,487;43,487;43,487
2150;41,327;41,327;41,327;41,327;41,327;41,327;41,327;41,327;41,327;41,327
2151;48,127;48,127;48,127;48,127;48,127;48,127;48,127;48,127;48,127;48,127
2152;55,167;55,167;55,167;55,167;55,167;55,167;55,167;55,167;55,167;55,167
2153;72,387;72,387;72,387;72,387;72,387;72,387;72,387;72,387;72,387;72,387
2154;80,067;80,067;80,067;80,067;80,067;80,067;80,067;80,067;80,067;80,067
2155;69,965;69,965;69,965;69,965;69,965;69,965;69,965;69,965;69,965;69,965
2156;51,829;51,829;51,829;51,829;51,829;51,829;51,829;51,829;51,829;51,829
2157;51,709;51,709;51,709;51,709;51,709;51,709;51,709;51,709;51,709;51,709
2158;41,381;41,381;41,381;41,381;41,381;41,381;41,381;41,381;41,381;41,381
2159;18,941;18,941;18,941;18,941;18,941;18,941;18,941;18,941;18,941;18,941
2160;18,941;18,941;18,941;18,941;18,941;18,941;18,941;18,941;18,941;18,941
2161;18,941;18,941;18,941;18,941;18,941;18,941;18,941;18,941;18,941;18,941
2162;17,101;17,101;17,101;17,101;17,101;17,101;17,101;17,101;17,101;17,101
2163;17,101;17,101;17,101;17,101;17,101;17,101;17,101;17,101;17,101;17,101
2164;41,381;41,381;41,381;41,381;41,381;41,381;41,381;41,381;41,381;41,381
2165;34,165;34,165;34,165;34,165;34,165;34,165;34,165;34,165;34,165;34,165
2166;51,465;51,465;51,465;51,465;51,465;51,465;51,465;51,465;51,465;51,465
2167;63,629;63,629;63,629;63,629;63,629;63,629;63,629;63,629;63,629;63,629
2168;52,661;52,661;52,661;52,661;52,661;52,661;52,661;52,661;52,661;52,661
2169;56,951;56,951;56,951;56,951;56,951;56,951;56,951;56,951;56,951;56,951
2170;57,119;57,119;57,119;57,119;57,119;57,119;57,119;57,119;57,119;57,119
2171;52,259;52,259;52,259;52,259;52,259;52,259;52,259;52,259;52,259;52,259
2172;42,623;42,623;42,623;42,623;42,623;42,623;42,623;42,623;42,623;42,623
2173;43,487;43,487;43,487;43,487;43,487;43,487;43,487;43,487;43,487;43,487
2174;41,327;41,327;41,327;41,327;41,327;41,327;41,327;41,327;41,327;41,327
2175;48,127;48,127;48,127;48,127;48,127;48,127;48,127;48,127;48,127;48,127
2176;55,167;55,167;55,167;55,167;55,167;55,167;55,167;55,167;55,167;55,167
2177;72,387;72,387;72,387;72,387;72,387;72,387;72,387;72,387;72,387;72,387
2178;80,067;80,067;80,067;80,067;80,067;80,067;80,067;80,067;80,067;80,067
2179;69,965;69,965;69,965;69,965;69,965;69,965;69,965;69,965;69,965;69,965
2180;51,829;51,829;51,829;51,829;51,829;51,829;51,829;51,829;51,829;51,829
2181;51,709;51,709;51,709;51,709;51,709;51,709;51,709;51,709;51,709;51,709
2182;41,381;41,381;41,381;41,381;41,381;41,381;41,381;41,381;41,381;41,381
2183;18,941;18,941;18,941;18,941;18,941;18,941;18,941;18,941;18,941;18,941
2184;18,941;18,941;18,941;18,941;18,941;18,941;18,941;18,941;18,941;18,941
2185;18,941;18,941;18,941;18,941;18,941;18,941;18,941;18,941;18,941;18,941
2186;17,101;17,101;17,101;17,101;17,101;17,101;17,101;17,101;17,101;17,101
2187;17,101;17,101;17,101;17,101;17,101;17,101;17,101;17,101;17,101;17,101
2188;41,381;41,381;41,381;41,381;41,381;41,381;41,381;41,381;41,381;41,381
2189;34,165;34,165;34,165;34,165;34,165;34,165;34,165;34,165;34,165;34,165
2190;51,465;51,465;51,465;51,465;51,465;51,465;51,465;51,465;51,465;51,465
2191;63,629;63,629;63,629;63,629;63,629;63,629;63,629;63,629;63,629;63,629
2192;52,661;52,661;52,661;52,661;52,661;52,661;52,661;52,661;52,661;52,661
2193;56,951;56,951;56,951;56,951;56,951;56,951;56,951;56,951;56,951;56,951
2194;57,119;57,119;57,119;57,119;57,119;57,119;57,119;57,119;57,119;57,119
2195;52,259;52,259;52,259;52,259;52,259;52,259;52,259;52,259;52,259;52,259
2196;42,623;42,623;42,623;42,623;42,623;42,623;42,623;42,623;42,623;42,623
2197;43,487;43,487;43,487;43,487;43,487;43,487;43,487;43,487;43,487;43,487
2198;41,327;41,327;41,327;41,327;41,327;41,327;41,327;41,327;41,327;41,327
2199;48,127;48,127;48,127;48,127;48,127;48,127;48,127;48,127;48,127;48,127
2200;55,167;55,167;55,167;55,167;55,167;55,167;55,167;55,167;55,167;55,167
2201;72,387;72,387;72,387;72,387;72,387;72,387;72,387;72,387;72,387;72,387
2202;80,067;80,067;80,067;80,067;80,067;80,067;80,067;80,067;80,067;80,067
2203;69,965;69,965;69,965;69,965;69,965;69,965;69,965;69,965;69,965;69,965
2204;51,829;51,829;51,829;51,829;51,829;51,829;51,829;51,829;51,829;51,829
2205;51,709;51,709;51,709;51,709;51,709;51,709;51,709;51,709;51,709;51,709
2206;41,381;41,381;41,381;41,381;41,381;41,381;41,381;41,381;41,381;41,381
2207;18,941;18,941;18,941;18,941;18,941;18,941;18,941;18,941;18,941;18,941
2208;18,941;18,941;18,941;18,941;18,941;18,941;18,941;18,941;18,941;18,941
2209;18,941;18,941;18,941;18,941;18,941;18,941;18,941;18,941;18,941;18,941
2210;17,101;17,101;17,101;17,101;17,101;17,101;17,101;17,101;17,101;17,101
2211;17,101;17,101;17,101;17,101;17,101;17,101;17,101;17,101;17,101;17,101
2212;41,381;41,381;41,381;41,381;41,381;41,381;41,381;41,381;41,381;41,381
2213;34,165;34,165;34,165;34,165;34,165;34,165;34,165;34,165;34,165;34,165
2214;51,465;51,465;51,465;51,465;51,465;51,465;51,465;51,465;51,465;51,465
2215;63,629;63,629;63,629;63,629;63,629;63,629;63,629;63,629;63,629;63,629
2216;52,661;52,661;52,661;52,661;52,661;52,661;52,661;52,661;52,661;52,661
2217;56,951;56,951;56,951;56,951;56,951;56,951;56,951;56,951;56,951;56,951
2218;57,119;57,119;57,119;57,119;57,119;57,119;57,119;57,119;57,119;57,119
2219;52,259;52,259;52,259;52,259;52,259;52,259;52,259;52,259;52,259;52,259
2220;42,623;42,623;42,623;42,623;42,623;42,623;42,623;42,623;42,623;42,623
2221;43,487;43,487;43,487;43,487;43,487;43,487;43,487;43,487;43,487;43,487
2222;41,327;41,327;41,327;41,327;41,327;41,327;41,327;41,327;41,327;41,327
2223;48,127;48,127;48,127;48,127;48,127;48,127;48,127;48,127;48,127;48,127
2224;55,167;55,167;55,167;55,167;55,167;55,167;55,167;55,167;55,167;55,167
2225;72,387;72,387;72,387;72,387;72,387;72,387;72,387;72,387;72,387;72,387
2226;80,067;80,067;80,067;80,067;80,067;80,067;80,067;80,067;80,067;80,067
2227;69,965;69,965;69,965;69,965;69,965;69,965;69,965;69,965;69,965;69,965
2228;51,829;51,829;51,829;51,829;51,829;51,829;51,829;51,829;51,829;51,829
2229;51,709;51,709;51,709;51,709;51,709;51,709;51,709;51,709;51,709;51,709
2230;41,381;41,381;41,381;41,381;41,381;41,381;41,381;41,381;41,381;41,381
2231;18,941;18,941;18,941;18,941;18,941;18,941;18,941;18,941;18,941;18,941
2232;18,941;18,941;18,941;18,941;18,941;18,941;18,941;18,941;18,941;18,941
2233;18,941;18,941;18,941;18,941;18,941;18,941;18,941;18,941;18,941;18,941
2234;17,101;17,101;17,101;17,101;17,101;17,101;17,101;17,101;17,101;17,101
2235;17,101;17,101;17,101;17,101;17,101;17,101;17,101;17,101;17,101;17,101
2236;41,381;41,381;41,381;41,381;41,381;41,381;41,381;41,381;41,381;41,381
2237;34,165;34,165;34,165;34,165;34,165;34,165;34,165;34,165;34,165;34,165
2238;51,465;51,465;51,465;51,465;51,465;51,465;51,465;51,465;51,465;51,465
2239;63,629;63,629;63,629;63,629;63,629;63,629;63,629;63,629;63,629;63,629
2240;52,661;52,661;52,661;52,661;52,661;52,661;52,661;52,661;52,661;52,661
2241;56,951;56,951;56,951;56,951;56,951;56,951;56,951;56,951;56,951;56,951
2242;57,119;57,119;57,119;57,119;57,119;57,119;57,119;57,119;57,119;57,119
2243;52,259;52,259;52,259;52,259;52,259;52,259;52,259;52,259;52,259;52,259
2244;42,623;42,623;42,623;42,623;42,623;42,623;42,623;42,623;42,623;42,623
2245;43,487;43,487;43,487;43,487;43,487;43,487;43,487;43,487;43,487;43,487
2246;41,327;41,327;41,327;41,327;41,327;41,327;41,327;41,327;41,327;41,327
2247;48,127;48,127;48,127;48,127;48,127;48,127;48,127;48,127;48,127;48,127
2248;55,167;55,167;55,167;55,167;55,167;55,167;55,167;55,167;55,167;55,167
2249;72,387;72,387;72,387;72,387;72,387;72,387;72,387;72,387;72,387;72,387
2250;80,067;80,067;80,067;80,067;80,067;80,067;80,067;80,067;80,067;80,067
2251;69,965;69,965;69,965;69,965;69,965;69,965;69,965;69,965;69,965;69,965
2252;51,829;51,829;51,829;51,829;51,829;51,829;51,829;51,829;51,829;51,829
2253;51,709;51,709;51,709;51,709;51,709;51,709;51,709;51,709;51,709;51,709
2254;41,381;41,381;41,381;41,381;41,381;41,381;41,381;41,381;41,381;41,381
2255;18,941;18,941;18,941;18,941;18,941;18,941;18,941;18,941;18,941;18,941
2256;18,941;18,941;18,941;18,941;18,941;18,941;18,941;18,941;18,941;18,941
2257;18,941;18,941;18,941;18,941;18,941;18,941;18,941;18,941;18,941;18,941
2258;17,101;17,101;17,101;17,101;17,101;17,101;17,101;17,101;17,101;17,101
2259;17,101;17,101;17,101;17,101;17,101;17,101;17,101;17,101;17,101;17,101
2260;41,381;41,381;41,381;41,381;41,381;41,381;41,381;41,381;41,381;41,381
2261;34,165;34,165;34,165;34,165;34,165;34,165;34,165;34,165;34,165;34,165
2262;51,465;51,465;51,465;51,465;51,465;51,465;51,465;51,465;51,465;51,465
2263;63,629;63,629;63,629;63,629;63,629;63,629;63,629;63,629;63,629;63,629
2264;52,661;52,661;52,661;52,661;52,661;52,661;52,661;52,661;52,661;52,661
2265;56,951;56,951;56,951;56,951;56,951;56,951;56,951;56,951;56,951;56,951
2266;57,119;57,119;57,119;57,119;57,119;57,119;57,119;57,119;57,119;57,119
2267;52,259;52,259;52,259;52,259;52,259;52,259;52,259;52,259;52,259;52,259
2268;42,623;42,623;42,623;42,623;42,623;42,623;42,623;42,623;42,623;42,623
2269;43,487;43,487;43,487;43,487;43,487;43,487;43,487;43,487;43,487;43,487
2270;41,327;41,327;41,327;41,327;41,327;41,327;41,327;41,327;41,327;41,327
2271;48,127;48,127;48,127;48,127;48,127;48,127;48,127;48,127;48,127;48,127
2272;55,167;55,167;55,167;55,167;55,167;55,167;55,167;55,167;55,167;55,167
2273;72,387;72,387;72,387;72,387;72,387;72,387;72,387;72,387;72,387;72,387
2274;80,067;80,067;80,067;80,067;80,067;80,067;80,067;80,067;80,067;80,067
2275;69,965;69,965;69,965;69,965;69,965;69,965;69,965;69,965;69,965;69,965
2276;51,829;51,829;51,829;51,829;51,829;51,829;51,829;51,829;51,829;51,829
2277;51,709;51,709;51,709;51,709;51,709;51,709;51,709;51,709;51,709;51,709
2278;41,381;41,381;41,381;41,381;41,381;41,381;41,381;41,381;41,381;41,381
2279;18,941;18,941;18,941;18,941;18,941;18,941;18,941;18,941;18,941;18,941
2280;18,941;18,941;18,941;18,941;18,941;18,941;18,941;18,941;18,941;18,941
2281;18,941;18,941;18,941;18,941;18,941;18,941;18,941;18,941;18,941;18,941
2282;17,101;17,101;17,101;17,101;17,101;17,101;17,101;17,101;17,101;17,101
2283;17,101;17,101;17,101;17,101;17,101;17,101;17,101;17,101;17,101;17,101
2284;41,381;41,381;41,381;41,381;41,381;41,381;41,381;41,381;41,381;41,381
2285;34,165;34,165;34,165;34,165;34,165;34,165;34,165;34,165;34,165;34,165
2286;51,465;51,465;51,465;51,465;51,465;51,465;51,465;51,465;51,465;51,465
2287;63,629;63,629;63,629;63,629;63,629;63,629;63,629;63,629;63,629;63,629
2288;52,661;52,661;52,661;52,661;52,661;52,661;52,661;52,661;52,661;52,661
2289;56,951;56,951;56,951;56,951;56,951;56,951;56,951;56,951;56,951;56,951
2290;57,119;57,119;57,119;57,119;57,119;57,119;57,119;57,119;57,119;57,119
2291;52,259;52,259;52,259;52,259;52,259;52,259;52,259;52,259;52,259;52,259
2292;42,623;42,623;42,623;42,623;42,623;42,623;42,623;42,623;42,623;42,623
2293;43,487;43,487;43,487;43,487;43,487;43,487;43,487;43,487;43,487;43,487
2294;41,327;41,327;41,327;41,327;41,327;41,327;41,327;41,327;41,327;41,327
2295;48,127;48,127;48,127;48,127;48,127;48,127;48,127;48,127;48,127;48,127
2296;55,167;55,167;55,167;55,167;55,167;55,167;55,167;55,167;55,167;55,167
2297;72,387;72,387;72,387;72,387;72,387;72,387;72,387;72,387;72,387;72,387
2298;80,067;80,067;80,067;80,067;80,067;80,067;80,067;80,067;80,067;80,067
2299;69,965;69,965;69,965;69,965;69,965;69,965;69,965;69,965;69,965;69,965
2300;51,829;51,829;51,829;51,829;51,829;51,829;51,829;51,829;51,829;51,829
2301;51,709;51,709;51,709;51,709;51,709;51,709;51,709;51,709;51,709;51,709
2302;41,381;41,381;41,381;41,381;41,381;41,381;41,381;41,381;41,381;41,381
2303;18,941;18,941;18,941;18,941;18,941;18,941;18,941;18,941;18,941;18,941
2304;18,941;18,941;18,941;18,941;18,941;18,941;18,941;18,941;18,941;18,941
2305;18,941;18,941;18,941;18,941;18,941;18,941;18,941;18,941;18,941;18,941
2306;17,101;17,101;17,101;17,101;17,101;17,101;17,101;17,101;17,101;17,101
2307;17,101;17,101;17,101;17,101;17,101;17,101;17,101;17,101;17,101;17,101
2308;41,381;41,381;41,381;41,381;41,381;41,381;41,381;41,381;41,381;41,381
2309;34,165;34,165;34,165;34,165;34,165;34,165;34,165;34,165;34,165;34,165
2310;51,465;51,465;51,465;51,465;51,465;51,465;51,465;51,465;51,465;51,465
2311;63,629;63,629;63,629;63,629;63,629;63,629;63,629;63,629;63,629;63,629
2312;52,661;52,661;52,661;52,661;52,661;52,661;52,661;52,661;52,661;52,661
2313;56,951;56,951;56,951;56,951;56,951;56,951;56,951;56,951;56,951;56,951
2314;57,119;57,119;57,119;57,119;57,119;57,119;57,119;57,119;57,119;57,119
2315;52,259;52,259;52,259;52,259;52,259;52,259;52,259;52,259;52,259;52,259
2316;42,623;42,623;42,623;42,623;42,623;42,623;42,623;42,623;42,623;42,623
2317;43,487;43,487;43,487;43,487;43,487;43,487;43,487;43,487;43,487;43,487
2318;41,327;41,327;41,327;41,327;41,327;41,327;41,327;41,327;41,327;41,327
2319;48,127;48,127;48,127;48,127;48,127;48,127;48,127;48,127;48,127;48,127
2320;55,167;55,167;55,167;55,167;55,167;55,167;55,167;55,167;55,167;55,167
2321;72,387;72,387;72,387;72,387;72,387;72,387;72,387;72,387;72,387;72,387
2322;80,067;80,067;80,067;80,067;80,067;80,067;80,067;80,067;80,067;80,067
2323;69,965;69,965;69,965;69,965;69,965;69,965;69,965;69,965;69,965;69,965
2324;51,829;51,829;51,829;51,829;51,829;51,829;51,829;51,829;51,829;51,829
2325;51,709;51,709;51,709;51,709;51,709;51,709;51,709;51,709;51,709;51,709
2326;41,381;41,381;41,381;41,381;41,381;41,381;41,381;41,381;41,381;41,381
2327;18,941;18,941;18,941;18,941;18,941;18,941;18,941;18,941;18,941;18,941
2328;18,941;18,941;18,941;18,941;18,941;18,941;18,941;18,941;18,941;18,941
2329;18,941;18,941;18,941;18,941;18,941;18,941;18,941;18,941;18,941;18,941
2330;17,101;17,101;17,101;17,101;17,101;17,101;17,101;17,101;17,101;17,101
2331;17,101;17,101;17,101;17,101;17,101;17,101;17,101;17,101;17,101;17,101
2332;41,381;41,381;41,381;41,381;41,381;41,381;41,381;41,381;41,381;41,381
2333;34,165;34,165;34,165;34,165;34,165;34,165;34,165;34,165;34,165;34,165
2334;51,465;51,465;51,465;51,465;51,465;51,465;51,465;51,465;51,465;51,465
2335;63,629;63,629;63,629;63,629;63,629;63,629;63,629;63,629;63,629;63,629
2336;52,661;52,661;52,661;52,661;52,661;52,661;52,661;52,661;52,661;52,661
2337;56,951;56,951;56,951;56,951;56,951;56,951;56,951;56,951;56,951;56,951
2338;57,119;57,119;57,119;57,119;57,119;57,119;57,119;57,119;57,119;57,119
2339;52,259;52,259;52,259;52,259;52,259;52,259;52,259;52,259;52,259;52,259
2340;42,623;42,623;42,623;42,623;42,623;42,623;42,623;42,623;42,623;42,623
2341;43,487;43,487;43,487;43,487;43,487;43,487;43,487;43,487;43,487;43,487
2342;41,327;41,327;41,327;41,327;41,327;41,327;41,327;41,327;41,327;41,327
2343;48,127;48,127;48,127;48,127;48,127;48,127;48,127;48,127;48,127;48,127
2344;55,167;55,167;55,167;55,167;55,167;55,167;55,167;55,167;55,167;55,167
2345;72,387;72,387;72,387;72,387;72,387;72,387;72,387;72,387;72,387;72,387
2346;80,067;80,067;80,067;80,067;80,067;80,067;80,067;80,067;80,067;80,067
2347;69,965;69,965;69,965;69,965;69,965;69,965;69,965;69,965;69,965;69,965
2348;51,829;51,829;51,829;51,829;51,829;51,829;51,829;51,829;51,829;51,829
2349;51,709;51,709;51,709;51,709;51,709;51,709;51,709;51,709;51,709;51,709
2350;41,381;41,381;41,381;41,381;41,381;41,381;41,381;41,381;41,381;41,381
2351;18,941;18,941;18,941;18,941;18,941;18,941;18,941;18,941;18,941;18,941
2352;18,941;18,941;18,941;18,941;18,941;18,941;18,941;18,941;18,941;18,941
2353;18,941;18,941;18,941;18,941;18,941;18,941;18,941;18,941;18,941;18,941
2354;17,101;17,101;17,101;17,101;17,101;17,101;17,101;17,101;17,101;17,101
2355;17,101;17,101;17,101;17,101;17,101;17,101;17,101;17,101;17,101;17,101
2356;41,381;41,381;41,381;41,381;41,381;41,381;41,381;41,381;41,381;41,381
2357;34,165;34,165;34,165;34,165;34,165;34,165;34,165;34,165;34,165;34,165
2358;51,465;51,465;51,465;51,465;51,465;51,465;51,465;51,465;51,465;51,465
2359;63,629;63,629;63,629;63,629;63,629;63,629;63,629;63,629;63,629;63,629
2360;52,661;52,661;52,661;52,661;52,661;52,661;52,661;52,661;52,661;52,661
2361;56,951;56,951;56,951;56,951;56,951;56,951;56,951;56,951;56,951;56,951
2362;57,119;57,119;57,119;57,119;57,119;57,119;57,119;57,119;57,119;57,119
2363;52,259;52,259;52,259;52,259;52,259;52,259;52,259;52,259;52,259;52,259
2364;42,623;42,623;42,623;42,623;42,623;42,623;42,623;42,623;42,623;42,623
2365;43,487;43,487;43,487;43,487;43,487;43,487;43,487;43,487;43,487;43,487
2366;41,327;41,327;41,327;41,327;41,327;41,327;41,327;41,327;41,327;41,327
2367;48,127;48,127;48,127;48,127;48,127;48,127;48,127;48,127;48,127;48,127
2368;55,167;55,167;55,167;55,167;55,167;55,167;55,167;55,167;55,167;55,167
2369;72,387;72,387;72,387;72,387;72,387;72,387;72,387;72,387;72,387;72,387
2370;80,067;80,067;80,067;80,067;80,067;80,067;80,067;80,067;80,067;80,067
2371;69,965;69,965;69,965;69,965;69,965;69,965;69,965;69,965;69,965;69,965
2372;51,829;51,829;51,829;51,829;51,829;51,829;51,829;51,829;51,829;51,829
2373;51,709;51,709;51,709;51,709;51,709;51,709;51,709;51,709;51,709;51,709
2374;41,381;41,381;41,381;41,381;41,381;41,381;41,381;41,381;41,381;41,381
2375;18,941;18,941;18,941;18,941;18,941;18,941;18,941;18,941;18,941;18,941
2376;18,941;18,941;18,941;18,941;18,941;18,941;18,941;18,941;18,941;18,941
2377;18,941;18,941;18,941;18,941;18,941;18,941;18,941;18,941;18,941;18,941
2378;17,101;17,101;17,101;17,101;17,101;17,101;17,101;17,101;17,101;17,101
2379;17,101;17,101;17,101;17,101;17,101;17,101;17,101;17,101;17,101;17,101
2380;41,381;41,381;41,381;41,381;41,381;41,381;41,381;41,381;41,381;41,381
2381;34,165;34,165;34,165;34,165;34,165;34,165;34,165;34,165;34,165;34,165
2382;51,465;51,465;51,465;51,465;51,465;51,465;51,465;51,465;51,465;51,465
2383;63,629;63,629;63,629;63,629;63,629;63,629;63,629;63,629;63,629;63,629
2384;52,661;52,661;52,661;52,661;52,661;52,661;52,661;52,661;52,661;52,661
2385;56,951;56,951;56,951;56,951;56,951;56,951;56,951;56,951;56,951;56,951
2386;57,119;57,119;57,119;57,119;57,119;57,119;57,119;57,119;57,119;57,119
2387;52,259;52,259;52,259;52,259;52,259;52,259;52,259;52,259;52,259;52,259
2388;42,623;42,623;42,623;42,623;42,623;42,623;42,623;42,623;42,623;42,623
2389;43,487;43,487;43,487;43,487;43,487;43,487;43,487;43,487;43,487;43,487
2390;41,327;41,327;41,327;41,327;41,327;41,327;41,327;41,327;41,327;41,327
2391;48,127;48,127;48,127;48,127;48,127;48,127;48,127;48,127;48,127;48,127
2392;55,167;55,167;55,167;55,167;55,167;55,167;55,167;55,167;55,167;55,167
2393;72,387;72,387;72,387;72,387;72,387;72,387;72,387;72,387;72,387;72,387
2394;80,067;80,067;80,067;80,067;80,067;80,067;80,067;80,067;80,067;80,067
2395;69,965;69,965;69,965;69,965;69,965;69,965;69,965;69,965;69,965;69,965
2396;51,829;51,829;51,829;51,829;51,829;51,829;51,829;51,829;51,829;51,829
2397;51,709;51,709;51,709;51,709;51,709;51,709;51,709;51,709;51,709;51,709
2398;41,381;41,381;41,381;41,381;41,381;41,381;41,381;41,381;41,381;41,381
2399;18,941;18,941;18,941;18,941;18,941;18,941;18,941;18,941;18,941;18,941
2400;18,941;18,941;18,941;18,941;18,941;18,941;18,941;18,941;18,941;18,941
2401;18,941;18,941;18,941;18,941;18,941;18,941;18,941;18,941;18,941;18,941
2402;17,101;17,101;17,101;17,101;17,101;17,101;17,101;17,101;17,101;17,101
2403;17,101;17,101;17,101;17,101;17,101;17,101;17,101;17,101;17,101;17,101
2404;41,381;41,381;41,381;41,381;41,381;41,381;41,381;41,381;41,381;41,381
2405;34,165;34,165;34,165;34,165;34,165;34,165;34,165;34,165;34,165;34,165
2406;51,465;51,465;51,465;51,465;51,465;51,465;51,465;51,465;51,465;51,465
2407;63,629;63,629;63,629;63,629;63,629;63,629;63,629;63,629;63,629;63,629
2408;52,661;52,661;52,661;52,661;52,661;52,661;52,661;52,661;52,661;52,661
2409;56,951;56,951;56,951;56,951;56,951;56,951;56,951;56,951;56,951;56,951
2410;57,119;57,119;57,119;57,119;57,119;57,119;57,119;57,119;57,119;57,119
2411;52,259;52,259;52,259;52,259;52,259;52,259;52,259;52,259;52,259;52,259
2412;42,623;42,623;42,623;42,623;42,623;42,623;42,623;42,623;42,623;42,623
2413;43,487;43,487;43,487;43,487;43,487;43,487;43,487;43,487;43,487;43,487
2414;41,327;41,327;41,327;41,327;41,327;41,327;41,327;41,327;41,327;41,327
2415;48,127;48,127;48,127;48,127;48,127;48,127;48,127;48,127;48,127;48,127
2416;55,167;55,167;55,167;55,167;55,167;55,167;55,167;55,167;55,167;55,167
2417;72,387;72,387;72,387;72,387;72,387;72,387;72,387;72,387;72,387;72,387
2418;80,067;80,067;80,067;80,067;80,067;80,067;80,067;80,067;80,067;80,067
2419;69,965;69,965;69,965;69,965;69,965;69,965;69,965;69,965;69,965;69,965
2420;51,829;51,829;51,829;51,829;51,829;51,829;51,829;51,829;51,829;51,829
2421;51,709;51,709;51,709;51,709;51,709;51,709;51,709;51,709;51,709;51,709
2422;41,381;41,381;41,381;41,381;41,381;41,381;41,381;41,381;41,381;41,381
2423;18,941;18,941;18,941;18,941;18,941;18,941;18,941;18,941;18,941;18,941
2424;18,941;18,941;18,941;18,941;18,941;18,941;18,941;18,941;18,941;18,941
2425;18,941;18,941;18,941;18,941;18,941;18,941;18,941;18,941;18,941;18,941
2426;17,101;17,101;17,101;17,101;17,101;17,101;17,101;17,101;17,101;17,101
2427;17,101;17,101;17,101;17,101;17,101;17,101;17,101;17,101;17,101;17,101
2428;41,381;41,381;41,381;41,381;41,381;41,381;41,381;41,381;41,381;41,381
2429;34,165;34,165;34,165;34,165;34,165;34,165;34,165;34,165;34,165;34,165
2430;51,465;51,465;51,465;51,465;51,465;51,465;51,465;51,465;51,465;51,465
2431;63,629;63,629;63,629;63,629;63,629;63,629;63,629;63,629;63,629;63,629
2432;52,661;52,661;52,661;52,661;52,661;52,661;52,661;52,661;52,661;52,661
2433;56,951;56,951;56,951;56,951;56,951;56,951;56,951;56,951;56,951;56,951
2434;57,119;57,119;57,119;57,119;57,119;57,119;57,119;57,119;57,119;57,119
2435;52,259;52,259;52,259;52,259;52,259;52,259;52,259;52,259;52,259;52,259
2436;42,623;42,623;42,623;42,623;42,623;42,623;42,623;42,623;42,623;42,623
2437;43,487;43,487;43,487;43,487;43,487;43,487;43,487;43,487;43,487;43,487
2438;41,327;41,327;41,327;41,327;41,327;41,327;41,327;41,327;41,327;41,327
2439;48,127;48,127;48,127;48,127;48,127;48,127;48,127;48,127;48,127;48,127
2440;55,167;55,167;55,167;55,167;55,167;55,167;55,167;55,167;55,167;55,167
2441;72,387;72,387;72,387;72,387;72,387;72,387;72,387;72,387;72,387;72,387
2442;80,067;80,067;80,067;80,067;80,067;80,067;80,067;80,067;80,067;80,067
2443;69,965;69,965;69,965;69,965;69,965;69,965;69,965;69,965;69,965;69,965
2444;51,829;51,829;51,829;51,829;51,829;51,829;51,829;51,829;51,829;51,829
2445;51,709;51,709;51,709;51,709;51,709;51,709;51,709;51,709;51,709;51,709
2446;41,381;41,381;41,381;41,381;41,381;41,381;41,381;41,381;41,381;41,381
2447;18,941;18,941;18,941;18,941;18,941;18,941;18,941;18,941;18,941;18,941
2448;18,941;18,941;18,941;18,941;18,941;18,941;18,941;18,941;18,941;18,941
2449;18,941;18,941;18,941;18,941;18,941;18,941;18,941;18,941;18,941;18,941
2450;17,101;17,101;17,101;17,101;17,101;17,101;17,101;17,101;17,101;17,101
2451;17,101;17,101;17,101;17,101;17,101;17,101;17,101;17,101;17,101;17,101
2452;41,381;41,381;41,381;41,381;41,381;41,381;41,381;41,381;41,381;41,381
2453;34,165;34,165;34,165;34,165;34,165;34,165;34,165;34,165;34,165;34,165
2454;51,465;51,465;51,465;51,465;51,465;51,465;51,465;51,465;51,465;51,465
2455;63,629;63,629;63,629;63,629;63,629;63,629;63,629;63,629;63,629;63,629
2456;52,661;52,661;52,661;52,661;52,661;52,661;52,661;52,661;52,661;52,661
2457;56,951;56,951;56,951;56,951;56,951;56,951;56,951;56,951;56,951;56,951
2458;57,119;57,119;57,119;57,119;57,119;57,119;57,119;57,119;57,119;57,119
2459;52,259;52,259;52,259;52,259;52,259;52,259;52,259;52,259;52,259;52,259
2460;42,623;42,623;42,623;42,623;42,623;42,623;42,623;42,623;42,623;42,623
2461;43,487;43,487;43,487;43,487;43,487;43,487;43,487;43,487;43,487;43,487
2462;41,327;41,327;41,327;41,327;41,327;41,327;41,327;41,327;41,327;41,327
2463;48,127;48,127;48,127;48,127;48,127;48,127;48,127;48,127;48,127;48,127
2464;55,167;55,167;55,167;55,167;55,167;55,167;55,167;55,167;55,167;55,167
2465;72,387;72,387;72,387;72,387;72,387;72,387;72,387;72,387;72,387;72,387
2466;80,067;80,067;80,067;80,067;80,067;80,067;80,067;80,067;80,067;80,067
2467;69,965;69,965;69,965;69,965;69,965;69,965;69,965;69,965;69,965;69,965
2468;51,829;51,829;51,829;51,829;51,829;51,829;51,829;51,829;51,829;51,829
2469;51,709;51,709;51,709;51,709;51,709;51,709;51,709;51,709;51,709;51,709
2470;41,381;41,381;41,381;41,381;41,381;41,381;41,381;41,381;41,381;41,381
2471;18,941;18,941;18,941;18,941;18,941;18,941;18,941;18,941;18,941;18,941
2472;18,941;18,941;18,941;18,941;18,941;18,941;18,941;18,941;18,941;18,941
2473;18,941;18,941;18,941;18,941;18,941;18,941;18,941;18,941;18,941;18,941
2474;17,101;17,101;17,101;17,101;17,101;17,101;17,101;17,101;17,101;17,101
2475;17,101;17,101;17,101;17,101;17,101;17,101;17,101;17,101;17,101;17,101
2476;41,381;41,381;41,381;41,381;41,381;41,381;41,381;41,381;41,381;41,381
2477;34,165;34,165;34,165;34,165;34,165;34,165;34,165;34,165;34,165;34,165
2478;51,465;51,465;51,465;51,465;51,465;51,465;51,465;51,465;51,465;51,465
2479;63,629;63,629;63,629;63,629;63,629;63,629;63,629;63,629;63,629;63,629
2480;52,661;52,661;52,661;52,661;52,661;52,661;52,661;52,661;52,661;52,661
2481;56,951;56,951;56,951;56,951;56,951;56,951;56,951;56,951;56,951;56,951
2482;57,119;57,119;57,119;57,119;57,119;57,119;57,119;57,119;57,119;57,119
2483;52,259;52,259;52,259;52,259;52,259;52,259;52,259;52,259;52,259;52,259
2484;42,623;42,623;42,623;42,623;42,623;42,623;42,623;42,623;42,623;42,623
2485;43,487;43,487;43,487;43,487;43,487;43,487;43,487;43,487;43,487;43,487
2486;41,327;41,327;41,327;41,327;41,327;41,327;41,327;41,327;41,327;41,327
2487;48,127;48,127;48,127;48,127;48,127;48,127;48,127;48,127;48,127;48,127
2488;55,167;55,167;55,167;55,167;55,167;55,167;55,167;55,167;55,167;55,167
2489;72,387;72,387;72,387;72,387;72,387;72,387;72,387;72,387;72,387;72,387
2490;80,067;80,067;80,067;80,067;80,067;80,067;80,067;80,067;80,067;80,067
2491;69,965;69,965;69,965;69,965;69,965;69,965;69,965;69,965;69,965;69,965
2492;51,829;51,829;51,829;51,829;51,829;51,829;51,829;51,829;51,829;51,829
2493;51,709;51,709;51,709;51,709;51,709;51,709;51,709;51,709;51,709;51,709
2494;41,381;41,381;41,381;41,381;41,381;41,381;41,381;41,381;41,381;41,381
2495;18,941;18,941;18,941;18,941;18,941;18,941;18,941;18,941;18,941;18,941
2496;18,941;18,941;18,941;18,941;18,941;18,941;18,941;18,941;18,941;18,941
2497;18,941;18,941;18,941;18,941;18,941;18,941;18,941;18,941;18,941;18,941
2498;17,101;17,101;17,101;17,101;17,101;17,101;17,101;17,101;17,101;17,101
2499;17,101;17,101;17,101;17,101;17,101;17,101;17,101;17,101;17,101;17,101
2500;41,381;41,381;41,381;41,381;41,381;41,381;41,381;41,381;41,381;41,381
2501;34,165;34,165;34,165;34,165;34,165;34,165;34,165;34,165;34,165;34,165
2502;51,465;51,465;51,465;51,465;51,465;51,465;51,465;51,465;51,465;51,465
2503;63,629;63,629;63,629;63,629;63,629;63,629;63,629;63,629;63,629;63,629
2504;52,661;52,661;52,661;52,661;52,661;52,661;52,661;52,661;52,661;52,661
2505;56,951;56,951;56,951;56,951;56,951;56,951;56,951;56,951;56,951;56,951
2506;57,119;57,119;57,119;57,119;57,119;57,119;57,119;57,119;57,119;57,119
2507;52,259;52,259;52,259;52,259;52,259;52,259;52,259;52,259;52,259;52,259
2508;42,623;42,623;42,623;42,623;42,623;42,623;42,623;42,623;42,623;42,623
2509;43,487;43,487;43,487;43,487;43,487;43,487;43,487;43,487;43,487;43,487
2510;41,327;41,327;41,327;41,327;41,327;41,327;41,327;41,327;41,327;41,327
2511;48,127;48,127;48,127;48,127;48,127;48,127;48,127;48,127;48,127;48,127
2512;55,167;55,167;55,167;55,167;55,167;55,167;55,167;55,167;55,167;55,167
2513;72,387;72,387;72,387;72,387;72,387;72,387;72,387;72,387;72,387;72,387
2514;80,067;80,067;80,067;80,067;80,067;80,067;80,067;80,067;80,067;80,067
2515;69,965;69,965;69,965;69,965;69,965;69,965;69,965;69,965;69,965;69,965
2516;51,829;51,829;51,829;51,829;51,829;51,829;51,829;51,829;51,829;51,829
2517;51,709;51,709;51,709;51,709;51,709;51,709;51,709;51,709;51,709;51,709
2518;41,381;41,381;41,381;41,381;41,381;41,381;41,381;41,381;41,381;41,381
2519;18,941;18,941;18,941;18,941;18,941;18,941;18,941;18,941;18,941;18,941
2520;18,941;18,941;18,941;18,941;18,941;18,941;18,941;18,941;18,941;18,941
2521;18,941;18,941;18,941;18,941;18,941;18,941;18,941;18,941;18,941;18,941
2522;17,101;17,101;17,101;17,101;17,101;17,101;17,101;17,101;17,101;17,101
2523;17,101;17,101;17,101;17,101;17,101;17,101;17,101;17,101;17,101;17,101
2524;41,381;41,381;41,381;41,381;41,381;41,381;41,381;41,381;41,381;41,381
2525;34,165;34,165;34,165;34,165;34,165;34,165;34,165;34,165;34,165;34,165
2526;51,465;51,465;51,465;51,465;51,465;51,465;51,465;51,465;51,465;51,465
2527;63,629;63,629;63,629;63,629;63,629;63,629;63,629;63,629;63,629;63,629
2528;52,661;52,661;52,661;52,661;52,661;52,661;52,661;52,661;52,661;52,661
2529;56,951;56,951;56,951;56,951;56,951;56,951;56,951;56,951;56,951;56,951
2530;57,119;57,119;57,119;57,119;57,119;57,119;57,119;57,119;57,119;57,119
2531;52,259;52,259;52,259;52,259;52,259;52,259;52,259;52,259;52,259;52,259
2532;42,623;42,623;42,623;42,623;42,623;42,623;42,623;42,623;42,623;42,623
2533;43,487;43,487;43,487;43,487;43,487;43,487;43,487;43,487;43,487;43,487
2534;41,327;41,327;41,327;41,327;41,327;41,327;41,327;41,327;41,327;41,327
2535;48,127;48,127;48,127;48,127;48,127;48,127;48,127;48,127;48,127;48,127
2536;55,167;55,167;55,167;55,167;55,167;55,167;55,167;55,167;55,167;55,167
2537;72,387;72,387;72,387;72,387;72,387;72,387;72,387;72,387;72,387;72,387
2538;80,067;80,067;80,067;80,067;80,067;80,067;80,067;80,067;80,067;80,067
2539;69,965;69,965;69,965;69,965;69,965;69,965;69,965;69,965;69,965;69,965
2540;51,829;51,829;51,829;51,829;51,829;51,829;51,829;51,829;51,829;51,829
2541;51,709;51,709;51,709;51,709;51,709;51,709;51,709;51,709;51,709;51,709
2542;41,381;41,381;41,381;41,381;41,381;41,381;41,381;41,381;41,381;41,381
2543;18,941;18,941;18,941;18,941;18,941;18,941;18,941;18,941;18,941;18,941
2544;18,941;18,941;18,941;18,941;18,941;18,941;18,941;18,941;18,941;18,941
2545;18,941;18,941;18,941;18,941;18,941;18,941;18,941;18,941;18,941;18,941
2546;17,101;17,101;17,101;17,101;17,101;17,101;17,101;17,101;17,101;17,101
2547;17,101;17,101;17,101;17,101;17,101;17,101;17,101;17,101;17,101;17,101
2548;41,381;41,381;41,381;41,381;41,381;41,381;41,381;41,381;41,381;41,381
2549;34,165;34,165;34,165;34,165;34,165;34,165;34,165;34,165;34,165;34,165
2550;51,465;51,465;51,465;51,465;51,465;51,465;51,465;51,465;51,465;51,465
2551;63,629;63,629;63,629;63,629;63,629;63,629;63,629;63,629;63,629;63,629
2552;52,661;52,661;52,661;52,661;52,661;52,661;52,661;52,661;52,661;52,661
2553;56,951;56,951;56,951;56,951;56,951;56,951;56,951;56,951;56,951;56,951
2554;57,119;57,119;57,119;57,119;57,119;57,119;57,119;57,119;57,119;57,119
2555;52,259;52,259;52,259;52,259;52,259;52,259;52,259;52,259;52,259;52,259
2556;42,623;42,623;42,623;42,623;42,623;42,623;42,623;42,623;42,623;42,623
2557;43,487;43,487;43,487;43,487;43,487;43,487;43,487;43,487;43,487;43,487
2558;41,327;41,327;41,327;41,327;41,327;41,327;41,327;41,327;41,327;41,327
2559;48,127;48,127;48,127;48,127;48,127;48,127;48,127;48,127;48,127;48,127
2560;55,167;55,167;55,167;55,167;55,167;55,167;55,167;55,167;55,167;55,167
2561;72,387;72,387;72,387;72,387;72,387;72,387;72,387;72,387;72,387;72,387
2562;80,067;80,067;80,067;80,067;80,067;80,067;80,067;80,067;80,067;80,067
2563;69,965;69,965;69,965;69,965;69,965;69,965;69,965;69,965;69,965;69,965
2564;51,829;51,829;51,829;51,829;51,829;51,829;51,829;51,829;51,829;51,829
2565;51,709;51,709;51,709;51,709;51,709;51,709;51,709;51,709;51,709;51,709
2566;41,381;41,381;41,381;41,381;41,381;41,381;41,381;41,381;41,381;41,381
2567;18,941;18,941;18,941;18,941;18,941;18,941;18,941;18,941;18,941;18,941
2568;18,941;18,941;18,941;18,941;18,941;18,941;18,941;18,941;18,941;18,941
2569;18,941;18,941;18,941;18,941;18,941;18,941;18,941;18,941;18,941;18,941
2570;17,101;17,101;17,101;17,101;17,101;17,101;17,101;17,101;17,101;17,101
2571;17,101;17,101;17,101;17,101;17,101;17,101;17,101;17,101;17,101;17,101
2572;41,381;41,381;41,381;41,381;41,381;41,381;41,381;41,381;41,381;41,381
2573;34,165;34,165;34,165;34,165;34,165;34,165;34,165;34,165;34,165;34,165
2574;51,465;51,465;51,465;51,465;51,465;51,465;51,465;51,465;51,465;51,465
2575;63,629;63,629;63,629;63,629;63,629;63,629;63,629;63,629;63,629;63,629
2576;52,661;52,661;52,661;52,661;52,661;52,661;52,661;52,661;52,661;52,661
2577;56,951;56,951;56,951;56,951;56,951;56,951;56,951;56,951;56,951;56,951
2578;57,119;57,119;57,119;57,119;57,119;57,119;57,119;57,119;57,119;57,119
2579;52,259;52,259;52,259;52,259;52,259;52,259;52,259;52,259;52,259;52,259
2580;42,623;42,623;42,623;42,623;42,623;42,623;42,623;42,623;42,623;42,623
2581;43,487;43,487;43,487;43,487;43,487;43,487;43,487;43,487;43,487;43,487
2582;41,327;41,327;41,327;41,327;41,327;41,327;41,327;41,327;41,327;41,327
2583;48,127;48,127;48,127;48,127;48,127;48,127;48,127;48,127;48,127;48,127
2584;55,167;55,167;55,167;55,167;55,167;55,167;55,167;55,167;55,167;55,167
2585;72,387;72,387;72,387;72,387;72,387;72,387;72,387;72,387;72,387;72,387
2586;80,067;80,067;80,067;80,067;80,067;80,067;80,067;80,067;80,067;80,067
2587;69,965;69,965;69,965;69,965;69,965;69,965;69,965;69,965;69,965;69,965
2588;51,829;51,829;51,829;51,829;51,829;51,829;51,829;51,829;51,829;51,829
2589;51,709;51,709;51,709;51,709;51,709;51,709;51,709;51,709;51,709;51,709
2590;41,381;41,381;41,381;41,381;41,381;41,381;41,381;41,381;41,381;41,381
2591;18,941;18,941;18,941;18,941;18,941;18,941;18,941;18,941;18,941;18,941
2592;18,941;18,941;18,941;18,941;18,941;18,941;18,941;18,941;18,941;18,941
2593;18,941;18,941;18,941;18,941;18,941;18,941;18,941;18,941;18,941;18,941
2594;17,101;17,101;17,101;17,101;17,101;17,101;17,101;17,101;17,101;17,101
2595;17,101;17,101;17,101;17,101;17,101;17,101;17,101;17,101;17,101;17,101
2596;41,381;41,381;41,381;41,381;41,381;41,381;41,381;41,381;41,381;41,381
2597;34,165;34,165;34,165;34,165;34,165;34,165;34,165;34,165;34,165;34,165
2598;51,465;51,465;51,465;51,465;51,465;51,465;51,465;51,465;51,465;51,465
2599;63,629;63,629;63,629;63,629;63,629;63,629;63,629;63,629;63,629;63,629
2600;52,661;52,661;52,661;52,661;52,661;52,661;52,661;52,661;52,661;52,661
2601;56,951;56,951;56,951;56,951;56,951;56,951;56,951;56,951;56,951;56,951
2602;57,119;57,119;57,119;57,119;57,119;57,119;57,119;57,119;57,119;57,119
2603;52,259;52,259;52,259;52,259;52,259;52,259;52,259;52,259;52,259;52,259
2604;42,623;42,623;42,623;42,623;42,623;42,623;42,623;42,623;42,623;42,623
2605;43,487;43,487;43,487;43,487;43,487;43,487;43,487;43,487;43,487;43,487
2606;41,327;41,327;41,327;41,327;41,327;41,327;41,327;41,327;41,327;41,327
2607;48,127;48,127;48,127;48,127;48,127;48,127;48,127;48,127;48,127;48,127
2608;55,167;55,167;55,167;55,167;55,167;55,167;55,167;55,167;55,167;55,167
2609;72,387;72,387;72,387;72,387;72,387;72,387;72,387;72,387;72,387;72,387
2610;80,067;80,067;80,067;80,067;80,067;80,067;80,067;80,067;80,067;80,067
2611;69,965;69,965;69,965;69,965;69,965;69,965;69,965;69,965;69,965;69,965
2612;51,829;51,829;51,829;51,829;51,829;51,829;51,829;51,829;51,829;51,829
2613;51,709;51,709;51,709;51,709;51,709;51,709;51,709;51,709;51,709;51,709
2614;41,381;41,381;41,381;41,381;41,381;41,381;41,381;41,381;41,381;41,381
2615;18,941;18,941;18,941;18,941;18,941;18,941;18,941;18,941;18,941;18,941
2616;18,941;18,941;18,941;18,941;18,941;18,941;18,941;18,941;18,941;18,941
2617;18,941;18,941;18,941;18,941;18,941;18,941;18,941;18,941;18,941;18,941
2618;17,101;17,101;17,101;17,101;17,101;17,101;17,101;17,101;17,101;17,101
2619;17,101;17,101;17,101;17,101;17,101;17,101;17,101;17,101;17,101;17,101
2620;41,381;41,381;41,381;41,381;41,381;41,381;41,381;41,381;41,381;41,381
2621;34,165;34,165;34,165;34,165;34,165;34,165;34,165;34,165;34,165;34,165
2622;51,465;51,465;51,465;51,465;51,465;51,465;51,465;51,465;51,465;51,465
2623;63,629;63,629;63,629;63,629;63,629;63,629;63,629;63,629;63,629;63,629
2624;52,661;52,661;52,661;52,661;52,661;52,661;52,661;52,661;52,661;52,661
2625;56,951;56,951;56,951;56,951;56,951;56,951;56,951;56,951;56,951;56,951
2626;57,119;57,119;57,119;57,119;57,119;57,119;57,119;57,119;57,119;57,119
2627;52,259;52,259;52,259;52,259;52,259;52,259;52,259;52,259;52,259;52,259
2628;42,623;42,623;42,623;42,623;42,623;42,623;42,623;42,623;42,623;42,623
2629;43,487;43,487;43,487;43,487;43,487;43,487;43,487;43,487;43,487;43,487
2630;41,327;41,327;41,327;41,327;41,327;41,327;41,327;41,327;41,327;41,327
2631;48,127;48,127;48,127;48,127;48,127;48,127;48,127;48,127;48,127;48,127
2632;55,167;55,167;55,167;55,167;55,167;55,167;55,167;55,167;55,167;55,167
2633;72,387;72,387;72,387;72,387;72,387;72,387;72,387;72,387;72,387;72,387
2634;80,067;80,067;80,067;80,067;80,067;80,067;80,067;80,067;80,067;80,067
2635;69,965;69,965;69,965;69,965;69,965;69,965;69,965;69,965;69,965;69,965
2636;51,829;51,829;51,829;51,829;51,829;51,829;51,829;51,829;51,829;51,829
2637;51,709;51,709;51,709;51,709;51,709;51,709;51,709;51,709;51,709;51,709
2638;41,381;41,381;41,381;41,381;41,381;41,381;41,381;41,381;41,381;41,381
2639;18,941;18,941;18,941;18,941;18,941;18,941;18,941;18,941;18,941;18,941
2640;18,941;18,941;18,941;18,941;18,941;18,941;18,941;18,941;18,941;18,941
2641;18,941;18,941;18,941;18,941;18,941;18,941;18,941;18,941;18,941;18,941
2642;17,101;17,101;17,101;17,101;17,101;17,101;17,101;17,101;17,101;17,101
2643;17,101;17,101;17,101;17,101;17,101;17,101;17,101;17,101;17,101;17,101
2644;41,381;41,381;41,381;41,381;41,381;41,381;41,381;41,381;41,381;41,381
2645;34,165;34,165;34,165;34,165;34,165;34,165;34,165;34,165;34,165;34,165
2646;51,465;51,465;51,465;51,465;51,465;51,465;51,465;51,465;51,465;51,465
2647;63,629;63,629;63,629;63,629;63,629;63,629;63,629;63,629;63,629;63,629
2648;52,661;52,661;52,661;52,661;52,661;52,661;52,661;52,661;52,661;52,661
2649;56,951;56,951;56,951;56,951;56,951;56,951;56,951;56,951;56,951;56,951
2650;57,119;57,119;57,119;57,119;57,119;57,119;57,119;57,119;57,119;57,119
2651;52,259;52,259;52,259;52,259;52,259;52,259;52,259;52,259;52,259;52,259
2652;42,623;42,623;42,623;42,623;42,623;42,623;42,623;42,623;42,623;42,623
2653;43,487;43,487;43,487;43,487;43,487;43,487;43,487;43,487;43,487;43,487
2654;41,327;41,327;41,327;41,327;41,327;41,327;41,327;41,327;41,327;41,327
2655;48,127;48,127;48,127;48,127;48,127;48,127;48,127;48,127;48,127;48,127
2656;55,167;55,167;55,167;55,167;55,167;55,167;55,167;55,167;55,167;55,167
2657;72,387;72,387;72,387;72,387;72,387;72,387;72,387;72,387;72,387;72,387
2658;80,067;80,067;80,067;80,067;80,067;80,067;80,067;80,067;80,067;80,067
2659;69,965;69,965;69,965;69,965;69,965;69,965;69,965;69,965;69,965;69,965
2660;51,829;51,829;51,829;51,829;51,829;51,829;51,829;51,829;51,829;51,829
2661;51,709;51,709;51,709;51,709;51,709;51,709;51,709;51,709;51,709;51,709
2662;41,381;41,381;41,381;41,381;41,381;41,381;41,381;41,381;41,381;41,381
2663;18,941;18,941;18,941;18,941;18,941;18,941;18,941;18,941;18,941;18,941
2664;18,941;18,941;18,941;18,941;18,941;18,941;18,941;18,941;18,941;18,941
2665;18,941;18,941;18,941;18,941;18,941;18,941;18,941;18,941;18,941;18,941
2666;17,101;17,101;17,101;17,101;17,101;17,101;17,101;17,101;17,101;17,101
2667;17,101;17,101;17,101;17,101;17,101;17,101;17,101;17,101;17,101;17,101
2668;41,381;41,381;41,381;41,381;41,381;41,381;41,381;41,381;41,381;41,381
2669;34,165;34,165;34,165;34,165;34,165;34,165;34,165;34,165;34,165;34,165
2670;51,465;51,465;51,465;51,465;51,465;51,465;51,465;51,465;51,465;51,465
2671;63,629;63,629;63,629;63,629;63,629;63,629;63,629;63,629;63,629;63,629
2672;52,661;52,661;52,661;52,661;52,661;52,661;52,661;52,661;52,661;52,661
2673;56,951;56,951;56,951;56,951;56,951;56,951;56,951;56,951;56,951;56,951
2674;57,119;57,119;57,119;57,119;57,119;57,119;57,119;57,119;57,119;57,119
2675;52,259;52,259;52,259;52,259;52,259;52,259;52,259;52,259;52,259;52,259
2676;42,623;42,623;42,623;42,623;42,623;42,623;42,623;42,623;42,623;42,623
2677;43,487;43,487;43,487;43,487;43,487;43,487;43,487;43,487;43,487;43,487
2678;41,327;41,327;41,327;41,327;41,327;41,327;41,327;41,327;41,327;41,327
2679;48,127;48,127;48,127;48,127;48,127;48,127;48,127;48,127;48,127;48,127
2680;55,167;55,167;55,167;55,167;55,167;55,167;55,167;55,167;55,167;55,167
2681;72,387;72,387;72,387;72,387;72,387;72,387;72,387;72,387;72,387;72,387
2682;80,067;80,067;80,067;80,067;80,067;80,067;80,067;80,067;80,067;80,067
2683;69,965;69,965;69,965;69,965;69,965;69,965;69,965;69,965;69,965;69,965
2684;51,829;51,829;51,829;51,829;51,829;51,829;51,829;51,829;51,829;51,829
2685;51,709;51,709;51,709;51,709;51,709;51,709;51,709;51,709;51,709;51,709
2686;41,381;41,381;41,381;41,381;41,381;41,381;41,381;41,381;41,381;41,381
2687;18,941;18,941;18,941;18,941;18,941;18,941;18,941;18,941;18,941;18,941
2688;18,941;18,941;18,941;18,941;18,941;18,941;18,941;18,941;18,941;18,941
2689;18,941;18,941;18,941;18,941;18,941;18,941;18,941;18,941;18,941;18,941
2690;17,101;17,101;17,101;17,101;17,101;17,101;17,101;17,101;17,101;17,101
2691;17,101;17,101;17,101;17,101;17,101;17,101;17,101;17,101;17,101;17,101
2692;41,381;41,381;41,381;41,381;41,381;41,381;41,381;41,381;41,381;41,381
2693;34,165;34,165;34,165;34,165;34,165;34,165;34,165;34,165;34,165;34,165
2694;51,465;51,465;51,465;51,465;51,465;51,465;51,465;51,465;51,465;51,465
2695;63,629;63,629;63,629;63,629;63,629;63,629;63,629;63,629;63,629;63,629
2696;52,661;52,661;52,661;52,661;52,661;52,661;52,661;52,661;52,661;52,661
2697;56,951;56,951;56,951;56,951;56,951;56,951;56,951;56,951;56,951;56,951
2698;57,119;57,119;57,119;57,119;57,119;57,119;57,119;57,119;57,119;57,119
2699;52,259;52,259;52,259;52,259;52,259;52,259;52,259;52,259;52,259;52,259
2700;42,623;42,623;42,623;42,623;42,623;42,623;42,623;42,623;42,623;42,623
2701;43,487;43,487;43,487;43,487;43,487;43,487;43,487;43,487;43,487;43,487
2702;41,327;41,327;41,327;41,327;41,327;41,327;41,327;41,327;41,327;41,327
2703;48,127;48,127;48,127;48,127;48,127;48,127;48,127;48,127;48,127;48,127
2704;55,167;55,167;55,167;55,167;55,167;55,167;55,167;55,167;55,167;55,167
2705;72,387;72,387;72,387;72,387;72,387;72,387;72,387;72,387;72,387;72,387
2706;80,067;80,067;80,067;80,067;80,067;80,067;80,067;80,067;80,067;80,067
2707;69,965;69,965;69,965;69,965;69,965;69,965;69,965;69,965;69,965;69,965
2708;51,829;51,829;51,829;51,829;51,829;51,829;51,829;51,829;51,829;51,829
2709;51,709;51,709;51,709;51,709;51,709;51,709;51,709;51,709;51,709;51,709
2710;41,381;41,381;41,381;41,381;41,381;41,381;41,381;41,381;41,381;41,381
2711;18,941;18,941;18,941;18,941;18,941;18,941;18,941;18,941;18,941;18,941
2712;18,941;18,941;18,941;18,941;18,941;18,941;18,941;18,941;18,941;18,941
2713;18,941;18,941;18,941;18,941;18,941;18,941;18,941;18,941;18,941;18,941
2714;17,101;17,101;17,101;17,101;17,101;17,101;17,101;17,101;17,101;17,101
2715;17,101;17,101;17,101;17,101;17,101;17,101;17,101;17,101;17,101;17,101
2716;41,381;41,381;41,381;41,381;41,381;41,381;41,381;41,381;41,381;41,381
2717;34,165;34,165;34,165;34,165;34,165;34,165;34,165;34,165;34,165;34,165
2718;51,465;51,465;51,465;51,465;51,465;51,465;51,465;51,465;51,465;51,465
2719;63,629;63,629;63,629;63,629;63,629;63,629;63,629;63,629;63,629;63,629
2720;52,661;52,661;52,661;52,661;52,661;52,661;52,661;52,661;52,661;52,661
2721;56,951;56,951;56,951;56,951;56,951;56,951;56,951;56,951;56,951;56,951
2722;57,119;57,119;57,119;57,119;57,119;57,119;57,119;57,119;57,119;57,119
2723;52,259;52,259;52,259;52,259;52,259;52,259;52,259;52,259;52,259;52,259
2724;42,623;42,623;42,623;42,623;42,623;42,623;42,623;42,623;42,623;42,623
2725;43,487;43,487;43,487;43,487;43,487;43,487;43,487;43,487;43,487;43,487
2726;41,327;41,327;41,327;41,327;41,327;41,327;41,327;41,327;41,327;41,327
2727;48,127;48,127;48,127;48,127;48,127;48,127;48,127;48,127;48,127;48,127
2728;55,167;55,167;55,167;55,167;55,167;55,167;55,167;55,167;55,167;55,167
2729;72,387;72,387;72,387;72,387;72,387;72,387;72,387;72,387;72,387;72,387
2730;80,067;80,067;80,067;80,067;80,067;80,067;80,067;80,067;80,067;80,067
2731;69,965;69,965;69,965;69,965;69,965;69,965;69,965;69,965;69,965;69,965
2732;51,829;51,829;51,829;51,829;51,829;51,829;51,829;51,829;51,829;51,829
2733;51,709;51,709;51,709;51,709;51,709;51,709;51,709;51,709;51,709;51,709
2734;41,381;41,381;41,381;41,381;41,381;41,381;41,381;41,381;41,381;41,381
2735;18,941;18,941;18,941;18,941;18,941;18,941;18,941;18,941;18,941;18,941
2736;18,941;18,941;18,941;18,941;18,941;18,941;18,941;18,941;18,941;18,941
2737;18,941;18,941;18,941;18,941;18,941;18,941;18,941;18,941;18,941;18,941
2738;17,101;17,101;17,101;17,101;17,101;17,101;17,101;17,101;17,101;17,101
2739;17,101;17,101;17,101;17,101;17,101;17,101;17,101;17,101;17,101;17,101
2740;41,381;41,381;41,381;41,381;41,381;41,381;41,381;41,381;41,381;41,381
2741;34,165;34,165;34,165;34,165;34,165;34,165;34,165;34,165;34,165;34,165
2742;51,465;51,465;51,465;51,465;51,465;51,465;51,465;51,465;51,465;51,465
2743;63,629;63,629;63,629;63,629;63,629;63,629;63,629;63,629;63,629;63,629
2744;52,661;52,661;52,661;52,661;52,661;52,661;52,661;52,661;52,661;52,661
2745;56,951;56,951;56,951;56,951;56,951;56,951;56,951;56,951;56,951;56,951
2746;57,119;57,119;57,119;57,119;57,119;57,119;57,119;57,119;57,119;57,119
2747;52,259;52,259;52,259;52,259;52,259;52,259;52,259;52,259;52,259;52,259
2748;42,623;42,623;42,623;42,623;42,623;42,623;42,623;42,623;42,623;42,623
2749;43,487;43,487;43,487;43,487;43,487;43,487;43,487;43,487;43,487;43,487
2750;41,327;41,327;41,327;41,327;41,327;41,327;41,327;41,327;41,327;41,327
2751;48,127;48,127;48,127;48,127;48,127;48,127;48,127;48,127;48,127;48,127
2752;55,167;55,167;55,167;55,167;55,167;55,167;55,167;55,167;55,167;55,167
2753;72,387;72,387;72,387;72,387;72,387;72,387;72,387;72,387;72,387;72,387
2754;80,067;80,067;80,067;80,067;80,067;80,067;80,067;80,067;80,067;80,067
2755;69,965;69,965;69,965;69,965;69,965;69,965;69,965;69,965;69,965;69,965
2756;51,829;51,829;51,829;51,829;51,829;51,829;51,829;51,829;51,829;51,829
2757;51,709;51,709;51,709;51,709;51,709;51,709;51,709;51,709;51,709;51,709
2758;41,381;41,381;41,381;41,381;41,381;41,381;41,381;41,381;41,381;41,381
2759;18,941;18,941;18,941;18,941;18,941;18,941;18,941;18,941;18,941;18,941
2760;18,941;18,941;18,941;18,941;18,941;18,941;18,941;18,941;18,941;18,941
2761;18,941;18,941;18,941;18,941;18,941;18,941;18,941;18,941;18,941;18,941
2762;17,101;17,101;17,101;17,101;17,101;17,101;17,101;17,101;17,101;17,101
2763;17,101;17,101;17,101;17,101;17,101;17,101;17,101;17,101;17,101;17,101
2764;41,381;41,381;41,381;41,381;41,381;41,381;41,381;41,381;41,381;41,381
2765;34,165;34,165;34,165;34,165;34,165;34,165;34,165;34,165;34,165;34,165
2766;51,465;51,465;51,465;51,465;51,465;51,465;51,465;51,465;51,465;51,465
2767;63,629;63,629;63,629;63,629;63,629;63,629;63,629;63,629;63,629;63,629
2768;52,661;52,661;52,661;52,661;52,661;52,661;52,661;52,661;52,661;52,661
2769;56,951;56,951;56,951;56,951;56,951;56,951;56,951;56,951;56,951;56,951
2770;57,119;57,119;57,119;57,119;57,119;57,119;57,119;57,119;57,119;57,119
2771;52,259;52,259;52,259;52,259;52,259;52,259;52,259;52,259;52,259;52,259
2772;42,623;42,623;42,623;42,623;42,623;42,623;42,623;42,623;42,623;42,623
2773;43,487;43,487;43,487;43,487;43,487;43,487;43,487;43,487;43,487;43,487
2774;41,327;41,327;41,327;41,327;41,327;41,327;41,327;41,327;41,327;41,327
2775;48,127;48,127;48,127;48,127;48,127;48,127;48,127;48,127;48,127;48,127
2776;55,167;55,167;55,167;55,167;55,167;55,167;55,167;55,167;55,167;55,167
2777;72,387;72,387;72,387;72,387;72,387;72,387;72,387;72,387;72,387;72,387
2778;80,067;80,067;80,067;80,067;80,067;80,067;80,067;80,067;80,067;80,067
2779;69,965;69,965;69,965;69,965;69,965;69,965;69,965;69,965;69,965;69,965
2780;51,829;51,829;51,829;51,829;51,829;51,829;51,829;51,829;51,829;51,829
2781;51,709;51,709;51,709;51,709;51,709;51,709;51,709;51,709;51,709;51,709
2782;41,381;41,381;41,381;41,381;41,381;41,381;41,381;41,381;41,381;41,381
2783;18,941;18,941;18,941;18,941;18,941;18,941;18,941;18,941;18,941;18,941
2784;18,941;18,941;18,941;18,941;18,941;18,941;18,941;18,941;18,941;18,941
2785;18,941;18,941;18,941;18,941;18,941;18,941;18,941;18,941;18,941;18,941
2786;17,101;17,101;17,101;17,101;17,101;17,101;17,101;17,101;17,101;17,101
2787;17,101;17,101;17,101;17,101;17,101;17,101;17,101;17,101;17,101;17,101
2788;41,381;41,381;41,381;41,381;41,381;41,381;41,381;41,381;41,381;41,381
2789;34,165;34,165;34,165;34,165;34,165;34,165;34,165;34,165;34,165;34,165
2790;51,465;51,465;51,465;51,465;51,465;51,465;51,465;51,465;51,465;51,465
2791;63,629;63,629;63,629;63,629;63,629;63,629;63,629;63,629;63,629;63,629
2792;52,661;52,661;52,661;52,661;52,661;52,661;52,661;52,661;52,661;52,661
2793;56,951;56,951;56,951;56,951;56,951;56,951;56,951;56,951;56,951;56,951
2794;57,119;57,119;57,119;57,119;57,119;57,119;57,119;57,119;57,119;57,119
2795;52,259;52,259;52,259;52,259;52,259;52,259;52,259;52,259;52,259;52,259
2796;42,623;42,623;42,623;42,623;42,623;42,623;42,623;42,623;42,623;42,623
2797;43,487;43,487;43,487;43,487;43,487;43,487;43,487;43,487;43,487;43,487
2798;41,327;41,327;41,327;41,327;41,327;41,327;41,327;41,327;41,327;41,327
2799;48,127;48,127;48,127;48,127;48,127;48,127;48,127;48,127;48,127;48,127
2800;55,167;55,167;55,167;55,167;55,167;55,167;55,167;55,167;55,167;55,167
2801;72,387;72,387;72,387;72,387;72,387;72,387;72,387;72,387;72,387;72,387
2802;80,067;80,067;80,067;80,067;80,067;80,067;80,067;80,067;80,067;80,067
2803;69,965;69,965;69,965;69,965;69,965;69,965;69,965;69,965;69,965;69,965
2804;51,829;51,829;51,829;51,829;51,829;51,829;51,829;51,829;51,829;51,829
2805;51,709;51,709;51,709;51,709;51,709;51,709;51,709;51,709;51,709;51,709
2806;41,381;41,381;41,381;41,381;41,381;41,381;41,381;41,381;41,381;41,381
2807;18,941;18,941;18,941;18,941;18,941;18,941;18,941;18,941;18,941;18,941
2808;18,941;18,941;18,941;18,941;18,941;18,941;18,941;18,941;18,941;18,941
2809;18,941;18,941;18,941;18,941;18,941;18,941;18,941;18,941;18,941;18,941
2810;17,101;17,101;17,101;17,101;17,101;17,101;17,101;17,101;17,101;17,101
2811;17,101;17,101;17,101;17,101;17,101;17,101;17,101;17,101;17,101;17,101
2812;41,381;41,381;41,381;41,381;41,381;41,381;41,381;41,381;41,381;41,381
2813;34,165;34,165;34,165;34,165;34,165;34,165;34,165;34,165;34,165;34,165
2814;51,465;51,465;51,465;51,465;51,465;51,465;51,465;51,465;51,465;51,465
2815;63,629;63,629;63,629;63,629;63,629;63,629;63,629;63,629;63,629;63,629
2816;52,661;52,661;52,661;52,661;52,661;52,661;52,661;52,661;52,661;52,661
2817;56,951;56,951;56,951;56,951;56,951;56,951;56,951;56,951;56,951;56,951
2818;57,119;57,119;57,119;57,119;57,119;57,119;57,119;57,119;57,119;57,119
2819;52,259;52,259;52,259;52,259;52,259;52,259;52,259;52,259;52,259;52,259
2820;42,623;42,623;42,623;42,623;42,623;42,623;42,623;42,623;42,623;42,623
2821;43,487;43,487;43,487;43,487;43,487;43,487;43,487;43,487;43,487;43,487
2822;41,327;41,327;41,327;41,327;41,327;41,327;41,327;41,327;41,327;41,327
2823;48,127;48,127;48,127;48,127;48,127;48,127;48,127;48,127;48,127;48,127
2824;55,167;55,167;55,167;55,167;55,167;55,167;55,167;55,167;55,167;55,167
2825;72,387;72,387;72,387;72,387;72,387;72,387;72,387;72,387;72,387;72,387
2826;80,067;80,067;80,067;80,067;80,067;80,067;80,067;80,067;80,067;80,067
2827;69,965;69,965;69,965;69,965;69,965;69,965;69,965;69,965;69,965;69,965
2828;51,829;51,829;51,829;51,829;51,829;51,829;51,829;51,829;51,829;51,829
2829;51,709;51,709;51,709;51,709;51,709;51,709;51,709;51,709;51,709;51,709
2830;41,381;41,381;41,381;41,381;41,381;41,381;41,381;41,381;41,381;41,381
2831;18,941;18,941;18,941;18,941;18,941;18,941;18,941;18,941;18,941;18,941
2832;18,941;18,941;18,941;18,941;18,941;18,941;18,941;18,941;18,941;18,941
2833;18,941;18,941;18,941;18,941;18,941;18,941;18,941;18,941;18,941;18,941
2834;17,101;17,101;17,101;17,101;17,101;17,101;17,101;17,101;17,101;17,101
2835;17,101;17,101;17,101;17,101;17,101;17,101;17,101;17,101;17,101;17,101
2836;41,381;41,381;41,381;41,381;41,381;41,381;41,381;41,381;41,381;41,381
2837;34,165;34,165;34,165;34,165;34,165;34,165;34,165;34,165;34,165;34,165
2838;51,465;51,465;51,465;51,465;51,465;51,465;51,465;51,465;51,465;51,465
2839;63,629;63,629;63,629;63,629;63,629;63,629;63,629;63,629;63,629;63,629
2840;52,661;52,661;52,661;52,661;52,661;52,661;52,661;52,661;52,661;52,661
2841;56,951;56,951;56,951;56,951;56,951;56,951;56,951;56,951;56,951;56,951
2842;57,119;57,119;57,119;57,119;57,119;57,119;57,119;57,119;57,119;57,119
2843;52,259;52,259;52,259;52,259;52,259;52,259;52,259;52,259;52,259;52,259
2844;42,623;42,623;42,623;42,623;42,623;42,623;42,623;42,623;42,623;42,623
2845;43,487;43,487;43,487;43,487;43,487;43,487;43,487;43,487;43,487;43,487
2846;41,327;41,327;41,327;41,327;41,327;41,327;41,327;41,327;41,327;41,327
2847;48,127;48,127;48,127;48,127;48,127;48,127;48,127;48,127;48,127;48,127
2848;55,167;55,167;55,167;55,167;55,167;55,167;55,167;55,167;55,167;55,167
2849;72,387;72,387;72,387;72,387;72,387;72,387;72,387;72,387;72,387;72,387
2850;80,067;80,067;80,067;80,067;80,067;80,067;80,067;80,067;80,067;80,067
2851;69,965;69,965;69,965;69,965;69,965;69,965;69,965;69,965;69,965;69,965
2852;51,829;51,829;51,829;51,829;51,829;51,829;51,829;51,829;51,829;51,829
2853;51,709;51,709;51,709;51,709;51,709;51,709;51,709;51,709;51,709;51,709
2854;41,381;41,381;41,381;41,381;41,381;41,381;41,381;41,381;41,381;41,381
2855;18,941;18,941;18,941;18,941;18,941;18,941;18,941;18,941;18,941;18,941
2856;18,941;18,941;18,941;18,941;18,941;18,941;18,941;18,941;18,941;18,941
2857;18,941;18,941;18,941;18,941;18,941;18,941;18,941;18,941;18,941;18,941
2858;17,101;17,101;17,101;17,101;17,101;17,101;17,101;17,101;17,101;17,101
2859;17,101;17,101;17,101;17,101;17,101;17,101;17,101;17,101;17,101;17,101
2860;41,381;41,381;41,381;41,381;41,381;41,381;41,381;41,381;41,381;41,381
2861;34,165;34,165;34,165;34,165;34,165;34,165;34,165;34,165;34,165;34,165
2862;51,465;51,465;51,465;51,465;51,465;51,465;51,465;51,465;51,465;51,465
2863;63,629;63,629;63,629;63,629;63,629;63,629;63,629;63,629;63,629;63,629
2864;52,661;52,661;52,661;52,661;52,661;52,661;52,661;52,661;52,661;52,661
2865;56,951;56,951;56,951;56,951;56,951;56,951;56,951;56,951;56,951;56,951
2866;57,119;57,119;57,119;57,119;57,119;57,119;57,119;57,119;57,119;57,119
2867;52,259;52,259;52,259;52,259;52,259;52,259;52,259;52,259;52,259;52,259
2868;42,623;42,623;42,623;42,623;42,623;42,623;42,623;42,623;42,623;42,623
2869;43,487;43,487;43,487;43,487;43,487;43,487;43,487;43,487;43,487;43,487
2870;41,327;41,327;41,327;41,327;41,327;41,327;41,327;41,327;41,327;41,327
2871;48,127;48,127;48,127;48,127;48,127;48,127;48,127;48,127;48,127;48,127
2872;55,167;55,167;55,167;55,167;55,167;55,167;55,167;55,167;55,167;55,167
2873;72,387;72,387;72,387;72,387;72,387;72,387;72,387;72,387;72,387;72,387
2874;80,067;80,067;80,067;80,067;80,067;80,067;80,067;80,067;80,067;80,067
2875;69,965;69,965;69,965;69,965;69,965;69,965;69,965;69,965;69,965;69,965
2876;51,829;51,829;51,829;51,829;51,829;51,829;51,829;51,829;51,829;51,829
2877;51,709;51,709;51,709;51,709;51,709;51,709;51,709;51,709;51,709;51,709
2878;41,381;41,381;41,381;41,381;41,381;41,381;41,381;41,381;41,381;41,381
2879;18,941;18,941;18,941;18,941;18,941;18,941;18,941;18,941;18,941;18,941
2880;18,941;18,941;18,941;18,941;18,941;18,941;18,941;18,941;18,941;18,941
2881;18,941;18,941;18,941;18,941;18,941;18,941;18,941;18,941;18,941;18,941
2882;17,101;17,101;17,101;17,101;17,101;17,101;17,101;17,101;17,101;17,101
2883;17,101;17,101;17,101;17,101;17,101;17,101;17,101;17,101;17,101;17,101
2884;41,381;41,381;41,381;41,381;41,381;41,381;41,381;41,381;41,381;41,381
2885;34,165;34,165;34,165;34,165;34,165;34,165;34,165;34,165;34,165;34,165
2886;51,465;51,465;51,465;51,465;51,465;51,465;51,465;51,465;51,465;51,465
2887;63,629;63,629;63,629;63,629;63,629;63,629;63,629;63,629;63,629;63,629
2888;52,661;52,661;52,661;52,661;52,661;52,661;52,661;52,661;52,661;52,661
2889;56,951;56,951;56,951;56,951;56,951;56,951;56,951;56,951;56,951;56,951
2890;57,119;57,119;57,119;57,119;57,119;57,119;57,119;57,119;57,119;57,119
2891;52,259;52,259;52,259;52,259;52,259;52,259;52,259;52,259;52,259;52,259
2892;42,623;42,623;42,623;42,623;42,623;42,623;42,623;42,623;42,623;42,623
2893;43,487;43,487;43,487;43,487;43,487;43,487;43,487;43,487;43,487;43,487
2894;41,327;41,327;41,327;41,327;41,327;41,327;41,327;41,327;41,327;41,327
2895;48,127;48,127;48,127;48,127;48,127;48,127;48,127;48,127;48,127;48,127
2896;55,167;55,167;55,167;55,167;55,167;55,167;55,167;55,167;55,167;55,167
2897;72,387;72,387;72,387;72,387;72,387;72,387;72,387;72,387;72,387;72,387
2898;80,067;80,067;80,067;80,067;80,067;80,067;80,067;80,067;80,067;80,067
2899;69,965;69,965;69,965;69,965;69,965;69,965;69,965;69,965;69,965;69,965
2900;51,829;51,829;51,829;51,829;51,829;51,829;51,829;51,829;51,829;51,829
2901;51,709;51,709;51,709;51,709;51,709;51,709;51,709;51,709;51,709;51,709
2902;41,381;41,381;41,381;41,381;41,381;41,381;41,381;41,381;41,381;41,381
2903;18,941;18,941;18,941;18,941;18,941;18,941;18,941;18,941;18,941;18,941
2904;18,941;18,941;18,941;18,941;18,941;18,941;18,941;18,941;18,941;18,941
2905;18,941;18,941;18,941;18,941;18,941;18,941;18,941;18,941;18,941;18,941
2906;17,101;17,101;17,101;17,101;17,101;17,101;17,101;17,101;17,101;17,101
2907;17,101;17,101;17,101;17,101;17,101;17,101;17,101;17,101;17,101;17,101
2908;41,381;41,381;41,381;41,381;41,381;41,381;41,381;41,381;41,381;41,381
2909;34,165;34,165;34,165;34,165;34,165;34,165;34,165;34,165;34,165;34,165
2910;51,465;51,465;51,465;51,465;51,465;51,465;51,465;51,465;51,465;51,465
2911;63,629;63,629;63,629;63,629;63,629;63,629;63,629;63,629;63,629;63,629
2912;52,661;52,661;52,661;52,661;52,661;52,661;52,661;52,661;52,661;52,661
2913;56,951;56,951;56,951;56,951;56,951;56,951;56,951;56,951;56,951;56,951
2914;57,119;57,119;57,119;57,119;57,119;57,119;57,119;57,119;57,119;57,119
2915;52,259;52,259;52,259;52,259;52,259;52,259;52,259;52,259;52,259;52,259
2916;42,623;42,623;42,623;42,623;42,623;42,623;42,623;42,623;42,623;42,623
2917;43,487;43,487;43,487;43,487;43,487;43,487;43,487;43,487;43,487;43,487
2918;41,327;41,327;41,327;41,327;41,327;41,327;41,327;41,327;41,327;41,327
2919;48,127;48,127;48,127;48,127;48,127;48,127;48,127;48,127;48,127;48,127
2920;55,167;55,167;55,167;55,167;55,167;55,167;55,167;55,167;55,167;55,167
2921;72,387;72,387;72,387;72,387;72,387;72,387;72,387;72,387;72,387;72,387
2922;80,067;80,067;80,067;80,067;80,067;80,067;80,067;80,067;80,067;80,067
2923;69,965;69,965;69,965;69,965;69,965;69,965;69,965;69,965;69,965;69,965
2924;51,829;51,829;51,829;51,829;51,829;51,829;51,829;51,829;51,829;51,829
2925;51,709;51,709;51,709;51,709;51,709;51,709;51,709;51,709;51,709;51,709
2926;41,381;41,381;41,381;41,381;41,381;41,381;41,381;41,381;41,381;41,381
2927;18,941;18,941;18,941;18,941;18,941;18,941;18,941;18,941;18,941;18,941
2928;18,941;18,941;18,941;18,941;18,941;18,941;18,941;18,941;18,941;18,941
2929;18,941;18,941;18,941;18,941;18,941;18,941;18,941;18,941;18,941;18,941
2930;17,101;17,101;17,101;17,101;17,101;17,101;17,101;17,101;17,101;17,101
2931;17,101;17,101;17,101;17,101;17,101;17,101;17,101;17,101;17,101;17,101
2932;41,381;41,381;41,381;41,381;41,381;41,381;41,381;41,381;41,381;41,381
2933;34,165;34,165;34,165;34,165;34,165;34,165;34,165;34,165;34,165;34,165
2934;51,465;51,465;51,465;51,465;51,465;51,465;51,465;51,465;51,465;51,465
2935;63,629;63,629;63,629;63,629;63,629;63,629;63,629;63,629;63,629;63,629
2936;52,661;52,661;52,661;52,661;52,661;52,661;52,661;52,661;52,661;52,661
2937;56,951;56,951;56,951;56,951;56,951;56,951;56,951;56,951;56,951;56,951
2938;57,119;57,119;57,119;57,119;57,119;57,119;57,119;57,119;57,119;57,119
2939;52,259;52,259;52,259;52,259;52,259;52,259;52,259;52,259;52,259;52,259
2940;42,623;42,623;42,623;42,623;42,623;42,623;42,623;42,623;42,623;42,623
2941;43,487;43,487;43,487;43,487;43,487;43,487;43,487;43,487;43,487;43,487
2942;41,327;41,327;41,327;41,327;41,327;41,327;41,327;41,327;41,327;41,327
2943;48,127;48,127;48,127;48,127;48,127;48,127;48,127;48,127;48,127;48,127
2944;55,167;55,167;55,167;55,167;55,167;55,167;55,167;55,167;55,167;55,167
2945;72,387;72,387;72,387;72,387;72,387;72,387;72,387;72,387;72,387;72,387
2946;80,067;80,067;80,067;80,067;80,067;80,067;80,067;80,067;80,067;80,067
2947;69,965;69,965;69,965;69,965;69,965;69,965;69,965;69,965;69,965;69,965
2948;51,829;51,829;51,829;51,829;51,829;51,829;51,829;51,829;51,829;51,829
2949;51,709;51,709;51,709;51,709;51,709;51,709;51,709;51,709;51,709;51,709
2950;41,381;41,381;41,381;41,381;41,381;41,381;41,381;41,381;41,381;41,381
2951;18,941;18,941;18,941;18,941;18,941;18,941;18,941;18,941;18,941;18,941
2952;18,941;18,941;18,941;18,941;18,941;18,941;18,941;18,941;18,941;18,941
2953;18,941;18,941;18,941;18,941;18,941;18,941;18,941;18,941;18,941;18,941
2954;17,101;17,101;17,101;17,101;17,101;17,101;17,101;17,101;17,101;17,101
2955;17,101;17,101;17,101;17,101;17,101;17,101;17,101;17,101;17,101;17,101
2956;41,381;41,381;41,381;41,381;41,381;41,381;41,381;41,381;41,381;41,381
2957;34,165;34,165;34,165;34,165;34,165;34,165;34,165;34,165;34,165;34,165
2958;51,465;51,465;51,465;51,465;51,465;51,465;51,465;51,465;51,465;51,465
2959;63,629;63,629;63,629;63,629;63,629;63,629;63,629;63,629;63,629;63,629
2960;52,661;52,661;52,661;52,661;52,661;52,661;52,661;52,661;52,661;52,661
2961;56,951;56,951;56,951;56,951;56,951;56,951;56,951;56,951;56,951;56,951
2962;57,119;57,119;57,119;57,119;57,119;57,119;57,119;57,119;57,119;57,119
2963;52,259;52,259;52,259;52,259;52,259;52,259;52,259;52,259;52,259;52,259
2964;42,623;42,623;42,623;42,623;42,623;42,623;42,623;42,623;42,623;42,623
2965;43,487;43,487;43,487;43,487;43,487;43,487;43,487;43,487;43,487;43,487
2966;41,327;41,327;41,327;41,327;41,327;41,327;41,327;41,327;41,327;41,327
2967;48,127;48,127;48,127;48,127;48,127;48,127;48,127;48,127;48,127;48,127
2968;55,167;55,167;55,167;55,167;55,167;55,167;55,167;55,167;55,167;55,167
2969;72,387;72,387;72,387;72,387;72,387;72,387;72,387;72,387;72,387;72,387
2970;80,067;80,067;80,067;80,067;80,067;80,067;80,067;80,067;80,067;80,067
2971;69,965;69,965;69,965;69,965;69,965;69,965;69,965;69,965;69,965;69,965
2972;51,829;51,829;51,829;51,829;51,829;51,829;51,829;51,829;51,829;51,829
2973;51,709;51,709;51,709;51,709;51,709;51,709;51,709;51,709;51,709;51,709
2974;41,381;41,381;41,381;41,381;41,381;41,381;41,381;41,381;41,381;41,381
2975;18,941;18,941;18,941;18,941;18,941;18,941;18,941;18,941;18,941;18,941
2976;18,941;18,941;18,941;18,941;18,941;18,941;18,941;18,941;18,941;18,941
2977;18,941;18,941;18,941;18,941;18,941;18,941;18,941;18,941;18,941;18,941
2978;17,101;17,101;17,101;17,101;17,101;17,101;17,101;17,101;17,101;17,101
2979;17,101;17,101;17,101;17,101;17,101;17,101;17,101;17,101;17,101;17,101
2980;41,381;41,381;41,381;41,381;41,381;41,381;41,381;41,381;41,381;41,381
2981;34,165;34,165;34,165;34,165;34,165;34,165;34,165;34,165;34,165;34,165
2982;51,465;51,465;51,465;51,465;51,465;51,465;51,465;51,465;51,465;51,465
2983;63,629;63,629;63,629;63,629;63,629;63,629;63,629;63,629;63,629;63,629
2984;52,661;52,661;52,661;52,661;52,661;52,661;52,661;52,661;52,661;52,661
2985;56,951;56,951;56,951;56,951;56,951;56,951;56,951;56,951;56,951;56,951
2986;57,119;57,119;57,119;57,119;57,119;57,119;57,119;57,119;57,119;57,119
2987;52,259;52,259;52,259;52,259;52,259;52,259;52,259;52,259;52,259;52,259
2988;42,623;42,623;42,623;42,623;42,623;42,623;42,623;42,623;42,623;42,623
2989;43,487;43,487;43,487;43,487;43,487;43,487;43,487;43,487;43,487;43,487
2990;41,327;41,327;41,327;41,327;41,327;41,327;41,327;41,327;41,327;41,327
2991;48,127;48,127;48,127;48,127;48,127;48,127;48,127;48,127;48,127;48,127
2992;55,167;55,167;55,167;55,167;55,167;55,167;55,167;55,167;55,167;55,167
2993;72,387;72,387;72,387;72,387;72,387;72,387;72,387;72,387;72,387;72,387
2994;80,067;80,067;80,067;80,067;80,067;80,067;80,067;80,067;80,067;80,067
2995;69,965;69,965;69,965;69,965;69,965;69,965;69,965;69,965;69,965;69,965
2996;51,829;51,829;51,829;51,829;51,829;51,829;51,829;51,829;51,829;51,829
2997;51,709;51,709;51,709;51,709;51,709;51,709;51,709;51,709;51,709;51,709
2998;41,381;41,381;41,381;41,381;41,381;41,381;41,381;41,381;41,381;41,381
2999;18,941;18,941;18,941;18,941;18,941;18,941;18,941;18,941;18,941;18,941
3000;18,941;18,941;18,941;18,941;18,941;18,941;18,941;18,941;18,941;18,941
3001;18,941;18,941;18,941;18,941;18,941;18,941;18,941;18,941;18,941;18,941
3002;17,101;17,101;17,101;17,101;17,101;17,101;17,101;17,101;17,101;17,101
3003;17,101;17,101;17,101;17,101;17,101;17,101;17,101;17,101;17,101;17,101
3004;41,381;41,381;41,381;41,381;41,381;41,381;41,381;41,381;41,381;41,381
3005;34,165;34,165;34,165;34,165;34,165;34,165;34,165;34,165;34,165;34,165
3006;51,465;51,465;51,465;51,465;51,465;51,465;51,465;51,465;51,465;51,465
3007;63,629;63,629;63,629;63,629;63,629;63,629;63,629;63,629;63,629;63,629
3008;52,661;52,661;52,661;52,661;52,661;52,661;52,661;52,661;52,661;52,661
3009;56,951;56,951;56,951;56,951;56,951;56,951;56,951;56,951;56,951;56,951
3010;57,119;57,119;57,119;57,119;57,119;57,119;57,119;57,119;57,119;57,119
3011;52,259;52,259;52,259;52,259;52,259;52,259;52,259;52,259;52,259;52,259
3012;42,623;42,623;42,623;42,623;42,623;42,623;42,623;42,623;42,623;42,623
3013;43,487;43,487;43,487;43,487;43,487;43,487;43,487;43,487;43,487;43,487
3014;41,327;41,327;41,327;41,327;41,327;41,327;41,327;41,327;41,327;41,327
3015;48,127;48,127;48,127;48,127;48,127;48,127;48,127;48,127;48,127;48,127
3016;55,167;55,167;55,167;55,167;55,167;55,167;55,167;55,167;55,167;55,167
3017;72,387;72,387;72,387;72,387;72,387;72,387;72,387;72,387;72,387;72,387
3018;80,067;80,067;80,067;80,067;80,067;80,067;80,067;80,067;80,067;80,067
3019;69,965;69,965;69,965;69,965;69,965;69,965;69,965;69,965;69,965;69,965
3020;51,829;51,829;51,829;51,829;51,829;51,829;51,829;51,829;51,829;51,829
3021;51,709;51,709;51,709;51,709;51,709;51,709;51,709;51,709;51,709;51,709
3022;41,381;41,381;41,381;41,381;41,381;41,381;41,381;41,381;41,381;41,381
3023;18,941;18,941;18,941;18,941;18,941;18,941;18,941;18,941;18,941;18,941
3024;18,941;18,941;18,941;18,941;18,941;18,941;18,941;18,941;18,941;18,941
3025;18,941;18,941;18,941;18,941;18,941;18,941;18,941;18,941;18,941;18,941
3026;17,101;17,101;17,101;17,101;17,101;17,101;17,101;17,101;17,101;17,101
3027;17,101;17,101;17,101;17,101;17,101;17,101;17,101;17,101;17,101;17,101
3028;41,381;41,381;41,381;41,381;41,381;41,381;41,381;41,381;41,381;41,381
3029;34,165;34,165;34,165;34,165;34,165;34,165;34,165;34,165;34,165;34,165
3030;51,465;51,465;51,465;51,465;51,465;51,465;51,465;51,465;51,465;51,465
3031;63,629;63,629;63,629;63,629;63,629;63,629;63,629;63,629;63,629;63,629
3032;52,661;52,661;52,661;52,661;52,661;52,661;52,661;52,661;52,661;52,661
3033;56,951;56,951;56,951;56,951;56,951;56,951;56,951;56,951;56,951;56,951
3034;57,119;57,119;57,119;57,119;57,119;57,119;57,119;57,119;57,119;57,119
3035;52,259;52,259;52,259;52,259;52,259;52,259;52,259;52,259;52,259;52,259
3036;42,623;42,623;42,623;42,623;42,623;42,623;42,623;42,623;42,623;42,623
3037;43,487;43,487;43,487;43,487;43,487;43,487;43,487;43,487;43,487;43,487
3038;41,327;41,327;41,327;41,327;41,327;41,327;41,327;41,327;41,327;41,327
3039;48,127;48,127;48,127;48,127;48,127;48,127;48,127;48,127;48,127;48,127
3040;55,167;55,167;55,167;55,167;55,167;55,167;55,167;55,167;55,167;55,167
3041;72,387;72,387;72,387;72,387;72,387;72,387;72,387;72,387;72,387;72,387
3042;80,067;80,067;80,067;80,067;80,067;80,067;80,067;80,067;80,067;80,067
3043;69,965;69,965;69,965;69,965;69,965;69,965;69,965;69,965;69,965;69,965
3044;51,829;51,829;51,829;51,829;51,829;51,829;51,829;51,829;51,829;51,829
3045;51,709;51,709;51,709;51,709;51,709;51,709;51,709;51,709;51,709;51,709
3046;41,381;41,381;41,381;41,381;41,381;41,381;41,381;41,381;41,381;41,381
3047;18,941;18,941;18,941;18,941;18,941;18,941;18,941;18,941;18,941;18,941
3048;18,941;18,941;18,941;18,941;18,941;18,941;18,941;18,941;18,941;18,941
3049;18,941;18,941;18,941;18,941;18,941;18,941;18,941;18,941;18,941;18,941
3050;17,101;17,101;17,101;17,101;17,101;17,101;17,101;17,101;17,101;17,101
3051;17,101;17,101;17,101;17,101;17,101;17,101;17,101;17,101;17,101;17,101
3052;41,381;41,381;41,381;41,381;41,381;41,381;41,381;41,381;41,381;41,381
3053;34,165;34,165;34,165;34,165;34,165;34,165;34,165;34,165;34,165;34,165
3054;51,465;51,465;51,465;51,465;51,465;51,465;51,465;51,465;51,465;51,465
3055;63,629;63,629;63,629;63,629;63,629;63,629;63,629;63,629;63,629;63,629
3056;52,661;52,661;52,661;52,661;52,661;52,661;52,661;52,661;52,661;52,661
3057;56,951;56,951;56,951;56,951;56,951;56,951;56,951;56,951;56,951;56,951
3058;57,119;57,119;57,119;57,119;57,119;57,119;57,119;57,119;57,119;57,119
3059;52,259;52,259;52,259;52,259;52,259;52,259;52,259;52,259;52,259;52,259
3060;42,623;42,623;42,623;42,623;42,623;42,623;42,623;42,623;42,623;42,623
3061;43,487;43,487;43,487;43,487;43,487;43,487;43,487;43,487;43,487;43,487
3062;41,327;41,327;41,327;41,327;41,327;41,327;41,327;41,327;41,327;41,327
3063;48,127;48,127;48,127;48,127;48,127;48,127;48,127;48,127;48,127;48,127
3064;55,167;55,167;55,167;55,167;55,167;55,167;55,167;55,167;55,167;55,167
3065;72,387;72,387;72,387;72,387;72,387;72,387;72,387;72,387;72,387;72,387
3066;80,067;80,067;80,067;80,067;80,067;80,067;80,067;80,067;80,067;80,067
3067;69,965;69,965;69,965;69,965;69,965;69,965;69,965;69,965;69,965;69,965
3068;51,829;51,829;51,829;51,829;51,829;51,829;51,829;51,829;51,829;51,829
3069;51,709;51,709;51,709;51,709;51,709;51,709;51,709;51,709;51,709;51,709
3070;41,381;41,381;41,381;41,381;41,381;41,381;41,381;41,381;41,381;41,381
3071;18,941;18,941;18,941;18,941;18,941;18,941;18,941;18,941;18,941;18,941
3072;18,941;18,941;18,941;18,941;18,941;18,941;18,941;18,941;18,941;18,941
3073;18,941;18,941;18,941;18,941;18,941;18,941;18,941;18,941;18,941;18,941
3074;17,101;17,101;17,101;17,101;17,101;17,101;17,101;17,101;17,101;17,101
3075;17,101;17,101;17,101;17,101;17,101;17,101;17,101;17,101;17,101;17,101
3076;41,381;41,381;41,381;41,381;41,381;41,381;41,381;41,381;41,381;41,381
3077;34,165;34,165;34,165;34,165;34,165;34,165;34,165;34,165;34,165;34,165
3078;51,465;51,465;51,465;51,465;51,465;51,465;51,465;51,465;51,465;51,465
3079;63,629;63,629;63,629;63,629;63,629;63,629;63,629;63,629;63,629;63,629
3080;52,661;52,661;52,661;52,661;52,661;52,661;52,661;52,661;52,661;52,661
3081;56,951;56,951;56,951;56,951;56,951;56,951;56,951;56,951;56,951;56,951
3082;57,119;57,119;57,119;57,119;57,119;57,119;57,119;57,119;57,119;57,119
3083;52,259;52,259;52,259;52,259;52,259;52,259;52,259;52,259;52,259;52,259
3084;42,623;42,623;42,623;42,623;42,623;42,623;42,623;42,623;42,623;42,623
3085;43,487;43,487;43,487;43,487;43,487;43,487;43,487;43,487;43,487;43,487
3086;41,327;41,327;41,327;41,327;41,327;41,327;41,327;41,327;41,327;41,327
3087;48,127;48,127;48,127;48,127;48,127;48,127;48,127;48,127;48,127;48,127
3088;55,167;55,167;55,167;55,167;55,167;55,167;55,167;55,167;55,167;55,167
3089;72,387;72,387;72,387;72,387;72,387;72,387;72,387;72,387;72,387;72,387
3090;80,067;80,067;80,067;80,067;80,067;80,067;80,067;80,067;80,067;80,067
3091;69,965;69,965;69,965;69,965;69,965;69,965;69,965;69,965;69,965;69,965
3092;51,829;51,829;51,829;51,829;51,829;51,829;51,829;51,829;51,829;51,829
3093;51,709;51,709;51,709;51,709;51,709;51,709;51,709;51,709;51,709;51,709
3094;41,381;41,381;41,381;41,381;41,381;41,381;41,381;41,381;41,381;41,381
3095;18,941;18,941;18,941;18,941;18,941;18,941;18,941;18,941;18,941;18,941
3096;18,941;18,941;18,941;18,941;18,941;18,941;18,941;18,941;18,941;18,941
3097;18,941;18,941;18,941;18,941;18,941;18,941;18,941;18,941;18,941;18,941
3098;17,101;17,101;17,101;17,101;17,101;17,101;17,101;17,101;17,101;17,101
3099;17,101;17,101;17,101;17,101;17,101;17,101;17,101;17,101;17,101;17,101
3100;41,381;41,381;41,381;41,381;41,381;41,381;41,381;41,381;41,381;41,381
3101;34,165;34,165;34,165;34,165;34,165;34,165;34,165;34,165;34,165;34,165
3102;51,465;51,465;51,465;51,465;51,465;51,465;51,465;51,465;51,465;51,465
3103;63,629;63,629;63,629;63,629;63,629;63,629;63,629;63,629;63,629;63,629
3104;52,661;52,661;52,661;52,661;52,661;52,661;52,661;52,661;52,661;52,661
3105;56,951;56,951;56,951;56,951;56,951;56,951;56,951;56,951;56,951;56,951
3106;57,119;57,119;57,119;57,119;57,119;57,119;57,119;57,119;57,119;57,119
3107;52,259;52,259;52,259;52,259;52,259;52,259;52,259;52,259;52,259;52,259
3108;42,623;42,623;42,623;42,623;42,623;42,623;42,623;42,623;42,623;42,623
3109;43,487;43,487;43,487;43,487;43,487;43,487;43,487;43,487;43,487;43,487
3110;41,327;41,327;41,327;41,327;41,327;41,327;41,327;41,327;41,327;41,327
3111;48,127;48,127;48,127;48,127;48,127;48,127;48,127;48,127;48,127;48,127
3112;55,167;55,167;55,167;55,167;55,167;55,167;55,167;55,167;55,167;55,167
3113;72,387;72,387;72,387;72,387;72,387;72,387;72,387;72,387;72,387;72,387
3114;80,067;80,067;80,067;80,067;80,067;80,067;80,067;80,067;80,067;80,067
3115;69,965;69,965;69,965;69,965;69,965;69,965;69,965;69,965;69,965;69,965
3116;51,829;51,829;51,829;51,829;51,829;51,829;51,829;51,829;51,829;51,829
3117;51,709;51,709;51,709;51,709;51,709;51,709;51,709;51,709;51,709;51,709
3118;41,381;41,381;41,381;41,381;41,381;41,381;41,381;41,381;41,381;41,381
3119;18,941;18,941;18,941;18,941;18,941;18,941;18,941;18,941;18,941;18,941
3120;18,941;18,941;18,941;18,941;18,941;18,941;18,941;18,941;18,941;18,941
3121;18,941;18,941;18,941;18,941;18,941;18,941;18,941;18,941;18,941;18,941
3122;17,101;17,101;17,101;17,101;17,101;17,101;17,101;17,101;17,101;17,101
3123;17,101;17,101;17,101;17,101;17,101;17,101;17,101;17,101;17,101;17,101
3124;41,381;41,381;41,381;41,381;41,381;41,381;41,381;41,381;41,381;41,381
3125;34,165;34,165;34,165;34,165;34,165;34,165;34,165;34,165;34,165;34,165
3126;51,465;51,465;51,465;51,465;51,465;51,465;51,465;51,465;51,465;51,465
3127;63,629;63,629;63,629;63,629;63,629;63,629;63,629;63,629;63,629;63,629
3128;52,661;52,661;52,661;52,661;52,661;52,661;52,661;52,661;52,661;52,661
3129;56,951;56,951;56,951;56,951;56,951;56,951;56,951;56,951;56,951;56,951
3130;57,119;57,119;57,119;57,119;57,119;57,119;57,119;57,119;57,119;57,119
3131;52,259;52,259;52,259;52,259;52,259;52,259;52,259;52,259;52,259;52,259
3132;42,623;42,623;42,623;42,623;42,623;42,623;42,623;42,623;42,623;42,623
3133;43,487;43,487;43,487;43,487;43,487;43,487;43,487;43,487;43,487;43,487
3134;41,327;41,327;41,327;41,327;41,327;41,327;41,327;41,327;41,327;41,327
3135;48,127;48,127;48,127;48,127;48,127;48,127;48,127;48,127;48,127;48,127
3136;55,167;55,167;55,167;55,167;55,167;55,167;55,167;55,167;55,167;55,167
3137;72,387;72,387;72,387;72,387;72,387;72,387;72,387;72,387;72,387;72,387
3138;80,067;80,067;80,067;80,067;80,067;80,067;80,067;80,067;80,067;80,067
3139;69,965;69,965;69,965;69,965;69,965;69,965;69,965;69,965;69,965;69,965
3140;51,829;51,829;51,829;51,829;51,829;51,829;51,829;51,829;51,829;51,829
3141;51,709;51,709;51,709;51,709;51,709;51,709;51,709;51,709;51,709;51,709
3142;41,381;41,381;41,381;41,381;41,381;41,381;41,381;41,381;41,381;41,381
3143;18,941;18,941;18,941;18,941;18,941;18,941;18,941;18,941;18,941;18,941
3144;18,941;18,941;18,941;18,941;18,941;18,941;18,941;18,941;18,941;18,941
3145;18,941;18,941;18,941;18,941;18,941;18,941;18,941;18,941;18,941;18,941
3146;17,101;17,101;17,101;17,101;17,101;17,101;17,101;17,101;17,101;17,101
3147;17,101;17,101;17,101;17,101;17,101;17,101;17,101;17,101;17,101;17,101
3148;41,381;41,381;41,381;41,381;41,381;41,381;41,381;41,381;41,381;41,381
3149;34,165;34,165;34,165;34,165;34,165;34,165;34,165;34,165;34,165;34,165
3150;51,465;51,465;51,465;51,465;51,465;51,465;51,465;51,465;51,465;51,465
3151;63,629;63,629;63,629;63,629;63,629;63,629;63,629;63,629;63,629;63,629
3152;52,661;52,661;52,661;52,661;52,661;52,661;52,661;52,661;52,661;52,661
3153;56,951;56,951;56,951;56,951;56,951;56,951;56,951;56,951;56,951;56,951
3154;57,119;57,119;57,119;57,119;57,119;57,119;57,119;57,119;57,119;57,119
3155;52,259;52,259;52,259;52,259;52,259;52,259;52,259;52,259;52,259;52,259
3156;42,623;42,623;42,623;42,623;42,623;42,623;42,623;42,623;42,623;42,623
3157;43,487;43,487;43,487;43,487;43,487;43,487;43,487;43,487;43,487;43,487
3158;41,327;41,327;41,327;41,327;41,327;41,327;41,327;41,327;41,327;41,327
3159;48,127;48,127;48,127;48,127;48,127;48,127;48,127;48,127;48,127;48,127
3160;55,167;55,167;55,167;55,167;55,167;55,167;55,167;55,167;55,167;55,167
3161;72,387;72,387;72,387;72,387;72,387;72,387;72,387;72,387;72,387;72,387
3162;80,067;80,067;80,067;80,067;80,067;80,067;80,067;80,067;80,067;80,067
3163;69,965;69,965;69,965;69,965;69,965;69,965;69,965;69,965;69,965;69,965
3164;51,829;51,829;51,829;51,829;51,829;51,829;51,829;51,829;51,829;51,829
3165;51,709;51,709;51,709;51,709;51,709;51,709;51,709;51,709;51,709;51,709
3166;41,381;41,381;41,381;41,381;41,381;41,381;41,381;41,381;41,381;41,381
3167;18,941;18,941;18,941;18,941;18,941;18,941;18,941;18,941;18,941;18,941
3168;18,941;18,941;18,941;18,941;18,941;18,941;18,941;18,941;18,941;18,941
3169;18,941;18,941;18,941;18,941;18,941;18,941;18,941;18,941;18,941;18,941
3170;17,101;17,101;17,101;17,101;17,101;17,101;17,101;17,101;17,101;17,101
3171;17,101;17,101;17,101;17,101;17,101;17,101;17,101;17,101;17,101;17,101
3172;41,381;41,381;41,381;41,381;41,381;41,381;41,381;41,381;41,381;41,381
3173;34,165;34,165;34,165;34,165;34,165;34,165;34,165;34,165;34,165;34,165
3174;51,465;51,465;51,465;51,465;51,465;51,465;51,465;51,465;51,465;51,465
3175;63,629;63,629;63,629;63,629;63,629;63,629;63,629;63,629;63,629;63,629
3176;52,661;52,661;52,661;52,661;52,661;52,661;52,661;52,661;52,661;52,661
3177;56,951;56,951;56,951;56,951;56,951;56,951;56,951;56,951;56,951;56,951
3178;57,119;57,119;57,119;57,119;57,119;57,119;57,119;57,119;57,119;57,119
3179;52,259;52,259;52,259;52,259;52,259;52,259;52,259;52,259;52,259;52,259
3180;42,623;42,623;42,623;42,623;42,623;42,623;42,623;42,623;42,623;42,623
3181;43,487;43,487;43,487;43,487;43,487;43,487;43,487;43,487;43,487;43,487
3182;41,327;41,327;41,327;41,327;41,327;41,327;41,327;41,327;41,327;41,327
3183;48,127;48,127;48,127;48,127;48,127;48,127;48,127;48,127;48,127;48,127
3184;55,167;55,167;55,167;55,167;55,167;55,167;55,167;55,167;55,167;55,167
3185;72,387;72,387;72,387;72,387;72,387;72,387;72,387;72,387;72,387;72,387
3186;80,067;80,067;80,067;80,067;80,067;80,067;80,067;80,067;80,067;80,067
3187;69,965;69,965;69,965;69,965;69,965;69,965;69,965;69,965;69,965;69,965
3188;51,829;51,829;51,829;51,829;51,829;51,829;51,829;51,829;51,829;51,829
3189;51,709;51,709;51,709;51,709;51,709;51,709;51,709;51,709;51,709;51,709
3190;41,381;41,381;41,381;41,381;41,381;41,381;41,381;41,381;41,381;41,381
3191;18,941;18,941;18,941;18,941;18,941;18,941;18,941;18,941;18,941;18,941
3192;18,941;18,941;18,941;18,941;18,941;18,941;18,941;18,941;18,941;18,941
3193;18,941;18,941;18,941;18,941;18,941;18,941;18,941;18,941;18,941;18,941
3194;17,101;17,101;17,101;17,101;17,101;17,101;17,101;17,101;17,101;17,101
3195;17,101;17,101;17,101;17,101;17,101;17,101;17,101;17,101;17,101;17,101
3196;41,381;41,381;41,381;41,381;41,381;41,381;41,381;41,381;41,381;41,381
3197;34,165;34,165;34,165;34,165;34,165;34,165;34,165;34,165;34,165;34,165
3198;51,465;51,465;51,465;51,465;51,465;51,465;51,465;51,465;51,465;51,465
3199;63,629;63,629;63,629;63,629;63,629;63,629;63,629;63,629;63,629;63,629
3200;52,661;52,661;52,661;52,661;52,661;52,661;52,661;52,661;52,661;52,661
3201;56,951;56,951;56,951;56,951;56,951;56,951;56,951;56,951;56,951;56,951
3202;57,119;57,119;57,119;57,119;57,119;57,119;57,119;57,119;57,119;57,119
3203;52,259;52,259;52,259;52,259;52,259;52,259;52,259;52,259;52,259;52,259
3204;42,623;42,623;42,623;42,623;42,623;42,623;42,623;42,623;42,623;42,623
3205;43,487;43,487;43,487;43,487;43,487;43,487;43,487;43,487;43,487;43,487
3206;41,327;41,327;41,327;41,327;41,327;41,327;41,327;41,327;41,327;41,327
3207;48,127;48,127;48,127;48,127;48,127;48,127;48,127;48,127;48,127;48,127
3208;55,167;55,167;55,167;55,167;55,167;55,167;55,167;55,167;55,167;55,167
3209;72,387;72,387;72,387;72,387;72,387;72,387;72,387;72,387;72,387;72,387
3210;80,067;80,067;80,067;80,067;80,067;80,067;80,067;80,067;80,067;80,067
3211;69,965;69,965;69,965;69,965;69,965;69,965;69,965;69,965;69,965;69,965
3212;51,829;51,829;51,829;51,829;51,829;51,829;51,829;51,829;51,829;51,829
3213;51,709;51,709;51,709;51,709;51,709;51,709;51,709;51,709;51,709;51,709
3214;41,381;41,381;41,381;41,381;41,381;41,381;41,381;41,381;41,381;41,381
3215;18,941;18,941;18,941;18,941;18,941;18,941;18,941;18,941;18,941;18,941
3216;18,941;18,941;18,941;18,941;18,941;18,941;18,941;18,941;18,941;18,941
3217;18,941;18,941;18,941;18,941;18,941;18,941;18,941;18,941;18,941;18,941
3218;17,101;17,101;17,101;17,101;17,101;17,101;17,101;17,101;17,101;17,101
3219;17,101;17,101;17,101;17,101;17,101;17,101;17,101;17,101;17,101;17,101
3220;41,381;41,381;41,381;41,381;41,381;41,381;41,381;41,381;41,381;41,381
3221;34,165;34,165;34,165;34,165;34,165;34,165;34,165;34,165;34,165;34,165
3222;51,465;51,465;51,465;51,465;51,465;51,465;51,465;51,465;51,465;51,465
3223;63,629;63,629;63,629;63,629;63,629;63,629;63,629;63,629;63,629;63,629
3224;52,661;52,661;52,661;52,661;52,661;52,661;52,661;52,661;52,661;52,661
3225;56,951;56,951;56,951;56,951;56,951;56,951;56,951;56,951;56,951;56,951
3226;57,119;57,119;57,119;57,119;57,119;57,119;57,119;57,119;57,119;57,119
3227;52,259;52,259;52,259;52,259;52,259;52,259;52,259;52,259;52,259;52,259
3228;42,623;42,623;42,623;42,623;42,623;42,623;42,623;42,623;42,623;42,623
3229;43,487;43,487;43,487;43,487;43,487;43,487;43,487;43,487;43,487;43,487
3230;41,327;41,327;41,327;41,327;41,327;41,327;41,327;41,327;41,327;41,327
3231;48,127;48,127;48,127;48,127;48,127;48,127;48,127;48,127;48,127;48,127
3232;55,167;55,167;55,167;55,167;55,167;55,167;55,167;55,167;55,167;55,167
3233;72,387;72,387;72,387;72,387;72,387;72,387;72,387;72,387;72,387;72,387
3234;80,067;80,067;80,067;80,067;80,067;80,067;80,067;80,067;80,067;80,067
3235;69,965;69,965;69,965;69,965;69,965;69,965;69,965;69,965;69,965;69,965
3236;51,829;51,829;51,829;51,829;51,829;51,829;51,829;51,829;51,829;51,829
3237;51,709;51,709;51,709;51,709;51,709;51,709;51,709;51,709;51,709;51,709
3238;41,381;41,381;41,381;41,381;41,381;41,381;41,381;41,381;41,381;41,381
3239;18,941;18,941;18,941;18,941;18,941;18,941;18,941;18,941;18,941;18,941
3240;18,941;18,941;18,941;18,941;18,941;18,941;18,941;18,941;18,941;18,941
3241;18,941;18,941;18,941;18,941;18,941;18,941;18,941;18,941;18,941;18,941
3242;17,101;17,101;17,101;17,101;17,101;17,101;17,101;17,101;17,101;17,101
3243;17,101;17,101;17,101;17,101;17,101;17,101;17,101;17,101;17,101;17,101
3244;41,381;41,381;41,381;41,381;41,381;41,381;41,381;41,381;41,381;41,381
3245;34,165;34,165;34,165;34,165;34,165;34,165;34,165;34,165;34,165;34,165
3246;51,465;51,465;51,465;51,465;51,465;51,465;51,465;51,465;51,465;51,465
3247;63,629;63,629;63,629;63,629;63,629;63,629;63,629;63,629;63,629;63,629
3248;52,661;52,661;52,661;52,661;52,661;52,661;52,661;52,661;52,661;52,661
3249;56,951;56,951;56,951;56,951;56,951;56,951;56,951;56,951;56,951;56,951
3250;57,119;57,119;57,119;57,119;57,119;57,119;57,119;57,119;57,119;57,119
3251;52,259;52,259;52,259;52,259;52,259;52,259;52,259;52,259;52,259;52,259
3252;42,623;42,623;42,623;42,623;42,623;42,623;42,623;42,623;42,623;42,623
3253;43,487;43,487;43,487;43,487;43,487;43,487;43,487;43,487;43,487;43,487
3254;41,327;41,327;41,327;41,327;41,327;41,327;41,327;41,327;41,327;41,327
3255;48,127;48,127;48,127;48,127;48,127;48,127;48,127;48,127;48,127;48,127
3256;55,167;55,167;55,167;55,167;55,167;55,167;55,167;55,167;55,167;55,167
3257;72,387;72,387;72,387;72,387;72,387;72,387;72,387;72,387;72,387;72,387
3258;80,067;80,067;80,067;80,067;80,067;80,067;80,067;80,067;80,067;80,067
3259;69,965;69,965;69,965;69,965;69,965;69,965;69,965;69,965;69,965;69,965
3260;51,829;51,829;51,829;51,829;51,829;51,829;51,829;51,829;51,829;51,829
3261;51,709;51,709;51,709;51,709;51,709;51,709;51,709;51,709;51,709;51,709
3262;41,381;41,381;41,381;41,381;41,381;41,381;41,381;41,381;41,381;41,381
3263;18,941;18,941;18,941;18,941;18,941;18,941;18,941;18,941;18,941;18,941
3264;18,941;18,941;18,941;18,941;18,941;18,941;18,941;18,941;18,941;18,941
3265;18,941;18,941;18,941;18,941;18,941;18,941;18,941;18,941;18,941;18,941
3266;17,101;17,101;17,101;17,101;17,101;17,101;17,101;17,101;17,101;17,101
3267;17,101;17,101;17,101;17,101;17,101;17,101;17,101;17,101;17,101;17,101
3268;41,381;41,381;41,381;41,381;41,381;41,381;41,381;41,381;41,381;41,381
3269;34,165;34,165;34,165;34,165;34,165;34,165;34,165;34,165;34,165;34,165
3270;51,465;51,465;51,465;51,465;51,465;51,465;51,465;51,465;51,465;51,465
3271;63,629;63,629;63,629;63,629;63,629;63,629;63,629;63,629;63,629;63,629
3272;52,661;52,661;52,661;52,661;52,661;52,661;52,661;52,661;52,661;52,661
3273;56,951;56,951;56,951;56,951;56,951;56,951;56,951;56,951;56,951;56,951
3274;57,119;57,119;57,119;57,119;57,119;57,119;57,119;57,119;57,119;57,119
3275;52,259;52,259;52,259;52,259;52,259;52,259;52,259;52,259;52,259;52,259
3276;42,623;42,623;42,623;42,623;42,623;42,623;42,623;42,623;42,623;42,623
3277;43,487;43,487;43,487;43,487;43,487;43,487;43,487;43,487;43,487;43,487
3278;41,327;41,327;41,327;41,327;41,327;41,327;41,327;41,327;41,327;41,327
3279;48,127;48,127;48,127;48,127;48,127;48,127;48,127;48,127;48,127;48,127
3280;55,167;55,167;55,167;55,167;55,167;55,167;55,167;55,167;55,167;55,167
3281;72,387;72,387;72,387;72,387;72,387;72,387;72,387;72,387;72,387;72,387
3282;80,067;80,067;80,067;80,067;80,067;80,067;80,067;80,067;80,067;80,067
3283;69,965;69,965;69,965;69,965;69,965;69,965;69,965;69,965;69,965;69,965
3284;51,829;51,829;51,829;51,829;51,829;51,829;51,829;51,829;51,829;51,829
3285;51,709;51,709;51,709;51,709;51,709;51,709;51,709;51,709;51,709;51,709
3286;41,381;41,381;41,381;41,381;41,381;41,381;41,381;41,381;41,381;41,381
3287;18,941;18,941;18,941;18,941;18,941;18,941;18,941;18,941;18,941;18,941
3288;18,941;18,941;18,941;18,941;18,941;18,941;18,941;18,941;18,941;18,941
3289;18,941;18,941;18,941;18,941;18,941;18,941;18,941;18,941;18,941;18,941
3290;17,101;17,101;17,101;17,101;17,101;17,101;17,101;17,101;17,101;17,101
3291;17,101;17,101;17,101;17,101;17,101;17,101;17,101;17,101;17,101;17,101
3292;41,381;41,381;41,381;41,381;41,381;41,381;41,381;41,381;41,381;41,381
3293;34,165;34,165;34,165;34,165;34,165;34,165;34,165;34,165;34,165;34,165
3294;51,465;51,465;51,465;51,465;51,465;51,465;51,465;51,465;51,465;51,465
3295;63,629;63,629;63,629;63,629;63,629;63,629;63,629;63,629;63,629;63,629
3296;52,661;52,661;52,661;52,661;52,661;52,661;52,661;52,661;52,661;52,661
3297;56,951;56,951;56,951;56,951;56,951;56,951;56,951;56,951;56,951;56,951
3298;57,119;57,119;57,119;57,119;57,119;57,119;57,119;57,119;57,119;57,119
3299;52,259;52,259;52,259;52,259;52,259;52,259;52,259;52,259;52,259;52,259
3300;42,623;42,623;42,623;42,623;42,623;42,623;42,623;42,623;42,623;42,623
3301;43,487;43,487;43,487;43,487;43,487;43,487;43,487;43,487;43,487;43,487
3302;41,327;41,327;41,327;41,327;41,327;41,327;41,327;41,327;41,327;41,327
3303;48,127;48,127;48,127;48,127;48,127;48,127;48,127;48,127;48,127;48,127
3304;55,167;55,167;55,167;55,167;55,167;55,167;55,167;55,167;55,167;55,167
3305;72,387;72,387;72,387;72,387;72,387;72,387;72,387;72,387;72,387;72,387
3306;80,067;80,067;80,067;80,067;80,067;80,067;80,067;80,067;80,067;80,067
3307;69,965;69,965;69,965;69,965;69,965;69,965;69,965;69,965;69,965;69,965
3308;51,829;51,829;51,829;51,829;51,829;51,829;51,829;51,829;51,829;51,829
3309;51,709;51,709;51,709;51,709;51,709;51,709;51,709;51,709;51,709;51,709
3310;41,381;41,381;41,381;41,381;41,381;41,381;41,381;41,381;41,381;41,381
3311;18,941;18,941;18,941;18,941;18,941;18,941;18,941;18,941;18,941;18,941
3312;18,941;18,941;18,941;18,941;18,941;18,941;18,941;18,941;18,941;18,941
3313;18,941;18,941;18,941;18,941;18,941;18,941;18,941;18,941;18,941;18,941
3314;17,101;17,101;17,101;17,101;17,101;17,101;17,101;17,101;17,101;17,101
3315;17,101;17,101;17,101;17,101;17,101;17,101;17,101;17,101;17,101;17,101
3316;41,381;41,381;41,381;41,381;41,381;41,381;41,381;41,381;41,381;41,381
3317;34,165;34,165;34,165;34,165;34,165;34,165;34,165;34,165;34,165;34,165
3318;51,465;51,465;51,465;51,465;51,465;51,465;51,465;51,465;51,465;51,465
3319;63,629;63,629;63,629;63,629;63,629;63,629;63,629;63,629;63,629;63,629
3320;52,661;52,661;52,661;52,661;52,661;52,661;52,661;52,661;52,661;52,661
3321;56,951;56,951;56,951;56,951;56,951;56,951;56,951;56,951;56,951;56,951
3322;57,119;57,119;57,119;57,119;57,119;57,119;57,119;57,119;57,119;57,119
3323;52,259;52,259;52,259;52,259;52,259;52,259;52,259;52,259;52,259;52,259
3324;42,623;42,623;42,623;42,623;42,623;42,623;42,623;42,623;42,623;42,623
3325;43,487;43,487;43,487;43,487;43,487;43,487;43,487;43,487;43,487;43,487
3326;41,327;41,327;41,327;41,327;41,327;41,327;41,327;41,327;41,327;41,327
3327;48,127;48,127;48,127;48,127;48,127;48,127;48,127;48,127;48,127;48,127
3328;55,167;55,167;55,167;55,167;55,167;55,167;55,167;55,167;55,167;55,167
3329;72,387;72,387;72,387;72,387;72,387;72,387;72,387;72,387;72,387;72,387
3330;80,067;80,067;80,067;80,067;80,067;80,067;80,067;80,067;80,067;80,067
3331;69,965;69,965;69,965;69,965;69,965;69,965;69,965;69,965;69,965;69,965
3332;51,829;51,829;51,829;51,829;51,829;51,829;51,829;51,829;51,829;51,829
3333;51,709;51,709;51,709;51,709;51,709;51,709;51,709;51,709;51,709;51,709
3334;41,381;41,381;41,381;41,381;41,381;41,381;41,381;41,381;41,381;41,381
3335;18,941;18,941;18,941;18,941;18,941;18,941;18,941;18,941;18,941;18,941
3336;18,941;18,941;18,941;18,941;18,941;18,941;18,941;18,941;18,941;18,941
3337;18,941;18,941;18,941;18,941;18,941;18,941;18,941;18,941;18,941;18,941
3338;17,101;17,101;17,101;17,101;17,101;17,101;17,101;17,101;17,101;17,101
3339;17,101;17,101;17,101;17,101;17,101;17,101;17,101;17,101;17,101;17,101
3340;41,381;41,381;41,381;41,381;41,381;41,381;41,381;41,381;41,381;41,381
3341;34,165;34,165;34,165;34,165;34,165;34,165;34,165;34,165;34,165;34,165
3342;51,465;51,465;51,465;51,465;51,465;51,465;51,465;51,465;51,465;51,465
3343;63,629;63,629;63,629;63,629;63,629;63,629;63,629;63,629;63,629;63,629
3344;52,661;52,661;52,661;52,661;52,661;52,661;52,661;52,661;52,661;52,661
3345;56,951;56,951;56,951;56,951;56,951;56,951;56,951;56,951;56,951;56,951
3346;57,119;57,119;57,119;57,119;57,119;57,119;57,119;57,119;57,119;57,119
3347;52,259;52,259;52,259;52,259;52,259;52,259;52,259;52,259;52,259;52,259
3348;42,623;42,623;42,623;42,623;42,623;42,623;42,623;42,623;42,623;42,623
3349;43,487;43,487;43,487;43,487;43,487;43,487;43,487;43,487;43,487;43,487
3350;41,327;41,327;41,327;41,327;41,327;41,327;41,327;41,327;41,327;41,327
3351;48,127;48,127;48,127;48,127;48,127;48,127;48,127;48,127;48,127;48,127
3352;55,167;55,167;55,167;55,167;55,167;55,167;55,167;55,167;55,167;55,167
3353;72,387;72,387;72,387;72,387;72,387;72,387;72,387;72,387;72,387;72,387
3354;80,067;80,067;80,067;80,067;80,067;80,067;80,067;80,067;80,067;80,067
3355;69,965;69,965;69,965;69,965;69,965;69,965;69,965;69,965;69,965;69,965
3356;51,829;51,829;51,829;51,829;51,829;51,829;51,829;51,829;51,829;51,829
3357;51,709;51,709;51,709;51,709;51,709;51,709;51,709;51,709;51,709;51,709
3358;41,381;41,381;41,381;41,381;41,381;41,381;41,381;41,381;41,381;41,381
3359;18,941;18,941;18,941;18,941;18,941;18,941;18,941;18,941;18,941;18,941
3360;18,941;18,941;18,941;18,941;18,941;18,941;18,941;18,941;18,941;18,941
3361;18,941;18,941;18,941;18,941;18,941;18,941;18,941;18,941;18,941;18,941
3362;17,101;17,101;17,101;17,101;17,101;17,101;17,101;17,101;17,101;17,101
3363;17,101;17,101;17,101;17,101;17,101;17,101;17,101;17,101;17,101;17,101
3364;41,381;41,381;41,381;41,381;41,381;41,381;41,381;41,381;41,381;41,381
3365;34,165;34,165;34,165;34,165;34,165;34,165;34,165;34,165;34,165;34,165
3366;51,465;51,465;51,465;51,465;51,465;51,465;51,465;51,465;51,465;51,465
3367;63,629;63,629;63,629;63,629;63,629;63,629;63,629;63,629;63,629;63,629
3368;52,661;52,661;52,661;52,661;52,661;52,661;52,661;52,661;52,661;52,661
3369;56,951;56,951;56,951;56,951;56,951;56,951;56,951;56,951;56,951;56,951
3370;57,119;57,119;57,119;57,119;57,119;57,119;57,119;57,119;57,119;57,119
3371;52,259;52,259;52,259;52,259;52,259;52,259;52,259;52,259;52,259;52,259
3372;42,623;42,623;42,623;42,623;42,623;42,623;42,623;42,623;42,623;42,623
3373;43,487;43,487;43,487;43,487;43,487;43,487;43,487;43,487;43,487;43,487
3374;41,327;41,327;41,327;41,327;41,327;41,327;41,327;41,327;41,327;41,327
3375;48,127;48,127;48,127;48,127;48,127;48,127;48,127;48,127;48,127;48,127
3376;55,167;55,167;55,167;55,167;55,167;55,167;55,167;55,167;55,167;55,167
3377;72,387;72,387;72,387;72,387;72,387;72,387;72,387;72,387;72,387;72,387
3378;80,067;80,067;80,067;80,067;80,067;80,067;80,067;80,067;80,067;80,067
3379;69,965;69,965;69,965;69,965;69,965;69,965;69,965;69,965;69,965;69,965
3380;51,829;51,829;51,829;51,829;51,829;51,829;51,829;51,829;51,829;51,829
3381;51,709;51,709;51,709;51,709;51,709;51,709;51,709;51,709;51,709;51,709
3382;41,381;41,381;41,381;41,381;41,381;41,381;41,381;41,381;41,381;41,381
3383;18,941;18,941;18,941;18,941;18,941;18,941;18,941;18,941;18,941;18,941
3384;18,941;18,941;18,941;18,941;18,941;18,941;18,941;18,941;18,941;18,941
3385;18,941;18,941;18,941;18,941;18,941;18,941;18,941;18,941;18,941;18,941
3386;17,101;17,101;17,101;17,101;17,101;17,101;17,101;17,101;17,101;17,101
3387;17,101;17,101;17,101;17,101;17,101;17,101;17,101;17,101;17,101;17,101
3388;41,381;41,381;41,381;41,381;41,381;41,381;41,381;41,381;41,381;41,381
3389;34,165;34,165;34,165;34,165;34,165;34,165;34,165;34,165;34,165;34,165
3390;51,465;51,465;51,465;51,465;51,465;51,465;51,465;51,465;51,465;51,465
3391;63,629;63,629;63,629;63,629;63,629;63,629;63,629;63,629;63,629;63,629
3392;52,661;52,661;52,661;52,661;52,661;52,661;52,661;52,661;52,661;52,661
3393;56,951;56,951;56,951;56,951;56,951;56,951;56,951;56,951;56,951;56,951
3394;57,119;57,119;57,119;57,119;57,119;57,119;57,119;57,119;57,119;57,119
3395;52,259;52,259;52,259;52,259;52,259;52,259;52,259;52,259;52,259;52,259
3396;42,623;42,623;42,623;42,623;42,623;42,623;42,623;42,623;42,623;42,623
3397;43,487;43,487;43,487;43,487;43,487;43,487;43,487;43,487;43,487;43,487
3398;41,327;41,327;41,327;41,327;41,327;41,327;41,327;41,327;41,327;41,327
3399;48,127;48,127;48,127;48,127;48,127;48,127;48,127;48,127;48,127;48,127
3400;55,167;55,167;55,167;55,167;55,167;55,167;55,167;55,167;55,167;55,167
3401;72,387;72,387;72,387;72,387;72,387;72,387;72,387;72,387;72,387;72,387
3402;80,067;80,067;80,067;80,067;80,067;80,067;80,067;80,067;80,067;80,067
3403;69,965;69,965;69,965;69,965;69,965;69,965;69,965;69,965;69,965;69,965
3404;51,829;51,829;51,829;51,829;51,829;51,829;51,829;51,829;51,829;51,829
3405;51,709;51,709;51,709;51,709;51,709;51,709;51,709;51,709;51,709;51,709
3406;41,381;41,381;41,381;41,381;41,381;41,381;41,381;41,381;41,381;41,381
3407;18,941;18,941;18,941;18,941;18,941;18,941;18,941;18,941;18,941;18,941
3408;18,941;18,941;18,941;18,941;18,941;18,941;18,941;18,941;18,941;18,941
3409;18,941;18,941;18,941;18,941;18,941;18,941;18,941;18,941;18,941;18,941
3410;17,101;17,101;17,101;17,101;17,101;17,101;17,101;17,101;17,101;17,101
3411;17,101;17,101;17,101;17,101;17,101;17,101;17,101;17,101;17,101;17,101
3412;41,381;41,381;41,381;41,381;41,381;41,381;41,381;41,381;41,381;41,381
3413;34,165;34,165;34,165;34,165;34,165;34,165;34,165;34,165;34,165;34,165
3414;51,465;51,465;51,465;51,465;51,465;51,465;51,465;51,465;51,465;51,465
3415;63,629;63,629;63,629;63,629;63,629;63,629;63,629;63,629;63,629;63,629
3416;52,661;52,661;52,661;52,661;52,661;52,661;52,661;52,661;52,661;52,661
3417;56,951;56,951;56,951;56,951;56,951;56,951;56,951;56,951;56,951;56,951
3418;57,119;57,119;57,119;57,119;57,119;57,119;57,119;57,119;57,119;57,119
3419;52,259;52,259;52,259;52,259;52,259;52,259;52,259;52,259;52,259;52,259
3420;42,623;42,623;42,623;42,623;42,623;42,623;42,623;42,623;42,623;42,623
3421;43,487;43,487;43,487;43,487;43,487;43,487;43,487;43,487;43,487;43,487
3422;41,327;41,327;41,327;41,327;41,327;41,327;41,327;41,327;41,327;41,327
3423;48,127;48,127;48,127;48,127;48,127;48,127;48,127;48,127;48,127;48,127
3424;55,167;55,167;55,167;55,167;55,167;55,167;55,167;55,167;55,167;55,167
3425;72,387;72,387;72,387;72,387;72,387;72,387;72,387;72,387;72,387;72,387
3426;80,067;80,067;80,067;80,067;80,067;80,067;80,067;80,067;80,067;80,067
3427;69,965;69,965;69,965;69,965;69,965;69,965;69,965;69,965;69,965;69,965
3428;51,829;51,829;51,829;51,829;51,829;51,829;51,829;51,829;51,829;51,829
3429;51,709;51,709;51,709;51,709;51,709;51,709;51,709;51,709;51,709;51,709
3430;41,381;41,381;41,381;41,381;41,381;41,381;41,381;41,381;41,381;41,381
3431;18,941;18,941;18,941;18,941;18,941;18,941;18,941;18,941;18,941;18,941
3432;18,941;18,941;18,941;18,941;18,941;18,941;18,941;18,941;18,941;18,941
3433;18,941;18,941;18,941;18,941;18,941;18,941;18,941;18,941;18,941;18,941
3434;17,101;17,101;17,101;17,101;17,101;17,101;17,101;17,101;17,101;17,101
3435;17,101;17,101;17,101;17,101;17,101;17,101;17,101;17,101;17,101;17,101
3436;41,381;41,381;41,381;41,381;41,381;41,381;41,381;41,381;41,381;41,381
3437;34,165;34,165;34,165;34,165;34,165;34,165;34,165;34,165;34,165;34,165
3438;51,465;51,465;51,465;51,465;51,465;51,465;51,465;51,465;51,465;51,465
3439;63,629;63,629;63,629;63,629;63,629;63,629;63,629;63,629;63,629;63,629
3440;52,661;52,661;52,661;52,661;52,661;52,661;52,661;52,661;52,661;52,661
3441;56,951;56,951;56,951;56,951;56,951;56,951;56,951;56,951;56,951;56,951
3442;57,119;57,119;57,119;57,119;57,119;57,119;57,119;57,119;57,119;57,119
3443;52,259;52,259;52,259;52,259;52,259;52,259;52,259;52,259;52,259;52,259
3444;42,623;42,623;42,623;42,623;42,623;42,623;42,623;42,623;42,623;42,623
3445;43,487;43,487;43,487;43,487;43,487;43,487;43,487;43,487;43,487;43,487
3446;41,327;41,327;41,327;41,327;41,327;41,327;41,327;41,327;41,327;41,327
3447;48,127;48,127;48,127;48,127;48,127;48,127;48,127;48,127;48,127;48,127
3448;55,167;55,167;55,167;55,167;55,167;55,167;55,167;55,167;55,167;55,167
3449;72,387;72,387;72,387;72,387;72,387;72,387;72,387;72,387;72,387;72,387
3450;80,067;80,067;80,067;80,067;80,067;80,067;80,067;80,067;80,067;80,067
3451;69,965;69,965;69,965;69,965;69,965;69,965;69,965;69,965;69,965;69,965
3452;51,829;51,829;51,829;51,829;51,829;51,829;51,829;51,829;51,829;51,829
3453;51,709;51,709;51,709;51,709;51,709;51,709;51,709;51,709;51,709;51,709
3454;41,381;41,381;41,381;41,381;41,381;41,381;41,381;41,381;41,381;41,381
3455;18,941;18,941;18,941;18,941;18,941;18,941;18,941;18,941;18,941;18,941
3456;18,941;18,941;18,941;18,941;18,941;18,941;18,941;18,941;18,941;18,941
3457;18,941;18,941;18,941;18,941;18,941;18,941;18,941;18,941;18,941;18,941
3458;17,101;17,101;17,101;17,101;17,101;17,101;17,101;17,101;17,101;17,101
3459;17,101;17,101;17,101;17,101;17,101;17,101;17,101;17,101;17,101;17,101
3460;41,381;41,381;41,381;41,381;41,381;41,381;41,381;41,381;41,381;41,381
3461;34,165;34,165;34,165;34,165;34,165;34,165;34,165;34,165;34,165;34,165
3462;51,465;51,465;51,465;51,465;51,465;51,465;51,465;51,465;51,465;51,465
3463;63,629;63,629;63,629;63,629;63,629;63,629;63,629;63,629;63,629;63,629
3464;52,661;52,661;52,661;52,661;52,661;52,661;52,661;52,661;52,661;52,661
3465;56,951;56,951;56,951;56,951;56,951;56,951;56,951;56,951;56,951;56,951
3466;57,119;57,119;57,119;57,119;57,119;57,119;57,119;57,119;57,119;57,119
3467;52,259;52,259;52,259;52,259;52,259;52,259;52,259;52,259;52,259;52,259
3468;42,623;42,623;42,623;42,623;42,623;42,623;42,623;42,623;42,623;42,623
3469;43,487;43,487;43,487;43,487;43,487;43,487;43,487;43,487;43,487;43,487
3470;41,327;41,327;41,327;41,327;41,327;41,327;41,327;41,327;41,327;41,327
3471;48,127;48,127;48,127;48,127;48,127;48,127;48,127;48,127;48,127;48,127
3472;55,167;55,167;55,167;55,167;55,167;55,167;55,167;55,167;55,167;55,167
3473;72,387;72,387;72,387;72,387;72,387;72,387;72,387;72,387;72,387;72,387
3474;80,067;80,067;80,067;80,067;80,067;80,067;80,067;80,067;80,067;80,067
3475;69,965;69,965;69,965;69,965;69,965;69,965;69,965;69,965;69,965;69,965
3476;51,829;51,829;51,829;51,829;51,829;51,829;51,829;51,829;51,829;51,829
3477;51,709;51,709;51,709;51,709;51,709;51,709;51,709;51,709;51,709;51,709
3478;41,381;41,381;41,381;41,381;41,381;41,381;41,381;41,381;41,381;41,381
3479;18,941;18,941;18,941;18,941;18,941;18,941;18,941;18,941;18,941;18,941
3480;18,941;18,941;18,941;18,941;18,941;18,941;18,941;18,941;18,941;18,941
3481;18,941;18,941;18,941;18,941;18,941;18,941;18,941;18,941;18,941;18,941
3482;17,101;17,101;17,101;17,101;17,101;17,101;17,101;17,101;17,101;17,101
3483;17,101;17,101;17,101;17,101;17,101;17,101;17,101;17,101;17,101;17,101
3484;41,381;41,381;41,381;41,381;41,381;41,381;41,381;41,381;41,381;41,381
3485;34,165;34,165;34,165;34,165;34,165;34,165;34,165;34,165;34,165;34,165
3486;51,465;51,465;51,465;51,465;51,465;51,465;51,465;51,465;51,465;51,465
3487;63,629;63,629;63,629;63,629;63,629;63,629;63,629;63,629;63,629;63,629
3488;52,661;52,661;52,661;52,661;52,661;52,661;52,661;52,661;52,661;52,661
3489;56,951;56,951;56,951;56,951;56,951;56,951;56,951;56,951;56,951;56,951
3490;57,119;57,119;57,119;57,119;57,119;57,119;57,119;57,119;57,119;57,119
3491;52,259;52,259;52,259;52,259;52,259;52,259;52,259;52,259;52,259;52,259
3492;42,623;42,623;42,623;42,623;42,623;42,623;42,623;42,623;42,623;42,623
3493;43,487;43,487;43,487;43,487;43,487;43,487;43,487;43,487;43,487;43,487
3494;41,327;41,327;41,327;41,327;41,327;41,327;41,327;41,327;41,327;41,327
3495;48,127;48,127;48,127;48,127;48,127;48,127;48,127;48,127;48,127;48,127
3496;55,167;55,167;55,167;55,167;55,167;55,167;55,167;55,167;55,167;55,167
3497;72,387;72,387;72,387;72,387;72,387;72,387;72,387;72,387;72,387;72,387
3498;80,067;80,067;80,067;80,067;80,067;80,067;80,067;80,067;80,067;80,067
3499;69,965;69,965;69,965;69,965;69,965;69,965;69,965;69,965;69,965;69,965
3500;51,829;51,829;51,829;51,829;51,829;51,829;51,829;51,829;51,829;51,829
3501;51,709;51,709;51,709;51,709;51,709;51,709;51,709;51,709;51,709;51,709
3502;41,381;41,381;41,381;41,381;41,381;41,381;41,381;41,381;41,381;41,381
3503;18,941;18,941;18,941;18,941;18,941;18,941;18,941;18,941;18,941;18,941
3504;18,941;18,941;18,941;18,941;18,941;18,941;18,941;18,941;18,941;18,941
3505;18,941;18,941;18,941;18,941;18,941;18,941;18,941;18,941;18,941;18,941
3506;17,101;17,101;17,101;17,101;17,101;17,101;17,101;17,101;17,101;17,101
3507;17,101;17,101;17,101;17,101;17,101;17,101;17,101;17,101;17,101;17,101
3508;41,381;41,381;41,381;41,381;41,381;41,381;41,381;41,381;41,381;41,381
3509;34,165;34,165;34,165;34,165;34,165;34,165;34,165;34,165;34,165;34,165
3510;51,465;51,465;51,465;51,465;51,465;51,465;51,465;51,465;51,465;51,465
3511;63,629;63,629;63,629;63,629;63,629;63,629;63,629;63,629;63,629;63,629
3512;52,661;52,661;52,661;52,661;52,661;52,661;52,661;52,661;52,661;52,661
3513;56,951;56,951;56,951;56,951;56,951;56,951;56,951;56,951;56,951;56,951
3514;57,119;57,119;57,119;57,119;57,119;57,119;57,119;57,119;57,119;57,119
3515;52,259;52,259;52,259;52,259;52,259;52,259;52,259;52,259;52,259;52,259
3516;42,623;42,623;42,623;42,623;42,623;42,623;42,623;42,623;42,623;42,623
3517;43,487;43,487;43,487;43,487;43,487;43,487;43,487;43,487;43,487;43,487
3518;41,327;41,327;41,327;41,327;41,327;41,327;41,327;41,327;41,327;41,327
3519;48,127;48,127;48,127;48,127;48,127;48,127;48,127;48,127;48,127;48,127
3520;55,167;55,167;55,167;55,167;55,167;55,167;55,167;55,167;55,167;55,167
3521;72,387;72,387;72,387;72,387;72,387;72,387;72,387;72,387;72,387;72,387
3522;80,067;80,067;80,067;80,067;80,067;80,067;80,067;80,067;80,067;80,067
3523;69,965;69,965;69,965;69,965;69,965;69,965;69,965;69,965;69,965;69,965
3524;51,829;51,829;51,829;51,829;51,829;51,829;51,829;51,829;51,829;51,829
3525;51,709;51,709;51,709;51,709;51,709;51,709;51,709;51,709;51,709;51,709
3526;41,381;41,381;41,381;41,381;41,381;41,381;41,381;41,381;41,381;41,381
3527;18,941;18,941;18,941;18,941;18,941;18,941;18,941;18,941;18,941;18,941
3528;18,941;18,941;18,941;18,941;18,941;18,941;18,941;18,941;18,941;18,941
3529;18,941;18,941;18,941;18,941;18,941;18,941;18,941;18,941;18,941;18,941
3530;17,101;17,101;17,101;17,101;17,101;17,101;17,101;17,101;17,101;17,101
3531;17,101;17,101;17,101;17,101;17,101;17,101;17,101;17,101;17,101;17,101
3532;41,381;41,381;41,381;41,381;41,381;41,381;41,381;41,381;41,381;41,381
3533;34,165;34,165;34,165;34,165;34,165;34,165;34,165;34,165;34,165;34,165
3534;51,465;51,465;51,465;51,465;51,465;51,465;51,465;51,465;51,465;51,465
3535;63,629;63,629;63,629;63,629;63,629;63,629;63,629;63,629;63,629;63,629
3536;52,661;52,661;52,661;52,661;52,661;52,661;52,661;52,661;52,661;52,661
3537;56,951;56,951;56,951;56,951;56,951;56,951;56,951;56,951;56,951;56,951
3538;57,119;57,119;57,119;57,119;57,119;57,119;57,119;57,119;57,119;57,119
3539;52,259;52,259;52,259;52,259;52,259;52,259;52,259;52,259;52,259;52,259
3540;42,623;42,623;42,623;42,623;42,623;42,623;42,623;42,623;42,623;42,623
3541;43,487;43,487;43,487;43,487;43,487;43,487;43,487;43,487;43,487;43,487
3542;41,327;41,327;41,327;41,327;41,327;41,327;41,327;41,327;41,327;41,327
3543;48,127;48,127;48,127;48,127;48,127;48,127;48,127;48,127;48,127;48,127
3544;55,167;55,167;55,167;55,167;55,167;55,167;55,167;55,167;55,167;55,167
3545;72,387;72,387;72,387;72,387;72,387;72,387;72,387;72,387;72,387;72,387
3546;80,067;80,067;80,067;80,067;80,067;80,067;80,067;80,067;80,067;80,067
3547;69,965;69,965;69,965;69,965;69,965;69,965;69,965;69,965;69,965;69,965
3548;51,829;51,829;51,829;51,829;51,829;51,829;51,829;51,829;51,829;51,829
3549;51,709;51,709;51,709;51,709;51,709;51,709;51,709;51,709;51,709;51,709
3550;41,381;41,381;41,381;41,381;41,381;41,381;41,381;41,381;41,381;41,381
3551;18,941;18,941;18,941;18,941;18,941;18,941;18,941;18,941;18,941;18,941
3552;18,941;18,941;18,941;18,941;18,941;18,941;18,941;18,941;18,941;18,941
3553;18,941;18,941;18,941;18,941;18,941;18,941;18,941;18,941;18,941;18,941
3554;17,101;17,101;17,101;17,101;17,101;17,101;17,101;17,101;17,101;17,101
3555;17,101;17,101;17,101;17,101;17,101;17,101;17,101;17,101;17,101;17,101
3556;41,381;41,381;41,381;41,381;41,381;41,381;41,381;41,381;41,381;41,381
3557;34,165;34,165;34,165;34,165;34,165;34,165;34,165;34,165;34,165;34,165
3558;51,465;51,465;51,465;51,465;51,465;51,465;51,465;51,465;51,465;51,465
3559;63,629;63,629;63,629;63,629;63,629;63,629;63,629;63,629;63,629;63,629
3560;52,661;52,661;52,661;52,661;52,661;52,661;52,661;52,661;52,661;52,661
3561;56,951;56,951;56,951;56,951;56,951;56,951;56,951;56,951;56,951;56,951
3562;57,119;57,119;57,119;57,119;57,119;57,119;57,119;57,119;57,119;57,119
3563;52,259;52,259;52,259;52,259;52,259;52,259;52,259;52,259;52,259;52,259
3564;42,623;42,623;42,623;42,623;42,623;42,623;42,623;42,623;42,623;42,623
3565;43,487;43,487;43,487;43,487;43,487;43,487;43,487;43,487;43,487;43,487
3566;41,327;41,327;41,327;41,327;41,327;41,327;41,327;41,327;41,327;41,327
3567;48,127;48,127;48,127;48,127;48,127;48,127;48,127;48,127;48,127;48,127
3568;55,167;55,167;55,167;55,167;55,167;55,167;55,167;55,167;55,167;55,167
3569;72,387;72,387;72,387;72,387;72,387;72,387;72,387;72,387;72,387;72,387
3570;80,067;80,067;80,067;80,067;80,067;80,067;80,067;80,067;80,067;80,067
3571;69,965;69,965;69,965;69,965;69,965;69,965;69,965;69,965;69,965;69,965
3572;51,829;51,829;51,829;51,829;51,829;51,829;51,829;51,829;51,829;51,829
3573;51,709;51,709;51,709;51,709;51,709;51,709;51,709;51,709;51,709;51,709
3574;41,381;41,381;41,381;41,381;41,381;41,381;41,381;41,381;41,381;41,381
3575;18,941;18,941;18,941;18,941;18,941;18,941;18,941;18,941;18,941;18,941
3576;18,941;18,941;18,941;18,941;18,941;18,941;18,941;18,941;18,941;18,941
3577;18,941;18,941;18,941;18,941;18,941;18,941;18,941;18,941;18,941;18,941
3578;17,101;17,101;17,101;17,101;17,101;17,101;17,101;17,101;17,101;17,101
3579;17,101;17,101;17,101;17,101;17,101;17,101;17,101;17,101;17,101;17,101
3580;41,381;41,381;41,381;41,381;41,381;41,381;41,381;41,381;41,381;41,381
3581;34,165;34,165;34,165;34,165;34,165;34,165;34,165;34,165;34,165;34,165
3582;51,465;51,465;51,465;51,465;51,465;51,465;51,465;51,465;51,465;51,465
3583;63,629;63,629;63,629;63,629;63,629;63,629;63,629;63,629;63,629;63,629
3584;52,661;52,661;52,661;52,661;52,661;52,661;52,661;52,661;52,661;52,661
3585;56,951;56,951;56,951;56,951;56,951;56,951;56,951;56,951;56,951;56,951
3586;57,119;57,119;57,119;57,119;57,119;57,119;57,119;57,119;57,119;57,119
3587;52,259;52,259;52,259;52,259;52,259;52,259;52,259;52,259;52,259;52,259
3588;42,623;42,623;42,623;42,623;42,623;42,623;42,623;42,623;42,623;42,623
3589;43,487;43,487;43,487;43,487;43,487;43,487;43,487;43,487;43,487;43,487
3590;41,327;41,327;41,327;41,327;41,327;41,327;41,327;41,327;41,327;41,327
3591;48,127;48,127;48,127;48,127;48,127;48,127;48,127;48,127;48,127;48,127
3592;55,167;55,167;55,167;55,167;55,167;55,167;55,167;55,167;55,167;55,167
3593;72,387;72,387;72,387;72,387;72,387;72,387;72,387;72,387;72,387;72,387
3594;80,067;80,067;80,067;80,067;80,067;80,067;80,067;80,067;80,067;80,067
3595;69,965;69,965;69,965;69,965;69,965;69,965;69,965;69,965;69,965;69,965
3596;51,829;51,829;51,829;51,829;51,829;51,829;51,829;51,829;51,829;51,829
3597;51,709;51,709;51,709;51,709;51,709;51,709;51,709;51,709;51,709;51,709
3598;41,381;41,381;41,381;41,381;41,381;41,381;41,381;41,381;41,381;41,381
3599;18,941;18,941;18,941;18,941;18,941;18,941;18,941;18,941;18,941;18,941
3600;18,941;18,941;18,941;18,941;18,941;18,941;18,941;18,941;18,941;18,941
3601;18,941;18,941;18,941;18,941;18,941;18,941;18,941;18,941;18,941;18,941
3602;17,101;17,101;17,101;17,101;17,101;17,101;17,101;17,101;17,101;17,101
3603;17,101;17,101;17,101;17,101;17,101;17,101;17,101;17,101;17,101;17,101
3604;41,381;41,381;41,381;41,381;41,381;41,381;41,381;41,381;41,381;41,381
3605;34,165;34,165;34,165;34,165;34,165;34,165;34,165;34,165;34,165;34,165
3606;51,465;51,465;51,465;51,465;51,465;51,465;51,465;51,465;51,465;51,465
3607;63,629;63,629;63,629;63,629;63,629;63,629;63,629;63,629;63,629;63,629
3608;52,661;52,661;52,661;52,661;52,661;52,661;52,661;52,661;52,661;52,661
3609;56,951;56,951;56,951;56,951;56,951;56,951;56,951;56,951;56,951;56,951
3610;57,119;57,119;57,119;57,119;57,119;57,119;57,119;57,119;57,119;57,119
3611;52,259;52,259;52,259;52,259;52,259;52,259;52,259;52,259;52,259;52,259
3612;42,623;42,623;42,623;42,623;42,623;42,623;42,623;42,623;42,623;42,623
3613;43,487;43,487;43,487;43,487;43,487;43,487;43,487;43,487;43,487;43,487
3614;41,327;41,327;41,327;41,327;41,327;41,327;41,327;41,327;41,327;41,327
3615;48,127;48,127;48,127;48,127;48,127;48,127;48,127;48,127;48,127;48,127
3616;55,167;55,167;55,167;55,167;55,167;55,167;55,167;55,167;55,167;55,167
3617;72,387;72,387;72,387;72,387;72,387;72,387;72,387;72,387;72,387;72,387
3618;80,067;80,067;80,067;80,067;80,067;80,067;80,067;80,067;80,067;80,067
3619;69,965;69,965;69,965;69,965;69,965;69,965;69,965;69,965;69,965;69,965
3620;51,829;51,829;51,829;51,829;51,829;51,829;51,829;51,829;51,829;51,829
3621;51,709;51,709;51,709;51,709;51,709;51,709;51,709;51,709;51,709;51,709
3622;41,381;41,381;41,381;41,381;41,381;41,381;41,381;41,381;41,381;41,381
3623;18,941;18,941;18,941;18,941;18,941;18,941;18,941;18,941;18,941;18,941
3624;18,941;18,941;18,941;18,941;18,941;18,941;18,941;18,941;18,941;18,941
3625;18,941;18,941;18,941;18,941;18,941;18,941;18,941;18,941;18,941;18,941
3626;17,101;17,101;17,101;17,101;17,101;17,101;17,101;17,101;17,101;17,101
3627;17,101;17,101;17,101;17,101;17,101;17,101;17,101;17,101;17,101;17,101
3628;41,381;41,381;41,381;41,381;41,381;41,381;41,381;41,381;41,381;41,381
3629;34,165;34,165;34,165;34,165;34,165;34,165;34,165;34,165;34,165;34,165
3630;51,465;51,465;51,465;51,465;51,465;51,465;51,465;51,465;51,465;51,465
3631;63,629;63,629;63,629;63,629;63,629;63,629;63,629;63,629;63,629;63,629
3632;52,661;52,661;52,661;52,661;52,661;52,661;52,661;52,661;52,661;52,661
3633;56,951;56,951;56,951;56,951;56,951;56,951;56,951;56,951;56,951;56,951
3634;57,119;57,119;57,119;57,119;57,119;57,119;57,119;57,119;57,119;57,119
3635;52,259;52,259;52,259;52,259;52,259;52,259;52,259;52,259;52,259;52,259
3636;42,623;42,623;42,623;42,623;42,623;42,623;42,623;42,623;42,623;42,623
3637;43,487;43,487;43,487;43,487;43,487;43,487;43,487;43,487;43,487;43,487
3638;41,327;41,327;41,327;41,327;41,327;41,327;41,327;41,327;41,327;41,327
3639;48,127;48,127;48,127;48,127;48,127;48,127;48,127;48,127;48,127;48,127
3640;55,167;55,167;55,167;55,167;55,167;55,167;55,167;55,167;55,167;55,167
3641;72,387;72,387;72,387;72,387;72,387;72,387;72,387;72,387;72,387;72,387
3642;80,067;80,067;80,067;80,067;80,067;80,067;80,067;80,067;80,067;80,067
3643;69,965;69,965;69,965;69,965;69,965;69,965;69,965;69,965;69,965;69,965
3644;51,829;51,829;51,829;51,829;51,829;51,829;51,829;51,829;51,829;51,829
3645;51,709;51,709;51,709;51,709;51,709;51,709;51,709;51,709;51,709;51,709
3646;41,381;41,381;41,381;41,381;41,381;41,381;41,381;41,381;41,381;41,381
3647;18,941;18,941;18,941;18,941;18,941;18,941;18,941;18,941;18,941;18,941
3648;18,941;18,941;18,941;18,941;18,941;18,941;18,941;18,941;18,941;18,941
3649;18,941;18,941;18,941;18,941;18,941;18,941;18,941;18,941;18,941;18,941
3650;17,101;17,101;17,101;17,101;17,101;17,101;17,101;17,101;17,101;17,101
3651;17,101;17,101;17,101;17,101;17,101;17,101;17,101;17,101;17,101;17,101
3652;41,381;41,381;41,381;41,381;41,381;41,381;41,381;41,381;41,381;41,381
3653;34,165;34,165;34,165;34,165;34,165;34,165;34,165;34,165;34,165;34,165
3654;51,465;51,465;51,465;51,465;51,465;51,465;51,465;51,465;51,465;51,465
3655;63,629;63,629;63,629;63,629;63,629;63,629;63,629;63,629;63,629;63,629
3656;52,661;52,661;52,661;52,661;52,661;52,661;52,661;52,661;52,661;52,661
3657;56,951;56,951;56,951;56,951;56,951;56,951;56,951;56,951;56,951;56,951
3658;57,119;57,119;57,119;57,119;57,119;57,119;57,119;57,119;57,119;57,119
3659;52,259;52,259;52,259;52,259;52,259;52,259;52,259;52,259;52,259;52,259
3660;42,623;42,623;42,623;42,623;42,623;42,623;42,623;42,623;42,623;42,623
3661;43,487;43,487;43,487;43,487;43,487;43,487;43,487;43,487;43,487;43,487
3662;41,327;41,327;41,327;41,327;41,327;41,327;41,327;41,327;41,327;41,327
3663;48,127;48,127;48,127;48,127;48,127;48,127;48,127;48,127;48,127;48,127
3664;55,167;55,167;55,167;55,167;55,167;55,167;55,167;55,167;55,167;55,167
3665;72,387;72,387;72,387;72,387;72,387;72,387;72,387;72,387;72,387;72,387
3666;80,067;80,067;80,067;80,067;80,067;80,067;80,067;80,067;80,067;80,067
3667;69,965;69,965;69,965;69,965;69,965;69,965;69,965;69,965;69,965;69,965
3668;51,829;51,829;51,829;51,829;51,829;51,829;51,829;51,829;51,829;51,829
3669;51,709;51,709;51,709;51,709;51,709;51,709;51,709;51,709;51,709;51,709
3670;41,381;41,381;41,381;41,381;41,381;41,381;41,381;41,381;41,381;41,381
3671;18,941;18,941;18,941;18,941;18,941;18,941;18,941;18,941;18,941;18,941
3672;18,941;18,941;18,941;18,941;18,941;18,941;18,941;18,941;18,941;18,941
3673;18,941;18,941;18,941;18,941;18,941;18,941;18,941;18,941;18,941;18,941
3674;17,101;17,101;17,101;17,101;17,101;17,101;17,101;17,101;17,101;17,101
3675;17,101;17,101;17,101;17,101;17,101;17,101;17,101;17,101;17,101;17,101
3676;41,381;41,381;41,381;41,381;41,381;41,381;41,381;41,381;41,381;41,381
3677;34,165;34,165;34,165;34,165;34,165;34,165;34,165;34,165;34,165;34,165
3678;51,465;51,465;51,465;51,465;51,465;51,465;51,465;51,465;51,465;51,465
3679;63,629;63,629;63,629;63,629;63,629;63,629;63,629;63,629;63,629;63,629
3680;52,661;52,661;52,661;52,661;52,661;52,661;52,661;52,661;52,661;52,661
3681;56,951;56,951;56,951;56,951;56,951;56,951;56,951;56,951;56,951;56,951
3682;57,119;57,119;57,119;57,119;57,119;57,119;57,119;57,119;57,119;57,119
3683;52,259;52,259;52,259;52,259;52,259;52,259;52,259;52,259;52,259;52,259
3684;42,623;42,623;42,623;42,623;42,623;42,623;42,623;42,623;42,623;42,623
3685;43,487;43,487;43,487;43,487;43,487;43,487;43,487;43,487;43,487;43,487
3686;41,327;41,327;41,327;41,327;41,327;41,327;41,327;41,327;41,327;41,327
3687;48,127;48,127;48,127;48,127;48,127;48,127;48,127;48,127;48,127;48,127
3688;55,167;55,167;55,167;55,167;55,167;55,167;55,167;55,167;55,167;55,167
3689;72,387;72,387;72,387;72,387;72,387;72,387;72,387;72,387;72,387;72,387
3690;80,067;80,067;80,067;80,067;80,067;80,067;80,067;80,067;80,067;80,067
3691;69,965;69,965;69,965;69,965;69,965;69,965;69,965;69,965;69,965;69,965
3692;51,829;51,829;51,829;51,829;51,829;51,829;51,829;51,829;51,829;51,829
3693;51,709;51,709;51,709;51,709;51,709;51,709;51,709;51,709;51,709;51,709
3694;41,381;41,381;41,381;41,381;41,381;41,381;41,381;41,381;41,381;41,381
3695;18,941;18,941;18,941;18,941;18,941;18,941;18,941;18,941;18,941;18,941
3696;18,941;18,941;18,941;18,941;18,941;18,941;18,941;18,941;18,941;18,941
3697;18,941;18,941;18,941;18,941;18,941;18,941;18,941;18,941;18,941;18,941
3698;17,101;17,101;17,101;17,101;17,101;17,101;17,101;17,101;17,101;17,101
3699;17,101;17,101;17,101;17,101;17,101;17,101;17,101;17,101;17,101;17,101
3700;41,381;41,381;41,381;41,381;41,381;41,381;41,381;41,381;41,381;41,381
3701;34,165;34,165;34,165;34,165;34,165;34,165;34,165;34,165;34,165;34,165
3702;51,465;51,465;51,465;51,465;51,465;51,465;51,465;51,465;51,465;51,465
3703;63,629;63,629;63,629;63,629;63,629;63,629;63,629;63,629;63,629;63,629
3704;52,661;52,661;52,661;52,661;52,661;52,661;52,661;52,661;52,661;52,661
3705;56,951;56,951;56,951;56,951;56,951;56,951;56,951;56,951;56,951;56,951
3706;57,119;57,119;57,119;57,119;57,119;57,119;57,119;57,119;57,119;57,119
3707;52,259;52,259;52,259;52,259;52,259;52,259;52,259;52,259;52,259;52,259
3708;42,623;42,623;42,623;42,623;42,623;42,623;42,623;42,623;42,623;42,623
3709;43,487;43,487;43,487;43,487;43,487;43,487;43,487;43,487;43,487;43,487
3710;41,327;41,327;41,327;41,327;41,327;41,327;41,327;41,327;41,327;41,327
3711;48,127;48,127;48,127;48,127;48,127;48,127;48,127;48,127;48,127;48,127
3712;55,167;55,167;55,167;55,167;55,167;55,167;55,167;55,167;55,167;55,167
3713;72,387;72,387;72,387;72,387;72,387;72,387;72,387;72,387;72,387;72,387
3714;80,067;80,067;80,067;80,067;80,067;80,067;80,067;80,067;80,067;80,067
3715;69,965;69,965;69,965;69,965;69,965;69,965;69,965;69,965;69,965;69,965
3716;51,829;51,829;51,829;51,829;51,829;51,829;51,829;51,829;51,829;51,829
3717;51,709;51,709;51,709;51,709;51,709;51,709;51,709;51,709;51,709;51,709
3718;41,381;41,381;41,381;41,381;41,381;41,381;41,381;41,381;41,381;41,381
3719;18,941;18,941;18,941;18,941;18,941;18,941;18,941;18,941;18,941;18,941
3720;18,941;18,941;18,941;18,941;18,941;18,941;18,941;18,941;18,941;18,941
3721;18,941;18,941;18,941;18,941;18,941;18,941;18,941;18,941;18,941;18,941
3722;17,101;17,101;17,101;17,101;17,101;17,101;17,101;17,101;17,101;17,101
3723;17,101;17,101;17,101;17,101;17,101;17,101;17,101;17,101;17,101;17,101
3724;41,381;41,381;41,381;41,381;41,381;41,381;41,381;41,381;41,381;41,381
3725;34,165;34,165;34,165;34,165;34,165;34,165;34,165;34,165;34,165;34,165
3726;51,465;51,465;51,465;51,465;51,465;51,465;51,465;51,465;51,465;51,465
3727;63,629;63,629;63,629;63,629;63,629;63,629;63,629;63,629;63,629;63,629
3728;52,661;52,661;52,661;52,661;52,661;52,661;52,661;52,661;52,661;52,661
3729;56,951;56,951;56,951;56,951;56,951;56,951;56,951;56,951;56,951;56,951
3730;57,119;57,119;57,119;57,119;57,119;57,119;57,119;57,119;57,119;57,119
3731;52,259;52,259;52,259;52,259;52,259;52,259;52,259;52,259;52,259;52,259
3732;42,623;42,623;42,623;42,623;42,623;42,623;42,623;42,623;42,623;42,623
3733;43,487;43,487;43,487;43,487;43,487;43,487;43,487;43,487;43,487;43,487
3734;41,327;41,327;41,327;41,327;41,327;41,327;41,327;41,327;41,327;41,327
3735;48,127;48,127;48,127;48,127;48,127;48,127;48,127;48,127;48,127;48,127
3736;55,167;55,167;55,167;55,167;55,167;55,167;55,167;55,167;55,167;55,167
3737;72,387;72,387;72,387;72,387;72,387;72,387;72,387;72,387;72,387;72,387
3738;80,067;80,067;80,067;80,067;80,067;80,067;80,067;80,067;80,067;80,067
3739;69,965;69,965;69,965;69,965;69,965;69,965;69,965;69,965;69,965;69,965
3740;51,829;51,829;51,829;51,829;51,829;51,829;51,829;51,829;51,829;51,829
3741;51,709;51,709;51,709;51,709;51,709;51,709;51,709;51,709;51,709;51,709
3742;41,381;41,381;41,381;41,381;41,381;41,381;41,381;41,381;41,381;41,381
3743;18,941;18,941;18,941;18,941;18,941;18,941;18,941;18,941;18,941;18,941
3744;18,941;18,941;18,941;18,941;18,941;18,941;18,941;18,941;18,941;18,941
3745;18,941;18,941;18,941;18,941;18,941;18,941;18,941;18,941;18,941;18,941
3746;17,101;17,101;17,101;17,101;17,101;17,101;17,101;17,101;17,101;17,101
3747;17,101;17,101;17,101;17,101;17,101;17,101;17,101;17,101;17,101;17,101
3748;41,381;41,381;41,381;41,381;41,381;41,381;41,381;41,381;41,381;41,381
3749;34,165;34,165;34,165;34,165;34,165;34,165;34,165;34,165;34,165;34,165
3750;51,465;51,465;51,465;51,465;51,465;51,465;51,465;51,465;51,465;51,465
3751;63,629;63,629;63,629;63,629;63,629;63,629;63,629;63,629;63,629;63,629
3752;52,661;52,661;52,661;52,661;52,661;52,661;52,661;52,661;52,661;52,661
3753;56,951;56,951;56,951;56,951;56,951;56,951;56,951;56,951;56,951;56,951
3754;57,119;57,119;57,119;57,119;57,119;57,119;57,119;57,119;57,119;57,119
3755;52,259;52,259;52,259;52,259;52,259;52,259;52,259;52,259;52,259;52,259
3756;42,623;42,623;42,623;42,623;42,623;42,623;42,623;42,623;42,623;42,623
3757;43,487;43,487;43,487;43,487;43,487;43,487;43,487;43,487;43,487;43,487
3758;41,327;41,327;41,327;41,327;41,327;41,327;41,327;41,327;41,327;41,327
3759;48,127;48,127;48,127;48,127;48,127;48,127;48,127;48,127;48,127;48,127
3760;55,167;55,167;55,167;55,167;55,167;55,167;55,167;55,167;55,167;55,167
3761;72,387;72,387;72,387;72,387;72,387;72,387;72,387;72,387;72,387;72,387
3762;80,067;80,067;80,067;80,067;80,067;80,067;80,067;80,067;80,067;80,067
3763;69,965;69,965;69,965;69,965;69,965;69,965;69,965;69,965;69,965;69,965
3764;51,829;51,829;51,829;51,829;51,829;51,829;51,829;51,829;51,829;51,829
3765;51,709;51,709;51,709;51,709;51,709;51,709;51,709;51,709;51,709;51,709
3766;41,381;41,381;41,381;41,381;41,381;41,381;41,381;41,381;41,381;41,381
3767;18,941;18,941;18,941;18,941;18,941;18,941;18,941;18,941;18,941;18,941
3768;18,941;18,941;18,941;18,941;18,941;18,941;18,941;18,941;18,941;18,941
3769;18,941;18,941;18,941;18,941;18,941;18,941;18,941;18,941;18,941;18,941
3770;17,101;17,101;17,101;17,101;17,101;17,101;17,101;17,101;17,101;17,101
3771;17,101;17,101;17,101;17,101;17,101;17,101;17,101;17,101;17,101;17,101
3772;41,381;41,381;41,381;41,381;41,381;41,381;41,381;41,381;41,381;41,381
3773;34,165;34,165;34,165;34,165;34,165;34,165;34,165;34,165;34,165;34,165
3774;51,465;51,465;51,465;51,465;51,465;51,465;51,465;51,465;51,465;51,465
3775;63,629;63,629;63,629;63,629;63,629;63,629;63,629;63,629;63,629;63,629
3776;52,661;52,661;52,661;52,661;52,661;52,661;52,661;52,661;52,661;52,661
3777;56,951;56,951;56,951;56,951;56,951;56,951;56,951;56,951;56,951;56,951
3778;57,119;57,119;57,119;57,119;57,119;57,119;57,119;57,119;57,119;57,119
3779;52,259;52,259;52,259;52,259;52,259;52,259;52,259;52,259;52,259;52,259
3780;42,623;42,623;42,623;42,623;42,623;42,623;42,623;42,623;42,623;42,623
3781;43,487;43,487;43,487;43,487;43,487;43,487;43,487;43,487;43,487;43,487
3782;41,327;41,327;41,327;41,327;41,327;41,327;41,327;41,327;41,327;41,327
3783;48,127;48,127;48,127;48,127;48,127;48,127;48,127;48,127;48,127;48,127
3784;55,167;55,167;55,167;55,167;55,167;55,167;55,167;55,167;55,167;55,167
3785;72,387;72,387;72,387;72,387;72,387;72,387;72,387;72,387;72,387;72,387
3786;80,067;80,067;80,067;80,067;80,067;80,067;80,067;80,067;80,067;80,067
3787;69,965;69,965;69,965;69,965;69,965;69,965;69,965;69,965;69,965;69,965
3788;51,829;51,829;51,829;51,829;51,829;51,829;51,829;51,829;51,829;51,829
3789;51,709;51,709;51,709;51,709;51,709;51,709;51,709;51,709;51,709;51,709
3790;41,381;41,381;41,381;41,381;41,381;41,381;41,381;41,381;41,381;41,381
3791;18,941;18,941;18,941;18,941;18,941;18,941;18,941;18,941;18,941;18,941
3792;18,941;18,941;18,941;18,941;18,941;18,941;18,941;18,941;18,941;18,941
3793;18,941;18,941;18,941;18,941;18,941;18,941;18,941;18,941;18,941;18,941
3794;17,101;17,101;17,101;17,101;17,101;17,101;17,101;17,101;17,101;17,101
3795;17,101;17,101;17,101;17,101;17,101;17,101;17,101;17,101;17,101;17,101
3796;41,381;41,381;41,381;41,381;41,381;41,381;41,381;41,381;41,381;41,381
3797;34,165;34,165;34,165;34,165;34,165;34,165;34,165;34,165;34,165;34,165
3798;51,465;51,465;51,465;51,465;51,465;51,465;51,465;51,465;51,465;51,465
3799;63,629;63,629;63,629;63,629;63,629;63,629;63,629;63,629;63,629;63,629
3800;52,661;52,661;52,661;52,661;52,661;52,661;52,661;52,661;52,661;52,661
3801;56,951;56,951;56,951;56,951;56,951;56,951;56,951;56,951;56,951;56,951
3802;57,119;57,119;57,119;57,119;57,119;57,119;57,119;57,119;57,119;57,119
3803;52,259;52,259;52,259;52,259;52,259;52,259;52,259;52,259;52,259;52,259
3804;42,623;42,623;42,623;42,623;42,623;42,623;42,623;42,623;42,623;42,623
3805;43,487;43,487;43,487;43,487;43,487;43,487;43,487;43,487;43,487;43,487
3806;41,327;41,327;41,327;41,327;41,327;41,327;41,327;41,327;41,327;41,327
3807;48,127;48,127;48,127;48,127;48,127;48,127;48,127;48,127;48,127;48,127
3808;55,167;55,167;55,167;55,167;55,167;55,167;55,167;55,167;55,167;55,167
3809;72,387;72,387;72,387;72,387;72,387;72,387;72,387;72,387;72,387;72,387
3810;80,067;80,067;80,067;80,067;80,067;80,067;80,067;80,067;80,067;80,067
3811;69,965;69,965;69,965;69,965;69,965;69,965;69,965;69,965;69,965;69,965
3812;51,829;51,829;51,829;51,829;51,829;51,829;51,829;51,829;51,829;51,829
3813;51,709;51,709;51,709;51,709;51,709;51,709;51,709;51,709;51,709;51,709
3814;41,381;41,381;41,381;41,381;41,381;41,381;41,381;41,381;41,381;41,381
3815;18,941;18,941;18,941;18,941;18,941;18,941;18,941;18,941;18,941;18,941
3816;18,941;18,941;18,941;18,941;18,941;18,941;18,941;18,941;18,941;18,941
3817;18,941;18,941;18,941;18,941;18,941;18,941;18,941;18,941;18,941;18,941
3818;17,101;17,101;17,101;17,101;17,101;17,101;17,101;17,101;17,101;17,101
3819;17,101;17,101;17,101;17,101;17,101;17,101;17,101;17,101;17,101;17,101
3820;41,381;41,381;41,381;41,381;41,381;41,381;41,381;41,381;41,381;41,381
3821;34,165;34,165;34,165;34,165;34,165;34,165;34,165;34,165;34,165;34,165
3822;51,465;51,465;51,465;51,465;51,465;51,465;51,465;51,465;51,465;51,465
3823;63,629;63,629;63,629;63,629;63,629;63,629;63,629;63,629;63,629;63,629
3824;52,661;52,661;52,661;52,661;52,661;52,661;52,661;52,661;52,661;52,661
3825;56,951;56,951;56,951;56,951;56,951;56,951;56,951;56,951;56,951;56,951
3826;57,119;57,119;57,119;57,119;57,119;57,119;57,119;57,119;57,119;57,119
3827;52,259;52,259;52,259;52,259;52,259;52,259;52,259;52,259;52,259;52,259
3828;42,623;42,623;42,623;42,623;42,623;42,623;42,623;42,623;42,623;42,623
3829;43,487;43,487;43,487;43,487;43,487;43,487;43,487;43,487;43,487;43,487
3830;41,327;41,327;41,327;41,327;41,327;41,327;41,327;41,327;41,327;41,327
3831;48,127;48,127;48,127;48,127;48,127;48,127;48,127;48,127;48,127;48,127
3832;55,167;55,167;55,167;55,167;55,167;55,167;55,167;55,167;55,167;55,167
3833;72,387;72,387;72,387;72,387;72,387;72,387;72,387;72,387;72,387;72,387
3834;80,067;80,067;80,067;80,067;80,067;80,067;80,067;80,067;80,067;80,067
3835;69,965;69,965;69,965;69,965;69,965;69,965;69,965;69,965;69,965;69,965
3836;51,829;51,829;51,829;51,829;51,829;51,829;51,829;51,829;51,829;51,829
3837;51,709;51,709;51,709;51,709;51,709;51,709;51,709;51,709;51,709;51,709
3838;41,381;41,381;41,381;41,381;41,381;41,381;41,381;41,381;41,381;41,381
3839;18,941;18,941;18,941;18,941;18,941;18,941;18,941;18,941;18,941;18,941
3840;18,941;18,941;18,941;18,941;18,941;18,941;18,941;18,941;18,941;18,941
3841;18,941;18,941;18,941;18,941;18,941;18,941;18,941;18,941;18,941;18,941
3842;17,101;17,101;17,101;17,101;17,101;17,101;17,101;17,101;17,101;17,101
3843;17,101;17,101;17,101;17,101;17,101;17,101;17,101;17,101;17,101;17,101
3844;41,381;41,381;41,381;41,381;41,381;41,381;41,381;41,381;41,381;41,381
3845;34,165;34,165;34,165;34,165;34,165;34,165;34,165;34,165;34,165;34,165
3846;51,465;51,465;51,465;51,465;51,465;51,465;51,465;51,465;51,465;51,465
3847;63,629;63,629;63,629;63,629;63,629;63,629;63,629;63,629;63,629;63,629
3848;52,661;52,661;52,661;52,661;52,661;52,661;52,661;52,661;52,661;52,661
3849;56,951;56,951;56,951;56,951;56,951;56,951;56,951;56,951;56,951;56,951
3850;57,119;57,119;57,119;57,119;57,119;57,119;57,119;57,119;57,119;57,119
3851;52,259;52,259;52,259;52,259;52,259;52,259;52,259;52,259;52,259;52,259
3852;42,623;42,623;42,623;42,623;42,623;42,623;42,623;42,623;42,623;42,623
3853;43,487;43,487;43,487;43,487;43,487;43,487;43,487;43,487;43,487;43,487
3854;41,327;41,327;41,327;41,327;41,327;41,327;41,327;41,327;41,327;41,327
3855;48,127;48,127;48,127;48,127;48,127;48,127;48,127;48,127;48,127;48,127
3856;55,167;55,167;55,167;55,167;55,167;55,167;55,167;55,167;55,167;55,167
3857;72,387;72,387;72,387;72,387;72,387;72,387;72,387;72,387;72,387;72,387
3858;80,067;80,067;80,067;80,067;80,067;80,067;80,067;80,067;80,067;80,067
3859;69,965;69,965;69,965;69,965;69,965;69,965;69,965;69,965;69,965;69,965
3860;51,829;51,829;51,829;51,829;51,829;51,829;51,829;51,829;51,829;51,829
3861;51,709;51,709;51,709;51,709;51,709;51,709;51,709;51,709;51,709;51,709
3862;41,381;41,381;41,381;41,381;41,381;41,381;41,381;41,381;41,381;41,381
3863;18,941;18,941;18,941;18,941;18,941;18,941;18,941;18,941;18,941;18,941
3864;18,941;18,941;18,941;18,941;18,941;18,941;18,941;18,941;18,941;18,941
3865;18,941;18,941;18,941;18,941;18,941;18,941;18,941;18,941;18,941;18,941
3866;17,101;17,101;17,101;17,101;17,101;17,101;17,101;17,101;17,101;17,101
3867;17,101;17,101;17,101;17,101;17,101;17,101;17,101;17,101;17,101;17,101
3868;41,381;41,381;41,381;41,381;41,381;41,381;41,381;41,381;41,381;41,381
3869;34,165;34,165;34,165;34,165;34,165;34,165;34,165;34,165;34,165;34,165
3870;51,465;51,465;51,465;51,465;51,465;51,465;51,465;51,465;51,465;51,465
3871;63,629;63,629;63,629;63,629;63,629;63,629;63,629;63,629;63,629;63,629
3872;52,661;52,661;52,661;52,661;52,661;52,661;52,661;52,661;52,661;52,661
3873;56,951;56,951;56,951;56,951;56,951;56,951;56,951;56,951;56,951;56,951
3874;57,119;57,119;57,119;57,119;57,119;57,119;57,119;57,119;57,119;57,119
3875;52,259;52,259;52,259;52,259;52,259;52,259;52,259;52,259;52,259;52,259
3876;42,623;42,623;42,623;42,623;42,623;42,623;42,623;42,623;42,623;42,623
3877;43,487;43,487;43,487;43,487;43,487;43,487;43,487;43,487;43,487;43,487
3878;41,327;41,327;41,327;41,327;41,327;41,327;41,327;41,327;41,327;41,327
3879;48,127;48,127;48,127;48,127;48,127;48,127;48,127;48,127;48,127;48,127
3880;55,167;55,167;55,167;55,167;55,167;55,167;55,167;55,167;55,167;55,167
3881;72,387;72,387;72,387;72,387;72,387;72,387;72,387;72,387;72,387;72,387
3882;80,067;80,067;80,067;80,067;80,067;80,067;80,067;80,067;80,067;80,067
3883;69,965;69,965;69,965;69,965;69,965;69,965;69,965;69,965;69,965;69,965
3884;51,829;51,829;51,829;51,829;51,829;51,829;51,829;51,829;51,829;51,829
3885;51,709;51,709;51,709;51,709;51,709;51,709;51,709;51,709;51,709;51,709
3886;41,381;41,381;41,381;41,381;41,381;41,381;41,381;41,381;41,381;41,381
3887;18,941;18,941;18,941;18,941;18,941;18,941;18,941;18,941;18,941;18,941
3888;18,941;18,941;18,941;18,941;18,941;18,941;18,941;18,941;18,941;18,941
3889;18,941;18,941;18,941;18,941;18,941;18,941;18,941;18,941;18,941;18,941
3890;17,101;17,101;17,101;17,101;17,101;17,101;17,101;17,101;17,101;17,101
3891;17,101;17,101;17,101;17,101;17,101;17,101;17,101;17,101;17,101;17,101
3892;41,381;41,381;41,381;41,381;41,381;41,381;41,381;41,381;41,381;41,381
3893;34,165;34,165;34,165;34,165;34,165;34,165;34,165;34,165;34,165;34,165
3894;51,465;51,465;51,465;51,465;51,465;51,465;51,465;51,465;51,465;51,465
3895;63,629;63,629;63,629;63,629;63,629;63,629;63,629;63,629;63,629;63,629
3896;52,661;52,661;52,661;52,661;52,661;52,661;52,661;52,661;52,661;52,661
3897;56,951;56,951;56,951;56,951;56,951;56,951;56,951;56,951;56,951;56,951
3898;57,119;57,119;57,119;57,119;57,119;57,119;57,119;57,119;57,119;57,119
3899;52,259;52,259;52,259;52,259;52,259;52,259;52,259;52,259;52,259;52,259
3900;42,623;42,623;42,623;42,623;42,623;42,623;42,623;42,623;42,623;42,623
3901;43,487;43,487;43,487;43,487;43,487;43,487;43,487;43,487;43,487;43,487
3902;41,327;41,327;41,327;41,327;41,327;41,327;41,327;41,327;41,327;41,327
3903;48,127;48,127;48,127;48,127;48,127;48,127;48,127;48,127;48,127;48,127
3904;55,167;55,167;55,167;55,167;55,167;55,167;55,167;55,167;55,167;55,167
3905;72,387;72,387;72,387;72,387;72,387;72,387;72,387;72,387;72,387;72,387
3906;80,067;80,067;80,067;80,067;80,067;80,067;80,067;80,067;80,067;80,067
3907;69,965;69,965;69,965;69,965;69,965;69,965;69,965;69,965;69,965;69,965
3908;51,829;51,829;51,829;51,829;51,829;51,829;51,829;51,829;51,829;51,829
3909;51,709;51,709;51,709;51,709;51,709;51,709;51,709;51,709;51,709;51,709
3910;41,381;41,381;41,381;41,381;41,381;41,381;41,381;41,381;41,381;41,381
3911;18,941;18,941;18,941;18,941;18,941;18,941;18,941;18,941;18,941;18,941
3912;18,941;18,941;18,941;18,941;18,941;18,941;18,941;18,941;18,941;18,941
3913;18,941;18,941;18,941;18,941;18,941;18,941;18,941;18,941;18,941;18,941
3914;17,101;17,101;17,101;17,101;17,101;17,101;17,101;17,101;17,101;17,101
3915;17,101;17,101;17,101;17,101;17,101;17,101;17,101;17,101;17,101;17,101
3916;41,381;41,381;41,381;41,381;41,381;41,381;41,381;41,381;41,381;41,381
3917;34,165;34,165;34,165;34,165;34,165;34,165;34,165;34,165;34,165;34,165
3918;51,465;51,465;51,465;51,465;51,465;51,465;51,465;51,465;51,465;51,465
3919;63,629;63,629;63,629;63,629;63,629;63,629;63,629;63,629;63,629;63,629
3920;52,661;52,661;52,661;52,661;52,661;52,661;52,661;52,661;52,661;52,661
3921;56,951;56,951;56,951;56,951;56,951;56,951;56,951;56,951;56,951;56,951
3922;57,119;57,119;57,119;57,119;57,119;57,119;57,119;57,119;57,119;57,119
3923;52,259;52,259;52,259;52,259;52,259;52,259;52,259;52,259;52,259;52,259
3924;42,623;42,623;42,623;42,623;42,623;42,623;42,623;42,623;42,623;42,623
3925;43,487;43,487;43,487;43,487;43,487;43,487;43,487;43,487;43,487;43,487
3926;41,327;41,327;41,327;41,327;41,327;41,327;41,327;41,327;41,327;41,327
3927;48,127;48,127;48,127;48,127;48,127;48,127;48,127;48,127;48,127;48,127
3928;55,167;55,167;55,167;55,167;55,167;55,167;55,167;55,167;55,167;55,167
3929;72,387;72,387;72,387;72,387;72,387;72,387;72,387;72,387;72,387;72,387
3930;80,067;80,067;80,067;80,067;80,067;80,067;80,067;80,067;80,067;80,067
3931;69,965;69,965;69,965;69,965;69,965;69,965;69,965;69,965;69,965;69,965
3932;51,829;51,829;51,829;51,829;51,829;51,829;51,829;51,829;51,829;51,829
3933;51,709;51,709;51,709;51,709;51,709;51,709;51,709;51,709;51,709;51,709
3934;41,381;41,381;41,381;41,381;41,381;41,381;41,381;41,381;41,381;41,381
3935;18,941;18,941;18,941;18,941;18,941;18,941;18,941;18,941;18,941;18,941
3936;18,941;18,941;18,941;18,941;18,941;18,941;18,941;18,941;18,941;18,941
3937;18,941;18,941;18,941;18,941;18,941;18,941;18,941;18,941;18,941;18,941
3938;17,101;17,101;17,101;17,101;17,101;17,101;17,101;17,101;17,101;17,101
3939;17,101;17,101;17,101;17,101;17,101;17,101;17,101;17,101;17,101;17,101
3940;41,381;41,381;41,381;41,381;41,381;41,381;41,381;41,381;41,381;41,381
3941;34,165;34,165;34,165;34,165;34,165;34,165;34,165;34,165;34,165;34,165
3942;51,465;51,465;51,465;51,465;51,465;51,465;51,465;51,465;51,465;51,465
3943;63,629;63,629;63,629;63,629;63,629;63,629;63,629;63,629;63,629;63,629
3944;52,661;52,661;52,661;52,661;52,661;52,661;52,661;52,661;52,661;52,661
3945;56,951;56,951;56,951;56,951;56,951;56,951;56,951;56,951;56,951;56,951
3946;57,119;57,119;57,119;57,119;57,119;57,119;57,119;57,119;57,119;57,119
3947;52,259;52,259;52,259;52,259;52,259;52,259;52,259;52,259;52,259;52,259
3948;42,623;42,623;42,623;42,623;42,623;42,623;42,623;42,623;42,623;42,623
3949;43,487;43,487;43,487;43,487;43,487;43,487;43,487;43,487;43,487;43,487
3950;41,327;41,327;41,327;41,327;41,327;41,327;41,327;41,327;41,327;41,327
3951;48,127;48,127;48,127;48,127;48,127;48,127;48,127;48,127;48,127;48,127
3952;55,167;55,167;55,167;55,167;55,167;55,167;55,167;55,167;55,167;55,167
3953;72,387;72,387;72,387;72,387;72,387;72,387;72,387;72,387;72,387;72,387
3954;80,067;80,067;80,067;80,067;80,067;80,067;80,067;80,067;80,067;80,067
3955;69,965;69,965;69,965;69,965;69,965;69,965;69,965;69,965;69,965;69,965
3956;51,829;51,829;51,829;51,829;51,829;51,829;51,829;51,829;51,829;51,829
3957;51,709;51,709;51,709;51,709;51,709;51,709;51,709;51,709;51,709;51,709
3958;41,381;41,381;41,381;41,381;41,381;41,381;41,381;41,381;41,381;41,381
3959;18,941;18,941;18,941;18,941;18,941;18,941;18,941;18,941;18,941;18,941
3960;18,941;18,941;18,941;18,941;18,941;18,941;18,941;18,941;18,941;18,941
3961;18,941;18,941;18,941;18,941;18,941;18,941;18,941;18,941;18,941;18,941
3962;17,101;17,101;17,101;17,101;17,101;17,101;17,101;17,101;17,101;17,101
3963;17,101;17,101;17,101;17,101;17,101;17,101;17,101;17,101;17,101;17,101
3964;41,381;41,381;41,381;41,381;41,381;41,381;41,381;41,381;41,381;41,381
3965;34,165;34,165;34,165;34,165;34,165;34,165;34,165;34,165;34,165;34,165
3966;51,465;51,465;51,465;51,465;51,465;51,465;51,465;51,465;51,465;51,465
3967;63,629;63,629;63,629;63,629;63,629;63,629;63,629;63,629;63,629;63,629
3968;52,661;52,661;52,661;52,661;52,661;52,661;52,661;52,661;52,661;52,661
3969;56,951;56,951;56,951;56,951;56,951;56,951;56,951;56,951;56,951;56,951
3970;57,119;57,119;57,119;57,119;57,119;57,119;57,119;57,119;57,119;57,119
3971;52,259;52,259;52,259;52,259;52,259;52,259;52,259;52,259;52,259;52,259
3972;42,623;42,623;42,623;42,623;42,623;42,623;42,623;42,623;42,623;42,623
3973;43,487;43,487;43,487;43,487;43,487;43,487;43,487;43,487;43,487;43,487
3974;41,327;41,327;41,327;41,327;41,327;41,327;41,327;41,327;41,327;41,327
3975;48,127;48,127;48,127;48,127;48,127;48,127;48,127;48,127;48,127;48,127
3976;55,167;55,167;55,167;55,167;55,167;55,167;55,167;55,167;55,167;55,167
3977;72,387;72,387;72,387;72,387;72,387;72,387;72,387;72,387;72,387;72,387
3978;80,067;80,067;80,067;80,067;80,067;80,067;80,067;80,067;80,067;80,067
3979;69,965;69,965;69,965;69,965;69,965;69,965;69,965;69,965;69,965;69,965
3980;51,829;51,829;51,829;51,829;51,829;51,829;51,829;51,829;51,829;51,829
3981;51,709;51,709;51,709;51,709;51,709;51,709;51,709;51,709;51,709;51,709
3982;41,381;41,381;41,381;41,381;41,381;41,381;41,381;41,381;41,381;41,381
3983;18,941;18,941;18,941;18,941;18,941;18,941;18,941;18,941;18,941;18,941
3984;18,941;18,941;18,941;18,941;18,941;18,941;18,941;18,941;18,941;18,941
3985;18,941;18,941;18,941;18,941;18,941;18,941;18,941;18,941;18,941;18,941
3986;17,101;17,101;17,101;17,101;17,101;17,101;17,101;17,101;17,101;17,101
3987;17,101;17,101;17,101;17,101;17,101;17,101;17,101;17,101;17,101;17,101
3988;41,381;41,381;41,381;41,381;41,381;41,381;41,381;41,381;41,381;41,381
3989;34,165;34,165;34,165;34,165;34,165;34,165;34,165;34,165;34,165;34,165
3990;51,465;51,465;51,465;51,465;51,465;51,465;51,465;51,465;51,465;51,465
3991;63,629;63,629;63,629;63,629;63,629;63,629;63,629;63,629;63,629;63,629
3992;52,661;52,661;52,661;52,661;52,661;52,661;52,661;52,661;52,661;52,661
3993;56,951;56,951;56,951;56,951;56,951;56,951;56,951;56,951;56,951;56,951
3994;57,119;57,119;57,119;57,119;57,119;57,119;57,119;57,119;57,119;57,119
3995;52,259;52,259;52,259;52,259;52,259;52,259;52,259;52,259;52,259;52,259
3996;42,623;42,623;42,623;42,623;42,623;42,623;42,623;42,623;42,623;42,623
3997;43,487;43,487;43,487;43,487;43,487;43,487;43,487;43,487;43,487;43,487
3998;41,327;41,327;41,327;41,327;41,327;41,327;41,327;41,327;41,327;41,327
3999;48,127;48,127;48,127;48,127;48,127;48,127;48,127;48,127;48,127;48,127
4000;55,167;55,167;55,167;55,167;55,167;55,167;55,167;55,167;55,167;55,167
4001;72,387;72,387;72,387;72,387;72,387;72,387;72,387;72,387;72,387;72,387
4002;80,067;80,067;80,067;80,067;80,067;80,067;80,067;80,067;80,067;80,067
4003;69,965;69,965;69,965;69,965;69,965;69,965;69,965;69,965;69,965;69,965
4004;51,829;51,829;51,829;51,829;51,829;51,829;51,829;51,829;51,829;51,829
4005;51,709;51,709;51,709;51,709;51,709;51,709;51,709;51,709;51,709;51,709
4006;41,381;41,381;41,381;41,381;41,381;41,381;41,381;41,381;41,381;41,381
4007;18,941;18,941;18,941;18,941;18,941;18,941;18,941;18,941;18,941;18,941
4008;18,941;18,941;18,941;18,941;18,941;18,941;18,941;18,941;18,941;18,941
4009;18,941;18,941;18,941;18,941;18,941;18,941;18,941;18,941;18,941;18,941
4010;17,101;17,101;17,101;17,101;17,101;17,101;17,101;17,101;17,101;17,101
4011;17,101;17,101;17,101;17,101;17,101;17,101;17,101;17,101;17,101;17,101
4012;41,381;41,381;41,381;41,381;41,381;41,381;41,381;41,381;41,381;41,381
4013;34,165;34,165;34,165;34,165;34,165;34,165;34,165;34,165;34,165;34,165
4014;51,465;51,465;51,465;51,465;51,465;51,465;51,465;51,465;51,465;51,465
4015;63,629;63,629;63,629;63,629;63,629;63,629;63,629;63,629;63,629;63,629
4016;52,661;52,661;52,661;52,661;52,661;52,661;52,661;52,661;52,661;52,661
4017;56,951;56,951;56,951;56,951;56,951;56,951;56,951;56,951;56,951;56,951
4018;57,119;57,119;57,119;57,119;57,119;57,119;57,119;57,119;57,119;57,119
4019;52,259;52,259;52,259;52,259;52,259;52,259;52,259;52,259;52,259;52,259
4020;42,623;42,623;42,623;42,623;42,623;42,623;42,623;42,623;42,623;42,623
4021;43,487;43,487;43,487;43,487;43,487;43,487;43,487;43,487;43,487;43,487
4022;41,327;41,327;41,327;41,327;41,327;41,327;41,327;41,327;41,327;41,327
4023;48,127;48,127;48,127;48,127;48,127;48,127;48,127;48,127;48,127;48,127
4024;55,167;55,167;55,167;55,167;55,167;55,167;55,167;55,167;55,167;55,167
4025;72,387;72,387;72,387;72,387;72,387;72,387;72,387;72,387;72,387;72,387
4026;80,067;80,067;80,067;80,067;80,067;80,067;80,067;80,067;80,067;80,067
4027;69,965;69,965;69,965;69,965;69,965;69,965;69,965;69,965;69,965;69,965
4028;51,829;51,829;51,829;51,829;51,829;51,829;51,829;51,829;51,829;51,829
4029;51,709;51,709;51,709;51,709;51,709;51,709;51,709;51,709;51,709;51,709
4030;41,381;41,381;41,381;41,381;41,381;41,381;41,381;41,381;41,381;41,381
4031;18,941;18,941;18,941;18,941;18,941;18,941;18,941;18,941;18,941;18,941
4032;18,941;18,941;18,941;18,941;18,941;18,941;18,941;18,941;18,941;18,941
4033;18,941;18,941;18,941;18,941;18,941;18,941;18,941;18,941;18,941;18,941
4034;17,101;17,101;17,101;17,101;17,101;17,101;17,101;17,101;17,101;17,101
4035;17,101;17,101;17,101;17,101;17,101;17,101;17,101;17,101;17,101;17,101
4036;41,381;41,381;41,381;41,381;41,381;41,381;41,381;41,381;41,381;41,381
4037;34,165;34,165;34,165;34,165;34,165;34,165;34,165;34,165;34,165;34,165
4038;51,465;51,465;51,465;51,465;51,465;51,465;51,465;51,465;51,465;51,465
4039;63,629;63,629;63,629;63,629;63,629;63,629;63,629;63,629;63,629;63,629
4040;52,661;52,661;52,661;52,661;52,661;52,661;52,661;52,661;52,661;52,661
4041;56,951;56,951;56,951;56,951;56,951;56,951;56,951;56,951;56,951;56,951
4042;57,119;57,119;57,119;57,119;57,119;57,119;57,119;57,119;57,119;57,119
4043;52,259;52,259;52,259;52,259;52,259;52,259;52,259;52,259;52,259;52,259
4044;42,623;42,623;42,623;42,623;42,623;42,623;42,623;42,623;42,623;42,623
4045;43,487;43,487;43,487;43,487;43,487;43,487;43,487;43,487;43,487;43,487
4046;41,327;41,327;41,327;41,327;41,327;41,327;41,327;41,327;41,327;41,327
4047;48,127;48,127;48,127;48,127;48,127;48,127;48,127;48,127;48,127;48,127
4048;55,167;55,167;55,167;55,167;55,167;55,167;55,167;55,167;55,167;55,167
4049;72,387;72,387;72,387;72,387;72,387;72,387;72,387;72,387;72,387;72,387
4050;80,067;80,067;80,067;80,067;80,067;80,067;80,067;80,067;80,067;80,067
4051;69,965;69,965;69,965;69,965;69,965;69,965;69,965;69,965;69,965;69,965
4052;51,829;51,829;51,829;51,829;51,829;51,829;51,829;51,829;51,829;51,829
4053;51,709;51,709;51,709;51,709;51,709;51,709;51,709;51,709;51,709;51,709
4054;41,381;41,381;41,381;41,381;41,381;41,381;41,381;41,381;41,381;41,381
4055;18,941;18,941;18,941;18,941;18,941;18,941;18,941;18,941;18,941;18,941
4056;18,941;18,941;18,941;18,941;18,941;18,941;18,941;18,941;18,941;18,941
4057;18,941;18,941;18,941;18,941;18,941;18,941;18,941;18,941;18,941;18,941
4058;17,101;17,101;17,101;17,101;17,101;17,101;17,101;17,101;17,101;17,101
4059;17,101;17,101;17,101;17,101;17,101;17,101;17,101;17,101;17,101;17,101
4060;41,381;41,381;41,381;41,381;41,381;41,381;41,381;41,381;41,381;41,381
4061;34,165;34,165;34,165;34,165;34,165;34,165;34,165;34,165;34,165;34,165
4062;51,465;51,465;51,465;51,465;51,465;51,465;51,465;51,465;51,465;51,465
4063;63,629;63,629;63,629;63,629;63,629;63,629;63,629;63,629;63,629;63,629
4064;52,661;52,661;52,661;52,661;52,661;52,661;52,661;52,661;52,661;52,661
4065;56,951;56,951;56,951;56,951;56,951;56,951;56,951;56,951;56,951;56,951
4066;57,119;57,119;57,119;57,119;57,119;57,119;57,119;57,119;57,119;57,119
4067;52,259;52,259;52,259;52,259;52,259;52,259;52,259;52,259;52,259;52,259
4068;42,623;42,623;42,623;42,623;42,623;42,623;42,623;42,623;42,623;42,623
4069;43,487;43,487;43,487;43,487;43,487;43,487;43,487;43,487;43,487;43,487
4070;41,327;41,327;41,327;41,327;41,327;41,327;41,327;41,327;41,327;41,327
4071;48,127;48,127;48,127;48,127;48,127;48,127;48,127;48,127;48,127;48,127
4072;55,167;55,167;55,167;55,167;55,167;55,167;55,167;55,167;55,167;55,167
4073;72,387;72,387;72,387;72,387;72,387;72,387;72,387;72,387;72,387;72,387
4074;80,067;80,067;80,067;80,067;80,067;80,067;80,067;80,067;80,067;80,067
4075;69,965;69,965;69,965;69,965;69,965;69,965;69,965;69,965;69,965;69,965
4076;51,829;51,829;51,829;51,829;51,829;51,829;51,829;51,829;51,829;51,829
4077;51,709;51,709;51,709;51,709;51,709;51,709;51,709;51,709;51,709;51,709
4078;41,381;41,381;41,381;41,381;41,381;41,381;41,381;41,381;41,381;41,381
4079;18,941;18,941;18,941;18,941;18,941;18,941;18,941;18,941;18,941;18,941
4080;18,941;18,941;18,941;18,941;18,941;18,941;18,941;18,941;18,941;18,941
4081;18,941;18,941;18,941;18,941;18,941;18,941;18,941;18,941;18,941;18,941
4082;17,101;17,101;17,101;17,101;17,101;17,101;17,101;17,101;17,101;17,101
4083;17,101;17,101;17,101;17,101;17,101;17,101;17,101;17,101;17,101;17,101
4084;41,381;41,381;41,381;41,381;41,381;41,381;41,381;41,381;41,381;41,381
4085;34,165;34,165;34,165;34,165;34,165;34,165;34,165;34,165;34,165;34,165
4086;51,465;51,465;51,465;51,465;51,465;51,465;51,465;51,465;51,465;51,465
4087;63,629;63,629;63,629;63,629;63,629;63,629;63,629;63,629;63,629;63,629
4088;52,661;52,661;52,661;52,661;52,661;52,661;52,661;52,661;52,661;52,661
4089;56,951;56,951;56,951;56,951;56,951;56,951;56,951;56,951;56,951;56,951
4090;57,119;57,119;57,119;57,119;57,119;57,119;57,119;57,119;57,119;57,119
4091;52,259;52,259;52,259;52,259;52,259;52,259;52,259;52,259;52,259;52,259
4092;42,623;42,623;42,623;42,623;42,623;42,623;42,623;42,623;42,623;42,623
4093;43,487;43,487;43,487;43,487;43,487;43,487;43,487;43,487;43,487;43,487
4094;41,327;41,327;41,327;41,327;41,327;41,327;41,327;41,327;41,327;41,327
4095;48,127;48,127;48,127;48,127;48,127;48,127;48,127;48,127;48,127;48,127
4096;55,167;55,167;55,167;55,167;55,167;55,167;55,167;55,167;55,167;55,167
4097;72,387;72,387;72,387;72,387;72,387;72,387;72,387;72,387;72,387;72,387
4098;80,067;80,067;80,067;80,067;80,067;80,067;80,067;80,067;80,067;80,067
4099;69,965;69,965;69,965;69,965;69,965;69,965;69,965;69,965;69,965;69,965
4100;51,829;51,829;51,829;51,829;51,829;51,829;51,829;51,829;51,829;51,829
4101;51,709;51,709;51,709;51,709;51,709;51,709;51,709;51,709;51,709;51,709
4102;41,381;41,381;41,381;41,381;41,381;41,381;41,381;41,381;41,381;41,381
4103;18,941;18,941;18,941;18,941;18,941;18,941;18,941;18,941;18,941;18,941
4104;18,941;18,941;18,941;18,941;18,941;18,941;18,941;18,941;18,941;18,941
4105;18,941;18,941;18,941;18,941;18,941;18,941;18,941;18,941;18,941;18,941
4106;17,101;17,101;17,101;17,101;17,101;17,101;17,101;17,101;17,101;17,101
4107;17,101;17,101;17,101;17,101;17,101;17,101;17,101;17,101;17,101;17,101
4108;41,381;41,381;41,381;41,381;41,381;41,381;41,381;41,381;41,381;41,381
4109;34,165;34,165;34,165;34,165;34,165;34,165;34,165;34,165;34,165;34,165
4110;51,465;51,465;51,465;51,465;51,465;51,465;51,465;51,465;51,465;51,465
4111;63,629;63,629;63,629;63,629;63,629;63,629;63,629;63,629;63,629;63,629
4112;52,661;52,661;52,661;52,661;52,661;52,661;52,661;52,661;52,661;52,661
4113;56,951;56,951;56,951;56,951;56,951;56,951;56,951;56,951;56,951;56,951
4114;57,119;57,119;57,119;57,119;57,119;57,119;57,119;57,119;57,119;57,119
4115;52,259;52,259;52,259;52,259;52,259;52,259;52,259;52,259;52,259;52,259
4116;42,623;42,623;42,623;42,623;42,623;42,623;42,623;42,623;42,623;42,623
4117;43,487;43,487;43,487;43,487;43,487;43,487;43,487;43,487;43,487;43,487
4118;41,327;41,327;41,327;41,327;41,327;41,327;41,327;41,327;41,327;41,327
4119;48,127;48,127;48,127;48,127;48,127;48,127;48,127;48,127;48,127;48,127
4120;55,167;55,167;55,167;55,167;55,167;55,167;55,167;55,167;55,167;55,167
4121;72,387;72,387;72,387;72,387;72,387;72,387;72,387;72,387;72,387;72,387
4122;80,067;80,067;80,067;80,067;80,067;80,067;80,067;80,067;80,067;80,067
4123;69,965;69,965;69,965;69,965;69,965;69,965;69,965;69,965;69,965;69,965
4124;51,829;51,829;51,829;51,829;51,829;51,829;51,829;51,829;51,829;51,829
4125;51,709;51,709;51,709;51,709;51,709;51,709;51,709;51,709;51,709;51,709
4126;41,381;41,381;41,381;41,381;41,381;41,381;41,381;41,381;41,381;41,381
4127;18,941;18,941;18,941;18,941;18,941;18,941;18,941;18,941;18,941;18,941
4128;18,941;18,941;18,941;18,941;18,941;18,941;18,941;18,941;18,941;18,941
4129;18,941;18,941;18,941;18,941;18,941;18,941;18,941;18,941;18,941;18,941
4130;17,101;17,101;17,101;17,101;17,101;17,101;17,101;17,101;17,101;17,101
4131;17,101;17,101;17,101;17,101;17,101;17,101;17,101;17,101;17,101;17,101
4132;41,381;41,381;41,381;41,381;41,381;41,381;41,381;41,381;41,381;41,381
4133;34,165;34,165;34,165;34,165;34,165;34,165;34,165;34,165;34,165;34,165
4134;51,465;51,465;51,465;51,465;51,465;51,465;51,465;51,465;51,465;51,465
4135;63,629;63,629;63,629;63,629;63,629;63,629;63,629;63,629;63,629;63,629
4136;52,661;52,661;52,661;52,661;52,661;52,661;52,661;52,661;52,661;52,661
4137;56,951;56,951;56,951;56,951;56,951;56,951;56,951;56,951;56,951;56,951
4138;57,119;57,119;57,119;57,119;57,119;57,119;57,119;57,119;57,119;57,119
4139;52,259;52,259;52,259;52,259;52,259;52,259;52,259;52,259;52,259;52,259
4140;42,623;42,623;42,623;42,623;42,623;42,623;42,623;42,623;42,623;42,623
4141;43,487;43,487;43,487;43,487;43,487;43,487;43,487;43,487;43,487;43,487
4142;41,327;41,327;41,327;41,327;41,327;41,327;41,327;41,327;41,327;41,327
4143;48,127;48,127;48,127;48,127;48,127;48,127;48,127;48,127;48,127;48,127
4144;55,167;55,167;55,167;55,167;55,167;55,167;55,167;55,167;55,167;55,167
4145;72,387;72,387;72,387;72,387;72,387;72,387;72,387;72,387;72,387;72,387
4146;80,067;80,067;80,067;80,067;80,067;80,067;80,067;80,067;80,067;80,067
4147;69,965;69,965;69,965;69,965;69,965;69,965;69,965;69,965;69,965;69,965
4148;51,829;51,829;51,829;51,829;51,829;51,829;51,829;51,829;51,829;51,829
4149;51,709;51,709;51,709;51,709;51,709;51,709;51,709;51,709;51,709;51,709
4150;41,381;41,381;41,381;41,381;41,381;41,381;41,381;41,381;41,381;41,381
4151;18,941;18,941;18,941;18,941;18,941;18,941;18,941;18,941;18,941;18,941
4152;18,941;18,941;18,941;18,941;18,941;18,941;18,941;18,941;18,941;18,941
4153;18,941;18,941;18,941;18,941;18,941;18,941;18,941;18,941;18,941;18,941
4154;17,101;17,101;17,101;17,101;17,101;17,101;17,101;17,101;17,101;17,101
4155;17,101;17,101;17,101;17,101;17,101;17,101;17,101;17,101;17,101;17,101
4156;41,381;41,381;41,381;41,381;41,381;41,381;41,381;41,381;41,381;41,381
4157;34,165;34,165;34,165;34,165;34,165;34,165;34,165;34,165;34,165;34,165
4158;51,465;51,465;51,465;51,465;51,465;51,465;51,465;51,465;51,465;51,465
4159;63,629;63,629;63,629;63,629;63,629;63,629;63,629;63,629;63,629;63,629
4160;52,661;52,661;52,661;52,661;52,661;52,661;52,661;52,661;52,661;52,661
4161;56,951;56,951;56,951;56,951;56,951;56,951;56,951;56,951;56,951;56,951
4162;57,119;57,119;57,119;57,119;57,119;57,119;57,119;57,119;57,119;57,119
4163;52,259;52,259;52,259;52,259;52,259;52,259;52,259;52,259;52,259;52,259
4164;42,623;42,623;42,623;42,623;42,623;42,623;42,623;42,623;42,623;42,623
4165;43,487;43,487;43,487;43,487;43,487;43,487;43,487;43,487;43,487;43,487
4166;41,327;41,327;41,327;41,327;41,327;41,327;41,327;41,327;41,327;41,327
4167;48,127;48,127;48,127;48,127;48,127;48,127;48,127;48,127;48,127;48,127
4168;55,167;55,167;55,167;55,167;55,167;55,167;55,167;55,167;55,167;55,167
4169;72,387;72,387;72,387;72,387;72,387;72,387;72,387;72,387;72,387;72,387
4170;80,067;80,067;80,067;80,067;80,067;80,067;80,067;80,067;80,067;80,067
4171;69,965;69,965;69,965;69,965;69,965;69,965;69,965;69,965;69,965;69,965
4172;51,829;51,829;51,829;51,829;51,829;51,829;51,829;51,829;51,829;51,829
4173;51,709;51,709;51,709;51,709;51,709;51,709;51,709;51,709;51,709;51,709
4174;41,381;41,381;41,381;41,381;41,381;41,381;41,381;41,381;41,381;41,381
4175;18,941;18,941;18,941;18,941;18,941;18,941;18,941;18,941;18,941;18,941
4176;18,941;18,941;18,941;18,941;18,941;18,941;18,941;18,941;18,941;18,941
4177;18,941;18,941;18,941;18,941;18,941;18,941;18,941;18,941;18,941;18,941
4178;17,101;17,101;17,101;17,101;17,101;17,101;17,101;17,101;17,101;17,101
4179;17,101;17,101;17,101;17,101;17,101;17,101;17,101;17,101;17,101;17,101
4180;41,381;41,381;41,381;41,381;41,381;41,381;41,381;41,381;41,381;41,381
4181;34,165;34,165;34,165;34,165;34,165;34,165;34,165;34,165;34,165;34,165
4182;51,465;51,465;51,465;51,465;51,465;51,465;51,465;51,465;51,465;51,465
4183;63,629;63,629;63,629;63,629;63,629;63,629;63,629;63,629;63,629;63,629
4184;52,661;52,661;52,661;52,661;52,661;52,661;52,661;52,661;52,661;52,661
4185;56,951;56,951;56,951;56,951;56,951;56,951;56,951;56,951;56,951;56,951
4186;57,119;57,119;57,119;57,119;57,119;57,119;57,119;57,119;57,119;57,119
4187;52,259;52,259;52,259;52,259;52,259;52,259;52,259;52,259;52,259;52,259
4188;42,623;42,623;42,623;42,623;42,623;42,623;42,623;42,623;42,623;42,623
4189;43,487;43,487;43,487;43,487;43,487;43,487;43,487;43,487;43,487;43,487
4190;41,327;41,327;41,327;41,327;41,327;41,327;41,327;41,327;41,327;41,327
4191;48,127;48,127;48,127;48,127;48,127;48,127;48,127;48,127;48,127;48,127
4192;55,167;55,167;55,167;55,167;55,167;55,167;55,167;55,167;55,167;55,167
4193;72,387;72,387;72,387;72,387;72,387;72,387;72,387;72,387;72,387;72,387
4194;80,067;80,067;80,067;80,067;80,067;80,067;80,067;80,067;80,067;80,067
4195;69,965;69,965;69,965;69,965;69,965;69,965;69,965;69,965;69,965;69,965
4196;51,829;51,829;51,829;51,829;51,829;51,829;51,829;51,829;51,829;51,829
4197;51,709;51,709;51,709;51,709;51,709;51,709;51,709;51,709;51,709;51,709
4198;41,381;41,381;41,381;41,381;41,381;41,381;41,381;41,381;41,381;41,381
4199;18,941;18,941;18,941;18,941;18,941;18,941;18,941;18,941;18,941;18,941
4200;18,941;18,941;18,941;18,941;18,941;18,941;18,941;18,941;18,941;18,941
4201;18,941;18,941;18,941;18,941;18,941;18,941;18,941;18,941;18,941;18,941
4202;17,101;17,101;17,101;17,101;17,101;17,101;17,101;17,101;17,101;17,101
4203;17,101;17,101;17,101;17,101;17,101;17,101;17,101;17,101;17,101;17,101
4204;41,381;41,381;41,381;41,381;41,381;41,381;41,381;41,381;41,381;41,381
4205;34,165;34,165;34,165;34,165;34,165;34,165;34,165;34,165;34,165;34,165
4206;51,465;51,465;51,465;51,465;51,465;51,465;51,465;51,465;51,465;51,465
4207;63,629;63,629;63,629;63,629;63,629;63,629;63,629;63,629;63,629;63,629
4208;52,661;52,661;52,661;52,661;52,661;52,661;52,661;52,661;52,661;52,661
4209;56,951;56,951;56,951;56,951;56,951;56,951;56,951;56,951;56,951;56,951
4210;57,119;57,119;57,119;57,119;57,119;57,119;57,119;57,119;57,119;57,119
4211;52,259;52,259;52,259;52,259;52,259;52,259;52,259;52,259;52,259;52,259
4212;42,623;42,623;42,623;42,623;42,623;42,623;42,623;42,623;42,623;42,623
4213;43,487;43,487;43,487;43,487;43,487;43,487;43,487;43,487;43,487;43,487
4214;41,327;41,327;41,327;41,327;41,327;41,327;41,327;41,327;41,327;41,327
4215;48,127;48,127;48,127;48,127;48,127;48,127;48,127;48,127;48,127;48,127
4216;55,167;55,167;55,167;55,167;55,167;55,167;55,167;55,167;55,167;55,167
4217;72,387;72,387;72,387;72,387;72,387;72,387;72,387;72,387;72,387;72,387
4218;80,067;80,067;80,067;80,067;80,067;80,067;80,067;80,067;80,067;80,067
4219;69,965;69,965;69,965;69,965;69,965;69,965;69,965;69,965;69,965;69,965
4220;51,829;51,829;51,829;51,829;51,829;51,829;51,829;51,829;51,829;51,829
4221;51,709;51,709;51,709;51,709;51,709;51,709;51,709;51,709;51,709;51,709
4222;41,381;41,381;41,381;41,381;41,381;41,381;41,381;41,381;41,381;41,381
4223;18,941;18,941;18,941;18,941;18,941;18,941;18,941;18,941;18,941;18,941
4224;18,941;18,941;18,941;18,941;18,941;18,941;18,941;18,941;18,941;18,941
4225;18,941;18,941;18,941;18,941;18,941;18,941;18,941;18,941;18,941;18,941
4226;17,101;17,101;17,101;17,101;17,101;17,101;17,101;17,101;17,101;17,101
4227;17,101;17,101;17,101;17,101;17,101;17,101;17,101;17,101;17,101;17,101
4228;41,381;41,381;41,381;41,381;41,381;41,381;41,381;41,381;41,381;41,381
4229;34,165;34,165;34,165;34,165;34,165;34,165;34,165;34,165;34,165;34,165
4230;51,465;51,465;51,465;51,465;51,465;51,465;51,465;51,465;51,465;51,465
4231;63,629;63,629;63,629;63,629;63,629;63,629;63,629;63,629;63,629;63,629
4232;52,661;52,661;52,661;52,661;52,661;52,661;52,661;52,661;52,661;52,661
4233;56,951;56,951;56,951;56,951;56,951;56,951;56,951;56,951;56,951;56,951
4234;57,119;57,119;57,119;57,119;57,119;57,119;57,119;57,119;57,119;57,119
4235;52,259;52,259;52,259;52,259;52,259;52,259;52,259;52,259;52,259;52,259
4236;42,623;42,623;42,623;42,623;42,623;42,623;42,623;42,623;42,623;42,623
4237;43,487;43,487;43,487;43,487;43,487;43,487;43,487;43,487;43,487;43,487
4238;41,327;41,327;41,327;41,327;41,327;41,327;41,327;41,327;41,327;41,327
4239;48,127;48,127;48,127;48,127;48,127;48,127;48,127;48,127;48,127;48,127
4240;55,167;55,167;55,167;55,167;55,167;55,167;55,167;55,167;55,167;55,167
4241;72,387;72,387;72,387;72,387;72,387;72,387;72,387;72,387;72,387;72,387
4242;80,067;80,067;80,067;80,067;80,067;80,067;80,067;80,067;80,067;80,067
4243;69,965;69,965;69,965;69,965;69,965;69,965;69,965;69,965;69,965;69,965
4244;51,829;51,829;51,829;51,829;51,829;51,829;51,829;51,829;51,829;51,829
4245;51,709;51,709;51,709;51,709;51,709;51,709;51,709;51,709;51,709;51,709
4246;41,381;41,381;41,381;41,381;41,381;41,381;41,381;41,381;41,381;41,381
4247;18,941;18,941;18,941;18,941;18,941;18,941;18,941;18,941;18,941;18,941
4248;18,941;18,941;18,941;18,941;18,941;18,941;18,941;18,941;18,941;18,941
4249;18,941;18,941;18,941;18,941;18,941;18,941;18,941;18,941;18,941;18,941
4250;17,101;17,101;17,101;17,101;17,101;17,101;17,101;17,101;17,101;17,101
4251;17,101;17,101;17,101;17,101;17,101;17,101;17,101;17,101;17,101;17,101
4252;41,381;41,381;41,381;41,381;41,381;41,381;41,381;41,381;41,381;41,381
4253;34,165;34,165;34,165;34,165;34,165;34,165;34,165;34,165;34,165;34,165
4254;51,465;51,465;51,465;51,465;51,465;51,465;51,465;51,465;51,465;51,465
4255;63,629;63,629;63,629;63,629;63,629;63,629;63,629;63,629;63,629;63,629
4256;52,661;52,661;52,661;52,661;52,661;52,661;52,661;52,661;52,661;52,661
4257;56,951;56,951;56,951;56,951;56,951;56,951;56,951;56,951;56,951;56,951
4258;57,119;57,119;57,119;57,119;57,119;57,119;57,119;57,119;57,119;57,119
4259;52,259;52,259;52,259;52,259;52,259;52,259;52,259;52,259;52,259;52,259
4260;42,623;42,623;42,623;42,623;42,623;42,623;42,623;42,623;42,623;42,623
4261;43,487;43,487;43,487;43,487;43,487;43,487;43,487;43,487;43,487;43,487
4262;41,327;41,327;41,327;41,327;41,327;41,327;41,327;41,327;41,327;41,327
4263;48,127;48,127;48,127;48,127;48,127;48,127;48,127;48,127;48,127;48,127
4264;55,167;55,167;55,167;55,167;55,167;55,167;55,167;55,167;55,167;55,167
4265;72,387;72,387;72,387;72,387;72,387;72,387;72,387;72,387;72,387;72,387
4266;80,067;80,067;80,067;80,067;80,067;80,067;80,067;80,067;80,067;80,067
4267;69,965;69,965;69,965;69,965;69,965;69,965;69,965;69,965;69,965;69,965
4268;51,829;51,829;51,829;51,829;51,829;51,829;51,829;51,829;51,829;51,829
4269;51,709;51,709;51,709;51,709;51,709;51,709;51,709;51,709;51,709;51,709
4270;41,381;41,381;41,381;41,381;41,381;41,381;41,381;41,381;41,381;41,381
4271;18,941;18,941;18,941;18,941;18,941;18,941;18,941;18,941;18,941;18,941
4272;18,941;18,941;18,941;18,941;18,941;18,941;18,941;18,941;18,941;18,941
4273;18,941;18,941;18,941;18,941;18,941;18,941;18,941;18,941;18,941;18,941
4274;17,101;17,101;17,101;17,101;17,101;17,101;17,101;17,101;17,101;17,101
4275;17,101;17,101;17,101;17,101;17,101;17,101;17,101;17,101;17,101;17,101
4276;41,381;41,381;41,381;41,381;41,381;41,381;41,381;41,381;41,381;41,381
4277;34,165;34,165;34,165;34,165;34,165;34,165;34,165;34,165;34,165;34,165
4278;51,465;51,465;51,465;51,465;51,465;51,465;51,465;51,465;51,465;51,465
4279;63,629;63,629;63,629;63,629;63,629;63,629;63,629;63,629;63,629;63,629
4280;52,661;52,661;52,661;52,661;52,661;52,661;52,661;52,661;52,661;52,661
4281;56,951;56,951;56,951;56,951;56,951;56,951;56,951;56,951;56,951;56,951
4282;57,119;57,119;57,119;57,119;57,119;57,119;57,119;57,119;57,119;57,119
4283;52,259;52,259;52,259;52,259;52,259;52,259;52,259;52,259;52,259;52,259
4284;42,623;42,623;42,623;42,623;42,623;42,623;42,623;42,623;42,623;42,623
4285;43,487;43,487;43,487;43,487;43,487;43,487;43,487;43,487;43,487;43,487
4286;41,327;41,327;41,327;41,327;41,327;41,327;41,327;41,327;41,327;41,327
4287;48,127;48,127;48,127;48,127;48,127;48,127;48,127;48,127;48,127;48,127
4288;55,167;55,167;55,167;55,167;55,167;55,167;55,167;55,167;55,167;55,167
4289;72,387;72,387;72,387;72,387;72,387;72,387;72,387;72,387;72,387;72,387
4290;80,067;80,067;80,067;80,067;80,067;80,067;80,067;80,067;80,067;80,067
4291;69,965;69,965;69,965;69,965;69,965;69,965;69,965;69,965;69,965;69,965
4292;51,829;51,829;51,829;51,829;51,829;51,829;51,829;51,829;51,829;51,829
4293;51,709;51,709;51,709;51,709;51,709;51,709;51,709;51,709;51,709;51,709
4294;41,381;41,381;41,381;41,381;41,381;41,381;41,381;41,381;41,381;41,381
4295;18,941;18,941;18,941;18,941;18,941;18,941;18,941;18,941;18,941;18,941
4296;18,941;18,941;18,941;18,941;18,941;18,941;18,941;18,941;18,941;18,941
4297;18,941;18,941;18,941;18,941;18,941;18,941;18,941;18,941;18,941;18,941
4298;17,101;17,101;17,101;17,101;17,101;17,101;17,101;17,101;17,101;17,101
4299;17,101;17,101;17,101;17,101;17,101;17,101;17,101;17,101;17,101;17,101
4300;41,381;41,381;41,381;41,381;41,381;41,381;41,381;41,381;41,381;41,381
4301;34,165;34,165;34,165;34,165;34,165;34,165;34,165;34,165;34,165;34,165
4302;51,465;51,465;51,465;51,465;51,465;51,465;51,465;51,465;51,465;51,465
4303;63,629;63,629;63,629;63,629;63,629;63,629;63,629;63,629;63,629;63,629
4304;52,661;52,661;52,661;52,661;52,661;52,661;52,661;52,661;52,661;52,661
4305;56,951;56,951;56,951;56,951;56,951;56,951;56,951;56,951;56,951;56,951
4306;57,119;57,119;57,119;57,119;57,119;57,119;57,119;57,119;57,119;57,119
4307;52,259;52,259;52,259;52,259;52,259;52,259;52,259;52,259;52,259;52,259
4308;42,623;42,623;42,623;42,623;42,623;42,623;42,623;42,623;42,623;42,623
4309;43,487;43,487;43,487;43,487;43,487;43,487;43,487;43,487;43,487;43,487
4310;41,327;41,327;41,327;41,327;41,327;41,327;41,327;41,327;41,327;41,327
4311;48,127;48,127;48,127;48,127;48,127;48,127;48,127;48,127;48,127;48,127
4312;55,167;55,167;55,167;55,167;55,167;55,167;55,167;55,167;55,167;55,167
4313;72,387;72,387;72,387;72,387;72,387;72,387;72,387;72,387;72,387;72,387
4314;80,067;80,067;80,067;80,067;80,067;80,067;80,067;80,067;80,067;80,067
4315;69,965;69,965;69,965;69,965;69,965;69,965;69,965;69,965;69,965;69,965
4316;51,829;51,829;51,829;51,829;51,829;51,829;51,829;51,829;51,829;51,829
4317;51,709;51,709;51,709;51,709;51,709;51,709;51,709;51,709;51,709;51,709
4318;41,381;41,381;41,381;41,381;41,381;41,381;41,381;41,381;41,381;41,381
4319;18,941;18,941;18,941;18,941;18,941;18,941;18,941;18,941;18,941;18,941
4320;18,941;18,941;18,941;18,941;18,941;18,941;18,941;18,941;18,941;18,941
4321;18,941;18,941;18,941;18,941;18,941;18,941;18,941;18,941;18,941;18,941
4322;17,101;17,101;17,101;17,101;17,101;17,101;17,101;17,101;17,101;17,101
4323;17,101;17,101;17,101;17,101;17,101;17,101;17,101;17,101;17,101;17,101
4324;41,381;41,381;41,381;41,381;41,381;41,381;41,381;41,381;41,381;41,381
4325;34,165;34,165;34,165;34,165;34,165;34,165;34,165;34,165;34,165;34,165
4326;51,465;51,465;51,465;51,465;51,465;51,465;51,465;51,465;51,465;51,465
4327;63,629;63,629;63,629;63,629;63,629;63,629;63,629;63,629;63,629;63,629
4328;52,661;52,661;52,661;52,661;52,661;52,661;52,661;52,661;52,661;52,661
4329;56,951;56,951;56,951;56,951;56,951;56,951;56,951;56,951;56,951;56,951
4330;57,119;57,119;57,119;57,119;57,119;57,119;57,119;57,119;57,119;57,119
4331;52,259;52,259;52,259;52,259;52,259;52,259;52,259;52,259;52,259;52,259
4332;42,623;42,623;42,623;42,623;42,623;42,623;42,623;42,623;42,623;42,623
4333;43,487;43,487;43,487;43,487;43,487;43,487;43,487;43,487;43,487;43,487
4334;41,327;41,327;41,327;41,327;41,327;41,327;41,327;41,327;41,327;41,327
4335;48,127;48,127;48,127;48,127;48,127;48,127;48,127;48,127;48,127;48,127
4336;55,167;55,167;55,167;55,167;55,167;55,167;55,167;55,167;55,167;55,167
4337;72,387;72,387;72,387;72,387;72,387;72,387;72,387;72,387;72,387;72,387
4338;80,067;80,067;80,067;80,067;80,067;80,067;80,067;80,067;80,067;80,067
4339;69,965;69,965;69,965;69,965;69,965;69,965;69,965;69,965;69,965;69,965
4340;51,829;51,829;51,829;51,829;51,829;51,829;51,829;51,829;51,829;51,829
4341;51,709;51,709;51,709;51,709;51,709;51,709;51,709;51,709;51,709;51,709
4342;41,381;41,381;41,381;41,381;41,381;41,381;41,381;41,381;41,381;41,381
4343;18,941;18,941;18,941;18,941;18,941;18,941;18,941;18,941;18,941;18,941
4344;18,941;18,941;18,941;18,941;18,941;18,941;18,941;18,941;18,941;18,941
4345;18,941;18,941;18,941;18,941;18,941;18,941;18,941;18,941;18,941;18,941
4346;17,101;17,101;17,101;17,101;17,101;17,101;17,101;17,101;17,101;17,101
4347;17,101;17,101;17,101;17,101;17,101;17,101;17,101;17,101;17,101;17,101
4348;41,381;41,381;41,381;41,381;41,381;41,381;41,381;41,381;41,381;41,381
4349;34,165;34,165;34,165;34,165;34,165;34,165;34,165;34,165;34,165;34,165
4350;51,465;51,465;51,465;51,465;51,465;51,465;51,465;51,465;51,465;51,465
4351;63,629;63,629;63,629;63,629;63,629;63,629;63,629;63,629;63,629;63,629
4352;52,661;52,661;52,661;52,661;52,661;52,661;52,661;52,661;52,661;52,661
4353;56,951;56,951;56,951;56,951;56,951;56,951;56,951;56,951;56,951;56,951
4354;57,119;57,119;57,119;57,119;57,119;57,119;57,119;57,119;57,119;57,119
4355;52,259;52,259;52,259;52,259;52,259;52,259;52,259;52,259;52,259;52,259
4356;42,623;42,623;42,623;42,623;42,623;42,623;42,623;42,623;42,623;42,623
4357;43,487;43,487;43,487;43,487;43,487;43,487;43,487;43,487;43,487;43,487
4358;41,327;41,327;41,327;41,327;41,327;41,327;41,327;41,327;41,327;41,327
4359;48,127;48,127;48,127;48,127;48,127;48,127;48,127;48,127;48,127;48,127
4360;55,167;55,167;55,167;55,167;55,167;55,167;55,167;55,167;55,167;55,167
4361;72,387;72,387;72,387;72,387;72,387;72,387;72,387;72,387;72,387;72,387
4362;80,067;80,067;80,067;80,067;80,067;80,067;80,067;80,067;80,067;80,067
4363;69,965;69,965;69,965;69,965;69,965;69,965;69,965;69,965;69,965;69,965
4364;51,829;51,829;51,829;51,829;51,829;51,829;51,829;51,829;51,829;51,829
4365;51,709;51,709;51,709;51,709;51,709;51,709;51,709;51,709;51,709;51,709
4366;41,381;41,381;41,381;41,381;41,381;41,381;41,381;41,381;41,381;41,381
4367;18,941;18,941;18,941;18,941;18,941;18,941;18,941;18,941;18,941;18,941
4368;18,941;18,941;18,941;18,941;18,941;18,941;18,941;18,941;18,941;18,941
4369;18,941;18,941;18,941;18,941;18,941;18,941;18,941;18,941;18,941;18,941
4370;17,101;17,101;17,101;17,101;17,101;17,101;17,101;17,101;17,101;17,101
4371;17,101;17,101;17,101;17,101;17,101;17,101;17,101;17,101;17,101;17,101
4372;41,381;41,381;41,381;41,381;41,381;41,381;41,381;41,381;41,381;41,381
4373;34,165;34,165;34,165;34,165;34,165;34,165;34,165;34,165;34,165;34,165
4374;51,465;51,465;51,465;51,465;51,465;51,465;51,465;51,465;51,465;51,465
4375;63,629;63,629;63,629;63,629;63,629;63,629;63,629;63,629;63,629;63,629
4376;52,661;52,661;52,661;52,661;52,661;52,661;52,661;52,661;52,661;52,661
4377;56,951;56,951;56,951;56,951;56,951;56,951;56,951;56,951;56,951;56,951
4378;57,119;57,119;57,119;57,119;57,119;57,119;57,119;57,119;57,119;57,119
4379;52,259;52,259;52,259;52,259;52,259;52,259;52,259;52,259;52,259;52,259
4380;42,623;42,623;42,623;42,623;42,623;42,623;42,623;42,623;42,623;42,623
4381;43,487;43,487;43,487;43,487;43,487;43,487;43,487;43,487;43,487;43,487
4382;41,327;41,327;41,327;41,327;41,327;41,327;41,327;41,327;41,327;41,327
4383;48,127;48,127;48,127;48,127;48,127;48,127;48,127;48,127;48,127;48,127
4384;55,167;55,167;55,167;55,167;55,167;55,167;55,167;55,167;55,167;55,167
4385;72,387;72,387;72,387;72,387;72,387;72,387;72,387;72,387;72,387;72,387
4386;80,067;80,067;80,067;80,067;80,067;80,067;80,067;80,067;80,067;80,067
4387;69,965;69,965;69,965;69,965;69,965;69,965;69,965;69,965;69,965;69,965
4388;51,829;51,829;51,829;51,829;51,829;51,829;51,829;51,829;51,829;51,829
4389;51,709;51,709;51,709;51,709;51,709;51,709;51,709;51,709;51,709;51,709
4390;41,381;41,381;41,381;41,381;41,381;41,381;41,381;41,381;41,381;41,381
4391;18,941;18,941;18,941;18,941;18,941;18,941;18,941;18,941;18,941;18,941
4392;18,941;18,941;18,941;18,941;18,941;18,941;18,941;18,941;18,941;18,941
4393;18,941;18,941;18,941;18,941;18,941;18,941;18,941;18,941;18,941;18,941
4394;17,101;17,101;17,101;17,101;17,101;17,101;17,101;17,101;17,101;17,101
4395;17,101;17,101;17,101;17,101;17,101;17,101;17,101;17,101;17,101;17,101
4396;41,381;41,381;41,381;41,381;41,381;41,381;41,381;41,381;41,381;41,381
4397;34,165;34,165;34,165;34,165;34,165;34,165;34,165;34,165;34,165;34,165
4398;51,465;51,465;51,465;51,465;51,465;51,465;51,465;51,465;51,465;51,465
4399;63,629;63,629;63,629;63,629;63,629;63,629;63,629;63,629;63,629;63,629
4400;52,661;52,661;52,661;52,661;52,661;52,661;52,661;52,661;52,661;52,661
4401;56,951;56,951;56,951;56,951;56,951;56,951;56,951;56,951;56,951;56,951
4402;57,119;57,119;57,119;57,119;57,119;57,119;57,119;57,119;57,119;57,119
4403;52,259;52,259;52,259;52,259;52,259;52,259;52,259;52,259;52,259;52,259
4404;42,623;42,623;42,623;42,623;42,623;42,623;42,623;42,623;42,623;42,623
4405;43,487;43,487;43,487;43,487;43,487;43,487;43,487;43,487;43,487;43,487
4406;41,327;41,327;41,327;41,327;41,327;41,327;41,327;41,327;41,327;41,327
4407;48,127;48,127;48,127;48,127;48,127;48,127;48,127;48,127;48,127;48,127
4408;55,167;55,167;55,167;55,167;55,167;55,167;55,167;55,167;55,167;55,167
4409;72,387;72,387;72,387;72,387;72,387;72,387;72,387;72,387;72,387;72,387
4410;80,067;80,067;80,067;80,067;80,067;80,067;80,067;80,067;80,067;80,067
4411;69,965;69,965;69,965;69,965;69,965;69,965;69,965;69,965;69,965;69,965
4412;51,829;51,829;51,829;51,829;51,829;51,829;51,829;51,829;51,829;51,829
4413;51,709;51,709;51,709;51,709;51,709;51,709;51,709;51,709;51,709;51,709
4414;41,381;41,381;41,381;41,381;41,381;41,381;41,381;41,381;41,381;41,381
4415;18,941;18,941;18,941;18,941;18,941;18,941;18,941;18,941;18,941;18,941
4416;18,941;18,941;18,941;18,941;18,941;18,941;18,941;18,941;18,941;18,941
4417;18,941;18,941;18,941;18,941;18,941;18,941;18,941;18,941;18,941;18,941
4418;17,101;17,101;17,101;17,101;17,101;17,101;17,101;17,101;17,101;17,101
4419;17,101;17,101;17,101;17,101;17,101;17,101;17,101;17,101;17,101;17,101
4420;41,381;41,381;41,381;41,381;41,381;41,381;41,381;41,381;41,381;41,381
4421;34,165;34,165;34,165;34,165;34,165;34,165;34,165;34,165;34,165;34,165
4422;51,465;51,465;51,465;51,465;51,465;51,465;51,465;51,465;51,465;51,465
4423;63,629;63,629;63,629;63,629;63,629;63,629;63,629;63,629;63,629;63,629
4424;52,661;52,661;52,661;52,661;52,661;52,661;52,661;52,661;52,661;52,661
4425;56,951;56,951;56,951;56,951;56,951;56,951;56,951;56,951;56,951;56,951
4426;57,119;57,119;57,119;57,119;57,119;57,119;57,119;57,119;57,119;57,119
4427;52,259;52,259;52,259;52,259;52,259;52,259;52,259;52,259;52,259;52,259
4428;42,623;42,623;42,623;42,623;42,623;42,623;42,623;42,623;42,623;42,623
4429;43,487;43,487;43,487;43,487;43,487;43,487;43,487;43,487;43,487;43,487
4430;41,327;41,327;41,327;41,327;41,327;41,327;41,327;41,327;41,327;41,327
4431;48,127;48,127;48,127;48,127;48,127;48,127;48,127;48,127;48,127;48,127
4432;55,167;55,167;55,167;55,167;55,167;55,167;55,167;55,167;55,167;55,167
4433;72,387;72,387;72,387;72,387;72,387;72,387;72,387;72,387;72,387;72,387
4434;80,067;80,067;80,067;80,067;80,067;80,067;80,067;80,067;80,067;80,067
4435;69,965;69,965;69,965;69,965;69,965;69,965;69,965;69,965;69,965;69,965
4436;51,829;51,829;51,829;51,829;51,829;51,829;51,829;51,829;51,829;51,829
4437;51,709;51,709;51,709;51,709;51,709;51,709;51,709;51,709;51,709;51,709
4438;41,381;41,381;41,381;41,381;41,381;41,381;41,381;41,381;41,381;41,381
4439;18,941;18,941;18,941;18,941;18,941;18,941;18,941;18,941;18,941;18,941
4440;18,941;18,941;18,941;18,941;18,941;18,941;18,941;18,941;18,941;18,941
4441;18,941;18,941;18,941;18,941;18,941;18,941;18,941;18,941;18,941;18,941
4442;17,101;17,101;17,101;17,101;17,101;17,101;17,101;17,101;17,101;17,101
4443;17,101;17,101;17,101;17,101;17,101;17,101;17,101;17,101;17,101;17,101
4444;41,381;41,381;41,381;41,381;41,381;41,381;41,381;41,381;41,381;41,381
4445;34,165;34,165;34,165;34,165;34,165;34,165;34,165;34,165;34,165;34,165
4446;51,465;51,465;51,465;51,465;51,465;51,465;51,465;51,465;51,465;51,465
4447;63,629;63,629;63,629;63,629;63,629;63,629;63,629;63,629;63,629;63,629
4448;52,661;52,661;52,661;52,661;52,661;52,661;52,661;52,661;52,661;52,661
4449;56,951;56,951;56,951;56,951;56,951;56,951;56,951;56,951;56,951;56,951
4450;57,119;57,119;57,119;57,119;57,119;57,119;57,119;57,119;57,119;57,119
4451;52,259;52,259;52,259;52,259;52,259;52,259;52,259;52,259;52,259;52,259
4452;42,623;42,623;42,623;42,623;42,623;42,623;42,623;42,623;42,623;42,623
4453;43,487;43,487;43,487;43,487;43,487;43,487;43,487;43,487;43,487;43,487
4454;41,327;41,327;41,327;41,327;41,327;41,327;41,327;41,327;41,327;41,327
4455;48,127;48,127;48,127;48,127;48,127;48,127;48,127;48,127;48,127;48,127
4456;55,167;55,167;55,167;55,167;55,167;55,167;55,167;55,167;55,167;55,167
4457;72,387;72,387;72,387;72,387;72,387;72,387;72,387;72,387;72,387;72,387
4458;80,067;80,067;80,067;80,067;80,067;80,067;80,067;80,067;80,067;80,067
4459;69,965;69,965;69,965;69,965;69,965;69,965;69,965;69,965;69,965;69,965
4460;51,829;51,829;51,829;51,829;51,829;51,829;51,829;51,829;51,829;51,829
4461;51,709;51,709;51,709;51,709;51,709;51,709;51,709;51,709;51,709;51,709
4462;41,381;41,381;41,381;41,381;41,381;41,381;41,381;41,381;41,381;41,381
4463;18,941;18,941;18,941;18,941;18,941;18,941;18,941;18,941;18,941;18,941
4464;18,941;18,941;18,941;18,941;18,941;18,941;18,941;18,941;18,941;18,941
4465;18,941;18,941;18,941;18,941;18,941;18,941;18,941;18,941;18,941;18,941
4466;17,101;17,101;17,101;17,101;17,101;17,101;17,101;17,101;17,101;17,101
4467;17,101;17,101;17,101;17,101;17,101;17,101;17,101;17,101;17,101;17,101
4468;41,381;41,381;41,381;41,381;41,381;41,381;41,381;41,381;41,381;41,381
4469;34,165;34,165;34,165;34,165;34,165;34,165;34,165;34,165;34,165;34,165
4470;51,465;51,465;51,465;51,465;51,465;51,465;51,465;51,465;51,465;51,465
4471;63,629;63,629;63,629;63,629;63,629;63,629;63,629;63,629;63,629;63,629
4472;52,661;52,661;52,661;52,661;52,661;52,661;52,661;52,661;52,661;52,661
4473;56,951;56,951;56,951;56,951;56,951;56,951;56,951;56,951;56,951;56,951
4474;57,119;57,119;57,119;57,119;57,119;57,119;57,119;57,119;57,119;57,119
4475;52,259;52,259;52,259;52,259;52,259;52,259;52,259;52,259;52,259;52,259
4476;42,623;42,623;42,623;42,623;42,623;42,623;42,623;42,623;42,623;42,623
4477;43,487;43,487;43,487;43,487;43,487;43,487;43,487;43,487;43,487;43,487
4478;41,327;41,327;41,327;41,327;41,327;41,327;41,327;41,327;41,327;41,327
4479;48,127;48,127;48,127;48,127;48,127;48,127;48,127;48,127;48,127;48,127
4480;55,167;55,167;55,167;55,167;55,167;55,167;55,167;55,167;55,167;55,167
4481;72,387;72,387;72,387;72,387;72,387;72,387;72,387;72,387;72,387;72,387
4482;80,067;80,067;80,067;80,067;80,067;80,067;80,067;80,067;80,067;80,067
4483;69,965;69,965;69,965;69,965;69,965;69,965;69,965;69,965;69,965;69,965
4484;51,829;51,829;51,829;51,829;51,829;51,829;51,829;51,829;51,829;51,829
4485;51,709;51,709;51,709;51,709;51,709;51,709;51,709;51,709;51,709;51,709
4486;41,381;41,381;41,381;41,381;41,381;41,381;41,381;41,381;41,381;41,381
4487;18,941;18,941;18,941;18,941;18,941;18,941;18,941;18,941;18,941;18,941
4488;18,941;18,941;18,941;18,941;18,941;18,941;18,941;18,941;18,941;18,941
4489;18,941;18,941;18,941;18,941;18,941;18,941;18,941;18,941;18,941;18,941
4490;17,101;17,101;17,101;17,101;17,101;17,101;17,101;17,101;17,101;17,101
4491;17,101;17,101;17,101;17,101;17,101;17,101;17,101;17,101;17,101;17,101
4492;41,381;41,381;41,381;41,381;41,381;41,381;41,381;41,381;41,381;41,381
4493;34,165;34,165;34,165;34,165;34,165;34,165;34,165;34,165;34,165;34,165
4494;51,465;51,465;51,465;51,465;51,465;51,465;51,465;51,465;51,465;51,465
4495;63,629;63,629;63,629;63,629;63,629;63,629;63,629;63,629;63,629;63,629
4496;52,661;52,661;52,661;52,661;52,661;52,661;52,661;52,661;52,661;52,661
4497;56,951;56,951;56,951;56,951;56,951;56,951;56,951;56,951;56,951;56,951
4498;57,119;57,119;57,119;57,119;57,119;57,119;57,119;57,119;57,119;57,119
4499;52,259;52,259;52,259;52,259;52,259;52,259;52,259;52,259;52,259;52,259
4500;42,623;42,623;42,623;42,623;42,623;42,623;42,623;42,623;42,623;42,623
4501;43,487;43,487;43,487;43,487;43,487;43,487;43,487;43,487;43,487;43,487
4502;41,327;41,327;41,327;41,327;41,327;41,327;41,327;41,327;41,327;41,327
4503;48,127;48,127;48,127;48,127;48,127;48,127;48,127;48,127;48,127;48,127
4504;55,167;55,167;55,167;55,167;55,167;55,167;55,167;55,167;55,167;55,167
4505;72,387;72,387;72,387;72,387;72,387;72,387;72,387;72,387;72,387;72,387
4506;80,067;80,067;80,067;80,067;80,067;80,067;80,067;80,067;80,067;80,067
4507;69,965;69,965;69,965;69,965;69,965;69,965;69,965;69,965;69,965;69,965
4508;51,829;51,829;51,829;51,829;51,829;51,829;51,829;51,829;51,829;51,829
4509;51,709;51,709;51,709;51,709;51,709;51,709;51,709;51,709;51,709;51,709
4510;41,381;41,381;41,381;41,381;41,381;41,381;41,381;41,381;41,381;41,381
4511;18,941;18,941;18,941;18,941;18,941;18,941;18,941;18,941;18,941;18,941
4512;18,941;18,941;18,941;18,941;18,941;18,941;18,941;18,941;18,941;18,941
4513;18,941;18,941;18,941;18,941;18,941;18,941;18,941;18,941;18,941;18,941
4514;17,101;17,101;17,101;17,101;17,101;17,101;17,101;17,101;17,101;17,101
4515;17,101;17,101;17,101;17,101;17,101;17,101;17,101;17,101;17,101;17,101
4516;41,381;41,381;41,381;41,381;41,381;41,381;41,381;41,381;41,381;41,381
4517;34,165;34,165;34,165;34,165;34,165;34,165;34,165;34,165;34,165;34,165
4518;51,465;51,465;51,465;51,465;51,465;51,465;51,465;51,465;51,465;51,465
4519;63,629;63,629;63,629;63,629;63,629;63,629;63,629;63,629;63,629;63,629
4520;52,661;52,661;52,661;52,661;52,661;52,661;52,661;52,661;52,661;52,661
4521;56,951;56,951;56,951;56,951;56,951;56,951;56,951;56,951;56,951;56,951
4522;57,119;57,119;57,119;57,119;57,119;57,119;57,119;57,119;57,119;57,119
4523;52,259;52,259;52,259;52,259;52,259;52,259;52,259;52,259;52,259;52,259
4524;42,623;42,623;42,623;42,623;42,623;42,623;42,623;42,623;42,623;42,623
4525;43,487;43,487;43,487;43,487;43,487;43,487;43,487;43,487;43,487;43,487
4526;41,327;41,327;41,327;41,327;41,327;41,327;41,327;41,327;41,327;41,327
4527;48,127;48,127;48,127;48,127;48,127;48,127;48,127;48,127;48,127;48,127
4528;55,167;55,167;55,167;55,167;55,167;55,167;55,167;55,167;55,167;55,167
4529;72,387;72,387;72,387;72,387;72,387;72,387;72,387;72,387;72,387;72,387
4530;80,067;80,067;80,067;80,067;80,067;80,067;80,067;80,067;80,067;80,067
4531;69,965;69,965;69,965;69,965;69,965;69,965;69,965;69,965;69,965;69,965
4532;51,829;51,829;51,829;51,829;51,829;51,829;51,829;51,829;51,829;51,829
4533;51,709;51,709;51,709;51,709;51,709;51,709;51,709;51,709;51,709;51,709
4534;41,381;41,381;41,381;41,381;41,381;41,381;41,381;41,381;41,381;41,381
4535;18,941;18,941;18,941;18,941;18,941;18,941;18,941;18,941;18,941;18,941
4536;18,941;18,941;18,941;18,941;18,941;18,941;18,941;18,941;18,941;18,941
4537;18,941;18,941;18,941;18,941;18,941;18,941;18,941;18,941;18,941;18,941
4538;17,101;17,101;17,101;17,101;17,101;17,101;17,101;17,101;17,101;17,101
4539;17,101;17,101;17,101;17,101;17,101;17,101;17,101;17,101;17,101;17,101
4540;41,381;41,381;41,381;41,381;41,381;41,381;41,381;41,381;41,381;41,381
4541;34,165;34,165;34,165;34,165;34,165;34,165;34,165;34,165;34,165;34,165
4542;51,465;51,465;51,465;51,465;51,465;51,465;51,465;51,465;51,465;51,465
4543;63,629;63,629;63,629;63,629;63,629;63,629;63,629;63,629;63,629;63,629
4544;52,661;52,661;52,661;52,661;52,661;52,661;52,661;52,661;52,661;52,661
4545;56,951;56,951;56,951;56,951;56,951;56,951;56,951;56,951;56,951;56,951
4546;57,119;57,119;57,119;57,119;57,119;57,119;57,119;57,119;57,119;57,119
4547;52,259;52,259;52,259;52,259;52,259;52,259;52,259;52,259;52,259;52,259
4548;42,623;42,623;42,623;42,623;42,623;42,623;42,623;42,623;42,623;42,623
4549;43,487;43,487;43,487;43,487;43,487;43,487;43,487;43,487;43,487;43,487
4550;41,327;41,327;41,327;41,327;41,327;41,327;41,327;41,327;41,327;41,327
4551;48,127;48,127;48,127;48,127;48,127;48,127;48,127;48,127;48,127;48,127
4552;55,167;55,167;55,167;55,167;55,167;55,167;55,167;55,167;55,167;55,167
4553;72,387;72,387;72,387;72,387;72,387;72,387;72,387;72,387;72,387;72,387
4554;80,067;80,067;80,067;80,067;80,067;80,067;80,067;80,067;80,067;80,067
4555;69,965;69,965;69,965;69,965;69,965;69,965;69,965;69,965;69,965;69,965
4556;51,829;51,829;51,829;51,829;51,829;51,829;51,829;51,829;51,829;51,829
4557;51,709;51,709;51,709;51,709;51,709;51,709;51,709;51,709;51,709;51,709
4558;41,381;41,381;41,381;41,381;41,381;41,381;41,381;41,381;41,381;41,381
4559;18,941;18,941;18,941;18,941;18,941;18,941;18,941;18,941;18,941;18,941
4560;18,941;18,941;18,941;18,941;18,941;18,941;18,941;18,941;18,941;18,941
4561;18,941;18,941;18,941;18,941;18,941;18,941;18,941;18,941;18,941;18,941
4562;17,101;17,101;17,101;17,101;17,101;17,101;17,101;17,101;17,101;17,101
4563;17,101;17,101;17,101;17,101;17,101;17,101;17,101;17,101;17,101;17,101
4564;41,381;41,381;41,381;41,381;41,381;41,381;41,381;41,381;41,381;41,381
4565;34,165;34,165;34,165;34,165;34,165;34,165;34,165;34,165;34,165;34,165
4566;51,465;51,465;51,465;51,465;51,465;51,465;51,465;51,465;51,465;51,465
4567;63,629;63,629;63,629;63,629;63,629;63,629;63,629;63,629;63,629;63,629
4568;52,661;52,661;52,661;52,661;52,661;52,661;52,661;52,661;52,661;52,661
4569;56,951;56,951;56,951;56,951;56,951;56,951;56,951;56,951;56,951;56,951
4570;57,119;57,119;57,119;57,119;57,119;57,119;57,119;57,119;57,119;57,119
4571;52,259;52,259;52,259;52,259;52,259;52,259;52,259;52,259;52,259;52,259
4572;42,623;42,623;42,623;42,623;42,623;42,623;42,623;42,623;42,623;42,623
4573;43,487;43,487;43,487;43,487;43,487;43,487;43,487;43,487;43,487;43,487
4574;41,327;41,327;41,327;41,327;41,327;41,327;41,327;41,327;41,327;41,327
4575;48,127;48,127;48,127;48,127;48,127;48,127;48,127;48,127;48,127;48,127
4576;55,167;55,167;55,167;55,167;55,167;55,167;55,167;55,167;55,167;55,167
4577;72,387;72,387;72,387;72,387;72,387;72,387;72,387;72,387;72,387;72,387
4578;80,067;80,067;80,067;80,067;80,067;80,067;80,067;80,067;80,067;80,067
4579;69,965;69,965;69,965;69,965;69,965;69,965;69,965;69,965;69,965;69,965
4580;51,829;51,829;51,829;51,829;51,829;51,829;51,829;51,829;51,829;51,829
4581;51,709;51,709;51,709;51,709;51,709;51,709;51,709;51,709;51,709;51,709
4582;41,381;41,381;41,381;41,381;41,381;41,381;41,381;41,381;41,381;41,381
4583;18,941;18,941;18,941;18,941;18,941;18,941;18,941;18,941;18,941;18,941
4584;18,941;18,941;18,941;18,941;18,941;18,941;18,941;18,941;18,941;18,941
4585;18,941;18,941;18,941;18,941;18,941;18,941;18,941;18,941;18,941;18,941
4586;17,101;17,101;17,101;17,101;17,101;17,101;17,101;17,101;17,101;17,101
4587;17,101;17,101;17,101;17,101;17,101;17,101;17,101;17,101;17,101;17,101
4588;41,381;41,381;41,381;41,381;41,381;41,381;41,381;41,381;41,381;41,381
4589;34,165;34,165;34,165;34,165;34,165;34,165;34,165;34,165;34,165;34,165
4590;51,465;51,465;51,465;51,465;51,465;51,465;51,465;51,465;51,465;51,465
4591;63,629;63,629;63,629;63,629;63,629;63,629;63,629;63,629;63,629;63,629
4592;52,661;52,661;52,661;52,661;52,661;52,661;52,661;52,661;52,661;52,661
4593;56,951;56,951;56,951;56,951;56,951;56,951;56,951;56,951;56,951;56,951
4594;57,119;57,119;57,119;57,119;57,119;57,119;57,119;57,119;57,119;57,119
4595;52,259;52,259;52,259;52,259;52,259;52,259;52,259;52,259;52,259;52,259
4596;42,623;42,623;42,623;42,623;42,623;42,623;42,623;42,623;42,623;42,623
4597;43,487;43,487;43,487;43,487;43,487;43,487;43,487;43,487;43,487;43,487
4598;41,327;41,327;41,327;41,327;41,327;41,327;41,327;41,327;41,327;41,327
4599;48,127;48,127;48,127;48,127;48,127;48,127;48,127;48,127;48,127;48,127
4600;55,167;55,167;55,167;55,167;55,167;55,167;55,167;55,167;55,167;55,167
4601;72,387;72,387;72,387;72,387;72,387;72,387;72,387;72,387;72,387;72,387
4602;80,067;80,067;80,067;80,067;80,067;80,067;80,067;80,067;80,067;80,067
4603;69,965;69,965;69,965;69,965;69,965;69,965;69,965;69,965;69,965;69,965
4604;51,829;51,829;51,829;51,829;51,829;51,829;51,829;51,829;51,829;51,829
4605;51,709;51,709;51,709;51,709;51,709;51,709;51,709;51,709;51,709;51,709
4606;41,381;41,381;41,381;41,381;41,381;41,381;41,381;41,381;41,381;41,381
4607;18,941;18,941;18,941;18,941;18,941;18,941;18,941;18,941;18,941;18,941
4608;18,941;18,941;18,941;18,941;18,941;18,941;18,941;18,941;18,941;18,941
4609;18,941;18,941;18,941;18,941;18,941;18,941;18,941;18,941;18,941;18,941
4610;17,101;17,101;17,101;17,101;17,101;17,101;17,101;17,101;17,101;17,101
4611;17,101;17,101;17,101;17,101;17,101;17,101;17,101;17,101;17,101;17,101
4612;41,381;41,381;41,381;41,381;41,381;41,381;41,381;41,381;41,381;41,381
4613;34,165;34,165;34,165;34,165;34,165;34,165;34,165;34,165;34,165;34,165
4614;51,465;51,465;51,465;51,465;51,465;51,465;51,465;51,465;51,465;51,465
4615;63,629;63,629;63,629;63,629;63,629;63,629;63,629;63,629;63,629;63,629
4616;52,661;52,661;52,661;52,661;52,661;52,661;52,661;52,661;52,661;52,661
4617;56,951;56,951;56,951;56,951;56,951;56,951;56,951;56,951;56,951;56,951
4618;57,119;57,119;57,119;57,119;57,119;57,119;57,119;57,119;57,119;57,119
4619;52,259;52,259;52,259;52,259;52,259;52,259;52,259;52,259;52,259;52,259
4620;42,623;42,623;42,623;42,623;42,623;42,623;42,623;42,623;42,623;42,623
4621;43,487;43,487;43,487;43,487;43,487;43,487;43,487;43,487;43,487;43,487
4622;41,327;41,327;41,327;41,327;41,327;41,327;41,327;41,327;41,327;41,327
4623;48,127;48,127;48,127;48,127;48,127;48,127;48,127;48,127;48,127;48,127
4624;55,167;55,167;55,167;55,167;55,167;55,167;55,167;55,167;55,167;55,167
4625;72,387;72,387;72,387;72,387;72,387;72,387;72,387;72,387;72,387;72,387
4626;80,067;80,067;80,067;80,067;80,067;80,067;80,067;80,067;80,067;80,067
4627;69,965;69,965;69,965;69,965;69,965;69,965;69,965;69,965;69,965;69,965
4628;51,829;51,829;51,829;51,829;51,829;51,829;51,829;51,829;51,829;51,829
4629;51,709;51,709;51,709;51,709;51,709;51,709;51,709;51,709;51,709;51,709
4630;41,381;41,381;41,381;41,381;41,381;41,381;41,381;41,381;41,381;41,381
4631;18,941;18,941;18,941;18,941;18,941;18,941;18,941;18,941;18,941;18,941
4632;18,941;18,941;18,941;18,941;18,941;18,941;18,941;18,941;18,941;18,941
4633;18,941;18,941;18,941;18,941;18,941;18,941;18,941;18,941;18,941;18,941
4634;17,101;17,101;17,101;17,101;17,101;17,101;17,101;17,101;17,101;17,101
4635;17,101;17,101;17,101;17,101;17,101;17,101;17,101;17,101;17,101;17,101
4636;41,381;41,381;41,381;41,381;41,381;41,381;41,381;41,381;41,381;41,381
4637;34,165;34,165;34,165;34,165;34,165;34,165;34,165;34,165;34,165;34,165
4638;51,465;51,465;51,465;51,465;51,465;51,465;51,465;51,465;51,465;51,465
4639;63,629;63,629;63,629;63,629;63,629;63,629;63,629;63,629;63,629;63,629
4640;52,661;52,661;52,661;52,661;52,661;52,661;52,661;52,661;52,661;52,661
4641;56,951;56,951;56,951;56,951;56,951;56,951;56,951;56,951;56,951;56,951
4642;57,119;57,119;57,119;57,119;57,119;57,119;57,119;57,119;57,119;57,119
4643;52,259;52,259;52,259;52,259;52,259;52,259;52,259;52,259;52,259;52,259
4644;42,623;42,623;42,623;42,623;42,623;42,623;42,623;42,623;42,623;42,623
4645;43,487;43,487;43,487;43,487;43,487;43,487;43,487;43,487;43,487;43,487
4646;41,327;41,327;41,327;41,327;41,327;41,327;41,327;41,327;41,327;41,327
4647;48,127;48,127;48,127;48,127;48,127;48,127;48,127;48,127;48,127;48,127
4648;55,167;55,167;55,167;55,167;55,167;55,167;55,167;55,167;55,167;55,167
4649;72,387;72,387;72,387;72,387;72,387;72,387;72,387;72,387;72,387;72,387
4650;80,067;80,067;80,067;80,067;80,067;80,067;80,067;80,067;80,067;80,067
4651;69,965;69,965;69,965;69,965;69,965;69,965;69,965;69,965;69,965;69,965
4652;51,829;51,829;51,829;51,829;51,829;51,829;51,829;51,829;51,829;51,829
4653;51,709;51,709;51,709;51,709;51,709;51,709;51,709;51,709;51,709;51,709
4654;41,381;41,381;41,381;41,381;41,381;41,381;41,381;41,381;41,381;41,381
4655;18,941;18,941;18,941;18,941;18,941;18,941;18,941;18,941;18,941;18,941
4656;18,941;18,941;18,941;18,941;18,941;18,941;18,941;18,941;18,941;18,941
4657;18,941;18,941;18,941;18,941;18,941;18,941;18,941;18,941;18,941;18,941
4658;17,101;17,101;17,101;17,101;17,101;17,101;17,101;17,101;17,101;17,101
4659;17,101;17,101;17,101;17,101;17,101;17,101;17,101;17,101;17,101;17,101
4660;41,381;41,381;41,381;41,381;41,381;41,381;41,381;41,381;41,381;41,381
4661;34,165;34,165;34,165;34,165;34,165;34,165;34,165;34,165;34,165;34,165
4662;51,465;51,465;51,465;51,465;51,465;51,465;51,465;51,465;51,465;51,465
4663;63,629;63,629;63,629;63,629;63,629;63,629;63,629;63,629;63,629;63,629
4664;52,661;52,661;52,661;52,661;52,661;52,661;52,661;52,661;52,661;52,661
4665;56,951;56,951;56,951;56,951;56,951;56,951;56,951;56,951;56,951;56,951
4666;57,119;57,119;57,119;57,119;57,119;57,119;57,119;57,119;57,119;57,119
4667;52,259;52,259;52,259;52,259;52,259;52,259;52,259;52,259;52,259;52,259
4668;42,623;42,623;42,623;42,623;42,623;42,623;42,623;42,623;42,623;42,623
4669;43,487;43,487;43,487;43,487;43,487;43,487;43,487;43,487;43,487;43,487
4670;41,327;41,327;41,327;41,327;41,327;41,327;41,327;41,327;41,327;41,327
4671;48,127;48,127;48,127;48,127;48,127;48,127;48,127;48,127;48,127;48,127
4672;55,167;55,167;55,167;55,167;55,167;55,167;55,167;55,167;55,167;55,167
4673;72,387;72,387;72,387;72,387;72,387;72,387;72,387;72,387;72,387;72,387
4674;80,067;80,067;80,067;80,067;80,067;80,067;80,067;80,067;80,067;80,067
4675;69,965;69,965;69,965;69,965;69,965;69,965;69,965;69,965;69,965;69,965
4676;51,829;51,829;51,829;51,829;51,829;51,829;51,829;51,829;51,829;51,829
4677;51,709;51,709;51,709;51,709;51,709;51,709;51,709;51,709;51,709;51,709
4678;41,381;41,381;41,381;41,381;41,381;41,381;41,381;41,381;41,381;41,381
4679;18,941;18,941;18,941;18,941;18,941;18,941;18,941;18,941;18,941;18,941
4680;18,941;18,941;18,941;18,941;18,941;18,941;18,941;18,941;18,941;18,941
4681;18,941;18,941;18,941;18,941;18,941;18,941;18,941;18,941;18,941;18,941
4682;17,101;17,101;17,101;17,101;17,101;17,101;17,101;17,101;17,101;17,101
4683;17,101;17,101;17,101;17,101;17,101;17,101;17,101;17,101;17,101;17,101
4684;41,381;41,381;41,381;41,381;41,381;41,381;41,381;41,381;41,381;41,381
4685;34,165;34,165;34,165;34,165;34,165;34,165;34,165;34,165;34,165;34,165
4686;51,465;51,465;51,465;51,465;51,465;51,465;51,465;51,465;51,465;51,465
4687;63,629;63,629;63,629;63,629;63,629;63,629;63,629;63,629;63,629;63,629
4688;52,661;52,661;52,661;52,661;52,661;52,661;52,661;52,661;52,661;52,661
4689;56,951;56,951;56,951;56,951;56,951;56,951;56,951;56,951;56,951;56,951
4690;57,119;57,119;57,119;57,119;57,119;57,119;57,119;57,119;57,119;57,119
4691;52,259;52,259;52,259;52,259;52,259;52,259;52,259;52,259;52,259;52,259
4692;42,623;42,623;42,623;42,623;42,623;42,623;42,623;42,623;42,623;42,623
4693;43,487;43,487;43,487;43,487;43,487;43,487;43,487;43,487;43,487;43,487
4694;41,327;41,327;41,327;41,327;41,327;41,327;41,327;41,327;41,327;41,327
4695;48,127;48,127;48,127;48,127;48,127;48,127;48,127;48,127;48,127;48,127
4696;55,167;55,167;55,167;55,167;55,167;55,167;55,167;55,167;55,167;55,167
4697;72,387;72,387;72,387;72,387;72,387;72,387;72,387;72,387;72,387;72,387
4698;80,067;80,067;80,067;80,067;80,067;80,067;80,067;80,067;80,067;80,067
4699;69,965;69,965;69,965;69,965;69,965;69,965;69,965;69,965;69,965;69,965
4700;51,829;51,829;51,829;51,829;51,829;51,829;51,829;51,829;51,829;51,829
4701;51,709;51,709;51,709;51,709;51,709;51,709;51,709;51,709;51,709;51,709
4702;41,381;41,381;41,381;41,381;41,381;41,381;41,381;41,381;41,381;41,381
4703;18,941;18,941;18,941;18,941;18,941;18,941;18,941;18,941;18,941;18,941
4704;18,941;18,941;18,941;18,941;18,941;18,941;18,941;18,941;18,941;18,941
4705;18,941;18,941;18,941;18,941;18,941;18,941;18,941;18,941;18,941;18,941
4706;17,101;17,101;17,101;17,101;17,101;17,101;17,101;17,101;17,101;17,101
4707;17,101;17,101;17,101;17,101;17,101;17,101;17,101;17,101;17,101;17,101
4708;41,381;41,381;41,381;41,381;41,381;41,381;41,381;41,381;41,381;41,381
4709;34,165;34,165;34,165;34,165;34,165;34,165;34,165;34,165;34,165;34,165
4710;51,465;51,465;51,465;51,465;51,465;51,465;51,465;51,465;51,465;51,465
4711;63,629;63,629;63,629;63,629;63,629;63,629;63,629;63,629;63,629;63,629
4712;52,661;52,661;52,661;52,661;52,661;52,661;52,661;52,661;52,661;52,661
4713;56,951;56,951;56,951;56,951;56,951;56,951;56,951;56,951;56,951;56,951
4714;57,119;57,119;57,119;57,119;57,119;57,119;57,119;57,119;57,119;57,119
4715;52,259;52,259;52,259;52,259;52,259;52,259;52,259;52,259;52,259;52,259
4716;42,623;42,623;42,623;42,623;42,623;42,623;42,623;42,623;42,623;42,623
4717;43,487;43,487;43,487;43,487;43,487;43,487;43,487;43,487;43,487;43,487
4718;41,327;41,327;41,327;41,327;41,327;41,327;41,327;41,327;41,327;41,327
4719;48,127;48,127;48,127;48,127;48,127;48,127;48,127;48,127;48,127;48,127
4720;55,167;55,167;55,167;55,167;55,167;55,167;55,167;55,167;55,167;55,167
4721;72,387;72,387;72,387;72,387;72,387;72,387;72,387;72,387;72,387;72,387
4722;80,067;80,067;80,067;80,067;80,067;80,067;80,067;80,067;80,067;80,067
4723;69,965;69,965;69,965;69,965;69,965;69,965;69,965;69,965;69,965;69,965
4724;51,829;51,829;51,829;51,829;51,829;51,829;51,829;51,829;51,829;51,829
4725;51,709;51,709;51,709;51,709;51,709;51,709;51,709;51,709;51,709;51,709
4726;41,381;41,381;41,381;41,381;41,381;41,381;41,381;41,381;41,381;41,381
4727;18,941;18,941;18,941;18,941;18,941;18,941;18,941;18,941;18,941;18,941
4728;18,941;18,941;18,941;18,941;18,941;18,941;18,941;18,941;18,941;18,941
4729;18,941;18,941;18,941;18,941;18,941;18,941;18,941;18,941;18,941;18,941
4730;17,101;17,101;17,101;17,101;17,101;17,101;17,101;17,101;17,101;17,101
4731;17,101;17,101;17,101;17,101;17,101;17,101;17,101;17,101;17,101;17,101
4732;41,381;41,381;41,381;41,381;41,381;41,381;41,381;41,381;41,381;41,381
4733;34,165;34,165;34,165;34,165;34,165;34,165;34,165;34,165;34,165;34,165
4734;51,465;51,465;51,465;51,465;51,465;51,465;51,465;51,465;51,465;51,465
4735;63,629;63,629;63,629;63,629;63,629;63,629;63,629;63,629;63,629;63,629
4736;52,661;52,661;52,661;52,661;52,661;52,661;52,661;52,661;52,661;52,661
4737;56,951;56,951;56,951;56,951;56,951;56,951;56,951;56,951;56,951;56,951
4738;57,119;57,119;57,119;57,119;57,119;57,119;57,119;57,119;57,119;57,119
4739;52,259;52,259;52,259;52,259;52,259;52,259;52,259;52,259;52,259;52,259
4740;42,623;42,623;42,623;42,623;42,623;42,623;42,623;42,623;42,623;42,623
4741;43,487;43,487;43,487;43,487;43,487;43,487;43,487;43,487;43,487;43,487
4742;41,327;41,327;41,327;41,327;41,327;41,327;41,327;41,327;41,327;41,327
4743;48,127;48,127;48,127;48,127;48,127;48,127;48,127;48,127;48,127;48,127
4744;55,167;55,167;55,167;55,167;55,167;55,167;55,167;55,167;55,167;55,167
4745;72,387;72,387;72,387;72,387;72,387;72,387;72,387;72,387;72,387;72,387
4746;80,067;80,067;80,067;80,067;80,067;80,067;80,067;80,067;80,067;80,067
4747;69,965;69,965;69,965;69,965;69,965;69,965;69,965;69,965;69,965;69,965
4748;51,829;51,829;51,829;51,829;51,829;51,829;51,829;51,829;51,829;51,829
4749;51,709;51,709;51,709;51,709;51,709;51,709;51,709;51,709;51,709;51,709
4750;41,381;41,381;41,381;41,381;41,381;41,381;41,381;41,381;41,381;41,381
4751;18,941;18,941;18,941;18,941;18,941;18,941;18,941;18,941;18,941;18,941
4752;18,941;18,941;18,941;18,941;18,941;18,941;18,941;18,941;18,941;18,941
4753;18,941;18,941;18,941;18,941;18,941;18,941;18,941;18,941;18,941;18,941
4754;17,101;17,101;17,101;17,101;17,101;17,101;17,101;17,101;17,101;17,101
4755;17,101;17,101;17,101;17,101;17,101;17,101;17,101;17,101;17,101;17,101
4756;41,381;41,381;41,381;41,381;41,381;41,381;41,381;41,381;41,381;41,381
4757;34,165;34,165;34,165;34,165;34,165;34,165;34,165;34,165;34,165;34,165
4758;51,465;51,465;51,465;51,465;51,465;51,465;51,465;51,465;51,465;51,465
4759;63,629;63,629;63,629;63,629;63,629;63,629;63,629;63,629;63,629;63,629
4760;52,661;52,661;52,661;52,661;52,661;52,661;52,661;52,661;52,661;52,661
4761;56,951;56,951;56,951;56,951;56,951;56,951;56,951;56,951;56,951;56,951
4762;57,119;57,119;57,119;57,119;57,119;57,119;57,119;57,119;57,119;57,119
4763;52,259;52,259;52,259;52,259;52,259;52,259;52,259;52,259;52,259;52,259
4764;42,623;42,623;42,623;42,623;42,623;42,623;42,623;42,623;42,623;42,623
4765;43,487;43,487;43,487;43,487;43,487;43,487;43,487;43,487;43,487;43,487
4766;41,327;41,327;41,327;41,327;41,327;41,327;41,327;41,327;41,327;41,327
4767;48,127;48,127;48,127;48,127;48,127;48,127;48,127;48,127;48,127;48,127
4768;55,167;55,167;55,167;55,167;55,167;55,167;55,167;55,167;55,167;55,167
4769;72,387;72,387;72,387;72,387;72,387;72,387;72,387;72,387;72,387;72,387
4770;80,067;80,067;80,067;80,067;80,067;80,067;80,067;80,067;80,067;80,067
4771;69,965;69,965;69,965;69,965;69,965;69,965;69,965;69,965;69,965;69,965
4772;51,829;51,829;51,829;51,829;51,829;51,829;51,829;51,829;51,829;51,829
4773;51,709;51,709;51,709;51,709;51,709;51,709;51,709;51,709;51,709;51,709
4774;41,381;41,381;41,381;41,381;41,381;41,381;41,381;41,381;41,381;41,381
4775;18,941;18,941;18,941;18,941;18,941;18,941;18,941;18,941;18,941;18,941
4776;18,941;18,941;18,941;18,941;18,941;18,941;18,941;18,941;18,941;18,941
4777;18,941;18,941;18,941;18,941;18,941;18,941;18,941;18,941;18,941;18,941
4778;17,101;17,101;17,101;17,101;17,101;17,101;17,101;17,101;17,101;17,101
4779;17,101;17,101;17,101;17,101;17,101;17,101;17,101;17,101;17,101;17,101
4780;41,381;41,381;41,381;41,381;41,381;41,381;41,381;41,381;41,381;41,381
4781;34,165;34,165;34,165;34,165;34,165;34,165;34,165;34,165;34,165;34,165
4782;51,465;51,465;51,465;51,465;51,465;51,465;51,465;51,465;51,465;51,465
4783;63,629;63,629;63,629;63,629;63,629;63,629;63,629;63,629;63,629;63,629
4784;52,661;52,661;52,661;52,661;52,661;52,661;52,661;52,661;52,661;52,661
4785;56,951;56,951;56,951;56,951;56,951;56,951;56,951;56,951;56,951;56,951
4786;57,119;57,119;57,119;57,119;57,119;57,119;57,119;57,119;57,119;57,119
4787;52,259;52,259;52,259;52,259;52,259;52,259;52,259;52,259;52,259;52,259
4788;42,623;42,623;42,623;42,623;42,623;42,623;42,623;42,623;42,623;42,623
4789;43,487;43,487;43,487;43,487;43,487;43,487;43,487;43,487;43,487;43,487
4790;41,327;41,327;41,327;41,327;41,327;41,327;41,327;41,327;41,327;41,327
4791;48,127;48,127;48,127;48,127;48,127;48,127;48,127;48,127;48,127;48,127
4792;55,167;55,167;55,167;55,167;55,167;55,167;55,167;55,167;55,167;55,167
4793;72,387;72,387;72,387;72,387;72,387;72,387;72,387;72,387;72,387;72,387
4794;80,067;80,067;80,067;80,067;80,067;80,067;80,067;80,067;80,067;80,067
4795;69,965;69,965;69,965;69,965;69,965;69,965;69,965;69,965;69,965;69,965
4796;51,829;51,829;51,829;51,829;51,829;51,829;51,829;51,829;51,829;51,829
4797;51,709;51,709;51,709;51,709;51,709;51,709;51,709;51,709;51,709;51,709
4798;41,381;41,381;41,381;41,381;41,381;41,381;41,381;41,381;41,381;41,381
4799;18,941;18,941;18,941;18,941;18,941;18,941;18,941;18,941;18,941;18,941
4800;18,941;18,941;18,941;18,941;18,941;18,941;18,941;18,941;18,941;18,941
4801;18,941;18,941;18,941;18,941;18,941;18,941;18,941;18,941;18,941;18,941
4802;17,101;17,101;17,101;17,101;17,101;17,101;17,101;17,101;17,101;17,101
4803;17,101;17,101;17,101;17,101;17,101;17,101;17,101;17,101;17,101;17,101
4804;41,381;41,381;41,381;41,381;41,381;41,381;41,381;41,381;41,381;41,381
4805;34,165;34,165;34,165;34,165;34,165;34,165;34,165;34,165;34,165;34,165
4806;51,465;51,465;51,465;51,465;51,465;51,465;51,465;51,465;51,465;51,465
4807;63,629;63,629;63,629;63,629;63,629;63,629;63,629;63,629;63,629;63,629
4808;52,661;52,661;52,661;52,661;52,661;52,661;52,661;52,661;52,661;52,661
4809;56,951;56,951;56,951;56,951;56,951;56,951;56,951;56,951;56,951;56,951
4810;57,119;57,119;57,119;57,119;57,119;57,119;57,119;57,119;57,119;57,119
4811;52,259;52,259;52,259;52,259;52,259;52,259;52,259;52,259;52,259;52,259
4812;42,623;42,623;42,623;42,623;42,623;42,623;42,623;42,623;42,623;42,623
4813;43,487;43,487;43,487;43,487;43,487;43,487;43,487;43,487;43,487;43,487
4814;41,327;41,327;41,327;41,327;41,327;41,327;41,327;41,327;41,327;41,327
4815;48,127;48,127;48,127;48,127;48,127;48,127;48,127;48,127;48,127;48,127
4816;55,167;55,167;55,167;55,167;55,167;55,167;55,167;55,167;55,167;55,167
4817;72,387;72,387;72,387;72,387;72,387;72,387;72,387;72,387;72,387;72,387
4818;80,067;80,067;80,067;80,067;80,067;80,067;80,067;80,067;80,067;80,067
4819;69,965;69,965;69,965;69,965;69,965;69,965;69,965;69,965;69,965;69,965
4820;51,829;51,829;51,829;51,829;51,829;51,829;51,829;51,829;51,829;51,829
4821;51,709;51,709;51,709;51,709;51,709;51,709;51,709;51,709;51,709;51,709
4822;41,381;41,381;41,381;41,381;41,381;41,381;41,381;41,381;41,381;41,381
4823;18,941;18,941;18,941;18,941;18,941;18,941;18,941;18,941;18,941;18,941
4824;18,941;18,941;18,941;18,941;18,941;18,941;18,941;18,941;18,941;18,941
4825;18,941;18,941;18,941;18,941;18,941;18,941;18,941;18,941;18,941;18,941
4826;17,101;17,101;17,101;17,101;17,101;17,101;17,101;17,101;17,101;17,101
4827;17,101;17,101;17,101;17,101;17,101;17,101;17,101;17,101;17,101;17,101
4828;41,381;41,381;41,381;41,381;41,381;41,381;41,381;41,381;41,381;41,381
4829;34,165;34,165;34,165;34,165;34,165;34,165;34,165;34,165;34,165;34,165
4830;51,465;51,465;51,465;51,465;51,465;51,465;51,465;51,465;51,465;51,465
4831;63,629;63,629;63,629;63,629;63,629;63,629;63,629;63,629;63,629;63,629
4832;52,661;52,661;52,661;52,661;52,661;52,661;52,661;52,661;52,661;52,661
4833;56,951;56,951;56,951;56,951;56,951;56,951;56,951;56,951;56,951;56,951
4834;57,119;57,119;57,119;57,119;57,119;57,119;57,119;57,119;57,119;57,119
4835;52,259;52,259;52,259;52,259;52,259;52,259;52,259;52,259;52,259;52,259
4836;42,623;42,623;42,623;42,623;42,623;42,623;42,623;42,623;42,623;42,623
4837;43,487;43,487;43,487;43,487;43,487;43,487;43,487;43,487;43,487;43,487
4838;41,327;41,327;41,327;41,327;41,327;41,327;41,327;41,327;41,327;41,327
4839;48,127;48,127;48,127;48,127;48,127;48,127;48,127;48,127;48,127;48,127
4840;55,167;55,167;55,167;55,167;55,167;55,167;55,167;55,167;55,167;55,167
4841;72,387;72,387;72,387;72,387;72,387;72,387;72,387;72,387;72,387;72,387
4842;80,067;80,067;80,067;80,067;80,067;80,067;80,067;80,067;80,067;80,067
4843;69,965;69,965;69,965;69,965;69,965;69,965;69,965;69,965;69,965;69,965
4844;51,829;51,829;51,829;51,829;51,829;51,829;51,829;51,829;51,829;51,829
4845;51,709;51,709;51,709;51,709;51,709;51,709;51,709;51,709;51,709;51,709
4846;41,381;41,381;41,381;41,381;41,381;41,381;41,381;41,381;41,381;41,381
4847;18,941;18,941;18,941;18,941;18,941;18,941;18,941;18,941;18,941;18,941
4848;18,941;18,941;18,941;18,941;18,941;18,941;18,941;18,941;18,941;18,941
4849;18,941;18,941;18,941;18,941;18,941;18,941;18,941;18,941;18,941;18,941
4850;17,101;17,101;17,101;17,101;17,101;17,101;17,101;17,101;17,101;17,101
4851;17,101;17,101;17,101;17,101;17,101;17,101;17,101;17,101;17,101;17,101
4852;41,381;41,381;41,381;41,381;41,381;41,381;41,381;41,381;41,381;41,381
4853;34,165;34,165;34,165;34,165;34,165;34,165;34,165;34,165;34,165;34,165
4854;51,465;51,465;51,465;51,465;51,465;51,465;51,465;51,465;51,465;51,465
4855;63,629;63,629;63,629;63,629;63,629;63,629;63,629;63,629;63,629;63,629
4856;52,661;52,661;52,661;52,661;52,661;52,661;52,661;52,661;52,661;52,661
4857;56,951;56,951;56,951;56,951;56,951;56,951;56,951;56,951;56,951;56,951
4858;57,119;57,119;57,119;57,119;57,119;57,119;57,119;57,119;57,119;57,119
4859;52,259;52,259;52,259;52,259;52,259;52,259;52,259;52,259;52,259;52,259
4860;42,623;42,623;42,623;42,623;42,623;42,623;42,623;42,623;42,623;42,623
4861;43,487;43,487;43,487;43,487;43,487;43,487;43,487;43,487;43,487;43,487
4862;41,327;41,327;41,327;41,327;41,327;41,327;41,327;41,327;41,327;41,327
4863;48,127;48,127;48,127;48,127;48,127;48,127;48,127;48,127;48,127;48,127
4864;55,167;55,167;55,167;55,167;55,167;55,167;55,167;55,167;55,167;55,167
4865;72,387;72,387;72,387;72,387;72,387;72,387;72,387;72,387;72,387;72,387
4866;80,067;80,067;80,067;80,067;80,067;80,067;80,067;80,067;80,067;80,067
4867;69,965;69,965;69,965;69,965;69,965;69,965;69,965;69,965;69,965;69,965
4868;51,829;51,829;51,829;51,829;51,829;51,829;51,829;51,829;51,829;51,829
4869;51,709;51,709;51,709;51,709;51,709;51,709;51,709;51,709;51,709;51,709
4870;41,381;41,381;41,381;41,381;41,381;41,381;41,381;41,381;41,381;41,381
4871;18,941;18,941;18,941;18,941;18,941;18,941;18,941;18,941;18,941;18,941
4872;18,941;18,941;18,941;18,941;18,941;18,941;18,941;18,941;18,941;18,941
4873;18,941;18,941;18,941;18,941;18,941;18,941;18,941;18,941;18,941;18,941
4874;17,101;17,101;17,101;17,101;17,101;17,101;17,101;17,101;17,101;17,101
4875;17,101;17,101;17,101;17,101;17,101;17,101;17,101;17,101;17,101;17,101
4876;41,381;41,381;41,381;41,381;41,381;41,381;41,381;41,381;41,381;41,381
4877;34,165;34,165;34,165;34,165;34,165;34,165;34,165;34,165;34,165;34,165
4878;51,465;51,465;51,465;51,465;51,465;51,465;51,465;51,465;51,465;51,465
4879;63,629;63,629;63,629;63,629;63,629;63,629;63,629;63,629;63,629;63,629
4880;52,661;52,661;52,661;52,661;52,661;52,661;52,661;52,661;52,661;52,661
4881;56,951;56,951;56,951;56,951;56,951;56,951;56,951;56,951;56,951;56,951
4882;57,119;57,119;57,119;57,119;57,119;57,119;57,119;57,119;57,119;57,119
4883;52,259;52,259;52,259;52,259;52,259;52,259;52,259;52,259;52,259;52,259
4884;42,623;42,623;42,623;42,623;42,623;42,623;42,623;42,623;42,623;42,623
4885;43,487;43,487;43,487;43,487;43,487;43,487;43,487;43,487;43,487;43,487
4886;41,327;41,327;41,327;41,327;41,327;41,327;41,327;41,327;41,327;41,327
4887;48,127;48,127;48,127;48,127;48,127;48,127;48,127;48,127;48,127;48,127
4888;55,167;55,167;55,167;55,167;55,167;55,167;55,167;55,167;55,167;55,167
4889;72,387;72,387;72,387;72,387;72,387;72,387;72,387;72,387;72,387;72,387
4890;80,067;80,067;80,067;80,067;80,067;80,067;80,067;80,067;80,067;80,067
4891;69,965;69,965;69,965;69,965;69,965;69,965;69,965;69,965;69,965;69,965
4892;51,829;51,829;51,829;51,829;51,829;51,829;51,829;51,829;51,829;51,829
4893;51,709;51,709;51,709;51,709;51,709;51,709;51,709;51,709;51,709;51,709
4894;41,381;41,381;41,381;41,381;41,381;41,381;41,381;41,381;41,381;41,381
4895;18,941;18,941;18,941;18,941;18,941;18,941;18,941;18,941;18,941;18,941
4896;18,941;18,941;18,941;18,941;18,941;18,941;18,941;18,941;18,941;18,941
4897;18,941;18,941;18,941;18,941;18,941;18,941;18,941;18,941;18,941;18,941
4898;17,101;17,101;17,101;17,101;17,101;17,101;17,101;17,101;17,101;17,101
4899;17,101;17,101;17,101;17,101;17,101;17,101;17,101;17,101;17,101;17,101
4900;41,381;41,381;41,381;41,381;41,381;41,381;41,381;41,381;41,381;41,381
4901;34,165;34,165;34,165;34,165;34,165;34,165;34,165;34,165;34,165;34,165
4902;51,465;51,465;51,465;51,465;51,465;51,465;51,465;51,465;51,465;51,465
4903;63,629;63,629;63,629;63,629;63,629;63,629;63,629;63,629;63,629;63,629
4904;52,661;52,661;52,661;52,661;52,661;52,661;52,661;52,661;52,661;52,661
4905;56,951;56,951;56,951;56,951;56,951;56,951;56,951;56,951;56,951;56,951
4906;57,119;57,119;57,119;57,119;57,119;57,119;57,119;57,119;57,119;57,119
4907;52,259;52,259;52,259;52,259;52,259;52,259;52,259;52,259;52,259;52,259
4908;42,623;42,623;42,623;42,623;42,623;42,623;42,623;42,623;42,623;42,623
4909;43,487;43,487;43,487;43,487;43,487;43,487;43,487;43,487;43,487;43,487
4910;41,327;41,327;41,327;41,327;41,327;41,327;41,327;41,327;41,327;41,327
4911;48,127;48,127;48,127;48,127;48,127;48,127;48,127;48,127;48,127;48,127
4912;55,167;55,167;55,167;55,167;55,167;55,167;55,167;55,167;55,167;55,167
4913;72,387;72,387;72,387;72,387;72,387;72,387;72,387;72,387;72,387;72,387
4914;80,067;80,067;80,067;80,067;80,067;80,067;80,067;80,067;80,067;80,067
4915;69,965;69,965;69,965;69,965;69,965;69,965;69,965;69,965;69,965;69,965
4916;51,829;51,829;51,829;51,829;51,829;51,829;51,829;51,829;51,829;51,829
4917;51,709;51,709;51,709;51,709;51,709;51,709;51,709;51,709;51,709;51,709
4918;41,381;41,381;41,381;41,381;41,381;41,381;41,381;41,381;41,381;41,381
4919;18,941;18,941;18,941;18,941;18,941;18,941;18,941;18,941;18,941;18,941
4920;18,941;18,941;18,941;18,941;18,941;18,941;18,941;18,941;18,941;18,941
4921;18,941;18,941;18,941;18,941;18,941;18,941;18,941;18,941;18,941;18,941
4922;17,101;17,101;17,101;17,101;17,101;17,101;17,101;17,101;17,101;17,101
4923;17,101;17,101;17,101;17,101;17,101;17,101;17,101;17,101;17,101;17,101
4924;41,381;41,381;41,381;41,381;41,381;41,381;41,381;41,381;41,381;41,381
4925;34,165;34,165;34,165;34,165;34,165;34,165;34,165;34,165;34,165;34,165
4926;51,465;51,465;51,465;51,465;51,465;51,465;51,465;51,465;51,465;51,465
4927;63,629;63,629;63,629;63,629;63,629;63,629;63,629;63,629;63,629;63,629
4928;52,661;52,661;52,661;52,661;52,661;52,661;52,661;52,661;52,661;52,661
4929;56,951;56,951;56,951;56,951;56,951;56,951;56,951;56,951;56,951;56,951
4930;57,119;57,119;57,119;57,119;57,119;57,119;57,119;57,119;57,119;57,119
4931;52,259;52,259;52,259;52,259;52,259;52,259;52,259;52,259;52,259;52,259
4932;42,623;42,623;42,623;42,623;42,623;42,623;42,623;42,623;42,623;42,623
4933;43,487;43,487;43,487;43,487;43,487;43,487;43,487;43,487;43,487;43,487
4934;41,327;41,327;41,327;41,327;41,327;41,327;41,327;41,327;41,327;41,327
4935;48,127;48,127;48,127;48,127;48,127;48,127;48,127;48,127;48,127;48,127
4936;55,167;55,167;55,167;55,167;55,167;55,167;55,167;55,167;55,167;55,167
4937;72,387;72,387;72,387;72,387;72,387;72,387;72,387;72,387;72,387;72,387
4938;80,067;80,067;80,067;80,067;80,067;80,067;80,067;80,067;80,067;80,067
4939;69,965;69,965;69,965;69,965;69,965;69,965;69,965;69,965;69,965;69,965
4940;51,829;51,829;51,829;51,829;51,829;51,829;51,829;51,829;51,829;51,829
4941;51,709;51,709;51,709;51,709;51,709;51,709;51,709;51,709;51,709;51,709
4942;41,381;41,381;41,381;41,381;41,381;41,381;41,381;41,381;41,381;41,381
4943;18,941;18,941;18,941;18,941;18,941;18,941;18,941;18,941;18,941;18,941
4944;18,941;18,941;18,941;18,941;18,941;18,941;18,941;18,941;18,941;18,941
4945;18,941;18,941;18,941;18,941;18,941;18,941;18,941;18,941;18,941;18,941
4946;17,101;17,101;17,101;17,101;17,101;17,101;17,101;17,101;17,101;17,101
4947;17,101;17,101;17,101;17,101;17,101;17,101;17,101;17,101;17,101;17,101
4948;41,381;41,381;41,381;41,381;41,381;41,381;41,381;41,381;41,381;41,381
4949;34,165;34,165;34,165;34,165;34,165;34,165;34,165;34,165;34,165;34,165
4950;51,465;51,465;51,465;51,465;51,465;51,465;51,465;51,465;51,465;51,465
4951;63,629;63,629;63,629;63,629;63,629;63,629;63,629;63,629;63,629;63,629
4952;52,661;52,661;52,661;52,661;52,661;52,661;52,661;52,661;52,661;52,661
4953;56,951;56,951;56,951;56,951;56,951;56,951;56,951;56,951;56,951;56,951
4954;57,119;57,119;57,119;57,119;57,119;57,119;57,119;57,119;57,119;57,119
4955;52,259;52,259;52,259;52,259;52,259;52,259;52,259;52,259;52,259;52,259
4956;42,623;42,623;42,623;42,623;42,623;42,623;42,623;42,623;42,623;42,623
4957;43,487;43,487;43,487;43,487;43,487;43,487;43,487;43,487;43,487;43,487
4958;41,327;41,327;41,327;41,327;41,327;41,327;41,327;41,327;41,327;41,327
4959;48,127;48,127;48,127;48,127;48,127;48,127;48,127;48,127;48,127;48,127
4960;55,167;55,167;55,167;55,167;55,167;55,167;55,167;55,167;55,167;55,167
4961;72,387;72,387;72,387;72,387;72,387;72,387;72,387;72,387;72,387;72,387
4962;80,067;80,067;80,067;80,067;80,067;80,067;80,067;80,067;80,067;80,067
4963;69,965;69,965;69,965;69,965;69,965;69,965;69,965;69,965;69,965;69,965
4964;51,829;51,829;51,829;51,829;51,829;51,829;51,829;51,829;51,829;51,829
4965;51,709;51,709;51,709;51,709;51,709;51,709;51,709;51,709;51,709;51,709
4966;41,381;41,381;41,381;41,381;41,381;41,381;41,381;41,381;41,381;41,381
4967;18,941;18,941;18,941;18,941;18,941;18,941;18,941;18,941;18,941;18,941
4968;18,941;18,941;18,941;18,941;18,941;18,941;18,941;18,941;18,941;18,941
4969;18,941;18,941;18,941;18,941;18,941;18,941;18,941;18,941;18,941;18,941
4970;17,101;17,101;17,101;17,101;17,101;17,101;17,101;17,101;17,101;17,101
4971;17,101;17,101;17,101;17,101;17,101;17,101;17,101;17,101;17,101;17,101
4972;41,381;41,381;41,381;41,381;41,381;41,381;41,381;41,381;41,381;41,381
4973;34,165;34,165;34,165;34,165;34,165;34,165;34,165;34,165;34,165;34,165
4974;51,465;51,465;51,465;51,465;51,465;51,465;51,465;51,465;51,465;51,465
4975;63,629;63,629;63,629;63,629;63,629;63,629;63,629;63,629;63,629;63,629
4976;52,661;52,661;52,661;52,661;52,661;52,661;52,661;52,661;52,661;52,661
4977;56,951;56,951;56,951;56,951;56,951;56,951;56,951;56,951;56,951;56,951
4978;57,119;57,119;57,119;57,119;57,119;57,119;57,119;57,119;57,119;57,119
4979;52,259;52,259;52,259;52,259;52,259;52,259;52,259;52,259;52,259;52,259
4980;42,623;42,623;42,623;42,623;42,623;42,623;42,623;42,623;42,623;42,623
4981;43,487;43,487;43,487;43,487;43,487;43,487;43,487;43,487;43,487;43,487
4982;41,327;41,327;41,327;41,327;41,327;41,327;41,327;41,327;41,327;41,327
4983;48,127;48,127;48,127;48,127;48,127;48,127;48,127;48,127;48,127;48,127
4984;55,167;55,167;55,167;55,167;55,167;55,167;55,167;55,167;55,167;55,167
4985;72,387;72,387;72,387;72,387;72,387;72,387;72,387;72,387;72,387;72,387
4986;80,067;80,067;80,067;80,067;80,067;80,067;80,067;80,067;80,067;80,067
4987;69,965;69,965;69,965;69,965;69,965;69,965;69,965;69,965;69,965;69,965
4988;51,829;51,829;51,829;51,829;51,829;51,829;51,829;51,829;51,829;51,829
4989;51,709;51,709;51,709;51,709;51,709;51,709;51,709;51,709;51,709;51,709
4990;41,381;41,381;41,381;41,381;41,381;41,381;41,381;41,381;41,381;41,381
4991;18,941;18,941;18,941;18,941;18,941;18,941;18,941;18,941;18,941;18,941
4992;18,941;18,941;18,941;18,941;18,941;18,941;18,941;18,941;18,941;18,941
4993;18,941;18,941;18,941;18,941;18,941;18,941;18,941;18,941;18,941;18,941
4994;17,101;17,101;17,101;17,101;17,101;17,101;17,101;17,101;17,101;17,101
4995;17,101;17,101;17,101;17,101;17,101;17,101;17,101;17,101;17,101;17,101
4996;41,381;41,381;41,381;41,381;41,381;41,381;41,381;41,381;41,381;41,381
4997;34,165;34,165;34,165;34,165;34,165;34,165;34,165;34,165;34,165;34,165
4998;51,465;51,465;51,465;51,465;51,465;51,465;51,465;51,465;51,465;51,465
4999;63,629;63,629;63,629;63,629;63,629;63,629;63,629;63,629;63,629;63,629
5000;52,661;52,661;52,661;52,661;52,661;52,661;52,661;52,661;52,661;52,661
5001;56,951;56,951;56,951;56,951;56,951;56,951;56,951;56,951;56,951;56,951
5002;57,119;57,119;57,119;57,119;57,119;57,119;57,119;57,119;57,119;57,119
5003;52,259;52,259;52,259;52,259;52,259;52,259;52,259;52,259;52,259;52,259
5004;42,623;42,623;42,623;42,623;42,623;42,623;42,623;42,623;42,623;42,623
5005;43,487;43,487;43,487;43,487;43,487;43,487;43,487;43,487;43,487;43,487
5006;41,327;41,327;41,327;41,327;41,327;41,327;41,327;41,327;41,327;41,327
5007;48,127;48,127;48,127;48,127;48,127;48,127;48,127;48,127;48,127;48,127
5008;55,167;55,167;55,167;55,167;55,167;55,167;55,167;55,167;55,167;55,167
5009;72,387;72,387;72,387;72,387;72,387;72,387;72,387;72,387;72,387;72,387
5010;80,067;80,067;80,067;80,067;80,067;80,067;80,067;80,067;80,067;80,067
5011;69,965;69,965;69,965;69,965;69,965;69,965;69,965;69,965;69,965;69,965
5012;51,829;51,829;51,829;51,829;51,829;51,829;51,829;51,829;51,829;51,829
5013;51,709;51,709;51,709;51,709;51,709;51,709;51,709;51,709;51,709;51,709
5014;41,381;41,381;41,381;41,381;41,381;41,381;41,381;41,381;41,381;41,381
5015;18,941;18,941;18,941;18,941;18,941;18,941;18,941;18,941;18,941;18,941
5016;18,941;18,941;18,941;18,941;18,941;18,941;18,941;18,941;18,941;18,941
5017;18,941;18,941;18,941;18,941;18,941;18,941;18,941;18,941;18,941;18,941
5018;17,101;17,101;17,101;17,101;17,101;17,101;17,101;17,101;17,101;17,101
5019;17,101;17,101;17,101;17,101;17,101;17,101;17,101;17,101;17,101;17,101
5020;41,381;41,381;41,381;41,381;41,381;41,381;41,381;41,381;41,381;41,381
5021;34,165;34,165;34,165;34,165;34,165;34,165;34,165;34,165;34,165;34,165
5022;51,465;51,465;51,465;51,465;51,465;51,465;51,465;51,465;51,465;51,465
5023;63,629;63,629;63,629;63,629;63,629;63,629;63,629;63,629;63,629;63,629
5024;52,661;52,661;52,661;52,661;52,661;52,661;52,661;52,661;52,661;52,661
5025;56,951;56,951;56,951;56,951;56,951;56,951;56,951;56,951;56,951;56,951
5026;57,119;57,119;57,119;57,119;57,119;57,119;57,119;57,119;57,119;57,119
5027;52,259;52,259;52,259;52,259;52,259;52,259;52,259;52,259;52,259;52,259
5028;42,623;42,623;42,623;42,623;42,623;42,623;42,623;42,623;42,623;42,623
5029;43,487;43,487;43,487;43,487;43,487;43,487;43,487;43,487;43,487;43,487
5030;41,327;41,327;41,327;41,327;41,327;41,327;41,327;41,327;41,327;41,327
5031;48,127;48,127;48,127;48,127;48,127;48,127;48,127;48,127;48,127;48,127
5032;55,167;55,167;55,167;55,167;55,167;55,167;55,167;55,167;55,167;55,167
5033;72,387;72,387;72,387;72,387;72,387;72,387;72,387;72,387;72,387;72,387
5034;80,067;80,067;80,067;80,067;80,067;80,067;80,067;80,067;80,067;80,067
5035;69,965;69,965;69,965;69,965;69,965;69,965;69,965;69,965;69,965;69,965
5036;51,829;51,829;51,829;51,829;51,829;51,829;51,829;51,829;51,829;51,829
5037;51,709;51,709;51,709;51,709;51,709;51,709;51,709;51,709;51,709;51,709
5038;41,381;41,381;41,381;41,381;41,381;41,381;41,381;41,381;41,381;41,381
5039;18,941;18,941;18,941;18,941;18,941;18,941;18,941;18,941;18,941;18,941
5040;18,941;18,941;18,941;18,941;18,941;18,941;18,941;18,941;18,941;18,941
5041;18,941;18,941;18,941;18,941;18,941;18,941;18,941;18,941;18,941;18,941
5042;17,101;17,101;17,101;17,101;17,101;17,101;17,101;17,101;17,101;17,101
5043;17,101;17,101;17,101;17,101;17,101;17,101;17,101;17,101;17,101;17,101
5044;41,381;41,381;41,381;41,381;41,381;41,381;41,381;41,381;41,381;41,381
5045;34,165;34,165;34,165;34,165;34,165;34,165;34,165;34,165;34,165;34,165
5046;51,465;51,465;51,465;51,465;51,465;51,465;51,465;51,465;51,465;51,465
5047;63,629;63,629;63,629;63,629;63,629;63,629;63,629;63,629;63,629;63,629
5048;52,661;52,661;52,661;52,661;52,661;52,661;52,661;52,661;52,661;52,661
5049;56,951;56,951;56,951;56,951;56,951;56,951;56,951;56,951;56,951;56,951
5050;57,119;57,119;57,119;57,119;57,119;57,119;57,119;57,119;57,119;57,119
5051;52,259;52,259;52,259;52,259;52,259;52,259;52,259;52,259;52,259;52,259
5052;42,623;42,623;42,623;42,623;42,623;42,623;42,623;42,623;42,623;42,623
5053;43,487;43,487;43,487;43,487;43,487;43,487;43,487;43,487;43,487;43,487
5054;41,327;41,327;41,327;41,327;41,327;41,327;41,327;41,327;41,327;41,327
5055;48,127;48,127;48,127;48,127;48,127;48,127;48,127;48,127;48,127;48,127
5056;55,167;55,167;55,167;55,167;55,167;55,167;55,167;55,167;55,167;55,167
5057;72,387;72,387;72,387;72,387;72,387;72,387;72,387;72,387;72,387;72,387
5058;80,067;80,067;80,067;80,067;80,067;80,067;80,067;80,067;80,067;80,067
5059;69,965;69,965;69,965;69,965;69,965;69,965;69,965;69,965;69,965;69,965
5060;51,829;51,829;51,829;51,829;51,829;51,829;51,829;51,829;51,829;51,829
5061;51,709;51,709;51,709;51,709;51,709;51,709;51,709;51,709;51,709;51,709
5062;41,381;41,381;41,381;41,381;41,381;41,381;41,381;41,381;41,381;41,381
5063;18,941;18,941;18,941;18,941;18,941;18,941;18,941;18,941;18,941;18,941
5064;18,941;18,941;18,941;18,941;18,941;18,941;18,941;18,941;18,941;18,941
5065;18,941;18,941;18,941;18,941;18,941;18,941;18,941;18,941;18,941;18,941
5066;17,101;17,101;17,101;17,101;17,101;17,101;17,101;17,101;17,101;17,101
5067;17,101;17,101;17,101;17,101;17,101;17,101;17,101;17,101;17,101;17,101
5068;41,381;41,381;41,381;41,381;41,381;41,381;41,381;41,381;41,381;41,381
5069;34,165;34,165;34,165;34,165;34,165;34,165;34,165;34,165;34,165;34,165
5070;51,465;51,465;51,465;51,465;51,465;51,465;51,465;51,465;51,465;51,465
5071;63,629;63,629;63,629;63,629;63,629;63,629;63,629;63,629;63,629;63,629
5072;52,661;52,661;52,661;52,661;52,661;52,661;52,661;52,661;52,661;52,661
5073;56,951;56,951;56,951;56,951;56,951;56,951;56,951;56,951;56,951;56,951
5074;57,119;57,119;57,119;57,119;57,119;57,119;57,119;57,119;57,119;57,119
5075;52,259;52,259;52,259;52,259;52,259;52,259;52,259;52,259;52,259;52,259
5076;42,623;42,623;42,623;42,623;42,623;42,623;42,623;42,623;42,623;42,623
5077;43,487;43,487;43,487;43,487;43,487;43,487;43,487;43,487;43,487;43,487
5078;41,327;41,327;41,327;41,327;41,327;41,327;41,327;41,327;41,327;41,327
5079;48,127;48,127;48,127;48,127;48,127;48,127;48,127;48,127;48,127;48,127
5080;55,167;55,167;55,167;55,167;55,167;55,167;55,167;55,167;55,167;55,167
5081;72,387;72,387;72,387;72,387;72,387;72,387;72,387;72,387;72,387;72,387
5082;80,067;80,067;80,067;80,067;80,067;80,067;80,067;80,067;80,067;80,067
5083;69,965;69,965;69,965;69,965;69,965;69,965;69,965;69,965;69,965;69,965
5084;51,829;51,829;51,829;51,829;51,829;51,829;51,829;51,829;51,829;51,829
5085;51,709;51,709;51,709;51,709;51,709;51,709;51,709;51,709;51,709;51,709
5086;41,381;41,381;41,381;41,381;41,381;41,381;41,381;41,381;41,381;41,381
5087;18,941;18,941;18,941;18,941;18,941;18,941;18,941;18,941;18,941;18,941
5088;18,941;18,941;18,941;18,941;18,941;18,941;18,941;18,941;18,941;18,941
5089;18,941;18,941;18,941;18,941;18,941;18,941;18,941;18,941;18,941;18,941
5090;17,101;17,101;17,101;17,101;17,101;17,101;17,101;17,101;17,101;17,101
5091;17,101;17,101;17,101;17,101;17,101;17,101;17,101;17,101;17,101;17,101
5092;41,381;41,381;41,381;41,381;41,381;41,381;41,381;41,381;41,381;41,381
5093;34,165;34,165;34,165;34,165;34,165;34,165;34,165;34,165;34,165;34,165
5094;51,465;51,465;51,465;51,465;51,465;51,465;51,465;51,465;51,465;51,465
5095;63,629;63,629;63,629;63,629;63,629;63,629;63,629;63,629;63,629;63,629
5096;52,661;52,661;52,661;52,661;52,661;52,661;52,661;52,661;52,661;52,661
5097;56,951;56,951;56,951;56,951;56,951;56,951;56,951;56,951;56,951;56,951
5098;57,119;57,119;57,119;57,119;57,119;57,119;57,119;57,119;57,119;57,119
5099;52,259;52,259;52,259;52,259;52,259;52,259;52,259;52,259;52,259;52,259
5100;42,623;42,623;42,623;42,623;42,623;42,623;42,623;42,623;42,623;42,623
5101;43,487;43,487;43,487;43,487;43,487;43,487;43,487;43,487;43,487;43,487
5102;41,327;41,327;41,327;41,327;41,327;41,327;41,327;41,327;41,327;41,327
5103;48,127;48,127;48,127;48,127;48,127;48,127;48,127;48,127;48,127;48,127
5104;55,167;55,167;55,167;55,167;55,167;55,167;55,167;55,167;55,167;55,167
5105;72,387;72,387;72,387;72,387;72,387;72,387;72,387;72,387;72,387;72,387
5106;80,067;80,067;80,067;80,067;80,067;80,067;80,067;80,067;80,067;80,067
5107;69,965;69,965;69,965;69,965;69,965;69,965;69,965;69,965;69,965;69,965
5108;51,829;51,829;51,829;51,829;51,829;51,829;51,829;51,829;51,829;51,829
5109;51,709;51,709;51,709;51,709;51,709;51,709;51,709;51,709;51,709;51,709
5110;41,381;41,381;41,381;41,381;41,381;41,381;41,381;41,381;41,381;41,381
5111;18,941;18,941;18,941;18,941;18,941;18,941;18,941;18,941;18,941;18,941
5112;18,941;18,941;18,941;18,941;18,941;18,941;18,941;18,941;18,941;18,941
5113;18,941;18,941;18,941;18,941;18,941;18,941;18,941;18,941;18,941;18,941
5114;17,101;17,101;17,101;17,101;17,101;17,101;17,101;17,101;17,101;17,101
5115;17,101;17,101;17,101;17,101;17,101;17,101;17,101;17,101;17,101;17,101
5116;41,381;41,381;41,381;41,381;41,381;41,381;41,381;41,381;41,381;41,381
5117;34,165;34,165;34,165;34,165;34,165;34,165;34,165;34,165;34,165;34,165
5118;51,465;51,465;51,465;51,465;51,465;51,465;51,465;51,465;51,465;51,465
5119;63,629;63,629;63,629;63,629;63,629;63,629;63,629;63,629;63,629;63,629
5120;52,661;52,661;52,661;52,661;52,661;52,661;52,661;52,661;52,661;52,661
5121;56,951;56,951;56,951;56,951;56,951;56,951;56,951;56,951;56,951;56,951
5122;57,119;57,119;57,119;57,119;57,119;57,119;57,119;57,119;57,119;57,119
5123;52,259;52,259;52,259;52,259;52,259;52,259;52,259;52,259;52,259;52,259
5124;42,623;42,623;42,623;42,623;42,623;42,623;42,623;42,623;42,623;42,623
5125;43,487;43,487;43,487;43,487;43,487;43,487;43,487;43,487;43,487;43,487
5126;41,327;41,327;41,327;41,327;41,327;41,327;41,327;41,327;41,327;41,327
5127;48,127;48,127;48,127;48,127;48,127;48,127;48,127;48,127;48,127;48,127
5128;55,167;55,167;55,167;55,167;55,167;55,167;55,167;55,167;55,167;55,167
5129;72,387;72,387;72,387;72,387;72,387;72,387;72,387;72,387;72,387;72,387
5130;80,067;80,067;80,067;80,067;80,067;80,067;80,067;80,067;80,067;80,067
5131;69,965;69,965;69,965;69,965;69,965;69,965;69,965;69,965;69,965;69,965
5132;51,829;51,829;51,829;51,829;51,829;51,829;51,829;51,829;51,829;51,829
5133;51,709;51,709;51,709;51,709;51,709;51,709;51,709;51,709;51,709;51,709
5134;41,381;41,381;41,381;41,381;41,381;41,381;41,381;41,381;41,381;41,381
5135;18,941;18,941;18,941;18,941;18,941;18,941;18,941;18,941;18,941;18,941
5136;18,941;18,941;18,941;18,941;18,941;18,941;18,941;18,941;18,941;18,941
5137;18,941;18,941;18,941;18,941;18,941;18,941;18,941;18,941;18,941;18,941
5138;17,101;17,101;17,101;17,101;17,101;17,101;17,101;17,101;17,101;17,101
5139;17,101;17,101;17,101;17,101;17,101;17,101;17,101;17,101;17,101;17,101
5140;41,381;41,381;41,381;41,381;41,381;41,381;41,381;41,381;41,381;41,381
5141;34,165;34,165;34,165;34,165;34,165;34,165;34,165;34,165;34,165;34,165
5142;51,465;51,465;51,465;51,465;51,465;51,465;51,465;51,465;51,465;51,465
5143;63,629;63,629;63,629;63,629;63,629;63,629;63,629;63,629;63,629;63,629
5144;52,661;52,661;52,661;52,661;52,661;52,661;52,661;52,661;52,661;52,661
5145;56,951;56,951;56,951;56,951;56,951;56,951;56,951;56,951;56,951;56,951
5146;57,119;57,119;57,119;57,119;57,119;57,119;57,119;57,119;57,119;57,119
5147;52,259;52,259;52,259;52,259;52,259;52,259;52,259;52,259;52,259;52,259
5148;42,623;42,623;42,623;42,623;42,623;42,623;42,623;42,623;42,623;42,623
5149;43,487;43,487;43,487;43,487;43,487;43,487;43,487;43,487;43,487;43,487
5150;41,327;41,327;41,327;41,327;41,327;41,327;41,327;41,327;41,327;41,327
5151;48,127;48,127;48,127;48,127;48,127;48,127;48,127;48,127;48,127;48,127
5152;55,167;55,167;55,167;55,167;55,167;55,167;55,167;55,167;55,167;55,167
5153;72,387;72,387;72,387;72,387;72,387;72,387;72,387;72,387;72,387;72,387
5154;80,067;80,067;80,067;80,067;80,067;80,067;80,067;80,067;80,067;80,067
5155;69,965;69,965;69,965;69,965;69,965;69,965;69,965;69,965;69,965;69,965
5156;51,829;51,829;51,829;51,829;51,829;51,829;51,829;51,829;51,829;51,829
5157;51,709;51,709;51,709;51,709;51,709;51,709;51,709;51,709;51,709;51,709
5158;41,381;41,381;41,381;41,381;41,381;41,381;41,381;41,381;41,381;41,381
5159;18,941;18,941;18,941;18,941;18,941;18,941;18,941;18,941;18,941;18,941
5160;18,941;18,941;18,941;18,941;18,941;18,941;18,941;18,941;18,941;18,941
5161;18,941;18,941;18,941;18,941;18,941;18,941;18,941;18,941;18,941;18,941
5162;17,101;17,101;17,101;17,101;17,101;17,101;17,101;17,101;17,101;17,101
5163;17,101;17,101;17,101;17,101;17,101;17,101;17,101;17,101;17,101;17,101
5164;41,381;41,381;41,381;41,381;41,381;41,381;41,381;41,381;41,381;41,381
5165;34,165;34,165;34,165;34,165;34,165;34,165;34,165;34,165;34,165;34,165
5166;51,465;51,465;51,465;51,465;51,465;51,465;51,465;51,465;51,465;51,465
5167;63,629;63,629;63,629;63,629;63,629;63,629;63,629;63,629;63,629;63,629
5168;52,661;52,661;52,661;52,661;52,661;52,661;52,661;52,661;52,661;52,661
5169;56,951;56,951;56,951;56,951;56,951;56,951;56,951;56,951;56,951;56,951
5170;57,119;57,119;57,119;57,119;57,119;57,119;57,119;57,119;57,119;57,119
5171;52,259;52,259;52,259;52,259;52,259;52,259;52,259;52,259;52,259;52,259
5172;42,623;42,623;42,623;42,623;42,623;42,623;42,623;42,623;42,623;42,623
5173;43,487;43,487;43,487;43,487;43,487;43,487;43,487;43,487;43,487;43,487
5174;41,327;41,327;41,327;41,327;41,327;41,327;41,327;41,327;41,327;41,327
5175;48,127;48,127;48,127;48,127;48,127;48,127;48,127;48,127;48,127;48,127
5176;55,167;55,167;55,167;55,167;55,167;55,167;55,167;55,167;55,167;55,167
5177;72,387;72,387;72,387;72,387;72,387;72,387;72,387;72,387;72,387;72,387
5178;80,067;80,067;80,067;80,067;80,067;80,067;80,067;80,067;80,067;80,067
5179;69,965;69,965;69,965;69,965;69,965;69,965;69,965;69,965;69,965;69,965
5180;51,829;51,829;51,829;51,829;51,829;51,829;51,829;51,829;51,829;51,829
5181;51,709;51,709;51,709;51,709;51,709;51,709;51,709;51,709;51,709;51,709
5182;41,381;41,381;41,381;41,381;41,381;41,381;41,381;41,381;41,381;41,381
5183;18,941;18,941;18,941;18,941;18,941;18,941;18,941;18,941;18,941;18,941
5184;18,941;18,941;18,941;18,941;18,941;18,941;18,941;18,941;18,941;18,941
5185;18,941;18,941;18,941;18,941;18,941;18,941;18,941;18,941;18,941;18,941
5186;17,101;17,101;17,101;17,101;17,101;17,101;17,101;17,101;17,101;17,101
5187;17,101;17,101;17,101;17,101;17,101;17,101;17,101;17,101;17,101;17,101
5188;41,381;41,381;41,381;41,381;41,381;41,381;41,381;41,381;41,381;41,381
5189;34,165;34,165;34,165;34,165;34,165;34,165;34,165;34,165;34,165;34,165
5190;51,465;51,465;51,465;51,465;51,465;51,465;51,465;51,465;51,465;51,465
5191;63,629;63,629;63,629;63,629;63,629;63,629;63,629;63,629;63,629;63,629
5192;52,661;52,661;52,661;52,661;52,661;52,661;52,661;52,661;52,661;52,661
5193;56,951;56,951;56,951;56,951;56,951;56,951;56,951;56,951;56,951;56,951
5194;57,119;57,119;57,119;57,119;57,119;57,119;57,119;57,119;57,119;57,119
5195;52,259;52,259;52,259;52,259;52,259;52,259;52,259;52,259;52,259;52,259
5196;42,623;42,623;42,623;42,623;42,623;42,623;42,623;42,623;42,623;42,623
5197;43,487;43,487;43,487;43,487;43,487;43,487;43,487;43,487;43,487;43,487
5198;41,327;41,327;41,327;41,327;41,327;41,327;41,327;41,327;41,327;41,327
5199;48,127;48,127;48,127;48,127;48,127;48,127;48,127;48,127;48,127;48,127
5200;55,167;55,167;55,167;55,167;55,167;55,167;55,167;55,167;55,167;55,167
5201;72,387;72,387;72,387;72,387;72,387;72,387;72,387;72,387;72,387;72,387
5202;80,067;80,067;80,067;80,067;80,067;80,067;80,067;80,067;80,067;80,067
5203;69,965;69,965;69,965;69,965;69,965;69,965;69,965;69,965;69,965;69,965
5204;51,829;51,829;51,829;51,829;51,829;51,829;51,829;51,829;51,829;51,829
5205;51,709;51,709;51,709;51,709;51,709;51,709;51,709;51,709;51,709;51,709
5206;41,381;41,381;41,381;41,381;41,381;41,381;41,381;41,381;41,381;41,381
5207;18,941;18,941;18,941;18,941;18,941;18,941;18,941;18,941;18,941;18,941
5208;18,941;18,941;18,941;18,941;18,941;18,941;18,941;18,941;18,941;18,941
5209;18,941;18,941;18,941;18,941;18,941;18,941;18,941;18,941;18,941;18,941
5210;17,101;17,101;17,101;17,101;17,101;17,101;17,101;17,101;17,101;17,101
5211;17,101;17,101;17,101;17,101;17,101;17,101;17,101;17,101;17,101;17,101
5212;41,381;41,381;41,381;41,381;41,381;41,381;41,381;41,381;41,381;41,381
5213;34,165;34,165;34,165;34,165;34,165;34,165;34,165;34,165;34,165;34,165
5214;51,465;51,465;51,465;51,465;51,465;51,465;51,465;51,465;51,465;51,465
5215;63,629;63,629;63,629;63,629;63,629;63,629;63,629;63,629;63,629;63,629
5216;52,661;52,661;52,661;52,661;52,661;52,661;52,661;52,661;52,661;52,661
5217;56,951;56,951;56,951;56,951;56,951;56,951;56,951;56,951;56,951;56,951
5218;57,119;57,119;57,119;57,119;57,119;57,119;57,119;57,119;57,119;57,119
5219;52,259;52,259;52,259;52,259;52,259;52,259;52,259;52,259;52,259;52,259
5220;42,623;42,623;42,623;42,623;42,623;42,623;42,623;42,623;42,623;42,623
5221;43,487;43,487;43,487;43,487;43,487;43,487;43,487;43,487;43,487;43,487
5222;41,327;41,327;41,327;41,327;41,327;41,327;41,327;41,327;41,327;41,327
5223;48,127;48,127;48,127;48,127;48,127;48,127;48,127;48,127;48,127;48,127
5224;55,167;55,167;55,167;55,167;55,167;55,167;55,167;55,167;55,167;55,167
5225;72,387;72,387;72,387;72,387;72,387;72,387;72,387;72,387;72,387;72,387
5226;80,067;80,067;80,067;80,067;80,067;80,067;80,067;80,067;80,067;80,067
5227;69,965;69,965;69,965;69,965;69,965;69,965;69,965;69,965;69,965;69,965
5228;51,829;51,829;51,829;51,829;51,829;51,829;51,829;51,829;51,829;51,829
5229;51,709;51,709;51,709;51,709;51,709;51,709;51,709;51,709;51,709;51,709
5230;41,381;41,381;41,381;41,381;41,381;41,381;41,381;41,381;41,381;41,381
5231;18,941;18,941;18,941;18,941;18,941;18,941;18,941;18,941;18,941;18,941
5232;18,941;18,941;18,941;18,941;18,941;18,941;18,941;18,941;18,941;18,941
5233;18,941;18,941;18,941;18,941;18,941;18,941;18,941;18,941;18,941;18,941
5234;17,101;17,101;17,101;17,101;17,101;17,101;17,101;17,101;17,101;17,101
5235;17,101;17,101;17,101;17,101;17,101;17,101;17,101;17,101;17,101;17,101
5236;41,381;41,381;41,381;41,381;41,381;41,381;41,381;41,381;41,381;41,381
5237;34,165;34,165;34,165;34,165;34,165;34,165;34,165;34,165;34,165;34,165
5238;51,465;51,465;51,465;51,465;51,465;51,465;51,465;51,465;51,465;51,465
5239;63,629;63,629;63,629;63,629;63,629;63,629;63,629;63,629;63,629;63,629
5240;52,661;52,661;52,661;52,661;52,661;52,661;52,661;52,661;52,661;52,661
5241;56,951;56,951;56,951;56,951;56,951;56,951;56,951;56,951;56,951;56,951
5242;57,119;57,119;57,119;57,119;57,119;57,119;57,119;57,119;57,119;57,119
5243;52,259;52,259;52,259;52,259;52,259;52,259;52,259;52,259;52,259;52,259
5244;42,623;42,623;42,623;42,623;42,623;42,623;42,623;42,623;42,623;42,623
5245;43,487;43,487;43,487;43,487;43,487;43,487;43,487;43,487;43,487;43,487
5246;41,327;41,327;41,327;41,327;41,327;41,327;41,327;41,327;41,327;41,327
5247;48,127;48,127;48,127;48,127;48,127;48,127;48,127;48,127;48,127;48,127
5248;55,167;55,167;55,167;55,167;55,167;55,167;55,167;55,167;55,167;55,167
5249;72,387;72,387;72,387;72,387;72,387;72,387;72,387;72,387;72,387;72,387
5250;80,067;80,067;80,067;80,067;80,067;80,067;80,067;80,067;80,067;80,067
5251;69,965;69,965;69,965;69,965;69,965;69,965;69,965;69,965;69,965;69,965
5252;51,829;51,829;51,829;51,829;51,829;51,829;51,829;51,829;51,829;51,829
5253;51,709;51,709;51,709;51,709;51,709;51,709;51,709;51,709;51,709;51,709
5254;41,381;41,381;41,381;41,381;41,381;41,381;41,381;41,381;41,381;41,381
5255;18,941;18,941;18,941;18,941;18,941;18,941;18,941;18,941;18,941;18,941
5256;18,941;18,941;18,941;18,941;18,941;18,941;18,941;18,941;18,941;18,941
5257;18,941;18,941;18,941;18,941;18,941;18,941;18,941;18,941;18,941;18,941
5258;17,101;17,101;17,101;17,101;17,101;17,101;17,101;17,101;17,101;17,101
5259;17,101;17,101;17,101;17,101;17,101;17,101;17,101;17,101;17,101;17,101
5260;41,381;41,381;41,381;41,381;41,381;41,381;41,381;41,381;41,381;41,381
5261;34,165;34,165;34,165;34,165;34,165;34,165;34,165;34,165;34,165;34,165
5262;51,465;51,465;51,465;51,465;51,465;51,465;51,465;51,465;51,465;51,465
5263;63,629;63,629;63,629;63,629;63,629;63,629;63,629;63,629;63,629;63,629
5264;52,661;52,661;52,661;52,661;52,661;52,661;52,661;52,661;52,661;52,661
5265;56,951;56,951;56,951;56,951;56,951;56,951;56,951;56,951;56,951;56,951
5266;57,119;57,119;57,119;57,119;57,119;57,119;57,119;57,119;57,119;57,119
5267;52,259;52,259;52,259;52,259;52,259;52,259;52,259;52,259;52,259;52,259
5268;42,623;42,623;42,623;42,623;42,623;42,623;42,623;42,623;42,623;42,623
5269;43,487;43,487;43,487;43,487;43,487;43,487;43,487;43,487;43,487;43,487
5270;41,327;41,327;41,327;41,327;41,327;41,327;41,327;41,327;41,327;41,327
5271;48,127;48,127;48,127;48,127;48,127;48,127;48,127;48,127;48,127;48,127
5272;55,167;55,167;55,167;55,167;55,167;55,167;55,167;55,167;55,167;55,167
5273;72,387;72,387;72,387;72,387;72,387;72,387;72,387;72,387;72,387;72,387
5274;80,067;80,067;80,067;80,067;80,067;80,067;80,067;80,067;80,067;80,067
5275;69,965;69,965;69,965;69,965;69,965;69,965;69,965;69,965;69,965;69,965
5276;51,829;51,829;51,829;51,829;51,829;51,829;51,829;51,829;51,829;51,829
5277;51,709;51,709;51,709;51,709;51,709;51,709;51,709;51,709;51,709;51,709
5278;41,381;41,381;41,381;41,381;41,381;41,381;41,381;41,381;41,381;41,381
5279;18,941;18,941;18,941;18,941;18,941;18,941;18,941;18,941;18,941;18,941
5280;18,941;18,941;18,941;18,941;18,941;18,941;18,941;18,941;18,941;18,941
5281;18,941;18,941;18,941;18,941;18,941;18,941;18,941;18,941;18,941;18,941
5282;17,101;17,101;17,101;17,101;17,101;17,101;17,101;17,101;17,101;17,101
5283;17,101;17,101;17,101;17,101;17,101;17,101;17,101;17,101;17,101;17,101
5284;41,381;41,381;41,381;41,381;41,381;41,381;41,381;41,381;41,381;41,381
5285;34,165;34,165;34,165;34,165;34,165;34,165;34,165;34,165;34,165;34,165
5286;51,465;51,465;51,465;51,465;51,465;51,465;51,465;51,465;51,465;51,465
5287;63,629;63,629;63,629;63,629;63,629;63,629;63,629;63,629;63,629;63,629
5288;52,661;52,661;52,661;52,661;52,661;52,661;52,661;52,661;52,661;52,661
5289;56,951;56,951;56,951;56,951;56,951;56,951;56,951;56,951;56,951;56,951
5290;57,119;57,119;57,119;57,119;57,119;57,119;57,119;57,119;57,119;57,119
5291;52,259;52,259;52,259;52,259;52,259;52,259;52,259;52,259;52,259;52,259
5292;42,623;42,623;42,623;42,623;42,623;42,623;42,623;42,623;42,623;42,623
5293;43,487;43,487;43,487;43,487;43,487;43,487;43,487;43,487;43,487;43,487
5294;41,327;41,327;41,327;41,327;41,327;41,327;41,327;41,327;41,327;41,327
5295;48,127;48,127;48,127;48,127;48,127;48,127;48,127;48,127;48,127;48,127
5296;55,167;55,167;55,167;55,167;55,167;55,167;55,167;55,167;55,167;55,167
5297;72,387;72,387;72,387;72,387;72,387;72,387;72,387;72,387;72,387;72,387
5298;80,067;80,067;80,067;80,067;80,067;80,067;80,067;80,067;80,067;80,067
5299;69,965;69,965;69,965;69,965;69,965;69,965;69,965;69,965;69,965;69,965
5300;51,829;51,829;51,829;51,829;51,829;51,829;51,829;51,829;51,829;51,829
5301;51,709;51,709;51,709;51,709;51,709;51,709;51,709;51,709;51,709;51,709
5302;41,381;41,381;41,381;41,381;41,381;41,381;41,381;41,381;41,381;41,381
5303;18,941;18,941;18,941;18,941;18,941;18,941;18,941;18,941;18,941;18,941
5304;18,941;18,941;18,941;18,941;18,941;18,941;18,941;18,941;18,941;18,941
5305;18,941;18,941;18,941;18,941;18,941;18,941;18,941;18,941;18,941;18,941
5306;17,101;17,101;17,101;17,101;17,101;17,101;17,101;17,101;17,101;17,101
5307;17,101;17,101;17,101;17,101;17,101;17,101;17,101;17,101;17,101;17,101
5308;41,381;41,381;41,381;41,381;41,381;41,381;41,381;41,381;41,381;41,381
5309;34,165;34,165;34,165;34,165;34,165;34,165;34,165;34,165;34,165;34,165
5310;51,465;51,465;51,465;51,465;51,465;51,465;51,465;51,465;51,465;51,465
5311;63,629;63,629;63,629;63,629;63,629;63,629;63,629;63,629;63,629;63,629
5312;52,661;52,661;52,661;52,661;52,661;52,661;52,661;52,661;52,661;52,661
5313;56,951;56,951;56,951;56,951;56,951;56,951;56,951;56,951;56,951;56,951
5314;57,119;57,119;57,119;57,119;57,119;57,119;57,119;57,119;57,119;57,119
5315;52,259;52,259;52,259;52,259;52,259;52,259;52,259;52,259;52,259;52,259
5316;42,623;42,623;42,623;42,623;42,623;42,623;42,623;42,623;42,623;42,623
5317;43,487;43,487;43,487;43,487;43,487;43,487;43,487;43,487;43,487;43,487
5318;41,327;41,327;41,327;41,327;41,327;41,327;41,327;41,327;41,327;41,327
5319;48,127;48,127;48,127;48,127;48,127;48,127;48,127;48,127;48,127;48,127
5320;55,167;55,167;55,167;55,167;55,167;55,167;55,167;55,167;55,167;55,167
5321;72,387;72,387;72,387;72,387;72,387;72,387;72,387;72,387;72,387;72,387
5322;80,067;80,067;80,067;80,067;80,067;80,067;80,067;80,067;80,067;80,067
5323;69,965;69,965;69,965;69,965;69,965;69,965;69,965;69,965;69,965;69,965
5324;51,829;51,829;51,829;51,829;51,829;51,829;51,829;51,829;51,829;51,829
5325;51,709;51,709;51,709;51,709;51,709;51,709;51,709;51,709;51,709;51,709
5326;41,381;41,381;41,381;41,381;41,381;41,381;41,381;41,381;41,381;41,381
5327;18,941;18,941;18,941;18,941;18,941;18,941;18,941;18,941;18,941;18,941
5328;18,941;18,941;18,941;18,941;18,941;18,941;18,941;18,941;18,941;18,941
5329;18,941;18,941;18,941;18,941;18,941;18,941;18,941;18,941;18,941;18,941
5330;17,101;17,101;17,101;17,101;17,101;17,101;17,101;17,101;17,101;17,101
5331;17,101;17,101;17,101;17,101;17,101;17,101;17,101;17,101;17,101;17,101
5332;41,381;41,381;41,381;41,381;41,381;41,381;41,381;41,381;41,381;41,381
5333;34,165;34,165;34,165;34,165;34,165;34,165;34,165;34,165;34,165;34,165
5334;51,465;51,465;51,465;51,465;51,465;51,465;51,465;51,465;51,465;51,465
5335;63,629;63,629;63,629;63,629;63,629;63,629;63,629;63,629;63,629;63,629
5336;52,661;52,661;52,661;52,661;52,661;52,661;52,661;52,661;52,661;52,661
5337;56,951;56,951;56,951;56,951;56,951;56,951;56,951;56,951;56,951;56,951
5338;57,119;57,119;57,119;57,119;57,119;57,119;57,119;57,119;57,119;57,119
5339;52,259;52,259;52,259;52,259;52,259;52,259;52,259;52,259;52,259;52,259
5340;42,623;42,623;42,623;42,623;42,623;42,623;42,623;42,623;42,623;42,623
5341;43,487;43,487;43,487;43,487;43,487;43,487;43,487;43,487;43,487;43,487
5342;41,327;41,327;41,327;41,327;41,327;41,327;41,327;41,327;41,327;41,327
5343;48,127;48,127;48,127;48,127;48,127;48,127;48,127;48,127;48,127;48,127
5344;55,167;55,167;55,167;55,167;55,167;55,167;55,167;55,167;55,167;55,167
5345;72,387;72,387;72,387;72,387;72,387;72,387;72,387;72,387;72,387;72,387
5346;80,067;80,067;80,067;80,067;80,067;80,067;80,067;80,067;80,067;80,067
5347;69,965;69,965;69,965;69,965;69,965;69,965;69,965;69,965;69,965;69,965
5348;51,829;51,829;51,829;51,829;51,829;51,829;51,829;51,829;51,829;51,829
5349;51,709;51,709;51,709;51,709;51,709;51,709;51,709;51,709;51,709;51,709
5350;41,381;41,381;41,381;41,381;41,381;41,381;41,381;41,381;41,381;41,381
5351;18,941;18,941;18,941;18,941;18,941;18,941;18,941;18,941;18,941;18,941
5352;18,941;18,941;18,941;18,941;18,941;18,941;18,941;18,941;18,941;18,941
5353;18,941;18,941;18,941;18,941;18,941;18,941;18,941;18,941;18,941;18,941
5354;17,101;17,101;17,101;17,101;17,101;17,101;17,101;17,101;17,101;17,101
5355;17,101;17,101;17,101;17,101;17,101;17,101;17,101;17,101;17,101;17,101
5356;41,381;41,381;41,381;41,381;41,381;41,381;41,381;41,381;41,381;41,381
5357;34,165;34,165;34,165;34,165;34,165;34,165;34,165;34,165;34,165;34,165
5358;51,465;51,465;51,465;51,465;51,465;51,465;51,465;51,465;51,465;51,465
5359;63,629;63,629;63,629;63,629;63,629;63,629;63,629;63,629;63,629;63,629
5360;52,661;52,661;52,661;52,661;52,661;52,661;52,661;52,661;52,661;52,661
5361;56,951;56,951;56,951;56,951;56,951;56,951;56,951;56,951;56,951;56,951
5362;57,119;57,119;57,119;57,119;57,119;57,119;57,119;57,119;57,119;57,119
5363;52,259;52,259;52,259;52,259;52,259;52,259;52,259;52,259;52,259;52,259
5364;42,623;42,623;42,623;42,623;42,623;42,623;42,623;42,623;42,623;42,623
5365;43,487;43,487;43,487;43,487;43,487;43,487;43,487;43,487;43,487;43,487
5366;41,327;41,327;41,327;41,327;41,327;41,327;41,327;41,327;41,327;41,327
5367;48,127;48,127;48,127;48,127;48,127;48,127;48,127;48,127;48,127;48,127
5368;55,167;55,167;55,167;55,167;55,167;55,167;55,167;55,167;55,167;55,167
5369;72,387;72,387;72,387;72,387;72,387;72,387;72,387;72,387;72,387;72,387
5370;80,067;80,067;80,067;80,067;80,067;80,067;80,067;80,067;80,067;80,067
5371;69,965;69,965;69,965;69,965;69,965;69,965;69,965;69,965;69,965;69,965
5372;51,829;51,829;51,829;51,829;51,829;51,829;51,829;51,829;51,829;51,829
5373;51,709;51,709;51,709;51,709;51,709;51,709;51,709;51,709;51,709;51,709
5374;41,381;41,381;41,381;41,381;41,381;41,381;41,381;41,381;41,381;41,381
5375;18,941;18,941;18,941;18,941;18,941;18,941;18,941;18,941;18,941;18,941
5376;18,941;18,941;18,941;18,941;18,941;18,941;18,941;18,941;18,941;18,941
5377;18,941;18,941;18,941;18,941;18,941;18,941;18,941;18,941;18,941;18,941
5378;17,101;17,101;17,101;17,101;17,101;17,101;17,101;17,101;17,101;17,101
5379;17,101;17,101;17,101;17,101;17,101;17,101;17,101;17,101;17,101;17,101
5380;41,381;41,381;41,381;41,381;41,381;41,381;41,381;41,381;41,381;41,381
5381;34,165;34,165;34,165;34,165;34,165;34,165;34,165;34,165;34,165;34,165
5382;51,465;51,465;51,465;51,465;51,465;51,465;51,465;51,465;51,465;51,465
5383;63,629;63,629;63,629;63,629;63,629;63,629;63,629;63,629;63,629;63,629
5384;52,661;52,661;52,661;52,661;52,661;52,661;52,661;52,661;52,661;52,661
5385;56,951;56,951;56,951;56,951;56,951;56,951;56,951;56,951;56,951;56,951
5386;57,119;57,119;57,119;57,119;57,119;57,119;57,119;57,119;57,119;57,119
5387;52,259;52,259;52,259;52,259;52,259;52,259;52,259;52,259;52,259;52,259
5388;42,623;42,623;42,623;42,623;42,623;42,623;42,623;42,623;42,623;42,623
5389;43,487;43,487;43,487;43,487;43,487;43,487;43,487;43,487;43,487;43,487
5390;41,327;41,327;41,327;41,327;41,327;41,327;41,327;41,327;41,327;41,327
5391;48,127;48,127;48,127;48,127;48,127;48,127;48,127;48,127;48,127;48,127
5392;55,167;55,167;55,167;55,167;55,167;55,167;55,167;55,167;55,167;55,167
5393;72,387;72,387;72,387;72,387;72,387;72,387;72,387;72,387;72,387;72,387
5394;80,067;80,067;80,067;80,067;80,067;80,067;80,067;80,067;80,067;80,067
5395;69,965;69,965;69,965;69,965;69,965;69,965;69,965;69,965;69,965;69,965
5396;51,829;51,829;51,829;51,829;51,829;51,829;51,829;51,829;51,829;51,829
5397;51,709;51,709;51,709;51,709;51,709;51,709;51,709;51,709;51,709;51,709
5398;41,381;41,381;41,381;41,381;41,381;41,381;41,381;41,381;41,381;41,381
5399;18,941;18,941;18,941;18,941;18,941;18,941;18,941;18,941;18,941;18,941
5400;18,941;18,941;18,941;18,941;18,941;18,941;18,941;18,941;18,941;18,941
5401;18,941;18,941;18,941;18,941;18,941;18,941;18,941;18,941;18,941;18,941
5402;17,101;17,101;17,101;17,101;17,101;17,101;17,101;17,101;17,101;17,101
5403;17,101;17,101;17,101;17,101;17,101;17,101;17,101;17,101;17,101;17,101
5404;41,381;41,381;41,381;41,381;41,381;41,381;41,381;41,381;41,381;41,381
5405;34,165;34,165;34,165;34,165;34,165;34,165;34,165;34,165;34,165;34,165
5406;51,465;51,465;51,465;51,465;51,465;51,465;51,465;51,465;51,465;51,465
5407;63,629;63,629;63,629;63,629;63,629;63,629;63,629;63,629;63,629;63,629
5408;52,661;52,661;52,661;52,661;52,661;52,661;52,661;52,661;52,661;52,661
5409;56,951;56,951;56,951;56,951;56,951;56,951;56,951;56,951;56,951;56,951
5410;57,119;57,119;57,119;57,119;57,119;57,119;57,119;57,119;57,119;57,119
5411;52,259;52,259;52,259;52,259;52,259;52,259;52,259;52,259;52,259;52,259
5412;42,623;42,623;42,623;42,623;42,623;42,623;42,623;42,623;42,623;42,623
5413;43,487;43,487;43,487;43,487;43,487;43,487;43,487;43,487;43,487;43,487
5414;41,327;41,327;41,327;41,327;41,327;41,327;41,327;41,327;41,327;41,327
5415;48,127;48,127;48,127;48,127;48,127;48,127;48,127;48,127;48,127;48,127
5416;55,167;55,167;55,167;55,167;55,167;55,167;55,167;55,167;55,167;55,167
5417;72,387;72,387;72,387;72,387;72,387;72,387;72,387;72,387;72,387;72,387
5418;80,067;80,067;80,067;80,067;80,067;80,067;80,067;80,067;80,067;80,067
5419;69,965;69,965;69,965;69,965;69,965;69,965;69,965;69,965;69,965;69,965
5420;51,829;51,829;51,829;51,829;51,829;51,829;51,829;51,829;51,829;51,829
5421;51,709;51,709;51,709;51,709;51,709;51,709;51,709;51,709;51,709;51,709
5422;41,381;41,381;41,381;41,381;41,381;41,381;41,381;41,381;41,381;41,381
5423;18,941;18,941;18,941;18,941;18,941;18,941;18,941;18,941;18,941;18,941
5424;18,941;18,941;18,941;18,941;18,941;18,941;18,941;18,941;18,941;18,941
5425;18,941;18,941;18,941;18,941;18,941;18,941;18,941;18,941;18,941;18,941
5426;17,101;17,101;17,101;17,101;17,101;17,101;17,101;17,101;17,101;17,101
5427;17,101;17,101;17,101;17,101;17,101;17,101;17,101;17,101;17,101;17,101
5428;41,381;41,381;41,381;41,381;41,381;41,381;41,381;41,381;41,381;41,381
5429;34,165;34,165;34,165;34,165;34,165;34,165;34,165;34,165;34,165;34,165
5430;51,465;51,465;51,465;51,465;51,465;51,465;51,465;51,465;51,465;51,465
5431;63,629;63,629;63,629;63,629;63,629;63,629;63,629;63,629;63,629;63,629
5432;52,661;52,661;52,661;52,661;52,661;52,661;52,661;52,661;52,661;52,661
5433;56,951;56,951;56,951;56,951;56,951;56,951;56,951;56,951;56,951;56,951
5434;57,119;57,119;57,119;57,119;57,119;57,119;57,119;57,119;57,119;57,119
5435;52,259;52,259;52,259;52,259;52,259;52,259;52,259;52,259;52,259;52,259
5436;42,623;42,623;42,623;42,623;42,623;42,623;42,623;42,623;42,623;42,623
5437;43,487;43,487;43,487;43,487;43,487;43,487;43,487;43,487;43,487;43,487
5438;41,327;41,327;41,327;41,327;41,327;41,327;41,327;41,327;41,327;41,327
5439;48,127;48,127;48,127;48,127;48,127;48,127;48,127;48,127;48,127;48,127
5440;55,167;55,167;55,167;55,167;55,167;55,167;55,167;55,167;55,167;55,167
5441;72,387;72,387;72,387;72,387;72,387;72,387;72,387;72,387;72,387;72,387
5442;80,067;80,067;80,067;80,067;80,067;80,067;80,067;80,067;80,067;80,067
5443;69,965;69,965;69,965;69,965;69,965;69,965;69,965;69,965;69,965;69,965
5444;51,829;51,829;51,829;51,829;51,829;51,829;51,829;51,829;51,829;51,829
5445;51,709;51,709;51,709;51,709;51,709;51,709;51,709;51,709;51,709;51,709
5446;41,381;41,381;41,381;41,381;41,381;41,381;41,381;41,381;41,381;41,381
5447;18,941;18,941;18,941;18,941;18,941;18,941;18,941;18,941;18,941;18,941
5448;18,941;18,941;18,941;18,941;18,941;18,941;18,941;18,941;18,941;18,941
5449;18,941;18,941;18,941;18,941;18,941;18,941;18,941;18,941;18,941;18,941
5450;17,101;17,101;17,101;17,101;17,101;17,101;17,101;17,101;17,101;17,101
5451;17,101;17,101;17,101;17,101;17,101;17,101;17,101;17,101;17,101;17,101
5452;41,381;41,381;41,381;41,381;41,381;41,381;41,381;41,381;41,381;41,381
5453;34,165;34,165;34,165;34,165;34,165;34,165;34,165;34,165;34,165;34,165
5454;51,465;51,465;51,465;51,465;51,465;51,465;51,465;51,465;51,465;51,465
5455;63,629;63,629;63,629;63,629;63,629;63,629;63,629;63,629;63,629;63,629
5456;52,661;52,661;52,661;52,661;52,661;52,661;52,661;52,661;52,661;52,661
5457;56,951;56,951;56,951;56,951;56,951;56,951;56,951;56,951;56,951;56,951
5458;57,119;57,119;57,119;57,119;57,119;57,119;57,119;57,119;57,119;57,119
5459;52,259;52,259;52,259;52,259;52,259;52,259;52,259;52,259;52,259;52,259
5460;42,623;42,623;42,623;42,623;42,623;42,623;42,623;42,623;42,623;42,623
5461;43,487;43,487;43,487;43,487;43,487;43,487;43,487;43,487;43,487;43,487
5462;41,327;41,327;41,327;41,327;41,327;41,327;41,327;41,327;41,327;41,327
5463;48,127;48,127;48,127;48,127;48,127;48,127;48,127;48,127;48,127;48,127
5464;55,167;55,167;55,167;55,167;55,167;55,167;55,167;55,167;55,167;55,167
5465;72,387;72,387;72,387;72,387;72,387;72,387;72,387;72,387;72,387;72,387
5466;80,067;80,067;80,067;80,067;80,067;80,067;80,067;80,067;80,067;80,067
5467;69,965;69,965;69,965;69,965;69,965;69,965;69,965;69,965;69,965;69,965
5468;51,829;51,829;51,829;51,829;51,829;51,829;51,829;51,829;51,829;51,829
5469;51,709;51,709;51,709;51,709;51,709;51,709;51,709;51,709;51,709;51,709
5470;41,381;41,381;41,381;41,381;41,381;41,381;41,381;41,381;41,381;41,381
5471;18,941;18,941;18,941;18,941;18,941;18,941;18,941;18,941;18,941;18,941
5472;18,941;18,941;18,941;18,941;18,941;18,941;18,941;18,941;18,941;18,941
5473;18,941;18,941;18,941;18,941;18,941;18,941;18,941;18,941;18,941;18,941
5474;17,101;17,101;17,101;17,101;17,101;17,101;17,101;17,101;17,101;17,101
5475;17,101;17,101;17,101;17,101;17,101;17,101;17,101;17,101;17,101;17,101
5476;41,381;41,381;41,381;41,381;41,381;41,381;41,381;41,381;41,381;41,381
5477;34,165;34,165;34,165;34,165;34,165;34,165;34,165;34,165;34,165;34,165
5478;51,465;51,465;51,465;51,465;51,465;51,465;51,465;51,465;51,465;51,465
5479;63,629;63,629;63,629;63,629;63,629;63,629;63,629;63,629;63,629;63,629
5480;52,661;52,661;52,661;52,661;52,661;52,661;52,661;52,661;52,661;52,661
5481;56,951;56,951;56,951;56,951;56,951;56,951;56,951;56,951;56,951;56,951
5482;57,119;57,119;57,119;57,119;57,119;57,119;57,119;57,119;57,119;57,119
5483;52,259;52,259;52,259;52,259;52,259;52,259;52,259;52,259;52,259;52,259
5484;42,623;42,623;42,623;42,623;42,623;42,623;42,623;42,623;42,623;42,623
5485;43,487;43,487;43,487;43,487;43,487;43,487;43,487;43,487;43,487;43,487
5486;41,327;41,327;41,327;41,327;41,327;41,327;41,327;41,327;41,327;41,327
5487;48,127;48,127;48,127;48,127;48,127;48,127;48,127;48,127;48,127;48,127
5488;55,167;55,167;55,167;55,167;55,167;55,167;55,167;55,167;55,167;55,167
5489;72,387;72,387;72,387;72,387;72,387;72,387;72,387;72,387;72,387;72,387
5490;80,067;80,067;80,067;80,067;80,067;80,067;80,067;80,067;80,067;80,067
5491;69,965;69,965;69,965;69,965;69,965;69,965;69,965;69,965;69,965;69,965
5492;51,829;51,829;51,829;51,829;51,829;51,829;51,829;51,829;51,829;51,829
5493;51,709;51,709;51,709;51,709;51,709;51,709;51,709;51,709;51,709;51,709
5494;41,381;41,381;41,381;41,381;41,381;41,381;41,381;41,381;41,381;41,381
5495;18,941;18,941;18,941;18,941;18,941;18,941;18,941;18,941;18,941;18,941
5496;18,941;18,941;18,941;18,941;18,941;18,941;18,941;18,941;18,941;18,941
5497;18,941;18,941;18,941;18,941;18,941;18,941;18,941;18,941;18,941;18,941
5498;17,101;17,101;17,101;17,101;17,101;17,101;17,101;17,101;17,101;17,101
5499;17,101;17,101;17,101;17,101;17,101;17,101;17,101;17,101;17,101;17,101
5500;41,381;41,381;41,381;41,381;41,381;41,381;41,381;41,381;41,381;41,381
5501;34,165;34,165;34,165;34,165;34,165;34,165;34,165;34,165;34,165;34,165
5502;51,465;51,465;51,465;51,465;51,465;51,465;51,465;51,465;51,465;51,465
5503;63,629;63,629;63,629;63,629;63,629;63,629;63,629;63,629;63,629;63,629
5504;52,661;52,661;52,661;52,661;52,661;52,661;52,661;52,661;52,661;52,661
5505;56,951;56,951;56,951;56,951;56,951;56,951;56,951;56,951;56,951;56,951
5506;57,119;57,119;57,119;57,119;57,119;57,119;57,119;57,119;57,119;57,119
5507;52,259;52,259;52,259;52,259;52,259;52,259;52,259;52,259;52,259;52,259
5508;42,623;42,623;42,623;42,623;42,623;42,623;42,623;42,623;42,623;42,623
5509;43,487;43,487;43,487;43,487;43,487;43,487;43,487;43,487;43,487;43,487
5510;41,327;41,327;41,327;41,327;41,327;41,327;41,327;41,327;41,327;41,327
5511;48,127;48,127;48,127;48,127;48,127;48,127;48,127;48,127;48,127;48,127
5512;55,167;55,167;55,167;55,167;55,167;55,167;55,167;55,167;55,167;55,167
5513;72,387;72,387;72,387;72,387;72,387;72,387;72,387;72,387;72,387;72,387
5514;80,067;80,067;80,067;80,067;80,067;80,067;80,067;80,067;80,067;80,067
5515;69,965;69,965;69,965;69,965;69,965;69,965;69,965;69,965;69,965;69,965
5516;51,829;51,829;51,829;51,829;51,829;51,829;51,829;51,829;51,829;51,829
5517;51,709;51,709;51,709;51,709;51,709;51,709;51,709;51,709;51,709;51,709
5518;41,381;41,381;41,381;41,381;41,381;41,381;41,381;41,381;41,381;41,381
5519;18,941;18,941;18,941;18,941;18,941;18,941;18,941;18,941;18,941;18,941
5520;18,941;18,941;18,941;18,941;18,941;18,941;18,941;18,941;18,941;18,941
5521;18,941;18,941;18,941;18,941;18,941;18,941;18,941;18,941;18,941;18,941
5522;17,101;17,101;17,101;17,101;17,101;17,101;17,101;17,101;17,101;17,101
5523;17,101;17,101;17,101;17,101;17,101;17,101;17,101;17,101;17,101;17,101
5524;41,381;41,381;41,381;41,381;41,381;41,381;41,381;41,381;41,381;41,381
5525;34,165;34,165;34,165;34,165;34,165;34,165;34,165;34,165;34,165;34,165
5526;51,465;51,465;51,465;51,465;51,465;51,465;51,465;51,465;51,465;51,465
5527;63,629;63,629;63,629;63,629;63,629;63,629;63,629;63,629;63,629;63,629
5528;52,661;52,661;52,661;52,661;52,661;52,661;52,661;52,661;52,661;52,661
5529;56,951;56,951;56,951;56,951;56,951;56,951;56,951;56,951;56,951;56,951
5530;57,119;57,119;57,119;57,119;57,119;57,119;57,119;57,119;57,119;57,119
5531;52,259;52,259;52,259;52,259;52,259;52,259;52,259;52,259;52,259;52,259
5532;42,623;42,623;42,623;42,623;42,623;42,623;42,623;42,623;42,623;42,623
5533;43,487;43,487;43,487;43,487;43,487;43,487;43,487;43,487;43,487;43,487
5534;41,327;41,327;41,327;41,327;41,327;41,327;41,327;41,327;41,327;41,327
5535;48,127;48,127;48,127;48,127;48,127;48,127;48,127;48,127;48,127;48,127
5536;55,167;55,167;55,167;55,167;55,167;55,167;55,167;55,167;55,167;55,167
5537;72,387;72,387;72,387;72,387;72,387;72,387;72,387;72,387;72,387;72,387
5538;80,067;80,067;80,067;80,067;80,067;80,067;80,067;80,067;80,067;80,067
5539;69,965;69,965;69,965;69,965;69,965;69,965;69,965;69,965;69,965;69,965
5540;51,829;51,829;51,829;51,829;51,829;51,829;51,829;51,829;51,829;51,829
5541;51,709;51,709;51,709;51,709;51,709;51,709;51,709;51,709;51,709;51,709
5542;41,381;41,381;41,381;41,381;41,381;41,381;41,381;41,381;41,381;41,381
5543;18,941;18,941;18,941;18,941;18,941;18,941;18,941;18,941;18,941;18,941
5544;18,941;18,941;18,941;18,941;18,941;18,941;18,941;18,941;18,941;18,941
5545;18,941;18,941;18,941;18,941;18,941;18,941;18,941;18,941;18,941;18,941
5546;17,101;17,101;17,101;17,101;17,101;17,101;17,101;17,101;17,101;17,101
5547;17,101;17,101;17,101;17,101;17,101;17,101;17,101;17,101;17,101;17,101
5548;41,381;41,381;41,381;41,381;41,381;41,381;41,381;41,381;41,381;41,381
5549;34,165;34,165;34,165;34,165;34,165;34,165;34,165;34,165;34,165;34,165
5550;51,465;51,465;51,465;51,465;51,465;51,465;51,465;51,465;51,465;51,465
5551;63,629;63,629;63,629;63,629;63,629;63,629;63,629;63,629;63,629;63,629
5552;52,661;52,661;52,661;52,661;52,661;52,661;52,661;52,661;52,661;52,661
5553;56,951;56,951;56,951;56,951;56,951;56,951;56,951;56,951;56,951;56,951
5554;57,119;57,119;57,119;57,119;57,119;57,119;57,119;57,119;57,119;57,119
5555;52,259;52,259;52,259;52,259;52,259;52,259;52,259;52,259;52,259;52,259
5556;42,623;42,623;42,623;42,623;42,623;42,623;42,623;42,623;42,623;42,623
5557;43,487;43,487;43,487;43,487;43,487;43,487;43,487;43,487;43,487;43,487
5558;41,327;41,327;41,327;41,327;41,327;41,327;41,327;41,327;41,327;41,327
5559;48,127;48,127;48,127;48,127;48,127;48,127;48,127;48,127;48,127;48,127
5560;55,167;55,167;55,167;55,167;55,167;55,167;55,167;55,167;55,167;55,167
5561;72,387;72,387;72,387;72,387;72,387;72,387;72,387;72,387;72,387;72,387
5562;80,067;80,067;80,067;80,067;80,067;80,067;80,067;80,067;80,067;80,067
5563;69,965;69,965;69,965;69,965;69,965;69,965;69,965;69,965;69,965;69,965
5564;51,829;51,829;51,829;51,829;51,829;51,829;51,829;51,829;51,829;51,829
5565;51,709;51,709;51,709;51,709;51,709;51,709;51,709;51,709;51,709;51,709
5566;41,381;41,381;41,381;41,381;41,381;41,381;41,381;41,381;41,381;41,381
5567;18,941;18,941;18,941;18,941;18,941;18,941;18,941;18,941;18,941;18,941
5568;18,941;18,941;18,941;18,941;18,941;18,941;18,941;18,941;18,941;18,941
5569;18,941;18,941;18,941;18,941;18,941;18,941;18,941;18,941;18,941;18,941
5570;17,101;17,101;17,101;17,101;17,101;17,101;17,101;17,101;17,101;17,101
5571;17,101;17,101;17,101;17,101;17,101;17,101;17,101;17,101;17,101;17,101
5572;41,381;41,381;41,381;41,381;41,381;41,381;41,381;41,381;41,381;41,381
5573;34,165;34,165;34,165;34,165;34,165;34,165;34,165;34,165;34,165;34,165
5574;51,465;51,465;51,465;51,465;51,465;51,465;51,465;51,465;51,465;51,465
5575;63,629;63,629;63,629;63,629;63,629;63,629;63,629;63,629;63,629;63,629
5576;52,661;52,661;52,661;52,661;52,661;52,661;52,661;52,661;52,661;52,661
5577;56,951;56,951;56,951;56,951;56,951;56,951;56,951;56,951;56,951;56,951
5578;57,119;57,119;57,119;57,119;57,119;57,119;57,119;57,119;57,119;57,119
5579;52,259;52,259;52,259;52,259;52,259;52,259;52,259;52,259;52,259;52,259
5580;42,623;42,623;42,623;42,623;42,623;42,623;42,623;42,623;42,623;42,623
5581;43,487;43,487;43,487;43,487;43,487;43,487;43,487;43,487;43,487;43,487
5582;41,327;41,327;41,327;41,327;41,327;41,327;41,327;41,327;41,327;41,327
5583;48,127;48,127;48,127;48,127;48,127;48,127;48,127;48,127;48,127;48,127
5584;55,167;55,167;55,167;55,167;55,167;55,167;55,167;55,167;55,167;55,167
5585;72,387;72,387;72,387;72,387;72,387;72,387;72,387;72,387;72,387;72,387
5586;80,067;80,067;80,067;80,067;80,067;80,067;80,067;80,067;80,067;80,067
5587;69,965;69,965;69,965;69,965;69,965;69,965;69,965;69,965;69,965;69,965
5588;51,829;51,829;51,829;51,829;51,829;51,829;51,829;51,829;51,829;51,829
5589;51,709;51,709;51,709;51,709;51,709;51,709;51,709;51,709;51,709;51,709
5590;41,381;41,381;41,381;41,381;41,381;41,381;41,381;41,381;41,381;41,381
5591;18,941;18,941;18,941;18,941;18,941;18,941;18,941;18,941;18,941;18,941
5592;18,941;18,941;18,941;18,941;18,941;18,941;18,941;18,941;18,941;18,941
5593;18,941;18,941;18,941;18,941;18,941;18,941;18,941;18,941;18,941;18,941
5594;17,101;17,101;17,101;17,101;17,101;17,101;17,101;17,101;17,101;17,101
5595;17,101;17,101;17,101;17,101;17,101;17,101;17,101;17,101;17,101;17,101
5596;41,381;41,381;41,381;41,381;41,381;41,381;41,381;41,381;41,381;41,381
5597;34,165;34,165;34,165;34,165;34,165;34,165;34,165;34,165;34,165;34,165
5598;51,465;51,465;51,465;51,465;51,465;51,465;51,465;51,465;51,465;51,465
5599;63,629;63,629;63,629;63,629;63,629;63,629;63,629;63,629;63,629;63,629
5600;52,661;52,661;52,661;52,661;52,661;52,661;52,661;52,661;52,661;52,661
5601;56,951;56,951;56,951;56,951;56,951;56,951;56,951;56,951;56,951;56,951
5602;57,119;57,119;57,119;57,119;57,119;57,119;57,119;57,119;57,119;57,119
5603;52,259;52,259;52,259;52,259;52,259;52,259;52,259;52,259;52,259;52,259
5604;42,623;42,623;42,623;42,623;42,623;42,623;42,623;42,623;42,623;42,623
5605;43,487;43,487;43,487;43,487;43,487;43,487;43,487;43,487;43,487;43,487
5606;41,327;41,327;41,327;41,327;41,327;41,327;41,327;41,327;41,327;41,327
5607;48,127;48,127;48,127;48,127;48,127;48,127;48,127;48,127;48,127;48,127
5608;55,167;55,167;55,167;55,167;55,167;55,167;55,167;55,167;55,167;55,167
5609;72,387;72,387;72,387;72,387;72,387;72,387;72,387;72,387;72,387;72,387
5610;80,067;80,067;80,067;80,067;80,067;80,067;80,067;80,067;80,067;80,067
5611;69,965;69,965;69,965;69,965;69,965;69,965;69,965;69,965;69,965;69,965
5612;51,829;51,829;51,829;51,829;51,829;51,829;51,829;51,829;51,829;51,829
5613;51,709;51,709;51,709;51,709;51,709;51,709;51,709;51,709;51,709;51,709
5614;41,381;41,381;41,381;41,381;41,381;41,381;41,381;41,381;41,381;41,381
5615;18,941;18,941;18,941;18,941;18,941;18,941;18,941;18,941;18,941;18,941
5616;18,941;18,941;18,941;18,941;18,941;18,941;18,941;18,941;18,941;18,941
5617;18,941;18,941;18,941;18,941;18,941;18,941;18,941;18,941;18,941;18,941
5618;17,101;17,101;17,101;17,101;17,101;17,101;17,101;17,101;17,101;17,101
5619;17,101;17,101;17,101;17,101;17,101;17,101;17,101;17,101;17,101;17,101
5620;41,381;41,381;41,381;41,381;41,381;41,381;41,381;41,381;41,381;41,381
5621;34,165;34,165;34,165;34,165;34,165;34,165;34,165;34,165;34,165;34,165
5622;51,465;51,465;51,465;51,465;51,465;51,465;51,465;51,465;51,465;51,465
5623;63,629;63,629;63,629;63,629;63,629;63,629;63,629;63,629;63,629;63,629
5624;52,661;52,661;52,661;52,661;52,661;52,661;52,661;52,661;52,661;52,661
5625;56,951;56,951;56,951;56,951;56,951;56,951;56,951;56,951;56,951;56,951
5626;57,119;57,119;57,119;57,119;57,119;57,119;57,119;57,119;57,119;57,119
5627;52,259;52,259;52,259;52,259;52,259;52,259;52,259;52,259;52,259;52,259
5628;42,623;42,623;42,623;42,623;42,623;42,623;42,623;42,623;42,623;42,623
5629;43,487;43,487;43,487;43,487;43,487;43,487;43,487;43,487;43,487;43,487
5630;41,327;41,327;41,327;41,327;41,327;41,327;41,327;41,327;41,327;41,327
5631;48,127;48,127;48,127;48,127;48,127;48,127;48,127;48,127;48,127;48,127
5632;55,167;55,167;55,167;55,167;55,167;55,167;55,167;55,167;55,167;55,167
5633;72,387;72,387;72,387;72,387;72,387;72,387;72,387;72,387;72,387;72,387
5634;80,067;80,067;80,067;80,067;80,067;80,067;80,067;80,067;80,067;80,067
5635;69,965;69,965;69,965;69,965;69,965;69,965;69,965;69,965;69,965;69,965
5636;51,829;51,829;51,829;51,829;51,829;51,829;51,829;51,829;51,829;51,829
5637;51,709;51,709;51,709;51,709;51,709;51,709;51,709;51,709;51,709;51,709
5638;41,381;41,381;41,381;41,381;41,381;41,381;41,381;41,381;41,381;41,381
5639;18,941;18,941;18,941;18,941;18,941;18,941;18,941;18,941;18,941;18,941
5640;18,941;18,941;18,941;18,941;18,941;18,941;18,941;18,941;18,941;18,941
5641;18,941;18,941;18,941;18,941;18,941;18,941;18,941;18,941;18,941;18,941
5642;17,101;17,101;17,101;17,101;17,101;17,101;17,101;17,101;17,101;17,101
5643;17,101;17,101;17,101;17,101;17,101;17,101;17,101;17,101;17,101;17,101
5644;41,381;41,381;41,381;41,381;41,381;41,381;41,381;41,381;41,381;41,381
5645;34,165;34,165;34,165;34,165;34,165;34,165;34,165;34,165;34,165;34,165
5646;51,465;51,465;51,465;51,465;51,465;51,465;51,465;51,465;51,465;51,465
5647;63,629;63,629;63,629;63,629;63,629;63,629;63,629;63,629;63,629;63,629
5648;52,661;52,661;52,661;52,661;52,661;52,661;52,661;52,661;52,661;52,661
5649;56,951;56,951;56,951;56,951;56,951;56,951;56,951;56,951;56,951;56,951
5650;57,119;57,119;57,119;57,119;57,119;57,119;57,119;57,119;57,119;57,119
5651;52,259;52,259;52,259;52,259;52,259;52,259;52,259;52,259;52,259;52,259
5652;42,623;42,623;42,623;42,623;42,623;42,623;42,623;42,623;42,623;42,623
5653;43,487;43,487;43,487;43,487;43,487;43,487;43,487;43,487;43,487;43,487
5654;41,327;41,327;41,327;41,327;41,327;41,327;41,327;41,327;41,327;41,327
5655;48,127;48,127;48,127;48,127;48,127;48,127;48,127;48,127;48,127;48,127
5656;55,167;55,167;55,167;55,167;55,167;55,167;55,167;55,167;55,167;55,167
5657;72,387;72,387;72,387;72,387;72,387;72,387;72,387;72,387;72,387;72,387
5658;80,067;80,067;80,067;80,067;80,067;80,067;80,067;80,067;80,067;80,067
5659;69,965;69,965;69,965;69,965;69,965;69,965;69,965;69,965;69,965;69,965
5660;51,829;51,829;51,829;51,829;51,829;51,829;51,829;51,829;51,829;51,829
5661;51,709;51,709;51,709;51,709;51,709;51,709;51,709;51,709;51,709;51,709
5662;41,381;41,381;41,381;41,381;41,381;41,381;41,381;41,381;41,381;41,381
5663;18,941;18,941;18,941;18,941;18,941;18,941;18,941;18,941;18,941;18,941
5664;18,941;18,941;18,941;18,941;18,941;18,941;18,941;18,941;18,941;18,941
5665;18,941;18,941;18,941;18,941;18,941;18,941;18,941;18,941;18,941;18,941
5666;17,101;17,101;17,101;17,101;17,101;17,101;17,101;17,101;17,101;17,101
5667;17,101;17,101;17,101;17,101;17,101;17,101;17,101;17,101;17,101;17,101
5668;41,381;41,381;41,381;41,381;41,381;41,381;41,381;41,381;41,381;41,381
5669;34,165;34,165;34,165;34,165;34,165;34,165;34,165;34,165;34,165;34,165
5670;51,465;51,465;51,465;51,465;51,465;51,465;51,465;51,465;51,465;51,465
5671;63,629;63,629;63,629;63,629;63,629;63,629;63,629;63,629;63,629;63,629
5672;52,661;52,661;52,661;52,661;52,661;52,661;52,661;52,661;52,661;52,661
5673;56,951;56,951;56,951;56,951;56,951;56,951;56,951;56,951;56,951;56,951
5674;57,119;57,119;57,119;57,119;57,119;57,119;57,119;57,119;57,119;57,119
5675;52,259;52,259;52,259;52,259;52,259;52,259;52,259;52,259;52,259;52,259
5676;42,623;42,623;42,623;42,623;42,623;42,623;42,623;42,623;42,623;42,623
5677;43,487;43,487;43,487;43,487;43,487;43,487;43,487;43,487;43,487;43,487
5678;41,327;41,327;41,327;41,327;41,327;41,327;41,327;41,327;41,327;41,327
5679;48,127;48,127;48,127;48,127;48,127;48,127;48,127;48,127;48,127;48,127
5680;55,167;55,167;55,167;55,167;55,167;55,167;55,167;55,167;55,167;55,167
5681;72,387;72,387;72,387;72,387;72,387;72,387;72,387;72,387;72,387;72,387
5682;80,067;80,067;80,067;80,067;80,067;80,067;80,067;80,067;80,067;80,067
5683;69,965;69,965;69,965;69,965;69,965;69,965;69,965;69,965;69,965;69,965
5684;51,829;51,829;51,829;51,829;51,829;51,829;51,829;51,829;51,829;51,829
5685;51,709;51,709;51,709;51,709;51,709;51,709;51,709;51,709;51,709;51,709
5686;41,381;41,381;41,381;41,381;41,381;41,381;41,381;41,381;41,381;41,381
5687;18,941;18,941;18,941;18,941;18,941;18,941;18,941;18,941;18,941;18,941
5688;18,941;18,941;18,941;18,941;18,941;18,941;18,941;18,941;18,941;18,941
5689;18,941;18,941;18,941;18,941;18,941;18,941;18,941;18,941;18,941;18,941
5690;17,101;17,101;17,101;17,101;17,101;17,101;17,101;17,101;17,101;17,101
5691;17,101;17,101;17,101;17,101;17,101;17,101;17,101;17,101;17,101;17,101
5692;41,381;41,381;41,381;41,381;41,381;41,381;41,381;41,381;41,381;41,381
5693;34,165;34,165;34,165;34,165;34,165;34,165;34,165;34,165;34,165;34,165
5694;51,465;51,465;51,465;51,465;51,465;51,465;51,465;51,465;51,465;51,465
5695;63,629;63,629;63,629;63,629;63,629;63,629;63,629;63,629;63,629;63,629
5696;52,661;52,661;52,661;52,661;52,661;52,661;52,661;52,661;52,661;52,661
5697;56,951;56,951;56,951;56,951;56,951;56,951;56,951;56,951;56,951;56,951
5698;57,119;57,119;57,119;57,119;57,119;57,119;57,119;57,119;57,119;57,119
5699;52,259;52,259;52,259;52,259;52,259;52,259;52,259;52,259;52,259;52,259
5700;42,623;42,623;42,623;42,623;42,623;42,623;42,623;42,623;42,623;42,623
5701;43,487;43,487;43,487;43,487;43,487;43,487;43,487;43,487;43,487;43,487
5702;41,327;41,327;41,327;41,327;41,327;41,327;41,327;41,327;41,327;41,327
5703;48,127;48,127;48,127;48,127;48,127;48,127;48,127;48,127;48,127;48,127
5704;55,167;55,167;55,167;55,167;55,167;55,167;55,167;55,167;55,167;55,167
5705;72,387;72,387;72,387;72,387;72,387;72,387;72,387;72,387;72,387;72,387
5706;80,067;80,067;80,067;80,067;80,067;80,067;80,067;80,067;80,067;80,067
5707;69,965;69,965;69,965;69,965;69,965;69,965;69,965;69,965;69,965;69,965
5708;51,829;51,829;51,829;51,829;51,829;51,829;51,829;51,829;51,829;51,829
5709;51,709;51,709;51,709;51,709;51,709;51,709;51,709;51,709;51,709;51,709
5710;41,381;41,381;41,381;41,381;41,381;41,381;41,381;41,381;41,381;41,381
5711;18,941;18,941;18,941;18,941;18,941;18,941;18,941;18,941;18,941;18,941
5712;18,941;18,941;18,941;18,941;18,941;18,941;18,941;18,941;18,941;18,941
5713;18,941;18,941;18,941;18,941;18,941;18,941;18,941;18,941;18,941;18,941
5714;17,101;17,101;17,101;17,101;17,101;17,101;17,101;17,101;17,101;17,101
5715;17,101;17,101;17,101;17,101;17,101;17,101;17,101;17,101;17,101;17,101
5716;41,381;41,381;41,381;41,381;41,381;41,381;41,381;41,381;41,381;41,381
5717;34,165;34,165;34,165;34,165;34,165;34,165;34,165;34,165;34,165;34,165
5718;51,465;51,465;51,465;51,465;51,465;51,465;51,465;51,465;51,465;51,465
5719;63,629;63,629;63,629;63,629;63,629;63,629;63,629;63,629;63,629;63,629
5720;52,661;52,661;52,661;52,661;52,661;52,661;52,661;52,661;52,661;52,661
5721;56,951;56,951;56,951;56,951;56,951;56,951;56,951;56,951;56,951;56,951
5722;57,119;57,119;57,119;57,119;57,119;57,119;57,119;57,119;57,119;57,119
5723;52,259;52,259;52,259;52,259;52,259;52,259;52,259;52,259;52,259;52,259
5724;42,623;42,623;42,623;42,623;42,623;42,623;42,623;42,623;42,623;42,623
5725;43,487;43,487;43,487;43,487;43,487;43,487;43,487;43,487;43,487;43,487
5726;41,327;41,327;41,327;41,327;41,327;41,327;41,327;41,327;41,327;41,327
5727;48,127;48,127;48,127;48,127;48,127;48,127;48,127;48,127;48,127;48,127
5728;55,167;55,167;55,167;55,167;55,167;55,167;55,167;55,167;55,167;55,167
5729;72,387;72,387;72,387;72,387;72,387;72,387;72,387;72,387;72,387;72,387
5730;80,067;80,067;80,067;80,067;80,067;80,067;80,067;80,067;80,067;80,067
5731;69,965;69,965;69,965;69,965;69,965;69,965;69,965;69,965;69,965;69,965
5732;51,829;51,829;51,829;51,829;51,829;51,829;51,829;51,829;51,829;51,829
5733;51,709;51,709;51,709;51,709;51,709;51,709;51,709;51,709;51,709;51,709
5734;41,381;41,381;41,381;41,381;41,381;41,381;41,381;41,381;41,381;41,381
5735;18,941;18,941;18,941;18,941;18,941;18,941;18,941;18,941;18,941;18,941
5736;18,941;18,941;18,941;18,941;18,941;18,941;18,941;18,941;18,941;18,941
5737;18,941;18,941;18,941;18,941;18,941;18,941;18,941;18,941;18,941;18,941
5738;17,101;17,101;17,101;17,101;17,101;17,101;17,101;17,101;17,101;17,101
5739;17,101;17,101;17,101;17,101;17,101;17,101;17,101;17,101;17,101;17,101
5740;41,381;41,381;41,381;41,381;41,381;41,381;41,381;41,381;41,381;41,381
5741;34,165;34,165;34,165;34,165;34,165;34,165;34,165;34,165;34,165;34,165
5742;51,465;51,465;51,465;51,465;51,465;51,465;51,465;51,465;51,465;51,465
5743;63,629;63,629;63,629;63,629;63,629;63,629;63,629;63,629;63,629;63,629
5744;52,661;52,661;52,661;52,661;52,661;52,661;52,661;52,661;52,661;52,661
5745;56,951;56,951;56,951;56,951;56,951;56,951;56,951;56,951;56,951;56,951
5746;57,119;57,119;57,119;57,119;57,119;57,119;57,119;57,119;57,119;57,119
5747;52,259;52,259;52,259;52,259;52,259;52,259;52,259;52,259;52,259;52,259
5748;42,623;42,623;42,623;42,623;42,623;42,623;42,623;42,623;42,623;42,623
5749;43,487;43,487;43,487;43,487;43,487;43,487;43,487;43,487;43,487;43,487
5750;41,327;41,327;41,327;41,327;41,327;41,327;41,327;41,327;41,327;41,327
5751;48,127;48,127;48,127;48,127;48,127;48,127;48,127;48,127;48,127;48,127
5752;55,167;55,167;55,167;55,167;55,167;55,167;55,167;55,167;55,167;55,167
5753;72,387;72,387;72,387;72,387;72,387;72,387;72,387;72,387;72,387;72,387
5754;80,067;80,067;80,067;80,067;80,067;80,067;80,067;80,067;80,067;80,067
5755;69,965;69,965;69,965;69,965;69,965;69,965;69,965;69,965;69,965;69,965
5756;51,829;51,829;51,829;51,829;51,829;51,829;51,829;51,829;51,829;51,829
5757;51,709;51,709;51,709;51,709;51,709;51,709;51,709;51,709;51,709;51,709
5758;41,381;41,381;41,381;41,381;41,381;41,381;41,381;41,381;41,381;41,381
5759;18,941;18,941;18,941;18,941;18,941;18,941;18,941;18,941;18,941;18,941
5760;18,941;18,941;18,941;18,941;18,941;18,941;18,941;18,941;18,941;18,941
5761;18,941;18,941;18,941;18,941;18,941;18,941;18,941;18,941;18,941;18,941
5762;17,101;17,101;17,101;17,101;17,101;17,101;17,101;17,101;17,101;17,101
5763;17,101;17,101;17,101;17,101;17,101;17,101;17,101;17,101;17,101;17,101
5764;41,381;41,381;41,381;41,381;41,381;41,381;41,381;41,381;41,381;41,381
5765;34,165;34,165;34,165;34,165;34,165;34,165;34,165;34,165;34,165;34,165
5766;51,465;51,465;51,465;51,465;51,465;51,465;51,465;51,465;51,465;51,465
5767;63,629;63,629;63,629;63,629;63,629;63,629;63,629;63,629;63,629;63,629
5768;52,661;52,661;52,661;52,661;52,661;52,661;52,661;52,661;52,661;52,661
5769;56,951;56,951;56,951;56,951;56,951;56,951;56,951;56,951;56,951;56,951
5770;57,119;57,119;57,119;57,119;57,119;57,119;57,119;57,119;57,119;57,119
5771;52,259;52,259;52,259;52,259;52,259;52,259;52,259;52,259;52,259;52,259
5772;42,623;42,623;42,623;42,623;42,623;42,623;42,623;42,623;42,623;42,623
5773;43,487;43,487;43,487;43,487;43,487;43,487;43,487;43,487;43,487;43,487
5774;41,327;41,327;41,327;41,327;41,327;41,327;41,327;41,327;41,327;41,327
5775;48,127;48,127;48,127;48,127;48,127;48,127;48,127;48,127;48,127;48,127
5776;55,167;55,167;55,167;55,167;55,167;55,167;55,167;55,167;55,167;55,167
5777;72,387;72,387;72,387;72,387;72,387;72,387;72,387;72,387;72,387;72,387
5778;80,067;80,067;80,067;80,067;80,067;80,067;80,067;80,067;80,067;80,067
5779;69,965;69,965;69,965;69,965;69,965;69,965;69,965;69,965;69,965;69,965
5780;51,829;51,829;51,829;51,829;51,829;51,829;51,829;51,829;51,829;51,829
5781;51,709;51,709;51,709;51,709;51,709;51,709;51,709;51,709;51,709;51,709
5782;41,381;41,381;41,381;41,381;41,381;41,381;41,381;41,381;41,381;41,381
5783;18,941;18,941;18,941;18,941;18,941;18,941;18,941;18,941;18,941;18,941
5784;18,941;18,941;18,941;18,941;18,941;18,941;18,941;18,941;18,941;18,941
5785;18,941;18,941;18,941;18,941;18,941;18,941;18,941;18,941;18,941;18,941
5786;17,101;17,101;17,101;17,101;17,101;17,101;17,101;17,101;17,101;17,101
5787;17,101;17,101;17,101;17,101;17,101;17,101;17,101;17,101;17,101;17,101
5788;41,381;41,381;41,381;41,381;41,381;41,381;41,381;41,381;41,381;41,381
5789;34,165;34,165;34,165;34,165;34,165;34,165;34,165;34,165;34,165;34,165
5790;51,465;51,465;51,465;51,465;51,465;51,465;51,465;51,465;51,465;51,465
5791;63,629;63,629;63,629;63,629;63,629;63,629;63,629;63,629;63,629;63,629
5792;52,661;52,661;52,661;52,661;52,661;52,661;52,661;52,661;52,661;52,661
5793;56,951;56,951;56,951;56,951;56,951;56,951;56,951;56,951;56,951;56,951
5794;57,119;57,119;57,119;57,119;57,119;57,119;57,119;57,119;57,119;57,119
5795;52,259;52,259;52,259;52,259;52,259;52,259;52,259;52,259;52,259;52,259
5796;42,623;42,623;42,623;42,623;42,623;42,623;42,623;42,623;42,623;42,623
5797;43,487;43,487;43,487;43,487;43,487;43,487;43,487;43,487;43,487;43,487
5798;41,327;41,327;41,327;41,327;41,327;41,327;41,327;41,327;41,327;41,327
5799;48,127;48,127;48,127;48,127;48,127;48,127;48,127;48,127;48,127;48,127
5800;55,167;55,167;55,167;55,167;55,167;55,167;55,167;55,167;55,167;55,167
5801;72,387;72,387;72,387;72,387;72,387;72,387;72,387;72,387;72,387;72,387
5802;80,067;80,067;80,067;80,067;80,067;80,067;80,067;80,067;80,067;80,067
5803;69,965;69,965;69,965;69,965;69,965;69,965;69,965;69,965;69,965;69,965
5804;51,829;51,829;51,829;51,829;51,829;51,829;51,829;51,829;51,829;51,829
5805;51,709;51,709;51,709;51,709;51,709;51,709;51,709;51,709;51,709;51,709
5806;41,381;41,381;41,381;41,381;41,381;41,381;41,381;41,381;41,381;41,381
5807;18,941;18,941;18,941;18,941;18,941;18,941;18,941;18,941;18,941;18,941
5808;18,941;18,941;18,941;18,941;18,941;18,941;18,941;18,941;18,941;18,941
5809;18,941;18,941;18,941;18,941;18,941;18,941;18,941;18,941;18,941;18,941
5810;17,101;17,101;17,101;17,101;17,101;17,101;17,101;17,101;17,101;17,101
5811;17,101;17,101;17,101;17,101;17,101;17,101;17,101;17,101;17,101;17,101
5812;41,381;41,381;41,381;41,381;41,381;41,381;41,381;41,381;41,381;41,381
5813;34,165;34,165;34,165;34,165;34,165;34,165;34,165;34,165;34,165;34,165
5814;51,465;51,465;51,465;51,465;51,465;51,465;51,465;51,465;51,465;51,465
5815;63,629;63,629;63,629;63,629;63,629;63,629;63,629;63,629;63,629;63,629
5816;52,661;52,661;52,661;52,661;52,661;52,661;52,661;52,661;52,661;52,661
5817;56,951;56,951;56,951;56,951;56,951;56,951;56,951;56,951;56,951;56,951
5818;57,119;57,119;57,119;57,119;57,119;57,119;57,119;57,119;57,119;57,119
5819;52,259;52,259;52,259;52,259;52,259;52,259;52,259;52,259;52,259;52,259
5820;42,623;42,623;42,623;42,623;42,623;42,623;42,623;42,623;42,623;42,623
5821;43,487;43,487;43,487;43,487;43,487;43,487;43,487;43,487;43,487;43,487
5822;41,327;41,327;41,327;41,327;41,327;41,327;41,327;41,327;41,327;41,327
5823;48,127;48,127;48,127;48,127;48,127;48,127;48,127;48,127;48,127;48,127
5824;55,167;55,167;55,167;55,167;55,167;55,167;55,167;55,167;55,167;55,167
5825;72,387;72,387;72,387;72,387;72,387;72,387;72,387;72,387;72,387;72,387
5826;80,067;80,067;80,067;80,067;80,067;80,067;80,067;80,067;80,067;80,067
5827;69,965;69,965;69,965;69,965;69,965;69,965;69,965;69,965;69,965;69,965
5828;51,829;51,829;51,829;51,829;51,829;51,829;51,829;51,829;51,829;51,829
5829;51,709;51,709;51,709;51,709;51,709;51,709;51,709;51,709;51,709;51,709
5830;41,381;41,381;41,381;41,381;41,381;41,381;41,381;41,381;41,381;41,381
5831;18,941;18,941;18,941;18,941;18,941;18,941;18,941;18,941;18,941;18,941
5832;18,941;18,941;18,941;18,941;18,941;18,941;18,941;18,941;18,941;18,941
5833;18,941;18,941;18,941;18,941;18,941;18,941;18,941;18,941;18,941;18,941
5834;17,101;17,101;17,101;17,101;17,101;17,101;17,101;17,101;17,101;17,101
5835;17,101;17,101;17,101;17,101;17,101;17,101;17,101;17,101;17,101;17,101
5836;41,381;41,381;41,381;41,381;41,381;41,381;41,381;41,381;41,381;41,381
5837;34,165;34,165;34,165;34,165;34,165;34,165;34,165;34,165;34,165;34,165
5838;51,465;51,465;51,465;51,465;51,465;51,465;51,465;51,465;51,465;51,465
5839;63,629;63,629;63,629;63,629;63,629;63,629;63,629;63,629;63,629;63,629
5840;52,661;52,661;52,661;52,661;52,661;52,661;52,661;52,661;52,661;52,661
5841;56,951;56,951;56,951;56,951;56,951;56,951;56,951;56,951;56,951;56,951
5842;57,119;57,119;57,119;57,119;57,119;57,119;57,119;57,119;57,119;57,119
5843;52,259;52,259;52,259;52,259;52,259;52,259;52,259;52,259;52,259;52,259
5844;42,623;42,623;42,623;42,623;42,623;42,623;42,623;42,623;42,623;42,623
5845;43,487;43,487;43,487;43,487;43,487;43,487;43,487;43,487;43,487;43,487
5846;41,327;41,327;41,327;41,327;41,327;41,327;41,327;41,327;41,327;41,327
5847;48,127;48,127;48,127;48,127;48,127;48,127;48,127;48,127;48,127;48,127
5848;55,167;55,167;55,167;55,167;55,167;55,167;55,167;55,167;55,167;55,167
5849;72,387;72,387;72,387;72,387;72,387;72,387;72,387;72,387;72,387;72,387
5850;80,067;80,067;80,067;80,067;80,067;80,067;80,067;80,067;80,067;80,067
5851;69,965;69,965;69,965;69,965;69,965;69,965;69,965;69,965;69,965;69,965
5852;51,829;51,829;51,829;51,829;51,829;51,829;51,829;51,829;51,829;51,829
5853;51,709;51,709;51,709;51,709;51,709;51,709;51,709;51,709;51,709;51,709
5854;41,381;41,381;41,381;41,381;41,381;41,381;41,381;41,381;41,381;41,381
5855;18,941;18,941;18,941;18,941;18,941;18,941;18,941;18,941;18,941;18,941
5856;18,941;18,941;18,941;18,941;18,941;18,941;18,941;18,941;18,941;18,941
5857;18,941;18,941;18,941;18,941;18,941;18,941;18,941;18,941;18,941;18,941
5858;17,101;17,101;17,101;17,101;17,101;17,101;17,101;17,101;17,101;17,101
5859;17,101;17,101;17,101;17,101;17,101;17,101;17,101;17,101;17,101;17,101
5860;41,381;41,381;41,381;41,381;41,381;41,381;41,381;41,381;41,381;41,381
5861;34,165;34,165;34,165;34,165;34,165;34,165;34,165;34,165;34,165;34,165
5862;51,465;51,465;51,465;51,465;51,465;51,465;51,465;51,465;51,465;51,465
5863;63,629;63,629;63,629;63,629;63,629;63,629;63,629;63,629;63,629;63,629
5864;52,661;52,661;52,661;52,661;52,661;52,661;52,661;52,661;52,661;52,661
5865;56,951;56,951;56,951;56,951;56,951;56,951;56,951;56,951;56,951;56,951
5866;57,119;57,119;57,119;57,119;57,119;57,119;57,119;57,119;57,119;57,119
5867;52,259;52,259;52,259;52,259;52,259;52,259;52,259;52,259;52,259;52,259
5868;42,623;42,623;42,623;42,623;42,623;42,623;42,623;42,623;42,623;42,623
5869;43,487;43,487;43,487;43,487;43,487;43,487;43,487;43,487;43,487;43,487
5870;41,327;41,327;41,327;41,327;41,327;41,327;41,327;41,327;41,327;41,327
5871;48,127;48,127;48,127;48,127;48,127;48,127;48,127;48,127;48,127;48,127
5872;55,167;55,167;55,167;55,167;55,167;55,167;55,167;55,167;55,167;55,167
5873;72,387;72,387;72,387;72,387;72,387;72,387;72,387;72,387;72,387;72,387
5874;80,067;80,067;80,067;80,067;80,067;80,067;80,067;80,067;80,067;80,067
5875;69,965;69,965;69,965;69,965;69,965;69,965;69,965;69,965;69,965;69,965
5876;51,829;51,829;51,829;51,829;51,829;51,829;51,829;51,829;51,829;51,829
5877;51,709;51,709;51,709;51,709;51,709;51,709;51,709;51,709;51,709;51,709
5878;41,381;41,381;41,381;41,381;41,381;41,381;41,381;41,381;41,381;41,381
5879;18,941;18,941;18,941;18,941;18,941;18,941;18,941;18,941;18,941;18,941
5880;18,941;18,941;18,941;18,941;18,941;18,941;18,941;18,941;18,941;18,941
5881;18,941;18,941;18,941;18,941;18,941;18,941;18,941;18,941;18,941;18,941
5882;17,101;17,101;17,101;17,101;17,101;17,101;17,101;17,101;17,101;17,101
5883;17,101;17,101;17,101;17,101;17,101;17,101;17,101;17,101;17,101;17,101
5884;41,381;41,381;41,381;41,381;41,381;41,381;41,381;41,381;41,381;41,381
5885;34,165;34,165;34,165;34,165;34,165;34,165;34,165;34,165;34,165;34,165
5886;51,465;51,465;51,465;51,465;51,465;51,465;51,465;51,465;51,465;51,465
5887;63,629;63,629;63,629;63,629;63,629;63,629;63,629;63,629;63,629;63,629
5888;52,661;52,661;52,661;52,661;52,661;52,661;52,661;52,661;52,661;52,661
5889;56,951;56,951;56,951;56,951;56,951;56,951;56,951;56,951;56,951;56,951
5890;57,119;57,119;57,119;57,119;57,119;57,119;57,119;57,119;57,119;57,119
5891;52,259;52,259;52,259;52,259;52,259;52,259;52,259;52,259;52,259;52,259
5892;42,623;42,623;42,623;42,623;42,623;42,623;42,623;42,623;42,623;42,623
5893;43,487;43,487;43,487;43,487;43,487;43,487;43,487;43,487;43,487;43,487
5894;41,327;41,327;41,327;41,327;41,327;41,327;41,327;41,327;41,327;41,327
5895;48,127;48,127;48,127;48,127;48,127;48,127;48,127;48,127;48,127;48,127
5896;55,167;55,167;55,167;55,167;55,167;55,167;55,167;55,167;55,167;55,167
5897;72,387;72,387;72,387;72,387;72,387;72,387;72,387;72,387;72,387;72,387
5898;80,067;80,067;80,067;80,067;80,067;80,067;80,067;80,067;80,067;80,067
5899;69,965;69,965;69,965;69,965;69,965;69,965;69,965;69,965;69,965;69,965
5900;51,829;51,829;51,829;51,829;51,829;51,829;51,829;51,829;51,829;51,829
5901;51,709;51,709;51,709;51,709;51,709;51,709;51,709;51,709;51,709;51,709
5902;41,381;41,381;41,381;41,381;41,381;41,381;41,381;41,381;41,381;41,381
5903;18,941;18,941;18,941;18,941;18,941;18,941;18,941;18,941;18,941;18,941
5904;18,941;18,941;18,941;18,941;18,941;18,941;18,941;18,941;18,941;18,941
5905;18,941;18,941;18,941;18,941;18,941;18,941;18,941;18,941;18,941;18,941
5906;17,101;17,101;17,101;17,101;17,101;17,101;17,101;17,101;17,101;17,101
5907;17,101;17,101;17,101;17,101;17,101;17,101;17,101;17,101;17,101;17,101
5908;41,381;41,381;41,381;41,381;41,381;41,381;41,381;41,381;41,381;41,381
5909;34,165;34,165;34,165;34,165;34,165;34,165;34,165;34,165;34,165;34,165
5910;51,465;51,465;51,465;51,465;51,465;51,465;51,465;51,465;51,465;51,465
5911;63,629;63,629;63,629;63,629;63,629;63,629;63,629;63,629;63,629;63,629
5912;52,661;52,661;52,661;52,661;52,661;52,661;52,661;52,661;52,661;52,661
5913;56,951;56,951;56,951;56,951;56,951;56,951;56,951;56,951;56,951;56,951
5914;57,119;57,119;57,119;57,119;57,119;57,119;57,119;57,119;57,119;57,119
5915;52,259;52,259;52,259;52,259;52,259;52,259;52,259;52,259;52,259;52,259
5916;42,623;42,623;42,623;42,623;42,623;42,623;42,623;42,623;42,623;42,623
5917;43,487;43,487;43,487;43,487;43,487;43,487;43,487;43,487;43,487;43,487
5918;41,327;41,327;41,327;41,327;41,327;41,327;41,327;41,327;41,327;41,327
5919;48,127;48,127;48,127;48,127;48,127;48,127;48,127;48,127;48,127;48,127
5920;55,167;55,167;55,167;55,167;55,167;55,167;55,167;55,167;55,167;55,167
5921;72,387;72,387;72,387;72,387;72,387;72,387;72,387;72,387;72,387;72,387
5922;80,067;80,067;80,067;80,067;80,067;80,067;80,067;80,067;80,067;80,067
5923;69,965;69,965;69,965;69,965;69,965;69,965;69,965;69,965;69,965;69,965
5924;51,829;51,829;51,829;51,829;51,829;51,829;51,829;51,829;51,829;51,829
5925;51,709;51,709;51,709;51,709;51,709;51,709;51,709;51,709;51,709;51,709
5926;41,381;41,381;41,381;41,381;41,381;41,381;41,381;41,381;41,381;41,381
5927;18,941;18,941;18,941;18,941;18,941;18,941;18,941;18,941;18,941;18,941
5928;18,941;18,941;18,941;18,941;18,941;18,941;18,941;18,941;18,941;18,941
5929;18,941;18,941;18,941;18,941;18,941;18,941;18,941;18,941;18,941;18,941
5930;17,101;17,101;17,101;17,101;17,101;17,101;17,101;17,101;17,101;17,101
5931;17,101;17,101;17,101;17,101;17,101;17,101;17,101;17,101;17,101;17,101
5932;41,381;41,381;41,381;41,381;41,381;41,381;41,381;41,381;41,381;41,381
5933;34,165;34,165;34,165;34,165;34,165;34,165;34,165;34,165;34,165;34,165
5934;51,465;51,465;51,465;51,465;51,465;51,465;51,465;51,465;51,465;51,465
5935;63,629;63,629;63,629;63,629;63,629;63,629;63,629;63,629;63,629;63,629
5936;52,661;52,661;52,661;52,661;52,661;52,661;52,661;52,661;52,661;52,661
5937;56,951;56,951;56,951;56,951;56,951;56,951;56,951;56,951;56,951;56,951
5938;57,119;57,119;57,119;57,119;57,119;57,119;57,119;57,119;57,119;57,119
5939;52,259;52,259;52,259;52,259;52,259;52,259;52,259;52,259;52,259;52,259
5940;42,623;42,623;42,623;42,623;42,623;42,623;42,623;42,623;42,623;42,623
5941;43,487;43,487;43,487;43,487;43,487;43,487;43,487;43,487;43,487;43,487
5942;41,327;41,327;41,327;41,327;41,327;41,327;41,327;41,327;41,327;41,327
5943;48,127;48,127;48,127;48,127;48,127;48,127;48,127;48,127;48,127;48,127
5944;55,167;55,167;55,167;55,167;55,167;55,167;55,167;55,167;55,167;55,167
5945;72,387;72,387;72,387;72,387;72,387;72,387;72,387;72,387;72,387;72,387
5946;80,067;80,067;80,067;80,067;80,067;80,067;80,067;80,067;80,067;80,067
5947;69,965;69,965;69,965;69,965;69,965;69,965;69,965;69,965;69,965;69,965
5948;51,829;51,829;51,829;51,829;51,829;51,829;51,829;51,829;51,829;51,829
5949;51,709;51,709;51,709;51,709;51,709;51,709;51,709;51,709;51,709;51,709
5950;41,381;41,381;41,381;41,381;41,381;41,381;41,381;41,381;41,381;41,381
5951;18,941;18,941;18,941;18,941;18,941;18,941;18,941;18,941;18,941;18,941
5952;18,941;18,941;18,941;18,941;18,941;18,941;18,941;18,941;18,941;18,941
5953;18,941;18,941;18,941;18,941;18,941;18,941;18,941;18,941;18,941;18,941
5954;17,101;17,101;17,101;17,101;17,101;17,101;17,101;17,101;17,101;17,101
5955;17,101;17,101;17,101;17,101;17,101;17,101;17,101;17,101;17,101;17,101
5956;41,381;41,381;41,381;41,381;41,381;41,381;41,381;41,381;41,381;41,381
5957;34,165;34,165;34,165;34,165;34,165;34,165;34,165;34,165;34,165;34,165
5958;51,465;51,465;51,465;51,465;51,465;51,465;51,465;51,465;51,465;51,465
5959;63,629;63,629;63,629;63,629;63,629;63,629;63,629;63,629;63,629;63,629
5960;52,661;52,661;52,661;52,661;52,661;52,661;52,661;52,661;52,661;52,661
5961;56,951;56,951;56,951;56,951;56,951;56,951;56,951;56,951;56,951;56,951
5962;57,119;57,119;57,119;57,119;57,119;57,119;57,119;57,119;57,119;57,119
5963;52,259;52,259;52,259;52,259;52,259;52,259;52,259;52,259;52,259;52,259
5964;42,623;42,623;42,623;42,623;42,623;42,623;42,623;42,623;42,623;42,623
5965;43,487;43,487;43,487;43,487;43,487;43,487;43,487;43,487;43,487;43,487
5966;41,327;41,327;41,327;41,327;41,327;41,327;41,327;41,327;41,327;41,327
5967;48,127;48,127;48,127;48,127;48,127;48,127;48,127;48,127;48,127;48,127
5968;55,167;55,167;55,167;55,167;55,167;55,167;55,167;55,167;55,167;55,167
5969;72,387;72,387;72,387;72,387;72,387;72,387;72,387;72,387;72,387;72,387
5970;80,067;80,067;80,067;80,067;80,067;80,067;80,067;80,067;80,067;80,067
5971;69,965;69,965;69,965;69,965;69,965;69,965;69,965;69,965;69,965;69,965
5972;51,829;51,829;51,829;51,829;51,829;51,829;51,829;51,829;51,829;51,829
5973;51,709;51,709;51,709;51,709;51,709;51,709;51,709;51,709;51,709;51,709
5974;41,381;41,381;41,381;41,381;41,381;41,381;41,381;41,381;41,381;41,381
5975;18,941;18,941;18,941;18,941;18,941;18,941;18,941;18,941;18,941;18,941
5976;18,941;18,941;18,941;18,941;18,941;18,941;18,941;18,941;18,941;18,941
5977;18,941;18,941;18,941;18,941;18,941;18,941;18,941;18,941;18,941;18,941
5978;17,101;17,101;17,101;17,101;17,101;17,101;17,101;17,101;17,101;17,101
5979;17,101;17,101;17,101;17,101;17,101;17,101;17,101;17,101;17,101;17,101
5980;41,381;41,381;41,381;41,381;41,381;41,381;41,381;41,381;41,381;41,381
5981;34,165;34,165;34,165;34,165;34,165;34,165;34,165;34,165;34,165;34,165
5982;51,465;51,465;51,465;51,465;51,465;51,465;51,465;51,465;51,465;51,465
5983;63,629;63,629;63,629;63,629;63,629;63,629;63,629;63,629;63,629;63,629
5984;52,661;52,661;52,661;52,661;52,661;52,661;52,661;52,661;52,661;52,661
5985;56,951;56,951;56,951;56,951;56,951;56,951;56,951;56,951;56,951;56,951
5986;57,119;57,119;57,119;57,119;57,119;57,119;57,119;57,119;57,119;57,119
5987;52,259;52,259;52,259;52,259;52,259;52,259;52,259;52,259;52,259;52,259
5988;42,623;42,623;42,623;42,623;42,623;42,623;42,623;42,623;42,623;42,623
5989;43,487;43,487;43,487;43,487;43,487;43,487;43,487;43,487;43,487;43,487
5990;41,327;41,327;41,327;41,327;41,327;41,327;41,327;41,327;41,327;41,327
5991;48,127;48,127;48,127;48,127;48,127;48,127;48,127;48,127;48,127;48,127
5992;55,167;55,167;55,167;55,167;55,167;55,167;55,167;55,167;55,167;55,167
5993;72,387;72,387;72,387;72,387;72,387;72,387;72,387;72,387;72,387;72,387
5994;80,067;80,067;80,067;80,067;80,067;80,067;80,067;80,067;80,067;80,067
5995;69,965;69,965;69,965;69,965;69,965;69,965;69,965;69,965;69,965;69,965
5996;51,829;51,829;51,829;51,829;51,829;51,829;51,829;51,829;51,829;51,829
5997;51,709;51,709;51,709;51,709;51,709;51,709;51,709;51,709;51,709;51,709
5998;41,381;41,381;41,381;41,381;41,381;41,381;41,381;41,381;41,381;41,381
5999;18,941;18,941;18,941;18,941;18,941;18,941;18,941;18,941;18,941;18,941
6000;18,941;18,941;18,941;18,941;18,941;18,941;18,941;18,941;18,941;18,941
6001;18,941;18,941;18,941;18,941;18,941;18,941;18,941;18,941;18,941;18,941
6002;17,101;17,101;17,101;17,101;17,101;17,101;17,101;17,101;17,101;17,101
6003;17,101;17,101;17,101;17,101;17,101;17,101;17,101;17,101;17,101;17,101
6004;41,381;41,381;41,381;41,381;41,381;41,381;41,381;41,381;41,381;41,381
6005;34,165;34,165;34,165;34,165;34,165;34,165;34,165;34,165;34,165;34,165
6006;51,465;51,465;51,465;51,465;51,465;51,465;51,465;51,465;51,465;51,465
6007;63,629;63,629;63,629;63,629;63,629;63,629;63,629;63,629;63,629;63,629
6008;52,661;52,661;52,661;52,661;52,661;52,661;52,661;52,661;52,661;52,661
6009;56,951;56,951;56,951;56,951;56,951;56,951;56,951;56,951;56,951;56,951
6010;57,119;57,119;57,119;57,119;57,119;57,119;57,119;57,119;57,119;57,119
6011;52,259;52,259;52,259;52,259;52,259;52,259;52,259;52,259;52,259;52,259
6012;42,623;42,623;42,623;42,623;42,623;42,623;42,623;42,623;42,623;42,623
6013;43,487;43,487;43,487;43,487;43,487;43,487;43,487;43,487;43,487;43,487
6014;41,327;41,327;41,327;41,327;41,327;41,327;41,327;41,327;41,327;41,327
6015;48,127;48,127;48,127;48,127;48,127;48,127;48,127;48,127;48,127;48,127
6016;55,167;55,167;55,167;55,167;55,167;55,167;55,167;55,167;55,167;55,167
6017;72,387;72,387;72,387;72,387;72,387;72,387;72,387;72,387;72,387;72,387
6018;80,067;80,067;80,067;80,067;80,067;80,067;80,067;80,067;80,067;80,067
6019;69,965;69,965;69,965;69,965;69,965;69,965;69,965;69,965;69,965;69,965
6020;51,829;51,829;51,829;51,829;51,829;51,829;51,829;51,829;51,829;51,829
6021;51,709;51,709;51,709;51,709;51,709;51,709;51,709;51,709;51,709;51,709
6022;41,381;41,381;41,381;41,381;41,381;41,381;41,381;41,381;41,381;41,381
6023;18,941;18,941;18,941;18,941;18,941;18,941;18,941;18,941;18,941;18,941
6024;18,941;18,941;18,941;18,941;18,941;18,941;18,941;18,941;18,941;18,941
6025;18,941;18,941;18,941;18,941;18,941;18,941;18,941;18,941;18,941;18,941
6026;17,101;17,101;17,101;17,101;17,101;17,101;17,101;17,101;17,101;17,101
6027;17,101;17,101;17,101;17,101;17,101;17,101;17,101;17,101;17,101;17,101
6028;41,381;41,381;41,381;41,381;41,381;41,381;41,381;41,381;41,381;41,381
6029;34,165;34,165;34,165;34,165;34,165;34,165;34,165;34,165;34,165;34,165
6030;51,465;51,465;51,465;51,465;51,465;51,465;51,465;51,465;51,465;51,465
6031;63,629;63,629;63,629;63,629;63,629;63,629;63,629;63,629;63,629;63,629
6032;52,661;52,661;52,661;52,661;52,661;52,661;52,661;52,661;52,661;52,661
6033;56,951;56,951;56,951;56,951;56,951;56,951;56,951;56,951;56,951;56,951
6034;57,119;57,119;57,119;57,119;57,119;57,119;57,119;57,119;57,119;57,119
6035;52,259;52,259;52,259;52,259;52,259;52,259;52,259;52,259;52,259;52,259
6036;42,623;42,623;42,623;42,623;42,623;42,623;42,623;42,623;42,623;42,623
6037;43,487;43,487;43,487;43,487;43,487;43,487;43,487;43,487;43,487;43,487
6038;41,327;41,327;41,327;41,327;41,327;41,327;41,327;41,327;41,327;41,327
6039;48,127;48,127;48,127;48,127;48,127;48,127;48,127;48,127;48,127;48,127
6040;55,167;55,167;55,167;55,167;55,167;55,167;55,167;55,167;55,167;55,167
6041;72,387;72,387;72,387;72,387;72,387;72,387;72,387;72,387;72,387;72,387
6042;80,067;80,067;80,067;80,067;80,067;80,067;80,067;80,067;80,067;80,067
6043;69,965;69,965;69,965;69,965;69,965;69,965;69,965;69,965;69,965;69,965
6044;51,829;51,829;51,829;51,829;51,829;51,829;51,829;51,829;51,829;51,829
6045;51,709;51,709;51,709;51,709;51,709;51,709;51,709;51,709;51,709;51,709
6046;41,381;41,381;41,381;41,381;41,381;41,381;41,381;41,381;41,381;41,381
6047;18,941;18,941;18,941;18,941;18,941;18,941;18,941;18,941;18,941;18,941
6048;18,941;18,941;18,941;18,941;18,941;18,941;18,941;18,941;18,941;18,941
6049;18,941;18,941;18,941;18,941;18,941;18,941;18,941;18,941;18,941;18,941
6050;17,101;17,101;17,101;17,101;17,101;17,101;17,101;17,101;17,101;17,101
6051;17,101;17,101;17,101;17,101;17,101;17,101;17,101;17,101;17,101;17,101
6052;41,381;41,381;41,381;41,381;41,381;41,381;41,381;41,381;41,381;41,381
6053;34,165;34,165;34,165;34,165;34,165;34,165;34,165;34,165;34,165;34,165
6054;51,465;51,465;51,465;51,465;51,465;51,465;51,465;51,465;51,465;51,465
6055;63,629;63,629;63,629;63,629;63,629;63,629;63,629;63,629;63,629;63,629
6056;52,661;52,661;52,661;52,661;52,661;52,661;52,661;52,661;52,661;52,661
6057;56,951;56,951;56,951;56,951;56,951;56,951;56,951;56,951;56,951;56,951
6058;57,119;57,119;57,119;57,119;57,119;57,119;57,119;57,119;57,119;57,119
6059;52,259;52,259;52,259;52,259;52,259;52,259;52,259;52,259;52,259;52,259
6060;42,623;42,623;42,623;42,623;42,623;42,623;42,623;42,623;42,623;42,623
6061;43,487;43,487;43,487;43,487;43,487;43,487;43,487;43,487;43,487;43,487
6062;41,327;41,327;41,327;41,327;41,327;41,327;41,327;41,327;41,327;41,327
6063;48,127;48,127;48,127;48,127;48,127;48,127;48,127;48,127;48,127;48,127
6064;55,167;55,167;55,167;55,167;55,167;55,167;55,167;55,167;55,167;55,167
6065;72,387;72,387;72,387;72,387;72,387;72,387;72,387;72,387;72,387;72,387
6066;80,067;80,067;80,067;80,067;80,067;80,067;80,067;80,067;80,067;80,067
6067;69,965;69,965;69,965;69,965;69,965;69,965;69,965;69,965;69,965;69,965
6068;51,829;51,829;51,829;51,829;51,829;51,829;51,829;51,829;51,829;51,829
6069;51,709;51,709;51,709;51,709;51,709;51,709;51,709;51,709;51,709;51,709
6070;41,381;41,381;41,381;41,381;41,381;41,381;41,381;41,381;41,381;41,381
6071;18,941;18,941;18,941;18,941;18,941;18,941;18,941;18,941;18,941;18,941
6072;18,941;18,941;18,941;18,941;18,941;18,941;18,941;18,941;18,941;18,941
6073;18,941;18,941;18,941;18,941;18,941;18,941;18,941;18,941;18,941;18,941
6074;17,101;17,101;17,101;17,101;17,101;17,101;17,101;17,101;17,101;17,101
6075;17,101;17,101;17,101;17,101;17,101;17,101;17,101;17,101;17,101;17,101
6076;41,381;41,381;41,381;41,381;41,381;41,381;41,381;41,381;41,381;41,381
6077;34,165;34,165;34,165;34,165;34,165;34,165;34,165;34,165;34,165;34,165
6078;51,465;51,465;51,465;51,465;51,465;51,465;51,465;51,465;51,465;51,465
6079;63,629;63,629;63,629;63,629;63,629;63,629;63,629;63,629;63,629;63,629
6080;52,661;52,661;52,661;52,661;52,661;52,661;52,661;52,661;52,661;52,661
6081;56,951;56,951;56,951;56,951;56,951;56,951;56,951;56,951;56,951;56,951
6082;57,119;57,119;57,119;57,119;57,119;57,119;57,119;57,119;57,119;57,119
6083;52,259;52,259;52,259;52,259;52,259;52,259;52,259;52,259;52,259;52,259
6084;42,623;42,623;42,623;42,623;42,623;42,623;42,623;42,623;42,623;42,623
6085;43,487;43,487;43,487;43,487;43,487;43,487;43,487;43,487;43,487;43,487
6086;41,327;41,327;41,327;41,327;41,327;41,327;41,327;41,327;41,327;41,327
6087;48,127;48,127;48,127;48,127;48,127;48,127;48,127;48,127;48,127;48,127
6088;55,167;55,167;55,167;55,167;55,167;55,167;55,167;55,167;55,167;55,167
6089;72,387;72,387;72,387;72,387;72,387;72,387;72,387;72,387;72,387;72,387
6090;80,067;80,067;80,067;80,067;80,067;80,067;80,067;80,067;80,067;80,067
6091;69,965;69,965;69,965;69,965;69,965;69,965;69,965;69,965;69,965;69,965
6092;51,829;51,829;51,829;51,829;51,829;51,829;51,829;51,829;51,829;51,829
6093;51,709;51,709;51,709;51,709;51,709;51,709;51,709;51,709;51,709;51,709
6094;41,381;41,381;41,381;41,381;41,381;41,381;41,381;41,381;41,381;41,381
6095;18,941;18,941;18,941;18,941;18,941;18,941;18,941;18,941;18,941;18,941
6096;18,941;18,941;18,941;18,941;18,941;18,941;18,941;18,941;18,941;18,941
6097;18,941;18,941;18,941;18,941;18,941;18,941;18,941;18,941;18,941;18,941
6098;17,101;17,101;17,101;17,101;17,101;17,101;17,101;17,101;17,101;17,101
6099;17,101;17,101;17,101;17,101;17,101;17,101;17,101;17,101;17,101;17,101
6100;41,381;41,381;41,381;41,381;41,381;41,381;41,381;41,381;41,381;41,381
6101;34,165;34,165;34,165;34,165;34,165;34,165;34,165;34,165;34,165;34,165
6102;51,465;51,465;51,465;51,465;51,465;51,465;51,465;51,465;51,465;51,465
6103;63,629;63,629;63,629;63,629;63,629;63,629;63,629;63,629;63,629;63,629
6104;52,661;52,661;52,661;52,661;52,661;52,661;52,661;52,661;52,661;52,661
6105;56,951;56,951;56,951;56,951;56,951;56,951;56,951;56,951;56,951;56,951
6106;57,119;57,119;57,119;57,119;57,119;57,119;57,119;57,119;57,119;57,119
6107;52,259;52,259;52,259;52,259;52,259;52,259;52,259;52,259;52,259;52,259
6108;42,623;42,623;42,623;42,623;42,623;42,623;42,623;42,623;42,623;42,623
6109;43,487;43,487;43,487;43,487;43,487;43,487;43,487;43,487;43,487;43,487
6110;41,327;41,327;41,327;41,327;41,327;41,327;41,327;41,327;41,327;41,327
6111;48,127;48,127;48,127;48,127;48,127;48,127;48,127;48,127;48,127;48,127
6112;55,167;55,167;55,167;55,167;55,167;55,167;55,167;55,167;55,167;55,167
6113;72,387;72,387;72,387;72,387;72,387;72,387;72,387;72,387;72,387;72,387
6114;80,067;80,067;80,067;80,067;80,067;80,067;80,067;80,067;80,067;80,067
6115;69,965;69,965;69,965;69,965;69,965;69,965;69,965;69,965;69,965;69,965
6116;51,829;51,829;51,829;51,829;51,829;51,829;51,829;51,829;51,829;51,829
6117;51,709;51,709;51,709;51,709;51,709;51,709;51,709;51,709;51,709;51,709
6118;41,381;41,381;41,381;41,381;41,381;41,381;41,381;41,381;41,381;41,381
6119;18,941;18,941;18,941;18,941;18,941;18,941;18,941;18,941;18,941;18,941
6120;18,941;18,941;18,941;18,941;18,941;18,941;18,941;18,941;18,941;18,941
6121;18,941;18,941;18,941;18,941;18,941;18,941;18,941;18,941;18,941;18,941
6122;17,101;17,101;17,101;17,101;17,101;17,101;17,101;17,101;17,101;17,101
6123;17,101;17,101;17,101;17,101;17,101;17,101;17,101;17,101;17,101;17,101
6124;41,381;41,381;41,381;41,381;41,381;41,381;41,381;41,381;41,381;41,381
6125;34,165;34,165;34,165;34,165;34,165;34,165;34,165;34,165;34,165;34,165
6126;51,465;51,465;51,465;51,465;51,465;51,465;51,465;51,465;51,465;51,465
6127;63,629;63,629;63,629;63,629;63,629;63,629;63,629;63,629;63,629;63,629
6128;52,661;52,661;52,661;52,661;52,661;52,661;52,661;52,661;52,661;52,661
6129;56,951;56,951;56,951;56,951;56,951;56,951;56,951;56,951;56,951;56,951
6130;57,119;57,119;57,119;57,119;57,119;57,119;57,119;57,119;57,119;57,119
6131;52,259;52,259;52,259;52,259;52,259;52,259;52,259;52,259;52,259;52,259
6132;42,623;42,623;42,623;42,623;42,623;42,623;42,623;42,623;42,623;42,623
6133;43,487;43,487;43,487;43,487;43,487;43,487;43,487;43,487;43,487;43,487
6134;41,327;41,327;41,327;41,327;41,327;41,327;41,327;41,327;41,327;41,327
6135;48,127;48,127;48,127;48,127;48,127;48,127;48,127;48,127;48,127;48,127
6136;55,167;55,167;55,167;55,167;55,167;55,167;55,167;55,167;55,167;55,167
6137;72,387;72,387;72,387;72,387;72,387;72,387;72,387;72,387;72,387;72,387
6138;80,067;80,067;80,067;80,067;80,067;80,067;80,067;80,067;80,067;80,067
6139;69,965;69,965;69,965;69,965;69,965;69,965;69,965;69,965;69,965;69,965
6140;51,829;51,829;51,829;51,829;51,829;51,829;51,829;51,829;51,829;51,829
6141;51,709;51,709;51,709;51,709;51,709;51,709;51,709;51,709;51,709;51,709
6142;41,381;41,381;41,381;41,381;41,381;41,381;41,381;41,381;41,381;41,381
6143;18,941;18,941;18,941;18,941;18,941;18,941;18,941;18,941;18,941;18,941
6144;18,941;18,941;18,941;18,941;18,941;18,941;18,941;18,941;18,941;18,941
6145;18,941;18,941;18,941;18,941;18,941;18,941;18,941;18,941;18,941;18,941
6146;17,101;17,101;17,101;17,101;17,101;17,101;17,101;17,101;17,101;17,101
6147;17,101;17,101;17,101;17,101;17,101;17,101;17,101;17,101;17,101;17,101
6148;41,381;41,381;41,381;41,381;41,381;41,381;41,381;41,381;41,381;41,381
6149;34,165;34,165;34,165;34,165;34,165;34,165;34,165;34,165;34,165;34,165
6150;51,465;51,465;51,465;51,465;51,465;51,465;51,465;51,465;51,465;51,465
6151;63,629;63,629;63,629;63,629;63,629;63,629;63,629;63,629;63,629;63,629
6152;52,661;52,661;52,661;52,661;52,661;52,661;52,661;52,661;52,661;52,661
6153;56,951;56,951;56,951;56,951;56,951;56,951;56,951;56,951;56,951;56,951
6154;57,119;57,119;57,119;57,119;57,119;57,119;57,119;57,119;57,119;57,119
6155;52,259;52,259;52,259;52,259;52,259;52,259;52,259;52,259;52,259;52,259
6156;42,623;42,623;42,623;42,623;42,623;42,623;42,623;42,623;42,623;42,623
6157;43,487;43,487;43,487;43,487;43,487;43,487;43,487;43,487;43,487;43,487
6158;41,327;41,327;41,327;41,327;41,327;41,327;41,327;41,327;41,327;41,327
6159;48,127;48,127;48,127;48,127;48,127;48,127;48,127;48,127;48,127;48,127
6160;55,167;55,167;55,167;55,167;55,167;55,167;55,167;55,167;55,167;55,167
6161;72,387;72,387;72,387;72,387;72,387;72,387;72,387;72,387;72,387;72,387
6162;80,067;80,067;80,067;80,067;80,067;80,067;80,067;80,067;80,067;80,067
6163;69,965;69,965;69,965;69,965;69,965;69,965;69,965;69,965;69,965;69,965
6164;51,829;51,829;51,829;51,829;51,829;51,829;51,829;51,829;51,829;51,829
6165;51,709;51,709;51,709;51,709;51,709;51,709;51,709;51,709;51,709;51,709
6166;41,381;41,381;41,381;41,381;41,381;41,381;41,381;41,381;41,381;41,381
6167;18,941;18,941;18,941;18,941;18,941;18,941;18,941;18,941;18,941;18,941
6168;18,941;18,941;18,941;18,941;18,941;18,941;18,941;18,941;18,941;18,941
6169;18,941;18,941;18,941;18,941;18,941;18,941;18,941;18,941;18,941;18,941
6170;17,101;17,101;17,101;17,101;17,101;17,101;17,101;17,101;17,101;17,101
6171;17,101;17,101;17,101;17,101;17,101;17,101;17,101;17,101;17,101;17,101
6172;41,381;41,381;41,381;41,381;41,381;41,381;41,381;41,381;41,381;41,381
6173;34,165;34,165;34,165;34,165;34,165;34,165;34,165;34,165;34,165;34,165
6174;51,465;51,465;51,465;51,465;51,465;51,465;51,465;51,465;51,465;51,465
6175;63,629;63,629;63,629;63,629;63,629;63,629;63,629;63,629;63,629;63,629
6176;52,661;52,661;52,661;52,661;52,661;52,661;52,661;52,661;52,661;52,661
6177;56,951;56,951;56,951;56,951;56,951;56,951;56,951;56,951;56,951;56,951
6178;57,119;57,119;57,119;57,119;57,119;57,119;57,119;57,119;57,119;57,119
6179;52,259;52,259;52,259;52,259;52,259;52,259;52,259;52,259;52,259;52,259
6180;42,623;42,623;42,623;42,623;42,623;42,623;42,623;42,623;42,623;42,623
6181;43,487;43,487;43,487;43,487;43,487;43,487;43,487;43,487;43,487;43,487
6182;41,327;41,327;41,327;41,327;41,327;41,327;41,327;41,327;41,327;41,327
6183;48,127;48,127;48,127;48,127;48,127;48,127;48,127;48,127;48,127;48,127
6184;55,167;55,167;55,167;55,167;55,167;55,167;55,167;55,167;55,167;55,167
6185;72,387;72,387;72,387;72,387;72,387;72,387;72,387;72,387;72,387;72,387
6186;80,067;80,067;80,067;80,067;80,067;80,067;80,067;80,067;80,067;80,067
6187;69,965;69,965;69,965;69,965;69,965;69,965;69,965;69,965;69,965;69,965
6188;51,829;51,829;51,829;51,829;51,829;51,829;51,829;51,829;51,829;51,829
6189;51,709;51,709;51,709;51,709;51,709;51,709;51,709;51,709;51,709;51,709
6190;41,381;41,381;41,381;41,381;41,381;41,381;41,381;41,381;41,381;41,381
6191;18,941;18,941;18,941;18,941;18,941;18,941;18,941;18,941;18,941;18,941
6192;18,941;18,941;18,941;18,941;18,941;18,941;18,941;18,941;18,941;18,941
6193;18,941;18,941;18,941;18,941;18,941;18,941;18,941;18,941;18,941;18,941
6194;17,101;17,101;17,101;17,101;17,101;17,101;17,101;17,101;17,101;17,101
6195;17,101;17,101;17,101;17,101;17,101;17,101;17,101;17,101;17,101;17,101
6196;41,381;41,381;41,381;41,381;41,381;41,381;41,381;41,381;41,381;41,381
6197;34,165;34,165;34,165;34,165;34,165;34,165;34,165;34,165;34,165;34,165
6198;51,465;51,465;51,465;51,465;51,465;51,465;51,465;51,465;51,465;51,465
6199;63,629;63,629;63,629;63,629;63,629;63,629;63,629;63,629;63,629;63,629
6200;52,661;52,661;52,661;52,661;52,661;52,661;52,661;52,661;52,661;52,661
6201;56,951;56,951;56,951;56,951;56,951;56,951;56,951;56,951;56,951;56,951
6202;57,119;57,119;57,119;57,119;57,119;57,119;57,119;57,119;57,119;57,119
6203;52,259;52,259;52,259;52,259;52,259;52,259;52,259;52,259;52,259;52,259
6204;42,623;42,623;42,623;42,623;42,623;42,623;42,623;42,623;42,623;42,623
6205;43,487;43,487;43,487;43,487;43,487;43,487;43,487;43,487;43,487;43,487
6206;41,327;41,327;41,327;41,327;41,327;41,327;41,327;41,327;41,327;41,327
6207;48,127;48,127;48,127;48,127;48,127;48,127;48,127;48,127;48,127;48,127
6208;55,167;55,167;55,167;55,167;55,167;55,167;55,167;55,167;55,167;55,167
6209;72,387;72,387;72,387;72,387;72,387;72,387;72,387;72,387;72,387;72,387
6210;80,067;80,067;80,067;80,067;80,067;80,067;80,067;80,067;80,067;80,067
6211;69,965;69,965;69,965;69,965;69,965;69,965;69,965;69,965;69,965;69,965
6212;51,829;51,829;51,829;51,829;51,829;51,829;51,829;51,829;51,829;51,829
6213;51,709;51,709;51,709;51,709;51,709;51,709;51,709;51,709;51,709;51,709
6214;41,381;41,381;41,381;41,381;41,381;41,381;41,381;41,381;41,381;41,381
6215;18,941;18,941;18,941;18,941;18,941;18,941;18,941;18,941;18,941;18,941
6216;18,941;18,941;18,941;18,941;18,941;18,941;18,941;18,941;18,941;18,941
6217;18,941;18,941;18,941;18,941;18,941;18,941;18,941;18,941;18,941;18,941
6218;17,101;17,101;17,101;17,101;17,101;17,101;17,101;17,101;17,101;17,101
6219;17,101;17,101;17,101;17,101;17,101;17,101;17,101;17,101;17,101;17,101
6220;41,381;41,381;41,381;41,381;41,381;41,381;41,381;41,381;41,381;41,381
6221;34,165;34,165;34,165;34,165;34,165;34,165;34,165;34,165;34,165;34,165
6222;51,465;51,465;51,465;51,465;51,465;51,465;51,465;51,465;51,465;51,465
6223;63,629;63,629;63,629;63,629;63,629;63,629;63,629;63,629;63,629;63,629
6224;52,661;52,661;52,661;52,661;52,661;52,661;52,661;52,661;52,661;52,661
6225;56,951;56,951;56,951;56,951;56,951;56,951;56,951;56,951;56,951;56,951
6226;57,119;57,119;57,119;57,119;57,119;57,119;57,119;57,119;57,119;57,119
6227;52,259;52,259;52,259;52,259;52,259;52,259;52,259;52,259;52,259;52,259
6228;42,623;42,623;42,623;42,623;42,623;42,623;42,623;42,623;42,623;42,623
6229;43,487;43,487;43,487;43,487;43,487;43,487;43,487;43,487;43,487;43,487
6230;41,327;41,327;41,327;41,327;41,327;41,327;41,327;41,327;41,327;41,327
6231;48,127;48,127;48,127;48,127;48,127;48,127;48,127;48,127;48,127;48,127
6232;55,167;55,167;55,167;55,167;55,167;55,167;55,167;55,167;55,167;55,167
6233;72,387;72,387;72,387;72,387;72,387;72,387;72,387;72,387;72,387;72,387
6234;80,067;80,067;80,067;80,067;80,067;80,067;80,067;80,067;80,067;80,067
6235;69,965;69,965;69,965;69,965;69,965;69,965;69,965;69,965;69,965;69,965
6236;51,829;51,829;51,829;51,829;51,829;51,829;51,829;51,829;51,829;51,829
6237;51,709;51,709;51,709;51,709;51,709;51,709;51,709;51,709;51,709;51,709
6238;41,381;41,381;41,381;41,381;41,381;41,381;41,381;41,381;41,381;41,381
6239;18,941;18,941;18,941;18,941;18,941;18,941;18,941;18,941;18,941;18,941
6240;18,941;18,941;18,941;18,941;18,941;18,941;18,941;18,941;18,941;18,941
6241;18,941;18,941;18,941;18,941;18,941;18,941;18,941;18,941;18,941;18,941
6242;17,101;17,101;17,101;17,101;17,101;17,101;17,101;17,101;17,101;17,101
6243;17,101;17,101;17,101;17,101;17,101;17,101;17,101;17,101;17,101;17,101
6244;41,381;41,381;41,381;41,381;41,381;41,381;41,381;41,381;41,381;41,381
6245;34,165;34,165;34,165;34,165;34,165;34,165;34,165;34,165;34,165;34,165
6246;51,465;51,465;51,465;51,465;51,465;51,465;51,465;51,465;51,465;51,465
6247;63,629;63,629;63,629;63,629;63,629;63,629;63,629;63,629;63,629;63,629
6248;52,661;52,661;52,661;52,661;52,661;52,661;52,661;52,661;52,661;52,661
6249;56,951;56,951;56,951;56,951;56,951;56,951;56,951;56,951;56,951;56,951
6250;57,119;57,119;57,119;57,119;57,119;57,119;57,119;57,119;57,119;57,119
6251;52,259;52,259;52,259;52,259;52,259;52,259;52,259;52,259;52,259;52,259
6252;42,623;42,623;42,623;42,623;42,623;42,623;42,623;42,623;42,623;42,623
6253;43,487;43,487;43,487;43,487;43,487;43,487;43,487;43,487;43,487;43,487
6254;41,327;41,327;41,327;41,327;41,327;41,327;41,327;41,327;41,327;41,327
6255;48,127;48,127;48,127;48,127;48,127;48,127;48,127;48,127;48,127;48,127
6256;55,167;55,167;55,167;55,167;55,167;55,167;55,167;55,167;55,167;55,167
6257;72,387;72,387;72,387;72,387;72,387;72,387;72,387;72,387;72,387;72,387
6258;80,067;80,067;80,067;80,067;80,067;80,067;80,067;80,067;80,067;80,067
6259;69,965;69,965;69,965;69,965;69,965;69,965;69,965;69,965;69,965;69,965
6260;51,829;51,829;51,829;51,829;51,829;51,829;51,829;51,829;51,829;51,829
6261;51,709;51,709;51,709;51,709;51,709;51,709;51,709;51,709;51,709;51,709
6262;41,381;41,381;41,381;41,381;41,381;41,381;41,381;41,381;41,381;41,381
6263;18,941;18,941;18,941;18,941;18,941;18,941;18,941;18,941;18,941;18,941
6264;18,941;18,941;18,941;18,941;18,941;18,941;18,941;18,941;18,941;18,941
6265;18,941;18,941;18,941;18,941;18,941;18,941;18,941;18,941;18,941;18,941
6266;17,101;17,101;17,101;17,101;17,101;17,101;17,101;17,101;17,101;17,101
6267;17,101;17,101;17,101;17,101;17,101;17,101;17,101;17,101;17,101;17,101
6268;41,381;41,381;41,381;41,381;41,381;41,381;41,381;41,381;41,381;41,381
6269;34,165;34,165;34,165;34,165;34,165;34,165;34,165;34,165;34,165;34,165
6270;51,465;51,465;51,465;51,465;51,465;51,465;51,465;51,465;51,465;51,465
6271;63,629;63,629;63,629;63,629;63,629;63,629;63,629;63,629;63,629;63,629
6272;52,661;52,661;52,661;52,661;52,661;52,661;52,661;52,661;52,661;52,661
6273;56,951;56,951;56,951;56,951;56,951;56,951;56,951;56,951;56,951;56,951
6274;57,119;57,119;57,119;57,119;57,119;57,119;57,119;57,119;57,119;57,119
6275;52,259;52,259;52,259;52,259;52,259;52,259;52,259;52,259;52,259;52,259
6276;42,623;42,623;42,623;42,623;42,623;42,623;42,623;42,623;42,623;42,623
6277;43,487;43,487;43,487;43,487;43,487;43,487;43,487;43,487;43,487;43,487
6278;41,327;41,327;41,327;41,327;41,327;41,327;41,327;41,327;41,327;41,327
6279;48,127;48,127;48,127;48,127;48,127;48,127;48,127;48,127;48,127;48,127
6280;55,167;55,167;55,167;55,167;55,167;55,167;55,167;55,167;55,167;55,167
6281;72,387;72,387;72,387;72,387;72,387;72,387;72,387;72,387;72,387;72,387
6282;80,067;80,067;80,067;80,067;80,067;80,067;80,067;80,067;80,067;80,067
6283;69,965;69,965;69,965;69,965;69,965;69,965;69,965;69,965;69,965;69,965
6284;51,829;51,829;51,829;51,829;51,829;51,829;51,829;51,829;51,829;51,829
6285;51,709;51,709;51,709;51,709;51,709;51,709;51,709;51,709;51,709;51,709
6286;41,381;41,381;41,381;41,381;41,381;41,381;41,381;41,381;41,381;41,381
6287;18,941;18,941;18,941;18,941;18,941;18,941;18,941;18,941;18,941;18,941
6288;18,941;18,941;18,941;18,941;18,941;18,941;18,941;18,941;18,941;18,941
6289;18,941;18,941;18,941;18,941;18,941;18,941;18,941;18,941;18,941;18,941
6290;17,101;17,101;17,101;17,101;17,101;17,101;17,101;17,101;17,101;17,101
6291;17,101;17,101;17,101;17,101;17,101;17,101;17,101;17,101;17,101;17,101
6292;41,381;41,381;41,381;41,381;41,381;41,381;41,381;41,381;41,381;41,381
6293;34,165;34,165;34,165;34,165;34,165;34,165;34,165;34,165;34,165;34,165
6294;51,465;51,465;51,465;51,465;51,465;51,465;51,465;51,465;51,465;51,465
6295;63,629;63,629;63,629;63,629;63,629;63,629;63,629;63,629;63,629;63,629
6296;52,661;52,661;52,661;52,661;52,661;52,661;52,661;52,661;52,661;52,661
6297;56,951;56,951;56,951;56,951;56,951;56,951;56,951;56,951;56,951;56,951
6298;57,119;57,119;57,119;57,119;57,119;57,119;57,119;57,119;57,119;57,119
6299;52,259;52,259;52,259;52,259;52,259;52,259;52,259;52,259;52,259;52,259
6300;42,623;42,623;42,623;42,623;42,623;42,623;42,623;42,623;42,623;42,623
6301;43,487;43,487;43,487;43,487;43,487;43,487;43,487;43,487;43,487;43,487
6302;41,327;41,327;41,327;41,327;41,327;41,327;41,327;41,327;41,327;41,327
6303;48,127;48,127;48,127;48,127;48,127;48,127;48,127;48,127;48,127;48,127
6304;55,167;55,167;55,167;55,167;55,167;55,167;55,167;55,167;55,167;55,167
6305;72,387;72,387;72,387;72,387;72,387;72,387;72,387;72,387;72,387;72,387
6306;80,067;80,067;80,067;80,067;80,067;80,067;80,067;80,067;80,067;80,067
6307;69,965;69,965;69,965;69,965;69,965;69,965;69,965;69,965;69,965;69,965
6308;51,829;51,829;51,829;51,829;51,829;51,829;51,829;51,829;51,829;51,829
6309;51,709;51,709;51,709;51,709;51,709;51,709;51,709;51,709;51,709;51,709
6310;41,381;41,381;41,381;41,381;41,381;41,381;41,381;41,381;41,381;41,381
6311;18,941;18,941;18,941;18,941;18,941;18,941;18,941;18,941;18,941;18,941
6312;18,941;18,941;18,941;18,941;18,941;18,941;18,941;18,941;18,941;18,941
6313;18,941;18,941;18,941;18,941;18,941;18,941;18,941;18,941;18,941;18,941
6314;17,101;17,101;17,101;17,101;17,101;17,101;17,101;17,101;17,101;17,101
6315;17,101;17,101;17,101;17,101;17,101;17,101;17,101;17,101;17,101;17,101
6316;41,381;41,381;41,381;41,381;41,381;41,381;41,381;41,381;41,381;41,381
6317;34,165;34,165;34,165;34,165;34,165;34,165;34,165;34,165;34,165;34,165
6318;51,465;51,465;51,465;51,465;51,465;51,465;51,465;51,465;51,465;51,465
6319;63,629;63,629;63,629;63,629;63,629;63,629;63,629;63,629;63,629;63,629
6320;52,661;52,661;52,661;52,661;52,661;52,661;52,661;52,661;52,661;52,661
6321;56,951;56,951;56,951;56,951;56,951;56,951;56,951;56,951;56,951;56,951
6322;57,119;57,119;57,119;57,119;57,119;57,119;57,119;57,119;57,119;57,119
6323;52,259;52,259;52,259;52,259;52,259;52,259;52,259;52,259;52,259;52,259
6324;42,623;42,623;42,623;42,623;42,623;42,623;42,623;42,623;42,623;42,623
6325;43,487;43,487;43,487;43,487;43,487;43,487;43,487;43,487;43,487;43,487
6326;41,327;41,327;41,327;41,327;41,327;41,327;41,327;41,327;41,327;41,327
6327;48,127;48,127;48,127;48,127;48,127;48,127;48,127;48,127;48,127;48,127
6328;55,167;55,167;55,167;55,167;55,167;55,167;55,167;55,167;55,167;55,167
6329;72,387;72,387;72,387;72,387;72,387;72,387;72,387;72,387;72,387;72,387
6330;80,067;80,067;80,067;80,067;80,067;80,067;80,067;80,067;80,067;80,067
6331;69,965;69,965;69,965;69,965;69,965;69,965;69,965;69,965;69,965;69,965
6332;51,829;51,829;51,829;51,829;51,829;51,829;51,829;51,829;51,829;51,829
6333;51,709;51,709;51,709;51,709;51,709;51,709;51,709;51,709;51,709;51,709
6334;41,381;41,381;41,381;41,381;41,381;41,381;41,381;41,381;41,381;41,381
6335;18,941;18,941;18,941;18,941;18,941;18,941;18,941;18,941;18,941;18,941
6336;18,941;18,941;18,941;18,941;18,941;18,941;18,941;18,941;18,941;18,941
6337;18,941;18,941;18,941;18,941;18,941;18,941;18,941;18,941;18,941;18,941
6338;17,101;17,101;17,101;17,101;17,101;17,101;17,101;17,101;17,101;17,101
6339;17,101;17,101;17,101;17,101;17,101;17,101;17,101;17,101;17,101;17,101
6340;41,381;41,381;41,381;41,381;41,381;41,381;41,381;41,381;41,381;41,381
6341;34,165;34,165;34,165;34,165;34,165;34,165;34,165;34,165;34,165;34,165
6342;51,465;51,465;51,465;51,465;51,465;51,465;51,465;51,465;51,465;51,465
6343;63,629;63,629;63,629;63,629;63,629;63,629;63,629;63,629;63,629;63,629
6344;52,661;52,661;52,661;52,661;52,661;52,661;52,661;52,661;52,661;52,661
6345;56,951;56,951;56,951;56,951;56,951;56,951;56,951;56,951;56,951;56,951
6346;57,119;57,119;57,119;57,119;57,119;57,119;57,119;57,119;57,119;57,119
6347;52,259;52,259;52,259;52,259;52,259;52,259;52,259;52,259;52,259;52,259
6348;42,623;42,623;42,623;42,623;42,623;42,623;42,623;42,623;42,623;42,623
6349;43,487;43,487;43,487;43,487;43,487;43,487;43,487;43,487;43,487;43,487
6350;41,327;41,327;41,327;41,327;41,327;41,327;41,327;41,327;41,327;41,327
6351;48,127;48,127;48,127;48,127;48,127;48,127;48,127;48,127;48,127;48,127
6352;55,167;55,167;55,167;55,167;55,167;55,167;55,167;55,167;55,167;55,167
6353;72,387;72,387;72,387;72,387;72,387;72,387;72,387;72,387;72,387;72,387
6354;80,067;80,067;80,067;80,067;80,067;80,067;80,067;80,067;80,067;80,067
6355;69,965;69,965;69,965;69,965;69,965;69,965;69,965;69,965;69,965;69,965
6356;51,829;51,829;51,829;51,829;51,829;51,829;51,829;51,829;51,829;51,829
6357;51,709;51,709;51,709;51,709;51,709;51,709;51,709;51,709;51,709;51,709
6358;41,381;41,381;41,381;41,381;41,381;41,381;41,381;41,381;41,381;41,381
6359;18,941;18,941;18,941;18,941;18,941;18,941;18,941;18,941;18,941;18,941
6360;18,941;18,941;18,941;18,941;18,941;18,941;18,941;18,941;18,941;18,941
6361;18,941;18,941;18,941;18,941;18,941;18,941;18,941;18,941;18,941;18,941
6362;17,101;17,101;17,101;17,101;17,101;17,101;17,101;17,101;17,101;17,101
6363;17,101;17,101;17,101;17,101;17,101;17,101;17,101;17,101;17,101;17,101
6364;41,381;41,381;41,381;41,381;41,381;41,381;41,381;41,381;41,381;41,381
6365;34,165;34,165;34,165;34,165;34,165;34,165;34,165;34,165;34,165;34,165
6366;51,465;51,465;51,465;51,465;51,465;51,465;51,465;51,465;51,465;51,465
6367;63,629;63,629;63,629;63,629;63,629;63,629;63,629;63,629;63,629;63,629
6368;52,661;52,661;52,661;52,661;52,661;52,661;52,661;52,661;52,661;52,661
6369;56,951;56,951;56,951;56,951;56,951;56,951;56,951;56,951;56,951;56,951
6370;57,119;57,119;57,119;57,119;57,119;57,119;57,119;57,119;57,119;57,119
6371;52,259;52,259;52,259;52,259;52,259;52,259;52,259;52,259;52,259;52,259
6372;42,623;42,623;42,623;42,623;42,623;42,623;42,623;42,623;42,623;42,623
6373;43,487;43,487;43,487;43,487;43,487;43,487;43,487;43,487;43,487;43,487
6374;41,327;41,327;41,327;41,327;41,327;41,327;41,327;41,327;41,327;41,327
6375;48,127;48,127;48,127;48,127;48,127;48,127;48,127;48,127;48,127;48,127
6376;55,167;55,167;55,167;55,167;55,167;55,167;55,167;55,167;55,167;55,167
6377;72,387;72,387;72,387;72,387;72,387;72,387;72,387;72,387;72,387;72,387
6378;80,067;80,067;80,067;80,067;80,067;80,067;80,067;80,067;80,067;80,067
6379;69,965;69,965;69,965;69,965;69,965;69,965;69,965;69,965;69,965;69,965
6380;51,829;51,829;51,829;51,829;51,829;51,829;51,829;51,829;51,829;51,829
6381;51,709;51,709;51,709;51,709;51,709;51,709;51,709;51,709;51,709;51,709
6382;41,381;41,381;41,381;41,381;41,381;41,381;41,381;41,381;41,381;41,381
6383;18,941;18,941;18,941;18,941;18,941;18,941;18,941;18,941;18,941;18,941
6384;18,941;18,941;18,941;18,941;18,941;18,941;18,941;18,941;18,941;18,941
6385;18,941;18,941;18,941;18,941;18,941;18,941;18,941;18,941;18,941;18,941
6386;17,101;17,101;17,101;17,101;17,101;17,101;17,101;17,101;17,101;17,101
6387;17,101;17,101;17,101;17,101;17,101;17,101;17,101;17,101;17,101;17,101
6388;41,381;41,381;41,381;41,381;41,381;41,381;41,381;41,381;41,381;41,381
6389;34,165;34,165;34,165;34,165;34,165;34,165;34,165;34,165;34,165;34,165
6390;51,465;51,465;51,465;51,465;51,465;51,465;51,465;51,465;51,465;51,465
6391;63,629;63,629;63,629;63,629;63,629;63,629;63,629;63,629;63,629;63,629
6392;52,661;52,661;52,661;52,661;52,661;52,661;52,661;52,661;52,661;52,661
6393;56,951;56,951;56,951;56,951;56,951;56,951;56,951;56,951;56,951;56,951
6394;57,119;57,119;57,119;57,119;57,119;57,119;57,119;57,119;57,119;57,119
6395;52,259;52,259;52,259;52,259;52,259;52,259;52,259;52,259;52,259;52,259
6396;42,623;42,623;42,623;42,623;42,623;42,623;42,623;42,623;42,623;42,623
6397;43,487;43,487;43,487;43,487;43,487;43,487;43,487;43,487;43,487;43,487
6398;41,327;41,327;41,327;41,327;41,327;41,327;41,327;41,327;41,327;41,327
6399;48,127;48,127;48,127;48,127;48,127;48,127;48,127;48,127;48,127;48,127
6400;55,167;55,167;55,167;55,167;55,167;55,167;55,167;55,167;55,167;55,167
6401;72,387;72,387;72,387;72,387;72,387;72,387;72,387;72,387;72,387;72,387
6402;80,067;80,067;80,067;80,067;80,067;80,067;80,067;80,067;80,067;80,067
6403;69,965;69,965;69,965;69,965;69,965;69,965;69,965;69,965;69,965;69,965
6404;51,829;51,829;51,829;51,829;51,829;51,829;51,829;51,829;51,829;51,829
6405;51,709;51,709;51,709;51,709;51,709;51,709;51,709;51,709;51,709;51,709
6406;41,381;41,381;41,381;41,381;41,381;41,381;41,381;41,381;41,381;41,381
6407;18,941;18,941;18,941;18,941;18,941;18,941;18,941;18,941;18,941;18,941
6408;18,941;18,941;18,941;18,941;18,941;18,941;18,941;18,941;18,941;18,941
6409;18,941;18,941;18,941;18,941;18,941;18,941;18,941;18,941;18,941;18,941
6410;17,101;17,101;17,101;17,101;17,101;17,101;17,101;17,101;17,101;17,101
6411;17,101;17,101;17,101;17,101;17,101;17,101;17,101;17,101;17,101;17,101
6412;41,381;41,381;41,381;41,381;41,381;41,381;41,381;41,381;41,381;41,381
6413;34,165;34,165;34,165;34,165;34,165;34,165;34,165;34,165;34,165;34,165
6414;51,465;51,465;51,465;51,465;51,465;51,465;51,465;51,465;51,465;51,465
6415;63,629;63,629;63,629;63,629;63,629;63,629;63,629;63,629;63,629;63,629
6416;52,661;52,661;52,661;52,661;52,661;52,661;52,661;52,661;52,661;52,661
6417;56,951;56,951;56,951;56,951;56,951;56,951;56,951;56,951;56,951;56,951
6418;57,119;57,119;57,119;57,119;57,119;57,119;57,119;57,119;57,119;57,119
6419;52,259;52,259;52,259;52,259;52,259;52,259;52,259;52,259;52,259;52,259
6420;42,623;42,623;42,623;42,623;42,623;42,623;42,623;42,623;42,623;42,623
6421;43,487;43,487;43,487;43,487;43,487;43,487;43,487;43,487;43,487;43,487
6422;41,327;41,327;41,327;41,327;41,327;41,327;41,327;41,327;41,327;41,327
6423;48,127;48,127;48,127;48,127;48,127;48,127;48,127;48,127;48,127;48,127
6424;55,167;55,167;55,167;55,167;55,167;55,167;55,167;55,167;55,167;55,167
6425;72,387;72,387;72,387;72,387;72,387;72,387;72,387;72,387;72,387;72,387
6426;80,067;80,067;80,067;80,067;80,067;80,067;80,067;80,067;80,067;80,067
6427;69,965;69,965;69,965;69,965;69,965;69,965;69,965;69,965;69,965;69,965
6428;51,829;51,829;51,829;51,829;51,829;51,829;51,829;51,829;51,829;51,829
6429;51,709;51,709;51,709;51,709;51,709;51,709;51,709;51,709;51,709;51,709
6430;41,381;41,381;41,381;41,381;41,381;41,381;41,381;41,381;41,381;41,381
6431;18,941;18,941;18,941;18,941;18,941;18,941;18,941;18,941;18,941;18,941
6432;18,941;18,941;18,941;18,941;18,941;18,941;18,941;18,941;18,941;18,941
6433;18,941;18,941;18,941;18,941;18,941;18,941;18,941;18,941;18,941;18,941
6434;17,101;17,101;17,101;17,101;17,101;17,101;17,101;17,101;17,101;17,101
6435;17,101;17,101;17,101;17,101;17,101;17,101;17,101;17,101;17,101;17,101
6436;41,381;41,381;41,381;41,381;41,381;41,381;41,381;41,381;41,381;41,381
6437;34,165;34,165;34,165;34,165;34,165;34,165;34,165;34,165;34,165;34,165
6438;51,465;51,465;51,465;51,465;51,465;51,465;51,465;51,465;51,465;51,465
6439;63,629;63,629;63,629;63,629;63,629;63,629;63,629;63,629;63,629;63,629
6440;52,661;52,661;52,661;52,661;52,661;52,661;52,661;52,661;52,661;52,661
6441;56,951;56,951;56,951;56,951;56,951;56,951;56,951;56,951;56,951;56,951
6442;57,119;57,119;57,119;57,119;57,119;57,119;57,119;57,119;57,119;57,119
6443;52,259;52,259;52,259;52,259;52,259;52,259;52,259;52,259;52,259;52,259
6444;42,623;42,623;42,623;42,623;42,623;42,623;42,623;42,623;42,623;42,623
6445;43,487;43,487;43,487;43,487;43,487;43,487;43,487;43,487;43,487;43,487
6446;41,327;41,327;41,327;41,327;41,327;41,327;41,327;41,327;41,327;41,327
6447;48,127;48,127;48,127;48,127;48,127;48,127;48,127;48,127;48,127;48,127
6448;55,167;55,167;55,167;55,167;55,167;55,167;55,167;55,167;55,167;55,167
6449;72,387;72,387;72,387;72,387;72,387;72,387;72,387;72,387;72,387;72,387
6450;80,067;80,067;80,067;80,067;80,067;80,067;80,067;80,067;80,067;80,067
6451;69,965;69,965;69,965;69,965;69,965;69,965;69,965;69,965;69,965;69,965
6452;51,829;51,829;51,829;51,829;51,829;51,829;51,829;51,829;51,829;51,829
6453;51,709;51,709;51,709;51,709;51,709;51,709;51,709;51,709;51,709;51,709
6454;41,381;41,381;41,381;41,381;41,381;41,381;41,381;41,381;41,381;41,381
6455;18,941;18,941;18,941;18,941;18,941;18,941;18,941;18,941;18,941;18,941
6456;18,941;18,941;18,941;18,941;18,941;18,941;18,941;18,941;18,941;18,941
6457;18,941;18,941;18,941;18,941;18,941;18,941;18,941;18,941;18,941;18,941
6458;17,101;17,101;17,101;17,101;17,101;17,101;17,101;17,101;17,101;17,101
6459;17,101;17,101;17,101;17,101;17,101;17,101;17,101;17,101;17,101;17,101
6460;41,381;41,381;41,381;41,381;41,381;41,381;41,381;41,381;41,381;41,381
6461;34,165;34,165;34,165;34,165;34,165;34,165;34,165;34,165;34,165;34,165
6462;51,465;51,465;51,465;51,465;51,465;51,465;51,465;51,465;51,465;51,465
6463;63,629;63,629;63,629;63,629;63,629;63,629;63,629;63,629;63,629;63,629
6464;52,661;52,661;52,661;52,661;52,661;52,661;52,661;52,661;52,661;52,661
6465;56,951;56,951;56,951;56,951;56,951;56,951;56,951;56,951;56,951;56,951
6466;57,119;57,119;57,119;57,119;57,119;57,119;57,119;57,119;57,119;57,119
6467;52,259;52,259;52,259;52,259;52,259;52,259;52,259;52,259;52,259;52,259
6468;42,623;42,623;42,623;42,623;42,623;42,623;42,623;42,623;42,623;42,623
6469;43,487;43,487;43,487;43,487;43,487;43,487;43,487;43,487;43,487;43,487
6470;41,327;41,327;41,327;41,327;41,327;41,327;41,327;41,327;41,327;41,327
6471;48,127;48,127;48,127;48,127;48,127;48,127;48,127;48,127;48,127;48,127
6472;55,167;55,167;55,167;55,167;55,167;55,167;55,167;55,167;55,167;55,167
6473;72,387;72,387;72,387;72,387;72,387;72,387;72,387;72,387;72,387;72,387
6474;80,067;80,067;80,067;80,067;80,067;80,067;80,067;80,067;80,067;80,067
6475;69,965;69,965;69,965;69,965;69,965;69,965;69,965;69,965;69,965;69,965
6476;51,829;51,829;51,829;51,829;51,829;51,829;51,829;51,829;51,829;51,829
6477;51,709;51,709;51,709;51,709;51,709;51,709;51,709;51,709;51,709;51,709
6478;41,381;41,381;41,381;41,381;41,381;41,381;41,381;41,381;41,381;41,381
6479;18,941;18,941;18,941;18,941;18,941;18,941;18,941;18,941;18,941;18,941
6480;18,941;18,941;18,941;18,941;18,941;18,941;18,941;18,941;18,941;18,941
6481;18,941;18,941;18,941;18,941;18,941;18,941;18,941;18,941;18,941;18,941
6482;17,101;17,101;17,101;17,101;17,101;17,101;17,101;17,101;17,101;17,101
6483;17,101;17,101;17,101;17,101;17,101;17,101;17,101;17,101;17,101;17,101
6484;41,381;41,381;41,381;41,381;41,381;41,381;41,381;41,381;41,381;41,381
6485;34,165;34,165;34,165;34,165;34,165;34,165;34,165;34,165;34,165;34,165
6486;51,465;51,465;51,465;51,465;51,465;51,465;51,465;51,465;51,465;51,465
6487;63,629;63,629;63,629;63,629;63,629;63,629;63,629;63,629;63,629;63,629
6488;52,661;52,661;52,661;52,661;52,661;52,661;52,661;52,661;52,661;52,661
6489;56,951;56,951;56,951;56,951;56,951;56,951;56,951;56,951;56,951;56,951
6490;57,119;57,119;57,119;57,119;57,119;57,119;57,119;57,119;57,119;57,119
6491;52,259;52,259;52,259;52,259;52,259;52,259;52,259;52,259;52,259;52,259
6492;42,623;42,623;42,623;42,623;42,623;42,623;42,623;42,623;42,623;42,623
6493;43,487;43,487;43,487;43,487;43,487;43,487;43,487;43,487;43,487;43,487
6494;41,327;41,327;41,327;41,327;41,327;41,327;41,327;41,327;41,327;41,327
6495;48,127;48,127;48,127;48,127;48,127;48,127;48,127;48,127;48,127;48,127
6496;55,167;55,167;55,167;55,167;55,167;55,167;55,167;55,167;55,167;55,167
6497;72,387;72,387;72,387;72,387;72,387;72,387;72,387;72,387;72,387;72,387
6498;80,067;80,067;80,067;80,067;80,067;80,067;80,067;80,067;80,067;80,067
6499;69,965;69,965;69,965;69,965;69,965;69,965;69,965;69,965;69,965;69,965
6500;51,829;51,829;51,829;51,829;51,829;51,829;51,829;51,829;51,829;51,829
6501;51,709;51,709;51,709;51,709;51,709;51,709;51,709;51,709;51,709;51,709
6502;41,381;41,381;41,381;41,381;41,381;41,381;41,381;41,381;41,381;41,381
6503;18,941;18,941;18,941;18,941;18,941;18,941;18,941;18,941;18,941;18,941
6504;18,941;18,941;18,941;18,941;18,941;18,941;18,941;18,941;18,941;18,941
6505;18,941;18,941;18,941;18,941;18,941;18,941;18,941;18,941;18,941;18,941
6506;17,101;17,101;17,101;17,101;17,101;17,101;17,101;17,101;17,101;17,101
6507;17,101;17,101;17,101;17,101;17,101;17,101;17,101;17,101;17,101;17,101
6508;41,381;41,381;41,381;41,381;41,381;41,381;41,381;41,381;41,381;41,381
6509;34,165;34,165;34,165;34,165;34,165;34,165;34,165;34,165;34,165;34,165
6510;51,465;51,465;51,465;51,465;51,465;51,465;51,465;51,465;51,465;51,465
6511;63,629;63,629;63,629;63,629;63,629;63,629;63,629;63,629;63,629;63,629
6512;52,661;52,661;52,661;52,661;52,661;52,661;52,661;52,661;52,661;52,661
6513;56,951;56,951;56,951;56,951;56,951;56,951;56,951;56,951;56,951;56,951
6514;57,119;57,119;57,119;57,119;57,119;57,119;57,119;57,119;57,119;57,119
6515;52,259;52,259;52,259;52,259;52,259;52,259;52,259;52,259;52,259;52,259
6516;42,623;42,623;42,623;42,623;42,623;42,623;42,623;42,623;42,623;42,623
6517;43,487;43,487;43,487;43,487;43,487;43,487;43,487;43,487;43,487;43,487
6518;41,327;41,327;41,327;41,327;41,327;41,327;41,327;41,327;41,327;41,327
6519;48,127;48,127;48,127;48,127;48,127;48,127;48,127;48,127;48,127;48,127
6520;55,167;55,167;55,167;55,167;55,167;55,167;55,167;55,167;55,167;55,167
6521;72,387;72,387;72,387;72,387;72,387;72,387;72,387;72,387;72,387;72,387
6522;80,067;80,067;80,067;80,067;80,067;80,067;80,067;80,067;80,067;80,067
6523;69,965;69,965;69,965;69,965;69,965;69,965;69,965;69,965;69,965;69,965
6524;51,829;51,829;51,829;51,829;51,829;51,829;51,829;51,829;51,829;51,829
6525;51,709;51,709;51,709;51,709;51,709;51,709;51,709;51,709;51,709;51,709
6526;41,381;41,381;41,381;41,381;41,381;41,381;41,381;41,381;41,381;41,381
6527;18,941;18,941;18,941;18,941;18,941;18,941;18,941;18,941;18,941;18,941
6528;18,941;18,941;18,941;18,941;18,941;18,941;18,941;18,941;18,941;18,941
6529;18,941;18,941;18,941;18,941;18,941;18,941;18,941;18,941;18,941;18,941
6530;17,101;17,101;17,101;17,101;17,101;17,101;17,101;17,101;17,101;17,101
6531;17,101;17,101;17,101;17,101;17,101;17,101;17,101;17,101;17,101;17,101
6532;41,381;41,381;41,381;41,381;41,381;41,381;41,381;41,381;41,381;41,381
6533;34,165;34,165;34,165;34,165;34,165;34,165;34,165;34,165;34,165;34,165
6534;51,465;51,465;51,465;51,465;51,465;51,465;51,465;51,465;51,465;51,465
6535;63,629;63,629;63,629;63,629;63,629;63,629;63,629;63,629;63,629;63,629
6536;52,661;52,661;52,661;52,661;52,661;52,661;52,661;52,661;52,661;52,661
6537;56,951;56,951;56,951;56,951;56,951;56,951;56,951;56,951;56,951;56,951
6538;57,119;57,119;57,119;57,119;57,119;57,119;57,119;57,119;57,119;57,119
6539;52,259;52,259;52,259;52,259;52,259;52,259;52,259;52,259;52,259;52,259
6540;42,623;42,623;42,623;42,623;42,623;42,623;42,623;42,623;42,623;42,623
6541;43,487;43,487;43,487;43,487;43,487;43,487;43,487;43,487;43,487;43,487
6542;41,327;41,327;41,327;41,327;41,327;41,327;41,327;41,327;41,327;41,327
6543;48,127;48,127;48,127;48,127;48,127;48,127;48,127;48,127;48,127;48,127
6544;55,167;55,167;55,167;55,167;55,167;55,167;55,167;55,167;55,167;55,167
6545;72,387;72,387;72,387;72,387;72,387;72,387;72,387;72,387;72,387;72,387
6546;80,067;80,067;80,067;80,067;80,067;80,067;80,067;80,067;80,067;80,067
6547;69,965;69,965;69,965;69,965;69,965;69,965;69,965;69,965;69,965;69,965
6548;51,829;51,829;51,829;51,829;51,829;51,829;51,829;51,829;51,829;51,829
6549;51,709;51,709;51,709;51,709;51,709;51,709;51,709;51,709;51,709;51,709
6550;41,381;41,381;41,381;41,381;41,381;41,381;41,381;41,381;41,381;41,381
6551;18,941;18,941;18,941;18,941;18,941;18,941;18,941;18,941;18,941;18,941
6552;18,941;18,941;18,941;18,941;18,941;18,941;18,941;18,941;18,941;18,941
6553;18,941;18,941;18,941;18,941;18,941;18,941;18,941;18,941;18,941;18,941
6554;17,101;17,101;17,101;17,101;17,101;17,101;17,101;17,101;17,101;17,101
6555;17,101;17,101;17,101;17,101;17,101;17,101;17,101;17,101;17,101;17,101
6556;41,381;41,381;41,381;41,381;41,381;41,381;41,381;41,381;41,381;41,381
6557;34,165;34,165;34,165;34,165;34,165;34,165;34,165;34,165;34,165;34,165
6558;51,465;51,465;51,465;51,465;51,465;51,465;51,465;51,465;51,465;51,465
6559;63,629;63,629;63,629;63,629;63,629;63,629;63,629;63,629;63,629;63,629
6560;52,661;52,661;52,661;52,661;52,661;52,661;52,661;52,661;52,661;52,661
6561;56,951;56,951;56,951;56,951;56,951;56,951;56,951;56,951;56,951;56,951
6562;57,119;57,119;57,119;57,119;57,119;57,119;57,119;57,119;57,119;57,119
6563;52,259;52,259;52,259;52,259;52,259;52,259;52,259;52,259;52,259;52,259
6564;42,623;42,623;42,623;42,623;42,623;42,623;42,623;42,623;42,623;42,623
6565;43,487;43,487;43,487;43,487;43,487;43,487;43,487;43,487;43,487;43,487
6566;41,327;41,327;41,327;41,327;41,327;41,327;41,327;41,327;41,327;41,327
6567;48,127;48,127;48,127;48,127;48,127;48,127;48,127;48,127;48,127;48,127
6568;55,167;55,167;55,167;55,167;55,167;55,167;55,167;55,167;55,167;55,167
6569;72,387;72,387;72,387;72,387;72,387;72,387;72,387;72,387;72,387;72,387
6570;80,067;80,067;80,067;80,067;80,067;80,067;80,067;80,067;80,067;80,067
6571;69,965;69,965;69,965;69,965;69,965;69,965;69,965;69,965;69,965;69,965
6572;51,829;51,829;51,829;51,829;51,829;51,829;51,829;51,829;51,829;51,829
6573;51,709;51,709;51,709;51,709;51,709;51,709;51,709;51,709;51,709;51,709
6574;41,381;41,381;41,381;41,381;41,381;41,381;41,381;41,381;41,381;41,381
6575;18,941;18,941;18,941;18,941;18,941;18,941;18,941;18,941;18,941;18,941
6576;18,941;18,941;18,941;18,941;18,941;18,941;18,941;18,941;18,941;18,941
6577;18,941;18,941;18,941;18,941;18,941;18,941;18,941;18,941;18,941;18,941
6578;17,101;17,101;17,101;17,101;17,101;17,101;17,101;17,101;17,101;17,101
6579;17,101;17,101;17,101;17,101;17,101;17,101;17,101;17,101;17,101;17,101
6580;41,381;41,381;41,381;41,381;41,381;41,381;41,381;41,381;41,381;41,381
6581;34,165;34,165;34,165;34,165;34,165;34,165;34,165;34,165;34,165;34,165
6582;51,465;51,465;51,465;51,465;51,465;51,465;51,465;51,465;51,465;51,465
6583;63,629;63,629;63,629;63,629;63,629;63,629;63,629;63,629;63,629;63,629
6584;52,661;52,661;52,661;52,661;52,661;52,661;52,661;52,661;52,661;52,661
6585;56,951;56,951;56,951;56,951;56,951;56,951;56,951;56,951;56,951;56,951
6586;57,119;57,119;57,119;57,119;57,119;57,119;57,119;57,119;57,119;57,119
6587;52,259;52,259;52,259;52,259;52,259;52,259;52,259;52,259;52,259;52,259
6588;42,623;42,623;42,623;42,623;42,623;42,623;42,623;42,623;42,623;42,623
6589;43,487;43,487;43,487;43,487;43,487;43,487;43,487;43,487;43,487;43,487
6590;41,327;41,327;41,327;41,327;41,327;41,327;41,327;41,327;41,327;41,327
6591;48,127;48,127;48,127;48,127;48,127;48,127;48,127;48,127;48,127;48,127
6592;55,167;55,167;55,167;55,167;55,167;55,167;55,167;55,167;55,167;55,167
6593;72,387;72,387;72,387;72,387;72,387;72,387;72,387;72,387;72,387;72,387
6594;80,067;80,067;80,067;80,067;80,067;80,067;80,067;80,067;80,067;80,067
6595;69,965;69,965;69,965;69,965;69,965;69,965;69,965;69,965;69,965;69,965
6596;51,829;51,829;51,829;51,829;51,829;51,829;51,829;51,829;51,829;51,829
6597;51,709;51,709;51,709;51,709;51,709;51,709;51,709;51,709;51,709;51,709
6598;41,381;41,381;41,381;41,381;41,381;41,381;41,381;41,381;41,381;41,381
6599;18,941;18,941;18,941;18,941;18,941;18,941;18,941;18,941;18,941;18,941
6600;18,941;18,941;18,941;18,941;18,941;18,941;18,941;18,941;18,941;18,941
6601;18,941;18,941;18,941;18,941;18,941;18,941;18,941;18,941;18,941;18,941
6602;17,101;17,101;17,101;17,101;17,101;17,101;17,101;17,101;17,101;17,101
6603;17,101;17,101;17,101;17,101;17,101;17,101;17,101;17,101;17,101;17,101
6604;41,381;41,381;41,381;41,381;41,381;41,381;41,381;41,381;41,381;41,381
6605;34,165;34,165;34,165;34,165;34,165;34,165;34,165;34,165;34,165;34,165
6606;51,465;51,465;51,465;51,465;51,465;51,465;51,465;51,465;51,465;51,465
6607;63,629;63,629;63,629;63,629;63,629;63,629;63,629;63,629;63,629;63,629
6608;52,661;52,661;52,661;52,661;52,661;52,661;52,661;52,661;52,661;52,661
6609;56,951;56,951;56,951;56,951;56,951;56,951;56,951;56,951;56,951;56,951
6610;57,119;57,119;57,119;57,119;57,119;57,119;57,119;57,119;57,119;57,119
6611;52,259;52,259;52,259;52,259;52,259;52,259;52,259;52,259;52,259;52,259
6612;42,623;42,623;42,623;42,623;42,623;42,623;42,623;42,623;42,623;42,623
6613;43,487;43,487;43,487;43,487;43,487;43,487;43,487;43,487;43,487;43,487
6614;41,327;41,327;41,327;41,327;41,327;41,327;41,327;41,327;41,327;41,327
6615;48,127;48,127;48,127;48,127;48,127;48,127;48,127;48,127;48,127;48,127
6616;55,167;55,167;55,167;55,167;55,167;55,167;55,167;55,167;55,167;55,167
6617;72,387;72,387;72,387;72,387;72,387;72,387;72,387;72,387;72,387;72,387
6618;80,067;80,067;80,067;80,067;80,067;80,067;80,067;80,067;80,067;80,067
6619;69,965;69,965;69,965;69,965;69,965;69,965;69,965;69,965;69,965;69,965
6620;51,829;51,829;51,829;51,829;51,829;51,829;51,829;51,829;51,829;51,829
6621;51,709;51,709;51,709;51,709;51,709;51,709;51,709;51,709;51,709;51,709
6622;41,381;41,381;41,381;41,381;41,381;41,381;41,381;41,381;41,381;41,381
6623;18,941;18,941;18,941;18,941;18,941;18,941;18,941;18,941;18,941;18,941
6624;18,941;18,941;18,941;18,941;18,941;18,941;18,941;18,941;18,941;18,941
6625;18,941;18,941;18,941;18,941;18,941;18,941;18,941;18,941;18,941;18,941
6626;17,101;17,101;17,101;17,101;17,101;17,101;17,101;17,101;17,101;17,101
6627;17,101;17,101;17,101;17,101;17,101;17,101;17,101;17,101;17,101;17,101
6628;41,381;41,381;41,381;41,381;41,381;41,381;41,381;41,381;41,381;41,381
6629;34,165;34,165;34,165;34,165;34,165;34,165;34,165;34,165;34,165;34,165
6630;51,465;51,465;51,465;51,465;51,465;51,465;51,465;51,465;51,465;51,465
6631;63,629;63,629;63,629;63,629;63,629;63,629;63,629;63,629;63,629;63,629
6632;52,661;52,661;52,661;52,661;52,661;52,661;52,661;52,661;52,661;52,661
6633;56,951;56,951;56,951;56,951;56,951;56,951;56,951;56,951;56,951;56,951
6634;57,119;57,119;57,119;57,119;57,119;57,119;57,119;57,119;57,119;57,119
6635;52,259;52,259;52,259;52,259;52,259;52,259;52,259;52,259;52,259;52,259
6636;42,623;42,623;42,623;42,623;42,623;42,623;42,623;42,623;42,623;42,623
6637;43,487;43,487;43,487;43,487;43,487;43,487;43,487;43,487;43,487;43,487
6638;41,327;41,327;41,327;41,327;41,327;41,327;41,327;41,327;41,327;41,327
6639;48,127;48,127;48,127;48,127;48,127;48,127;48,127;48,127;48,127;48,127
6640;55,167;55,167;55,167;55,167;55,167;55,167;55,167;55,167;55,167;55,167
6641;72,387;72,387;72,387;72,387;72,387;72,387;72,387;72,387;72,387;72,387
6642;80,067;80,067;80,067;80,067;80,067;80,067;80,067;80,067;80,067;80,067
6643;69,965;69,965;69,965;69,965;69,965;69,965;69,965;69,965;69,965;69,965
6644;51,829;51,829;51,829;51,829;51,829;51,829;51,829;51,829;51,829;51,829
6645;51,709;51,709;51,709;51,709;51,709;51,709;51,709;51,709;51,709;51,709
6646;41,381;41,381;41,381;41,381;41,381;41,381;41,381;41,381;41,381;41,381
6647;18,941;18,941;18,941;18,941;18,941;18,941;18,941;18,941;18,941;18,941
6648;18,941;18,941;18,941;18,941;18,941;18,941;18,941;18,941;18,941;18,941
6649;18,941;18,941;18,941;18,941;18,941;18,941;18,941;18,941;18,941;18,941
6650;17,101;17,101;17,101;17,101;17,101;17,101;17,101;17,101;17,101;17,101
6651;17,101;17,101;17,101;17,101;17,101;17,101;17,101;17,101;17,101;17,101
6652;41,381;41,381;41,381;41,381;41,381;41,381;41,381;41,381;41,381;41,381
6653;34,165;34,165;34,165;34,165;34,165;34,165;34,165;34,165;34,165;34,165
6654;51,465;51,465;51,465;51,465;51,465;51,465;51,465;51,465;51,465;51,465
6655;63,629;63,629;63,629;63,629;63,629;63,629;63,629;63,629;63,629;63,629
6656;52,661;52,661;52,661;52,661;52,661;52,661;52,661;52,661;52,661;52,661
6657;56,951;56,951;56,951;56,951;56,951;56,951;56,951;56,951;56,951;56,951
6658;57,119;57,119;57,119;57,119;57,119;57,119;57,119;57,119;57,119;57,119
6659;52,259;52,259;52,259;52,259;52,259;52,259;52,259;52,259;52,259;52,259
6660;42,623;42,623;42,623;42,623;42,623;42,623;42,623;42,623;42,623;42,623
6661;43,487;43,487;43,487;43,487;43,487;43,487;43,487;43,487;43,487;43,487
6662;41,327;41,327;41,327;41,327;41,327;41,327;41,327;41,327;41,327;41,327
6663;48,127;48,127;48,127;48,127;48,127;48,127;48,127;48,127;48,127;48,127
6664;55,167;55,167;55,167;55,167;55,167;55,167;55,167;55,167;55,167;55,167
6665;72,387;72,387;72,387;72,387;72,387;72,387;72,387;72,387;72,387;72,387
6666;80,067;80,067;80,067;80,067;80,067;80,067;80,067;80,067;80,067;80,067
6667;69,965;69,965;69,965;69,965;69,965;69,965;69,965;69,965;69,965;69,965
6668;51,829;51,829;51,829;51,829;51,829;51,829;51,829;51,829;51,829;51,829
6669;51,709;51,709;51,709;51,709;51,709;51,709;51,709;51,709;51,709;51,709
6670;41,381;41,381;41,381;41,381;41,381;41,381;41,381;41,381;41,381;41,381
6671;18,941;18,941;18,941;18,941;18,941;18,941;18,941;18,941;18,941;18,941
6672;18,941;18,941;18,941;18,941;18,941;18,941;18,941;18,941;18,941;18,941
6673;18,941;18,941;18,941;18,941;18,941;18,941;18,941;18,941;18,941;18,941
6674;17,101;17,101;17,101;17,101;17,101;17,101;17,101;17,101;17,101;17,101
6675;17,101;17,101;17,101;17,101;17,101;17,101;17,101;17,101;17,101;17,101
6676;41,381;41,381;41,381;41,381;41,381;41,381;41,381;41,381;41,381;41,381
6677;34,165;34,165;34,165;34,165;34,165;34,165;34,165;34,165;34,165;34,165
6678;51,465;51,465;51,465;51,465;51,465;51,465;51,465;51,465;51,465;51,465
6679;63,629;63,629;63,629;63,629;63,629;63,629;63,629;63,629;63,629;63,629
6680;52,661;52,661;52,661;52,661;52,661;52,661;52,661;52,661;52,661;52,661
6681;56,951;56,951;56,951;56,951;56,951;56,951;56,951;56,951;56,951;56,951
6682;57,119;57,119;57,119;57,119;57,119;57,119;57,119;57,119;57,119;57,119
6683;52,259;52,259;52,259;52,259;52,259;52,259;52,259;52,259;52,259;52,259
6684;42,623;42,623;42,623;42,623;42,623;42,623;42,623;42,623;42,623;42,623
6685;43,487;43,487;43,487;43,487;43,487;43,487;43,487;43,487;43,487;43,487
6686;41,327;41,327;41,327;41,327;41,327;41,327;41,327;41,327;41,327;41,327
6687;48,127;48,127;48,127;48,127;48,127;48,127;48,127;48,127;48,127;48,127
6688;55,167;55,167;55,167;55,167;55,167;55,167;55,167;55,167;55,167;55,167
6689;72,387;72,387;72,387;72,387;72,387;72,387;72,387;72,387;72,387;72,387
6690;80,067;80,067;80,067;80,067;80,067;80,067;80,067;80,067;80,067;80,067
6691;69,965;69,965;69,965;69,965;69,965;69,965;69,965;69,965;69,965;69,965
6692;51,829;51,829;51,829;51,829;51,829;51,829;51,829;51,829;51,829;51,829
6693;51,709;51,709;51,709;51,709;51,709;51,709;51,709;51,709;51,709;51,709
6694;41,381;41,381;41,381;41,381;41,381;41,381;41,381;41,381;41,381;41,381
6695;18,941;18,941;18,941;18,941;18,941;18,941;18,941;18,941;18,941;18,941
6696;18,941;18,941;18,941;18,941;18,941;18,941;18,941;18,941;18,941;18,941
6697;18,941;18,941;18,941;18,941;18,941;18,941;18,941;18,941;18,941;18,941
6698;17,101;17,101;17,101;17,101;17,101;17,101;17,101;17,101;17,101;17,101
6699;17,101;17,101;17,101;17,101;17,101;17,101;17,101;17,101;17,101;17,101
6700;41,381;41,381;41,381;41,381;41,381;41,381;41,381;41,381;41,381;41,381
6701;34,165;34,165;34,165;34,165;34,165;34,165;34,165;34,165;34,165;34,165
6702;51,465;51,465;51,465;51,465;51,465;51,465;51,465;51,465;51,465;51,465
6703;63,629;63,629;63,629;63,629;63,629;63,629;63,629;63,629;63,629;63,629
6704;52,661;52,661;52,661;52,661;52,661;52,661;52,661;52,661;52,661;52,661
6705;56,951;56,951;56,951;56,951;56,951;56,951;56,951;56,951;56,951;56,951
6706;57,119;57,119;57,119;57,119;57,119;57,119;57,119;57,119;57,119;57,119
6707;52,259;52,259;52,259;52,259;52,259;52,259;52,259;52,259;52,259;52,259
6708;42,623;42,623;42,623;42,623;42,623;42,623;42,623;42,623;42,623;42,623
6709;43,487;43,487;43,487;43,487;43,487;43,487;43,487;43,487;43,487;43,487
6710;41,327;41,327;41,327;41,327;41,327;41,327;41,327;41,327;41,327;41,327
6711;48,127;48,127;48,127;48,127;48,127;48,127;48,127;48,127;48,127;48,127
6712;55,167;55,167;55,167;55,167;55,167;55,167;55,167;55,167;55,167;55,167
6713;72,387;72,387;72,387;72,387;72,387;72,387;72,387;72,387;72,387;72,387
6714;80,067;80,067;80,067;80,067;80,067;80,067;80,067;80,067;80,067;80,067
6715;69,965;69,965;69,965;69,965;69,965;69,965;69,965;69,965;69,965;69,965
6716;51,829;51,829;51,829;51,829;51,829;51,829;51,829;51,829;51,829;51,829
6717;51,709;51,709;51,709;51,709;51,709;51,709;51,709;51,709;51,709;51,709
6718;41,381;41,381;41,381;41,381;41,381;41,381;41,381;41,381;41,381;41,381
6719;18,941;18,941;18,941;18,941;18,941;18,941;18,941;18,941;18,941;18,941
6720;18,941;18,941;18,941;18,941;18,941;18,941;18,941;18,941;18,941;18,941
6721;18,941;18,941;18,941;18,941;18,941;18,941;18,941;18,941;18,941;18,941
6722;17,101;17,101;17,101;17,101;17,101;17,101;17,101;17,101;17,101;17,101
6723;17,101;17,101;17,101;17,101;17,101;17,101;17,101;17,101;17,101;17,101
6724;41,381;41,381;41,381;41,381;41,381;41,381;41,381;41,381;41,381;41,381
6725;34,165;34,165;34,165;34,165;34,165;34,165;34,165;34,165;34,165;34,165
6726;51,465;51,465;51,465;51,465;51,465;51,465;51,465;51,465;51,465;51,465
6727;63,629;63,629;63,629;63,629;63,629;63,629;63,629;63,629;63,629;63,629
6728;52,661;52,661;52,661;52,661;52,661;52,661;52,661;52,661;52,661;52,661
6729;56,951;56,951;56,951;56,951;56,951;56,951;56,951;56,951;56,951;56,951
6730;57,119;57,119;57,119;57,119;57,119;57,119;57,119;57,119;57,119;57,119
6731;52,259;52,259;52,259;52,259;52,259;52,259;52,259;52,259;52,259;52,259
6732;42,623;42,623;42,623;42,623;42,623;42,623;42,623;42,623;42,623;42,623
6733;43,487;43,487;43,487;43,487;43,487;43,487;43,487;43,487;43,487;43,487
6734;41,327;41,327;41,327;41,327;41,327;41,327;41,327;41,327;41,327;41,327
6735;48,127;48,127;48,127;48,127;48,127;48,127;48,127;48,127;48,127;48,127
6736;55,167;55,167;55,167;55,167;55,167;55,167;55,167;55,167;55,167;55,167
6737;72,387;72,387;72,387;72,387;72,387;72,387;72,387;72,387;72,387;72,387
6738;80,067;80,067;80,067;80,067;80,067;80,067;80,067;80,067;80,067;80,067
6739;69,965;69,965;69,965;69,965;69,965;69,965;69,965;69,965;69,965;69,965
6740;51,829;51,829;51,829;51,829;51,829;51,829;51,829;51,829;51,829;51,829
6741;51,709;51,709;51,709;51,709;51,709;51,709;51,709;51,709;51,709;51,709
6742;41,381;41,381;41,381;41,381;41,381;41,381;41,381;41,381;41,381;41,381
6743;18,941;18,941;18,941;18,941;18,941;18,941;18,941;18,941;18,941;18,941
6744;18,941;18,941;18,941;18,941;18,941;18,941;18,941;18,941;18,941;18,941
6745;18,941;18,941;18,941;18,941;18,941;18,941;18,941;18,941;18,941;18,941
6746;17,101;17,101;17,101;17,101;17,101;17,101;17,101;17,101;17,101;17,101
6747;17,101;17,101;17,101;17,101;17,101;17,101;17,101;17,101;17,101;17,101
6748;41,381;41,381;41,381;41,381;41,381;41,381;41,381;41,381;41,381;41,381
6749;34,165;34,165;34,165;34,165;34,165;34,165;34,165;34,165;34,165;34,165
6750;51,465;51,465;51,465;51,465;51,465;51,465;51,465;51,465;51,465;51,465
6751;63,629;63,629;63,629;63,629;63,629;63,629;63,629;63,629;63,629;63,629
6752;52,661;52,661;52,661;52,661;52,661;52,661;52,661;52,661;52,661;52,661
6753;56,951;56,951;56,951;56,951;56,951;56,951;56,951;56,951;56,951;56,951
6754;57,119;57,119;57,119;57,119;57,119;57,119;57,119;57,119;57,119;57,119
6755;52,259;52,259;52,259;52,259;52,259;52,259;52,259;52,259;52,259;52,259
6756;42,623;42,623;42,623;42,623;42,623;42,623;42,623;42,623;42,623;42,623
6757;43,487;43,487;43,487;43,487;43,487;43,487;43,487;43,487;43,487;43,487
6758;41,327;41,327;41,327;41,327;41,327;41,327;41,327;41,327;41,327;41,327
6759;48,127;48,127;48,127;48,127;48,127;48,127;48,127;48,127;48,127;48,127
6760;55,167;55,167;55,167;55,167;55,167;55,167;55,167;55,167;55,167;55,167
6761;72,387;72,387;72,387;72,387;72,387;72,387;72,387;72,387;72,387;72,387
6762;80,067;80,067;80,067;80,067;80,067;80,067;80,067;80,067;80,067;80,067
6763;69,965;69,965;69,965;69,965;69,965;69,965;69,965;69,965;69,965;69,965
6764;51,829;51,829;51,829;51,829;51,829;51,829;51,829;51,829;51,829;51,829
6765;51,709;51,709;51,709;51,709;51,709;51,709;51,709;51,709;51,709;51,709
6766;41,381;41,381;41,381;41,381;41,381;41,381;41,381;41,381;41,381;41,381
6767;18,941;18,941;18,941;18,941;18,941;18,941;18,941;18,941;18,941;18,941
6768;18,941;18,941;18,941;18,941;18,941;18,941;18,941;18,941;18,941;18,941
6769;18,941;18,941;18,941;18,941;18,941;18,941;18,941;18,941;18,941;18,941
6770;17,101;17,101;17,101;17,101;17,101;17,101;17,101;17,101;17,101;17,101
6771;17,101;17,101;17,101;17,101;17,101;17,101;17,101;17,101;17,101;17,101
6772;41,381;41,381;41,381;41,381;41,381;41,381;41,381;41,381;41,381;41,381
6773;34,165;34,165;34,165;34,165;34,165;34,165;34,165;34,165;34,165;34,165
6774;51,465;51,465;51,465;51,465;51,465;51,465;51,465;51,465;51,465;51,465
6775;63,629;63,629;63,629;63,629;63,629;63,629;63,629;63,629;63,629;63,629
6776;52,661;52,661;52,661;52,661;52,661;52,661;52,661;52,661;52,661;52,661
6777;56,951;56,951;56,951;56,951;56,951;56,951;56,951;56,951;56,951;56,951
6778;57,119;57,119;57,119;57,119;57,119;57,119;57,119;57,119;57,119;57,119
6779;52,259;52,259;52,259;52,259;52,259;52,259;52,259;52,259;52,259;52,259
6780;42,623;42,623;42,623;42,623;42,623;42,623;42,623;42,623;42,623;42,623
6781;43,487;43,487;43,487;43,487;43,487;43,487;43,487;43,487;43,487;43,487
6782;41,327;41,327;41,327;41,327;41,327;41,327;41,327;41,327;41,327;41,327
6783;48,127;48,127;48,127;48,127;48,127;48,127;48,127;48,127;48,127;48,127
6784;55,167;55,167;55,167;55,167;55,167;55,167;55,167;55,167;55,167;55,167
6785;72,387;72,387;72,387;72,387;72,387;72,387;72,387;72,387;72,387;72,387
6786;80,067;80,067;80,067;80,067;80,067;80,067;80,067;80,067;80,067;80,067
6787;69,965;69,965;69,965;69,965;69,965;69,965;69,965;69,965;69,965;69,965
6788;51,829;51,829;51,829;51,829;51,829;51,829;51,829;51,829;51,829;51,829
6789;51,709;51,709;51,709;51,709;51,709;51,709;51,709;51,709;51,709;51,709
6790;41,381;41,381;41,381;41,381;41,381;41,381;41,381;41,381;41,381;41,381
6791;18,941;18,941;18,941;18,941;18,941;18,941;18,941;18,941;18,941;18,941
6792;18,941;18,941;18,941;18,941;18,941;18,941;18,941;18,941;18,941;18,941
6793;18,941;18,941;18,941;18,941;18,941;18,941;18,941;18,941;18,941;18,941
6794;17,101;17,101;17,101;17,101;17,101;17,101;17,101;17,101;17,101;17,101
6795;17,101;17,101;17,101;17,101;17,101;17,101;17,101;17,101;17,101;17,101
6796;41,381;41,381;41,381;41,381;41,381;41,381;41,381;41,381;41,381;41,381
6797;34,165;34,165;34,165;34,165;34,165;34,165;34,165;34,165;34,165;34,165
6798;51,465;51,465;51,465;51,465;51,465;51,465;51,465;51,465;51,465;51,465
6799;63,629;63,629;63,629;63,629;63,629;63,629;63,629;63,629;63,629;63,629
6800;52,661;52,661;52,661;52,661;52,661;52,661;52,661;52,661;52,661;52,661
6801;56,951;56,951;56,951;56,951;56,951;56,951;56,951;56,951;56,951;56,951
6802;57,119;57,119;57,119;57,119;57,119;57,119;57,119;57,119;57,119;57,119
6803;52,259;52,259;52,259;52,259;52,259;52,259;52,259;52,259;52,259;52,259
6804;42,623;42,623;42,623;42,623;42,623;42,623;42,623;42,623;42,623;42,623
6805;43,487;43,487;43,487;43,487;43,487;43,487;43,487;43,487;43,487;43,487
6806;41,327;41,327;41,327;41,327;41,327;41,327;41,327;41,327;41,327;41,327
6807;48,127;48,127;48,127;48,127;48,127;48,127;48,127;48,127;48,127;48,127
6808;55,167;55,167;55,167;55,167;55,167;55,167;55,167;55,167;55,167;55,167
6809;72,387;72,387;72,387;72,387;72,387;72,387;72,387;72,387;72,387;72,387
6810;80,067;80,067;80,067;80,067;80,067;80,067;80,067;80,067;80,067;80,067
6811;69,965;69,965;69,965;69,965;69,965;69,965;69,965;69,965;69,965;69,965
6812;51,829;51,829;51,829;51,829;51,829;51,829;51,829;51,829;51,829;51,829
6813;51,709;51,709;51,709;51,709;51,709;51,709;51,709;51,709;51,709;51,709
6814;41,381;41,381;41,381;41,381;41,381;41,381;41,381;41,381;41,381;41,381
6815;18,941;18,941;18,941;18,941;18,941;18,941;18,941;18,941;18,941;18,941
6816;18,941;18,941;18,941;18,941;18,941;18,941;18,941;18,941;18,941;18,941
6817;18,941;18,941;18,941;18,941;18,941;18,941;18,941;18,941;18,941;18,941
6818;17,101;17,101;17,101;17,101;17,101;17,101;17,101;17,101;17,101;17,101
6819;17,101;17,101;17,101;17,101;17,101;17,101;17,101;17,101;17,101;17,101
6820;41,381;41,381;41,381;41,381;41,381;41,381;41,381;41,381;41,381;41,381
6821;34,165;34,165;34,165;34,165;34,165;34,165;34,165;34,165;34,165;34,165
6822;51,465;51,465;51,465;51,465;51,465;51,465;51,465;51,465;51,465;51,465
6823;63,629;63,629;63,629;63,629;63,629;63,629;63,629;63,629;63,629;63,629
6824;52,661;52,661;52,661;52,661;52,661;52,661;52,661;52,661;52,661;52,661
6825;56,951;56,951;56,951;56,951;56,951;56,951;56,951;56,951;56,951;56,951
6826;57,119;57,119;57,119;57,119;57,119;57,119;57,119;57,119;57,119;57,119
6827;52,259;52,259;52,259;52,259;52,259;52,259;52,259;52,259;52,259;52,259
6828;42,623;42,623;42,623;42,623;42,623;42,623;42,623;42,623;42,623;42,623
6829;43,487;43,487;43,487;43,487;43,487;43,487;43,487;43,487;43,487;43,487
6830;41,327;41,327;41,327;41,327;41,327;41,327;41,327;41,327;41,327;41,327
6831;48,127;48,127;48,127;48,127;48,127;48,127;48,127;48,127;48,127;48,127
6832;55,167;55,167;55,167;55,167;55,167;55,167;55,167;55,167;55,167;55,167
6833;72,387;72,387;72,387;72,387;72,387;72,387;72,387;72,387;72,387;72,387
6834;80,067;80,067;80,067;80,067;80,067;80,067;80,067;80,067;80,067;80,067
6835;69,965;69,965;69,965;69,965;69,965;69,965;69,965;69,965;69,965;69,965
6836;51,829;51,829;51,829;51,829;51,829;51,829;51,829;51,829;51,829;51,829
6837;51,709;51,709;51,709;51,709;51,709;51,709;51,709;51,709;51,709;51,709
6838;41,381;41,381;41,381;41,381;41,381;41,381;41,381;41,381;41,381;41,381
6839;18,941;18,941;18,941;18,941;18,941;18,941;18,941;18,941;18,941;18,941
6840;18,941;18,941;18,941;18,941;18,941;18,941;18,941;18,941;18,941;18,941
6841;18,941;18,941;18,941;18,941;18,941;18,941;18,941;18,941;18,941;18,941
6842;17,101;17,101;17,101;17,101;17,101;17,101;17,101;17,101;17,101;17,101
6843;17,101;17,101;17,101;17,101;17,101;17,101;17,101;17,101;17,101;17,101
6844;41,381;41,381;41,381;41,381;41,381;41,381;41,381;41,381;41,381;41,381
6845;34,165;34,165;34,165;34,165;34,165;34,165;34,165;34,165;34,165;34,165
6846;51,465;51,465;51,465;51,465;51,465;51,465;51,465;51,465;51,465;51,465
6847;63,629;63,629;63,629;63,629;63,629;63,629;63,629;63,629;63,629;63,629
6848;52,661;52,661;52,661;52,661;52,661;52,661;52,661;52,661;52,661;52,661
6849;56,951;56,951;56,951;56,951;56,951;56,951;56,951;56,951;56,951;56,951
6850;57,119;57,119;57,119;57,119;57,119;57,119;57,119;57,119;57,119;57,119
6851;52,259;52,259;52,259;52,259;52,259;52,259;52,259;52,259;52,259;52,259
6852;42,623;42,623;42,623;42,623;42,623;42,623;42,623;42,623;42,623;42,623
6853;43,487;43,487;43,487;43,487;43,487;43,487;43,487;43,487;43,487;43,487
6854;41,327;41,327;41,327;41,327;41,327;41,327;41,327;41,327;41,327;41,327
6855;48,127;48,127;48,127;48,127;48,127;48,127;48,127;48,127;48,127;48,127
6856;55,167;55,167;55,167;55,167;55,167;55,167;55,167;55,167;55,167;55,167
6857;72,387;72,387;72,387;72,387;72,387;72,387;72,387;72,387;72,387;72,387
6858;80,067;80,067;80,067;80,067;80,067;80,067;80,067;80,067;80,067;80,067
6859;69,965;69,965;69,965;69,965;69,965;69,965;69,965;69,965;69,965;69,965
6860;51,829;51,829;51,829;51,829;51,829;51,829;51,829;51,829;51,829;51,829
6861;51,709;51,709;51,709;51,709;51,709;51,709;51,709;51,709;51,709;51,709
6862;41,381;41,381;41,381;41,381;41,381;41,381;41,381;41,381;41,381;41,381
6863;18,941;18,941;18,941;18,941;18,941;18,941;18,941;18,941;18,941;18,941
6864;18,941;18,941;18,941;18,941;18,941;18,941;18,941;18,941;18,941;18,941
6865;18,941;18,941;18,941;18,941;18,941;18,941;18,941;18,941;18,941;18,941
6866;17,101;17,101;17,101;17,101;17,101;17,101;17,101;17,101;17,101;17,101
6867;17,101;17,101;17,101;17,101;17,101;17,101;17,101;17,101;17,101;17,101
6868;41,381;41,381;41,381;41,381;41,381;41,381;41,381;41,381;41,381;41,381
6869;34,165;34,165;34,165;34,165;34,165;34,165;34,165;34,165;34,165;34,165
6870;51,465;51,465;51,465;51,465;51,465;51,465;51,465;51,465;51,465;51,465
6871;63,629;63,629;63,629;63,629;63,629;63,629;63,629;63,629;63,629;63,629
6872;52,661;52,661;52,661;52,661;52,661;52,661;52,661;52,661;52,661;52,661
6873;56,951;56,951;56,951;56,951;56,951;56,951;56,951;56,951;56,951;56,951
6874;57,119;57,119;57,119;57,119;57,119;57,119;57,119;57,119;57,119;57,119
6875;52,259;52,259;52,259;52,259;52,259;52,259;52,259;52,259;52,259;52,259
6876;42,623;42,623;42,623;42,623;42,623;42,623;42,623;42,623;42,623;42,623
6877;43,487;43,487;43,487;43,487;43,487;43,487;43,487;43,487;43,487;43,487
6878;41,327;41,327;41,327;41,327;41,327;41,327;41,327;41,327;41,327;41,327
6879;48,127;48,127;48,127;48,127;48,127;48,127;48,127;48,127;48,127;48,127
6880;55,167;55,167;55,167;55,167;55,167;55,167;55,167;55,167;55,167;55,167
6881;72,387;72,387;72,387;72,387;72,387;72,387;72,387;72,387;72,387;72,387
6882;80,067;80,067;80,067;80,067;80,067;80,067;80,067;80,067;80,067;80,067
6883;69,965;69,965;69,965;69,965;69,965;69,965;69,965;69,965;69,965;69,965
6884;51,829;51,829;51,829;51,829;51,829;51,829;51,829;51,829;51,829;51,829
6885;51,709;51,709;51,709;51,709;51,709;51,709;51,709;51,709;51,709;51,709
6886;41,381;41,381;41,381;41,381;41,381;41,381;41,381;41,381;41,381;41,381
6887;18,941;18,941;18,941;18,941;18,941;18,941;18,941;18,941;18,941;18,941
6888;18,941;18,941;18,941;18,941;18,941;18,941;18,941;18,941;18,941;18,941
6889;18,941;18,941;18,941;18,941;18,941;18,941;18,941;18,941;18,941;18,941
6890;17,101;17,101;17,101;17,101;17,101;17,101;17,101;17,101;17,101;17,101
6891;17,101;17,101;17,101;17,101;17,101;17,101;17,101;17,101;17,101;17,101
6892;41,381;41,381;41,381;41,381;41,381;41,381;41,381;41,381;41,381;41,381
6893;34,165;34,165;34,165;34,165;34,165;34,165;34,165;34,165;34,165;34,165
6894;51,465;51,465;51,465;51,465;51,465;51,465;51,465;51,465;51,465;51,465
6895;63,629;63,629;63,629;63,629;63,629;63,629;63,629;63,629;63,629;63,629
6896;52,661;52,661;52,661;52,661;52,661;52,661;52,661;52,661;52,661;52,661
6897;56,951;56,951;56,951;56,951;56,951;56,951;56,951;56,951;56,951;56,951
6898;57,119;57,119;57,119;57,119;57,119;57,119;57,119;57,119;57,119;57,119
6899;52,259;52,259;52,259;52,259;52,259;52,259;52,259;52,259;52,259;52,259
6900;42,623;42,623;42,623;42,623;42,623;42,623;42,623;42,623;42,623;42,623
6901;43,487;43,487;43,487;43,487;43,487;43,487;43,487;43,487;43,487;43,487
6902;41,327;41,327;41,327;41,327;41,327;41,327;41,327;41,327;41,327;41,327
6903;48,127;48,127;48,127;48,127;48,127;48,127;48,127;48,127;48,127;48,127
6904;55,167;55,167;55,167;55,167;55,167;55,167;55,167;55,167;55,167;55,167
6905;72,387;72,387;72,387;72,387;72,387;72,387;72,387;72,387;72,387;72,387
6906;80,067;80,067;80,067;80,067;80,067;80,067;80,067;80,067;80,067;80,067
6907;69,965;69,965;69,965;69,965;69,965;69,965;69,965;69,965;69,965;69,965
6908;51,829;51,829;51,829;51,829;51,829;51,829;51,829;51,829;51,829;51,829
6909;51,709;51,709;51,709;51,709;51,709;51,709;51,709;51,709;51,709;51,709
6910;41,381;41,381;41,381;41,381;41,381;41,381;41,381;41,381;41,381;41,381
6911;18,941;18,941;18,941;18,941;18,941;18,941;18,941;18,941;18,941;18,941
6912;18,941;18,941;18,941;18,941;18,941;18,941;18,941;18,941;18,941;18,941
6913;18,941;18,941;18,941;18,941;18,941;18,941;18,941;18,941;18,941;18,941
6914;17,101;17,101;17,101;17,101;17,101;17,101;17,101;17,101;17,101;17,101
6915;17,101;17,101;17,101;17,101;17,101;17,101;17,101;17,101;17,101;17,101
6916;41,381;41,381;41,381;41,381;41,381;41,381;41,381;41,381;41,381;41,381
6917;34,165;34,165;34,165;34,165;34,165;34,165;34,165;34,165;34,165;34,165
6918;51,465;51,465;51,465;51,465;51,465;51,465;51,465;51,465;51,465;51,465
6919;63,629;63,629;63,629;63,629;63,629;63,629;63,629;63,629;63,629;63,629
6920;52,661;52,661;52,661;52,661;52,661;52,661;52,661;52,661;52,661;52,661
6921;56,951;56,951;56,951;56,951;56,951;56,951;56,951;56,951;56,951;56,951
6922;57,119;57,119;57,119;57,119;57,119;57,119;57,119;57,119;57,119;57,119
6923;52,259;52,259;52,259;52,259;52,259;52,259;52,259;52,259;52,259;52,259
6924;42,623;42,623;42,623;42,623;42,623;42,623;42,623;42,623;42,623;42,623
6925;43,487;43,487;43,487;43,487;43,487;43,487;43,487;43,487;43,487;43,487
6926;41,327;41,327;41,327;41,327;41,327;41,327;41,327;41,327;41,327;41,327
6927;48,127;48,127;48,127;48,127;48,127;48,127;48,127;48,127;48,127;48,127
6928;55,167;55,167;55,167;55,167;55,167;55,167;55,167;55,167;55,167;55,167
6929;72,387;72,387;72,387;72,387;72,387;72,387;72,387;72,387;72,387;72,387
6930;80,067;80,067;80,067;80,067;80,067;80,067;80,067;80,067;80,067;80,067
6931;69,965;69,965;69,965;69,965;69,965;69,965;69,965;69,965;69,965;69,965
6932;51,829;51,829;51,829;51,829;51,829;51,829;51,829;51,829;51,829;51,829
6933;51,709;51,709;51,709;51,709;51,709;51,709;51,709;51,709;51,709;51,709
6934;41,381;41,381;41,381;41,381;41,381;41,381;41,381;41,381;41,381;41,381
6935;18,941;18,941;18,941;18,941;18,941;18,941;18,941;18,941;18,941;18,941
6936;18,941;18,941;18,941;18,941;18,941;18,941;18,941;18,941;18,941;18,941
6937;18,941;18,941;18,941;18,941;18,941;18,941;18,941;18,941;18,941;18,941
6938;17,101;17,101;17,101;17,101;17,101;17,101;17,101;17,101;17,101;17,101
6939;17,101;17,101;17,101;17,101;17,101;17,101;17,101;17,101;17,101;17,101
6940;41,381;41,381;41,381;41,381;41,381;41,381;41,381;41,381;41,381;41,381
6941;34,165;34,165;34,165;34,165;34,165;34,165;34,165;34,165;34,165;34,165
6942;51,465;51,465;51,465;51,465;51,465;51,465;51,465;51,465;51,465;51,465
6943;63,629;63,629;63,629;63,629;63,629;63,629;63,629;63,629;63,629;63,629
6944;52,661;52,661;52,661;52,661;52,661;52,661;52,661;52,661;52,661;52,661
6945;56,951;56,951;56,951;56,951;56,951;56,951;56,951;56,951;56,951;56,951
6946;57,119;57,119;57,119;57,119;57,119;57,119;57,119;57,119;57,119;57,119
6947;52,259;52,259;52,259;52,259;52,259;52,259;52,259;52,259;52,259;52,259
6948;42,623;42,623;42,623;42,623;42,623;42,623;42,623;42,623;42,623;42,623
6949;43,487;43,487;43,487;43,487;43,487;43,487;43,487;43,487;43,487;43,487
6950;41,327;41,327;41,327;41,327;41,327;41,327;41,327;41,327;41,327;41,327
6951;48,127;48,127;48,127;48,127;48,127;48,127;48,127;48,127;48,127;48,127
6952;55,167;55,167;55,167;55,167;55,167;55,167;55,167;55,167;55,167;55,167
6953;72,387;72,387;72,387;72,387;72,387;72,387;72,387;72,387;72,387;72,387
6954;80,067;80,067;80,067;80,067;80,067;80,067;80,067;80,067;80,067;80,067
6955;69,965;69,965;69,965;69,965;69,965;69,965;69,965;69,965;69,965;69,965
6956;51,829;51,829;51,829;51,829;51,829;51,829;51,829;51,829;51,829;51,829
6957;51,709;51,709;51,709;51,709;51,709;51,709;51,709;51,709;51,709;51,709
6958;41,381;41,381;41,381;41,381;41,381;41,381;41,381;41,381;41,381;41,381
6959;18,941;18,941;18,941;18,941;18,941;18,941;18,941;18,941;18,941;18,941
6960;18,941;18,941;18,941;18,941;18,941;18,941;18,941;18,941;18,941;18,941
6961;18,941;18,941;18,941;18,941;18,941;18,941;18,941;18,941;18,941;18,941
6962;17,101;17,101;17,101;17,101;17,101;17,101;17,101;17,101;17,101;17,101
6963;17,101;17,101;17,101;17,101;17,101;17,101;17,101;17,101;17,101;17,101
6964;41,381;41,381;41,381;41,381;41,381;41,381;41,381;41,381;41,381;41,381
6965;34,165;34,165;34,165;34,165;34,165;34,165;34,165;34,165;34,165;34,165
6966;51,465;51,465;51,465;51,465;51,465;51,465;51,465;51,465;51,465;51,465
6967;63,629;63,629;63,629;63,629;63,629;63,629;63,629;63,629;63,629;63,629
6968;52,661;52,661;52,661;52,661;52,661;52,661;52,661;52,661;52,661;52,661
6969;56,951;56,951;56,951;56,951;56,951;56,951;56,951;56,951;56,951;56,951
6970;57,119;57,119;57,119;57,119;57,119;57,119;57,119;57,119;57,119;57,119
6971;52,259;52,259;52,259;52,259;52,259;52,259;52,259;52,259;52,259;52,259
6972;42,623;42,623;42,623;42,623;42,623;42,623;42,623;42,623;42,623;42,623
6973;43,487;43,487;43,487;43,487;43,487;43,487;43,487;43,487;43,487;43,487
6974;41,327;41,327;41,327;41,327;41,327;41,327;41,327;41,327;41,327;41,327
6975;48,127;48,127;48,127;48,127;48,127;48,127;48,127;48,127;48,127;48,127
6976;55,167;55,167;55,167;55,167;55,167;55,167;55,167;55,167;55,167;55,167
6977;72,387;72,387;72,387;72,387;72,387;72,387;72,387;72,387;72,387;72,387
6978;80,067;80,067;80,067;80,067;80,067;80,067;80,067;80,067;80,067;80,067
6979;69,965;69,965;69,965;69,965;69,965;69,965;69,965;69,965;69,965;69,965
6980;51,829;51,829;51,829;51,829;51,829;51,829;51,829;51,829;51,829;51,829
6981;51,709;51,709;51,709;51,709;51,709;51,709;51,709;51,709;51,709;51,709
6982;41,381;41,381;41,381;41,381;41,381;41,381;41,381;41,381;41,381;41,381
6983;18,941;18,941;18,941;18,941;18,941;18,941;18,941;18,941;18,941;18,941
6984;18,941;18,941;18,941;18,941;18,941;18,941;18,941;18,941;18,941;18,941
6985;18,941;18,941;18,941;18,941;18,941;18,941;18,941;18,941;18,941;18,941
6986;17,101;17,101;17,101;17,101;17,101;17,101;17,101;17,101;17,101;17,101
6987;17,101;17,101;17,101;17,101;17,101;17,101;17,101;17,101;17,101;17,101
6988;41,381;41,381;41,381;41,381;41,381;41,381;41,381;41,381;41,381;41,381
6989;34,165;34,165;34,165;34,165;34,165;34,165;34,165;34,165;34,165;34,165
6990;51,465;51,465;51,465;51,465;51,465;51,465;51,465;51,465;51,465;51,465
6991;63,629;63,629;63,629;63,629;63,629;63,629;63,629;63,629;63,629;63,629
6992;52,661;52,661;52,661;52,661;52,661;52,661;52,661;52,661;52,661;52,661
6993;56,951;56,951;56,951;56,951;56,951;56,951;56,951;56,951;56,951;56,951
6994;57,119;57,119;57,119;57,119;57,119;57,119;57,119;57,119;57,119;57,119
6995;52,259;52,259;52,259;52,259;52,259;52,259;52,259;52,259;52,259;52,259
6996;42,623;42,623;42,623;42,623;42,623;42,623;42,623;42,623;42,623;42,623
6997;43,487;43,487;43,487;43,487;43,487;43,487;43,487;43,487;43,487;43,487
6998;41,327;41,327;41,327;41,327;41,327;41,327;41,327;41,327;41,327;41,327
6999;48,127;48,127;48,127;48,127;48,127;48,127;48,127;48,127;48,127;48,127
7000;55,167;55,167;55,167;55,167;55,167;55,167;55,167;55,167;55,167;55,167
7001;72,387;72,387;72,387;72,387;72,387;72,387;72,387;72,387;72,387;72,387
7002;80,067;80,067;80,067;80,067;80,067;80,067;80,067;80,067;80,067;80,067
7003;69,965;69,965;69,965;69,965;69,965;69,965;69,965;69,965;69,965;69,965
7004;51,829;51,829;51,829;51,829;51,829;51,829;51,829;51,829;51,829;51,829
7005;51,709;51,709;51,709;51,709;51,709;51,709;51,709;51,709;51,709;51,709
7006;41,381;41,381;41,381;41,381;41,381;41,381;41,381;41,381;41,381;41,381
7007;18,941;18,941;18,941;18,941;18,941;18,941;18,941;18,941;18,941;18,941
7008;18,941;18,941;18,941;18,941;18,941;18,941;18,941;18,941;18,941;18,941
7009;18,941;18,941;18,941;18,941;18,941;18,941;18,941;18,941;18,941;18,941
7010;17,101;17,101;17,101;17,101;17,101;17,101;17,101;17,101;17,101;17,101
7011;17,101;17,101;17,101;17,101;17,101;17,101;17,101;17,101;17,101;17,101
7012;41,381;41,381;41,381;41,381;41,381;41,381;41,381;41,381;41,381;41,381
7013;34,165;34,165;34,165;34,165;34,165;34,165;34,165;34,165;34,165;34,165
7014;51,465;51,465;51,465;51,465;51,465;51,465;51,465;51,465;51,465;51,465
7015;63,629;63,629;63,629;63,629;63,629;63,629;63,629;63,629;63,629;63,629
7016;52,661;52,661;52,661;52,661;52,661;52,661;52,661;52,661;52,661;52,661
7017;56,951;56,951;56,951;56,951;56,951;56,951;56,951;56,951;56,951;56,951
7018;57,119;57,119;57,119;57,119;57,119;57,119;57,119;57,119;57,119;57,119
7019;52,259;52,259;52,259;52,259;52,259;52,259;52,259;52,259;52,259;52,259
7020;42,623;42,623;42,623;42,623;42,623;42,623;42,623;42,623;42,623;42,623
7021;43,487;43,487;43,487;43,487;43,487;43,487;43,487;43,487;43,487;43,487
7022;41,327;41,327;41,327;41,327;41,327;41,327;41,327;41,327;41,327;41,327
7023;48,127;48,127;48,127;48,127;48,127;48,127;48,127;48,127;48,127;48,127
7024;55,167;55,167;55,167;55,167;55,167;55,167;55,167;55,167;55,167;55,167
7025;72,387;72,387;72,387;72,387;72,387;72,387;72,387;72,387;72,387;72,387
7026;80,067;80,067;80,067;80,067;80,067;80,067;80,067;80,067;80,067;80,067
7027;69,965;69,965;69,965;69,965;69,965;69,965;69,965;69,965;69,965;69,965
7028;51,829;51,829;51,829;51,829;51,829;51,829;51,829;51,829;51,829;51,829
7029;51,709;51,709;51,709;51,709;51,709;51,709;51,709;51,709;51,709;51,709
7030;41,381;41,381;41,381;41,381;41,381;41,381;41,381;41,381;41,381;41,381
7031;18,941;18,941;18,941;18,941;18,941;18,941;18,941;18,941;18,941;18,941
7032;18,941;18,941;18,941;18,941;18,941;18,941;18,941;18,941;18,941;18,941
7033;18,941;18,941;18,941;18,941;18,941;18,941;18,941;18,941;18,941;18,941
7034;17,101;17,101;17,101;17,101;17,101;17,101;17,101;17,101;17,101;17,101
7035;17,101;17,101;17,101;17,101;17,101;17,101;17,101;17,101;17,101;17,101
7036;41,381;41,381;41,381;41,381;41,381;41,381;41,381;41,381;41,381;41,381
7037;34,165;34,165;34,165;34,165;34,165;34,165;34,165;34,165;34,165;34,165
7038;51,465;51,465;51,465;51,465;51,465;51,465;51,465;51,465;51,465;51,465
7039;63,629;63,629;63,629;63,629;63,629;63,629;63,629;63,629;63,629;63,629
7040;52,661;52,661;52,661;52,661;52,661;52,661;52,661;52,661;52,661;52,661
7041;56,951;56,951;56,951;56,951;56,951;56,951;56,951;56,951;56,951;56,951
7042;57,119;57,119;57,119;57,119;57,119;57,119;57,119;57,119;57,119;57,119
7043;52,259;52,259;52,259;52,259;52,259;52,259;52,259;52,259;52,259;52,259
7044;42,623;42,623;42,623;42,623;42,623;42,623;42,623;42,623;42,623;42,623
7045;43,487;43,487;43,487;43,487;43,487;43,487;43,487;43,487;43,487;43,487
7046;41,327;41,327;41,327;41,327;41,327;41,327;41,327;41,327;41,327;41,327
7047;48,127;48,127;48,127;48,127;48,127;48,127;48,127;48,127;48,127;48,127
7048;55,167;55,167;55,167;55,167;55,167;55,167;55,167;55,167;55,167;55,167
7049;72,387;72,387;72,387;72,387;72,387;72,387;72,387;72,387;72,387;72,387
7050;80,067;80,067;80,067;80,067;80,067;80,067;80,067;80,067;80,067;80,067
7051;69,965;69,965;69,965;69,965;69,965;69,965;69,965;69,965;69,965;69,965
7052;51,829;51,829;51,829;51,829;51,829;51,829;51,829;51,829;51,829;51,829
7053;51,709;51,709;51,709;51,709;51,709;51,709;51,709;51,709;51,709;51,709
7054;41,381;41,381;41,381;41,381;41,381;41,381;41,381;41,381;41,381;41,381
7055;18,941;18,941;18,941;18,941;18,941;18,941;18,941;18,941;18,941;18,941
7056;18,941;18,941;18,941;18,941;18,941;18,941;18,941;18,941;18,941;18,941
7057;18,941;18,941;18,941;18,941;18,941;18,941;18,941;18,941;18,941;18,941
7058;17,101;17,101;17,101;17,101;17,101;17,101;17,101;17,101;17,101;17,101
7059;17,101;17,101;17,101;17,101;17,101;17,101;17,101;17,101;17,101;17,101
7060;41,381;41,381;41,381;41,381;41,381;41,381;41,381;41,381;41,381;41,381
7061;34,165;34,165;34,165;34,165;34,165;34,165;34,165;34,165;34,165;34,165
7062;51,465;51,465;51,465;51,465;51,465;51,465;51,465;51,465;51,465;51,465
7063;63,629;63,629;63,629;63,629;63,629;63,629;63,629;63,629;63,629;63,629
7064;52,661;52,661;52,661;52,661;52,661;52,661;52,661;52,661;52,661;52,661
7065;56,951;56,951;56,951;56,951;56,951;56,951;56,951;56,951;56,951;56,951
7066;57,119;57,119;57,119;57,119;57,119;57,119;57,119;57,119;57,119;57,119
7067;52,259;52,259;52,259;52,259;52,259;52,259;52,259;52,259;52,259;52,259
7068;42,623;42,623;42,623;42,623;42,623;42,623;42,623;42,623;42,623;42,623
7069;43,487;43,487;43,487;43,487;43,487;43,487;43,487;43,487;43,487;43,487
7070;41,327;41,327;41,327;41,327;41,327;41,327;41,327;41,327;41,327;41,327
7071;48,127;48,127;48,127;48,127;48,127;48,127;48,127;48,127;48,127;48,127
7072;55,167;55,167;55,167;55,167;55,167;55,167;55,167;55,167;55,167;55,167
7073;72,387;72,387;72,387;72,387;72,387;72,387;72,387;72,387;72,387;72,387
7074;80,067;80,067;80,067;80,067;80,067;80,067;80,067;80,067;80,067;80,067
7075;69,965;69,965;69,965;69,965;69,965;69,965;69,965;69,965;69,965;69,965
7076;51,829;51,829;51,829;51,829;51,829;51,829;51,829;51,829;51,829;51,829
7077;51,709;51,709;51,709;51,709;51,709;51,709;51,709;51,709;51,709;51,709
7078;41,381;41,381;41,381;41,381;41,381;41,381;41,381;41,381;41,381;41,381
7079;18,941;18,941;18,941;18,941;18,941;18,941;18,941;18,941;18,941;18,941
7080;18,941;18,941;18,941;18,941;18,941;18,941;18,941;18,941;18,941;18,941
7081;18,941;18,941;18,941;18,941;18,941;18,941;18,941;18,941;18,941;18,941
7082;17,101;17,101;17,101;17,101;17,101;17,101;17,101;17,101;17,101;17,101
7083;17,101;17,101;17,101;17,101;17,101;17,101;17,101;17,101;17,101;17,101
7084;41,381;41,381;41,381;41,381;41,381;41,381;41,381;41,381;41,381;41,381
7085;34,165;34,165;34,165;34,165;34,165;34,165;34,165;34,165;34,165;34,165
7086;51,465;51,465;51,465;51,465;51,465;51,465;51,465;51,465;51,465;51,465
7087;63,629;63,629;63,629;63,629;63,629;63,629;63,629;63,629;63,629;63,629
7088;52,661;52,661;52,661;52,661;52,661;52,661;52,661;52,661;52,661;52,661
7089;56,951;56,951;56,951;56,951;56,951;56,951;56,951;56,951;56,951;56,951
7090;57,119;57,119;57,119;57,119;57,119;57,119;57,119;57,119;57,119;57,119
7091;52,259;52,259;52,259;52,259;52,259;52,259;52,259;52,259;52,259;52,259
7092;42,623;42,623;42,623;42,623;42,623;42,623;42,623;42,623;42,623;42,623
7093;43,487;43,487;43,487;43,487;43,487;43,487;43,487;43,487;43,487;43,487
7094;41,327;41,327;41,327;41,327;41,327;41,327;41,327;41,327;41,327;41,327
7095;48,127;48,127;48,127;48,127;48,127;48,127;48,127;48,127;48,127;48,127
7096;55,167;55,167;55,167;55,167;55,167;55,167;55,167;55,167;55,167;55,167
7097;72,387;72,387;72,387;72,387;72,387;72,387;72,387;72,387;72,387;72,387
7098;80,067;80,067;80,067;80,067;80,067;80,067;80,067;80,067;80,067;80,067
7099;69,965;69,965;69,965;69,965;69,965;69,965;69,965;69,965;69,965;69,965
7100;51,829;51,829;51,829;51,829;51,829;51,829;51,829;51,829;51,829;51,829
7101;51,709;51,709;51,709;51,709;51,709;51,709;51,709;51,709;51,709;51,709
7102;41,381;41,381;41,381;41,381;41,381;41,381;41,381;41,381;41,381;41,381
7103;18,941;18,941;18,941;18,941;18,941;18,941;18,941;18,941;18,941;18,941
7104;18,941;18,941;18,941;18,941;18,941;18,941;18,941;18,941;18,941;18,941
7105;18,941;18,941;18,941;18,941;18,941;18,941;18,941;18,941;18,941;18,941
7106;17,101;17,101;17,101;17,101;17,101;17,101;17,101;17,101;17,101;17,101
7107;17,101;17,101;17,101;17,101;17,101;17,101;17,101;17,101;17,101;17,101
7108;41,381;41,381;41,381;41,381;41,381;41,381;41,381;41,381;41,381;41,381
7109;34,165;34,165;34,165;34,165;34,165;34,165;34,165;34,165;34,165;34,165
7110;51,465;51,465;51,465;51,465;51,465;51,465;51,465;51,465;51,465;51,465
7111;63,629;63,629;63,629;63,629;63,629;63,629;63,629;63,629;63,629;63,629
7112;52,661;52,661;52,661;52,661;52,661;52,661;52,661;52,661;52,661;52,661
7113;56,951;56,951;56,951;56,951;56,951;56,951;56,951;56,951;56,951;56,951
7114;57,119;57,119;57,119;57,119;57,119;57,119;57,119;57,119;57,119;57,119
7115;52,259;52,259;52,259;52,259;52,259;52,259;52,259;52,259;52,259;52,259
7116;42,623;42,623;42,623;42,623;42,623;42,623;42,623;42,623;42,623;42,623
7117;43,487;43,487;43,487;43,487;43,487;43,487;43,487;43,487;43,487;43,487
7118;41,327;41,327;41,327;41,327;41,327;41,327;41,327;41,327;41,327;41,327
7119;48,127;48,127;48,127;48,127;48,127;48,127;48,127;48,127;48,127;48,127
7120;55,167;55,167;55,167;55,167;55,167;55,167;55,167;55,167;55,167;55,167
7121;72,387;72,387;72,387;72,387;72,387;72,387;72,387;72,387;72,387;72,387
7122;80,067;80,067;80,067;80,067;80,067;80,067;80,067;80,067;80,067;80,067
7123;69,965;69,965;69,965;69,965;69,965;69,965;69,965;69,965;69,965;69,965
7124;51,829;51,829;51,829;51,829;51,829;51,829;51,829;51,829;51,829;51,829
7125;51,709;51,709;51,709;51,709;51,709;51,709;51,709;51,709;51,709;51,709
7126;41,381;41,381;41,381;41,381;41,381;41,381;41,381;41,381;41,381;41,381
7127;18,941;18,941;18,941;18,941;18,941;18,941;18,941;18,941;18,941;18,941
7128;18,941;18,941;18,941;18,941;18,941;18,941;18,941;18,941;18,941;18,941
7129;18,941;18,941;18,941;18,941;18,941;18,941;18,941;18,941;18,941;18,941
7130;17,101;17,101;17,101;17,101;17,101;17,101;17,101;17,101;17,101;17,101
7131;17,101;17,101;17,101;17,101;17,101;17,101;17,101;17,101;17,101;17,101
7132;41,381;41,381;41,381;41,381;41,381;41,381;41,381;41,381;41,381;41,381
7133;34,165;34,165;34,165;34,165;34,165;34,165;34,165;34,165;34,165;34,165
7134;51,465;51,465;51,465;51,465;51,465;51,465;51,465;51,465;51,465;51,465
7135;63,629;63,629;63,629;63,629;63,629;63,629;63,629;63,629;63,629;63,629
7136;52,661;52,661;52,661;52,661;52,661;52,661;52,661;52,661;52,661;52,661
7137;56,951;56,951;56,951;56,951;56,951;56,951;56,951;56,951;56,951;56,951
7138;57,119;57,119;57,119;57,119;57,119;57,119;57,119;57,119;57,119;57,119
7139;52,259;52,259;52,259;52,259;52,259;52,259;52,259;52,259;52,259;52,259
7140;42,623;42,623;42,623;42,623;42,623;42,623;42,623;42,623;42,623;42,623
7141;43,487;43,487;43,487;43,487;43,487;43,487;43,487;43,487;43,487;43,487
7142;41,327;41,327;41,327;41,327;41,327;41,327;41,327;41,327;41,327;41,327
7143;48,127;48,127;48,127;48,127;48,127;48,127;48,127;48,127;48,127;48,127
7144;55,167;55,167;55,167;55,167;55,167;55,167;55,167;55,167;55,167;55,167
7145;72,387;72,387;72,387;72,387;72,387;72,387;72,387;72,387;72,387;72,387
7146;80,067;80,067;80,067;80,067;80,067;80,067;80,067;80,067;80,067;80,067
7147;69,965;69,965;69,965;69,965;69,965;69,965;69,965;69,965;69,965;69,965
7148;51,829;51,829;51,829;51,829;51,829;51,829;51,829;51,829;51,829;51,829
7149;51,709;51,709;51,709;51,709;51,709;51,709;51,709;51,709;51,709;51,709
7150;41,381;41,381;41,381;41,381;41,381;41,381;41,381;41,381;41,381;41,381
7151;18,941;18,941;18,941;18,941;18,941;18,941;18,941;18,941;18,941;18,941
7152;18,941;18,941;18,941;18,941;18,941;18,941;18,941;18,941;18,941;18,941
7153;18,941;18,941;18,941;18,941;18,941;18,941;18,941;18,941;18,941;18,941
7154;17,101;17,101;17,101;17,101;17,101;17,101;17,101;17,101;17,101;17,101
7155;17,101;17,101;17,101;17,101;17,101;17,101;17,101;17,101;17,101;17,101
7156;41,381;41,381;41,381;41,381;41,381;41,381;41,381;41,381;41,381;41,381
7157;34,165;34,165;34,165;34,165;34,165;34,165;34,165;34,165;34,165;34,165
7158;51,465;51,465;51,465;51,465;51,465;51,465;51,465;51,465;51,465;51,465
7159;63,629;63,629;63,629;63,629;63,629;63,629;63,629;63,629;63,629;63,629
7160;52,661;52,661;52,661;52,661;52,661;52,661;52,661;52,661;52,661;52,661
7161;56,951;56,951;56,951;56,951;56,951;56,951;56,951;56,951;56,951;56,951
7162;57,119;57,119;57,119;57,119;57,119;57,119;57,119;57,119;57,119;57,119
7163;52,259;52,259;52,259;52,259;52,259;52,259;52,259;52,259;52,259;52,259
7164;42,623;42,623;42,623;42,623;42,623;42,623;42,623;42,623;42,623;42,623
7165;43,487;43,487;43,487;43,487;43,487;43,487;43,487;43,487;43,487;43,487
7166;41,327;41,327;41,327;41,327;41,327;41,327;41,327;41,327;41,327;41,327
7167;48,127;48,127;48,127;48,127;48,127;48,127;48,127;48,127;48,127;48,127
7168;55,167;55,167;55,167;55,167;55,167;55,167;55,167;55,167;55,167;55,167
7169;72,387;72,387;72,387;72,387;72,387;72,387;72,387;72,387;72,387;72,387
7170;80,067;80,067;80,067;80,067;80,067;80,067;80,067;80,067;80,067;80,067
7171;69,965;69,965;69,965;69,965;69,965;69,965;69,965;69,965;69,965;69,965
7172;51,829;51,829;51,829;51,829;51,829;51,829;51,829;51,829;51,829;51,829
7173;51,709;51,709;51,709;51,709;51,709;51,709;51,709;51,709;51,709;51,709
7174;41,381;41,381;41,381;41,381;41,381;41,381;41,381;41,381;41,381;41,381
7175;18,941;18,941;18,941;18,941;18,941;18,941;18,941;18,941;18,941;18,941
7176;18,941;18,941;18,941;18,941;18,941;18,941;18,941;18,941;18,941;18,941
7177;18,941;18,941;18,941;18,941;18,941;18,941;18,941;18,941;18,941;18,941
7178;17,101;17,101;17,101;17,101;17,101;17,101;17,101;17,101;17,101;17,101
7179;17,101;17,101;17,101;17,101;17,101;17,101;17,101;17,101;17,101;17,101
7180;41,381;41,381;41,381;41,381;41,381;41,381;41,381;41,381;41,381;41,381
7181;34,165;34,165;34,165;34,165;34,165;34,165;34,165;34,165;34,165;34,165
7182;51,465;51,465;51,465;51,465;51,465;51,465;51,465;51,465;51,465;51,465
7183;63,629;63,629;63,629;63,629;63,629;63,629;63,629;63,629;63,629;63,629
7184;52,661;52,661;52,661;52,661;52,661;52,661;52,661;52,661;52,661;52,661
7185;56,951;56,951;56,951;56,951;56,951;56,951;56,951;56,951;56,951;56,951
7186;57,119;57,119;57,119;57,119;57,119;57,119;57,119;57,119;57,119;57,119
7187;52,259;52,259;52,259;52,259;52,259;52,259;52,259;52,259;52,259;52,259
7188;42,623;42,623;42,623;42,623;42,623;42,623;42,623;42,623;42,623;42,623
7189;43,487;43,487;43,487;43,487;43,487;43,487;43,487;43,487;43,487;43,487
7190;41,327;41,327;41,327;41,327;41,327;41,327;41,327;41,327;41,327;41,327
7191;48,127;48,127;48,127;48,127;48,127;48,127;48,127;48,127;48,127;48,127
7192;55,167;55,167;55,167;55,167;55,167;55,167;55,167;55,167;55,167;55,167
7193;72,387;72,387;72,387;72,387;72,387;72,387;72,387;72,387;72,387;72,387
7194;80,067;80,067;80,067;80,067;80,067;80,067;80,067;80,067;80,067;80,067
7195;69,965;69,965;69,965;69,965;69,965;69,965;69,965;69,965;69,965;69,965
7196;51,829;51,829;51,829;51,829;51,829;51,829;51,829;51,829;51,829;51,829
7197;51,709;51,709;51,709;51,709;51,709;51,709;51,709;51,709;51,709;51,709
7198;41,381;41,381;41,381;41,381;41,381;41,381;41,381;41,381;41,381;41,381
7199;18,941;18,941;18,941;18,941;18,941;18,941;18,941;18,941;18,941;18,941
7200;18,941;18,941;18,941;18,941;18,941;18,941;18,941;18,941;18,941;18,941
7201;18,941;18,941;18,941;18,941;18,941;18,941;18,941;18,941;18,941;18,941
7202;17,101;17,101;17,101;17,101;17,101;17,101;17,101;17,101;17,101;17,101
7203;17,101;17,101;17,101;17,101;17,101;17,101;17,101;17,101;17,101;17,101
7204;41,381;41,381;41,381;41,381;41,381;41,381;41,381;41,381;41,381;41,381
7205;34,165;34,165;34,165;34,165;34,165;34,165;34,165;34,165;34,165;34,165
7206;51,465;51,465;51,465;51,465;51,465;51,465;51,465;51,465;51,465;51,465
7207;63,629;63,629;63,629;63,629;63,629;63,629;63,629;63,629;63,629;63,629
7208;52,661;52,661;52,661;52,661;52,661;52,661;52,661;52,661;52,661;52,661
7209;56,951;56,951;56,951;56,951;56,951;56,951;56,951;56,951;56,951;56,951
7210;57,119;57,119;57,119;57,119;57,119;57,119;57,119;57,119;57,119;57,119
7211;52,259;52,259;52,259;52,259;52,259;52,259;52,259;52,259;52,259;52,259
7212;42,623;42,623;42,623;42,623;42,623;42,623;42,623;42,623;42,623;42,623
7213;43,487;43,487;43,487;43,487;43,487;43,487;43,487;43,487;43,487;43,487
7214;41,327;41,327;41,327;41,327;41,327;41,327;41,327;41,327;41,327;41,327
7215;48,127;48,127;48,127;48,127;48,127;48,127;48,127;48,127;48,127;48,127
7216;55,167;55,167;55,167;55,167;55,167;55,167;55,167;55,167;55,167;55,167
7217;72,387;72,387;72,387;72,387;72,387;72,387;72,387;72,387;72,387;72,387
7218;80,067;80,067;80,067;80,067;80,067;80,067;80,067;80,067;80,067;80,067
7219;69,965;69,965;69,965;69,965;69,965;69,965;69,965;69,965;69,965;69,965
7220;51,829;51,829;51,829;51,829;51,829;51,829;51,829;51,829;51,829;51,829
7221;51,709;51,709;51,709;51,709;51,709;51,709;51,709;51,709;51,709;51,709
7222;41,381;41,381;41,381;41,381;41,381;41,381;41,381;41,381;41,381;41,381
7223;18,941;18,941;18,941;18,941;18,941;18,941;18,941;18,941;18,941;18,941
7224;18,941;18,941;18,941;18,941;18,941;18,941;18,941;18,941;18,941;18,941
7225;18,941;18,941;18,941;18,941;18,941;18,941;18,941;18,941;18,941;18,941
7226;17,101;17,101;17,101;17,101;17,101;17,101;17,101;17,101;17,101;17,101
7227;17,101;17,101;17,101;17,101;17,101;17,101;17,101;17,101;17,101;17,101
7228;41,381;41,381;41,381;41,381;41,381;41,381;41,381;41,381;41,381;41,381
7229;34,165;34,165;34,165;34,165;34,165;34,165;34,165;34,165;34,165;34,165
7230;51,465;51,465;51,465;51,465;51,465;51,465;51,465;51,465;51,465;51,465
7231;63,629;63,629;63,629;63,629;63,629;63,629;63,629;63,629;63,629;63,629
7232;52,661;52,661;52,661;52,661;52,661;52,661;52,661;52,661;52,661;52,661
7233;56,951;56,951;56,951;56,951;56,951;56,951;56,951;56,951;56,951;56,951
7234;57,119;57,119;57,119;57,119;57,119;57,119;57,119;57,119;57,119;57,119
7235;52,259;52,259;52,259;52,259;52,259;52,259;52,259;52,259;52,259;52,259
7236;42,623;42,623;42,623;42,623;42,623;42,623;42,623;42,623;42,623;42,623
7237;43,487;43,487;43,487;43,487;43,487;43,487;43,487;43,487;43,487;43,487
7238;41,327;41,327;41,327;41,327;41,327;41,327;41,327;41,327;41,327;41,327
7239;48,127;48,127;48,127;48,127;48,127;48,127;48,127;48,127;48,127;48,127
7240;55,167;55,167;55,167;55,167;55,167;55,167;55,167;55,167;55,167;55,167
7241;72,387;72,387;72,387;72,387;72,387;72,387;72,387;72,387;72,387;72,387
7242;80,067;80,067;80,067;80,067;80,067;80,067;80,067;80,067;80,067;80,067
7243;69,965;69,965;69,965;69,965;69,965;69,965;69,965;69,965;69,965;69,965
7244;51,829;51,829;51,829;51,829;51,829;51,829;51,829;51,829;51,829;51,829
7245;51,709;51,709;51,709;51,709;51,709;51,709;51,709;51,709;51,709;51,709
7246;41,381;41,381;41,381;41,381;41,381;41,381;41,381;41,381;41,381;41,381
7247;18,941;18,941;18,941;18,941;18,941;18,941;18,941;18,941;18,941;18,941
7248;18,941;18,941;18,941;18,941;18,941;18,941;18,941;18,941;18,941;18,941
7249;18,941;18,941;18,941;18,941;18,941;18,941;18,941;18,941;18,941;18,941
7250;17,101;17,101;17,101;17,101;17,101;17,101;17,101;17,101;17,101;17,101
7251;17,101;17,101;17,101;17,101;17,101;17,101;17,101;17,101;17,101;17,101
7252;41,381;41,381;41,381;41,381;41,381;41,381;41,381;41,381;41,381;41,381
7253;34,165;34,165;34,165;34,165;34,165;34,165;34,165;34,165;34,165;34,165
7254;51,465;51,465;51,465;51,465;51,465;51,465;51,465;51,465;51,465;51,465
7255;63,629;63,629;63,629;63,629;63,629;63,629;63,629;63,629;63,629;63,629
7256;52,661;52,661;52,661;52,661;52,661;52,661;52,661;52,661;52,661;52,661
7257;56,951;56,951;56,951;56,951;56,951;56,951;56,951;56,951;56,951;56,951
7258;57,119;57,119;57,119;57,119;57,119;57,119;57,119;57,119;57,119;57,119
7259;52,259;52,259;52,259;52,259;52,259;52,259;52,259;52,259;52,259;52,259
7260;42,623;42,623;42,623;42,623;42,623;42,623;42,623;42,623;42,623;42,623
7261;43,487;43,487;43,487;43,487;43,487;43,487;43,487;43,487;43,487;43,487
7262;41,327;41,327;41,327;41,327;41,327;41,327;41,327;41,327;41,327;41,327
7263;48,127;48,127;48,127;48,127;48,127;48,127;48,127;48,127;48,127;48,127
7264;55,167;55,167;55,167;55,167;55,167;55,167;55,167;55,167;55,167;55,167
7265;72,387;72,387;72,387;72,387;72,387;72,387;72,387;72,387;72,387;72,387
7266;80,067;80,067;80,067;80,067;80,067;80,067;80,067;80,067;80,067;80,067
7267;69,965;69,965;69,965;69,965;69,965;69,965;69,965;69,965;69,965;69,965
7268;51,829;51,829;51,829;51,829;51,829;51,829;51,829;51,829;51,829;51,829
7269;51,709;51,709;51,709;51,709;51,709;51,709;51,709;51,709;51,709;51,709
7270;41,381;41,381;41,381;41,381;41,381;41,381;41,381;41,381;41,381;41,381
7271;18,941;18,941;18,941;18,941;18,941;18,941;18,941;18,941;18,941;18,941
7272;18,941;18,941;18,941;18,941;18,941;18,941;18,941;18,941;18,941;18,941
7273;18,941;18,941;18,941;18,941;18,941;18,941;18,941;18,941;18,941;18,941
7274;17,101;17,101;17,101;17,101;17,101;17,101;17,101;17,101;17,101;17,101
7275;17,101;17,101;17,101;17,101;17,101;17,101;17,101;17,101;17,101;17,101
7276;41,381;41,381;41,381;41,381;41,381;41,381;41,381;41,381;41,381;41,381
7277;34,165;34,165;34,165;34,165;34,165;34,165;34,165;34,165;34,165;34,165
7278;51,465;51,465;51,465;51,465;51,465;51,465;51,465;51,465;51,465;51,465
7279;63,629;63,629;63,629;63,629;63,629;63,629;63,629;63,629;63,629;63,629
7280;52,661;52,661;52,661;52,661;52,661;52,661;52,661;52,661;52,661;52,661
7281;56,951;56,951;56,951;56,951;56,951;56,951;56,951;56,951;56,951;56,951
7282;57,119;57,119;57,119;57,119;57,119;57,119;57,119;57,119;57,119;57,119
7283;52,259;52,259;52,259;52,259;52,259;52,259;52,259;52,259;52,259;52,259
7284;42,623;42,623;42,623;42,623;42,623;42,623;42,623;42,623;42,623;42,623
7285;43,487;43,487;43,487;43,487;43,487;43,487;43,487;43,487;43,487;43,487
7286;41,327;41,327;41,327;41,327;41,327;41,327;41,327;41,327;41,327;41,327
7287;48,127;48,127;48,127;48,127;48,127;48,127;48,127;48,127;48,127;48,127
7288;55,167;55,167;55,167;55,167;55,167;55,167;55,167;55,167;55,167;55,167
7289;72,387;72,387;72,387;72,387;72,387;72,387;72,387;72,387;72,387;72,387
7290;80,067;80,067;80,067;80,067;80,067;80,067;80,067;80,067;80,067;80,067
7291;69,965;69,965;69,965;69,965;69,965;69,965;69,965;69,965;69,965;69,965
7292;51,829;51,829;51,829;51,829;51,829;51,829;51,829;51,829;51,829;51,829
7293;51,709;51,709;51,709;51,709;51,709;51,709;51,709;51,709;51,709;51,709
7294;41,381;41,381;41,381;41,381;41,381;41,381;41,381;41,381;41,381;41,381
7295;18,941;18,941;18,941;18,941;18,941;18,941;18,941;18,941;18,941;18,941
7296;18,941;18,941;18,941;18,941;18,941;18,941;18,941;18,941;18,941;18,941
7297;18,941;18,941;18,941;18,941;18,941;18,941;18,941;18,941;18,941;18,941
7298;17,101;17,101;17,101;17,101;17,101;17,101;17,101;17,101;17,101;17,101
7299;17,101;17,101;17,101;17,101;17,101;17,101;17,101;17,101;17,101;17,101
7300;41,381;41,381;41,381;41,381;41,381;41,381;41,381;41,381;41,381;41,381
7301;34,165;34,165;34,165;34,165;34,165;34,165;34,165;34,165;34,165;34,165
7302;51,465;51,465;51,465;51,465;51,465;51,465;51,465;51,465;51,465;51,465
7303;63,629;63,629;63,629;63,629;63,629;63,629;63,629;63,629;63,629;63,629
7304;52,661;52,661;52,661;52,661;52,661;52,661;52,661;52,661;52,661;52,661
7305;56,951;56,951;56,951;56,951;56,951;56,951;56,951;56,951;56,951;56,951
7306;57,119;57,119;57,119;57,119;57,119;57,119;57,119;57,119;57,119;57,119
7307;52,259;52,259;52,259;52,259;52,259;52,259;52,259;52,259;52,259;52,259
7308;42,623;42,623;42,623;42,623;42,623;42,623;42,623;42,623;42,623;42,623
7309;43,487;43,487;43,487;43,487;43,487;43,487;43,487;43,487;43,487;43,487
7310;41,327;41,327;41,327;41,327;41,327;41,327;41,327;41,327;41,327;41,327
7311;48,127;48,127;48,127;48,127;48,127;48,127;48,127;48,127;48,127;48,127
7312;55,167;55,167;55,167;55,167;55,167;55,167;55,167;55,167;55,167;55,167
7313;72,387;72,387;72,387;72,387;72,387;72,387;72,387;72,387;72,387;72,387
7314;80,067;80,067;80,067;80,067;80,067;80,067;80,067;80,067;80,067;80,067
7315;69,965;69,965;69,965;69,965;69,965;69,965;69,965;69,965;69,965;69,965
7316;51,829;51,829;51,829;51,829;51,829;51,829;51,829;51,829;51,829;51,829
7317;51,709;51,709;51,709;51,709;51,709;51,709;51,709;51,709;51,709;51,709
7318;41,381;41,381;41,381;41,381;41,381;41,381;41,381;41,381;41,381;41,381
7319;18,941;18,941;18,941;18,941;18,941;18,941;18,941;18,941;18,941;18,941
7320;18,941;18,941;18,941;18,941;18,941;18,941;18,941;18,941;18,941;18,941
7321;18,941;18,941;18,941;18,941;18,941;18,941;18,941;18,941;18,941;18,941
7322;17,101;17,101;17,101;17,101;17,101;17,101;17,101;17,101;17,101;17,101
7323;17,101;17,101;17,101;17,101;17,101;17,101;17,101;17,101;17,101;17,101
7324;41,381;41,381;41,381;41,381;41,381;41,381;41,381;41,381;41,381;41,381
7325;34,165;34,165;34,165;34,165;34,165;34,165;34,165;34,165;34,165;34,165
7326;51,465;51,465;51,465;51,465;51,465;51,465;51,465;51,465;51,465;51,465
7327;63,629;63,629;63,629;63,629;63,629;63,629;63,629;63,629;63,629;63,629
7328;52,661;52,661;52,661;52,661;52,661;52,661;52,661;52,661;52,661;52,661
7329;56,951;56,951;56,951;56,951;56,951;56,951;56,951;56,951;56,951;56,951
7330;57,119;57,119;57,119;57,119;57,119;57,119;57,119;57,119;57,119;57,119
7331;52,259;52,259;52,259;52,259;52,259;52,259;52,259;52,259;52,259;52,259
7332;42,623;42,623;42,623;42,623;42,623;42,623;42,623;42,623;42,623;42,623
7333;43,487;43,487;43,487;43,487;43,487;43,487;43,487;43,487;43,487;43,487
7334;41,327;41,327;41,327;41,327;41,327;41,327;41,327;41,327;41,327;41,327
7335;48,127;48,127;48,127;48,127;48,127;48,127;48,127;48,127;48,127;48,127
7336;55,167;55,167;55,167;55,167;55,167;55,167;55,167;55,167;55,167;55,167
7337;72,387;72,387;72,387;72,387;72,387;72,387;72,387;72,387;72,387;72,387
7338;80,067;80,067;80,067;80,067;80,067;80,067;80,067;80,067;80,067;80,067
7339;69,965;69,965;69,965;69,965;69,965;69,965;69,965;69,965;69,965;69,965
7340;51,829;51,829;51,829;51,829;51,829;51,829;51,829;51,829;51,829;51,829
7341;51,709;51,709;51,709;51,709;51,709;51,709;51,709;51,709;51,709;51,709
7342;41,381;41,381;41,381;41,381;41,381;41,381;41,381;41,381;41,381;41,381
7343;18,941;18,941;18,941;18,941;18,941;18,941;18,941;18,941;18,941;18,941
7344;18,941;18,941;18,941;18,941;18,941;18,941;18,941;18,941;18,941;18,941
7345;18,941;18,941;18,941;18,941;18,941;18,941;18,941;18,941;18,941;18,941
7346;17,101;17,101;17,101;17,101;17,101;17,101;17,101;17,101;17,101;17,101
7347;17,101;17,101;17,101;17,101;17,101;17,101;17,101;17,101;17,101;17,101
7348;41,381;41,381;41,381;41,381;41,381;41,381;41,381;41,381;41,381;41,381
7349;34,165;34,165;34,165;34,165;34,165;34,165;34,165;34,165;34,165;34,165
7350;51,465;51,465;51,465;51,465;51,465;51,465;51,465;51,465;51,465;51,465
7351;63,629;63,629;63,629;63,629;63,629;63,629;63,629;63,629;63,629;63,629
7352;52,661;52,661;52,661;52,661;52,661;52,661;52,661;52,661;52,661;52,661
7353;56,951;56,951;56,951;56,951;56,951;56,951;56,951;56,951;56,951;56,951
7354;57,119;57,119;57,119;57,119;57,119;57,119;57,119;57,119;57,119;57,119
7355;52,259;52,259;52,259;52,259;52,259;52,259;52,259;52,259;52,259;52,259
7356;42,623;42,623;42,623;42,623;42,623;42,623;42,623;42,623;42,623;42,623
7357;43,487;43,487;43,487;43,487;43,487;43,487;43,487;43,487;43,487;43,487
7358;41,327;41,327;41,327;41,327;41,327;41,327;41,327;41,327;41,327;41,327
7359;48,127;48,127;48,127;48,127;48,127;48,127;48,127;48,127;48,127;48,127
7360;55,167;55,167;55,167;55,167;55,167;55,167;55,167;55,167;55,167;55,167
7361;72,387;72,387;72,387;72,387;72,387;72,387;72,387;72,387;72,387;72,387
7362;80,067;80,067;80,067;80,067;80,067;80,067;80,067;80,067;80,067;80,067
7363;69,965;69,965;69,965;69,965;69,965;69,965;69,965;69,965;69,965;69,965
7364;51,829;51,829;51,829;51,829;51,829;51,829;51,829;51,829;51,829;51,829
7365;51,709;51,709;51,709;51,709;51,709;51,709;51,709;51,709;51,709;51,709
7366;41,381;41,381;41,381;41,381;41,381;41,381;41,381;41,381;41,381;41,381
7367;18,941;18,941;18,941;18,941;18,941;18,941;18,941;18,941;18,941;18,941
7368;18,941;18,941;18,941;18,941;18,941;18,941;18,941;18,941;18,941;18,941
7369;18,941;18,941;18,941;18,941;18,941;18,941;18,941;18,941;18,941;18,941
7370;17,101;17,101;17,101;17,101;17,101;17,101;17,101;17,101;17,101;17,101
7371;17,101;17,101;17,101;17,101;17,101;17,101;17,101;17,101;17,101;17,101
7372;41,381;41,381;41,381;41,381;41,381;41,381;41,381;41,381;41,381;41,381
7373;34,165;34,165;34,165;34,165;34,165;34,165;34,165;34,165;34,165;34,165
7374;51,465;51,465;51,465;51,465;51,465;51,465;51,465;51,465;51,465;51,465
7375;63,629;63,629;63,629;63,629;63,629;63,629;63,629;63,629;63,629;63,629
7376;52,661;52,661;52,661;52,661;52,661;52,661;52,661;52,661;52,661;52,661
7377;56,951;56,951;56,951;56,951;56,951;56,951;56,951;56,951;56,951;56,951
7378;57,119;57,119;57,119;57,119;57,119;57,119;57,119;57,119;57,119;57,119
7379;52,259;52,259;52,259;52,259;52,259;52,259;52,259;52,259;52,259;52,259
7380;42,623;42,623;42,623;42,623;42,623;42,623;42,623;42,623;42,623;42,623
7381;43,487;43,487;43,487;43,487;43,487;43,487;43,487;43,487;43,487;43,487
7382;41,327;41,327;41,327;41,327;41,327;41,327;41,327;41,327;41,327;41,327
7383;48,127;48,127;48,127;48,127;48,127;48,127;48,127;48,127;48,127;48,127
7384;55,167;55,167;55,167;55,167;55,167;55,167;55,167;55,167;55,167;55,167
7385;72,387;72,387;72,387;72,387;72,387;72,387;72,387;72,387;72,387;72,387
7386;80,067;80,067;80,067;80,067;80,067;80,067;80,067;80,067;80,067;80,067
7387;69,965;69,965;69,965;69,965;69,965;69,965;69,965;69,965;69,965;69,965
7388;51,829;51,829;51,829;51,829;51,829;51,829;51,829;51,829;51,829;51,829
7389;51,709;51,709;51,709;51,709;51,709;51,709;51,709;51,709;51,709;51,709
7390;41,381;41,381;41,381;41,381;41,381;41,381;41,381;41,381;41,381;41,381
7391;18,941;18,941;18,941;18,941;18,941;18,941;18,941;18,941;18,941;18,941
7392;18,941;18,941;18,941;18,941;18,941;18,941;18,941;18,941;18,941;18,941
7393;18,941;18,941;18,941;18,941;18,941;18,941;18,941;18,941;18,941;18,941
7394;17,101;17,101;17,101;17,101;17,101;17,101;17,101;17,101;17,101;17,101
7395;17,101;17,101;17,101;17,101;17,101;17,101;17,101;17,101;17,101;17,101
7396;41,381;41,381;41,381;41,381;41,381;41,381;41,381;41,381;41,381;41,381
7397;34,165;34,165;34,165;34,165;34,165;34,165;34,165;34,165;34,165;34,165
7398;51,465;51,465;51,465;51,465;51,465;51,465;51,465;51,465;51,465;51,465
7399;63,629;63,629;63,629;63,629;63,629;63,629;63,629;63,629;63,629;63,629
7400;52,661;52,661;52,661;52,661;52,661;52,661;52,661;52,661;52,661;52,661
7401;56,951;56,951;56,951;56,951;56,951;56,951;56,951;56,951;56,951;56,951
7402;57,119;57,119;57,119;57,119;57,119;57,119;57,119;57,119;57,119;57,119
7403;52,259;52,259;52,259;52,259;52,259;52,259;52,259;52,259;52,259;52,259
7404;42,623;42,623;42,623;42,623;42,623;42,623;42,623;42,623;42,623;42,623
7405;43,487;43,487;43,487;43,487;43,487;43,487;43,487;43,487;43,487;43,487
7406;41,327;41,327;41,327;41,327;41,327;41,327;41,327;41,327;41,327;41,327
7407;48,127;48,127;48,127;48,127;48,127;48,127;48,127;48,127;48,127;48,127
7408;55,167;55,167;55,167;55,167;55,167;55,167;55,167;55,167;55,167;55,167
7409;72,387;72,387;72,387;72,387;72,387;72,387;72,387;72,387;72,387;72,387
7410;80,067;80,067;80,067;80,067;80,067;80,067;80,067;80,067;80,067;80,067
7411;69,965;69,965;69,965;69,965;69,965;69,965;69,965;69,965;69,965;69,965
7412;51,829;51,829;51,829;51,829;51,829;51,829;51,829;51,829;51,829;51,829
7413;51,709;51,709;51,709;51,709;51,709;51,709;51,709;51,709;51,709;51,709
7414;41,381;41,381;41,381;41,381;41,381;41,381;41,381;41,381;41,381;41,381
7415;18,941;18,941;18,941;18,941;18,941;18,941;18,941;18,941;18,941;18,941
7416;18,941;18,941;18,941;18,941;18,941;18,941;18,941;18,941;18,941;18,941
7417;18,941;18,941;18,941;18,941;18,941;18,941;18,941;18,941;18,941;18,941
7418;17,101;17,101;17,101;17,101;17,101;17,101;17,101;17,101;17,101;17,101
7419;17,101;17,101;17,101;17,101;17,101;17,101;17,101;17,101;17,101;17,101
7420;41,381;41,381;41,381;41,381;41,381;41,381;41,381;41,381;41,381;41,381
7421;34,165;34,165;34,165;34,165;34,165;34,165;34,165;34,165;34,165;34,165
7422;51,465;51,465;51,465;51,465;51,465;51,465;51,465;51,465;51,465;51,465
7423;63,629;63,629;63,629;63,629;63,629;63,629;63,629;63,629;63,629;63,629
7424;52,661;52,661;52,661;52,661;52,661;52,661;52,661;52,661;52,661;52,661
7425;56,951;56,951;56,951;56,951;56,951;56,951;56,951;56,951;56,951;56,951
7426;57,119;57,119;57,119;57,119;57,119;57,119;57,119;57,119;57,119;57,119
7427;52,259;52,259;52,259;52,259;52,259;52,259;52,259;52,259;52,259;52,259
7428;42,623;42,623;42,623;42,623;42,623;42,623;42,623;42,623;42,623;42,623
7429;43,487;43,487;43,487;43,487;43,487;43,487;43,487;43,487;43,487;43,487
7430;41,327;41,327;41,327;41,327;41,327;41,327;41,327;41,327;41,327;41,327
7431;48,127;48,127;48,127;48,127;48,127;48,127;48,127;48,127;48,127;48,127
7432;55,167;55,167;55,167;55,167;55,167;55,167;55,167;55,167;55,167;55,167
7433;72,387;72,387;72,387;72,387;72,387;72,387;72,387;72,387;72,387;72,387
7434;80,067;80,067;80,067;80,067;80,067;80,067;80,067;80,067;80,067;80,067
7435;69,965;69,965;69,965;69,965;69,965;69,965;69,965;69,965;69,965;69,965
7436;51,829;51,829;51,829;51,829;51,829;51,829;51,829;51,829;51,829;51,829
7437;51,709;51,709;51,709;51,709;51,709;51,709;51,709;51,709;51,709;51,709
7438;41,381;41,381;41,381;41,381;41,381;41,381;41,381;41,381;41,381;41,381
7439;18,941;18,941;18,941;18,941;18,941;18,941;18,941;18,941;18,941;18,941
7440;18,941;18,941;18,941;18,941;18,941;18,941;18,941;18,941;18,941;18,941
7441;18,941;18,941;18,941;18,941;18,941;18,941;18,941;18,941;18,941;18,941
7442;17,101;17,101;17,101;17,101;17,101;17,101;17,101;17,101;17,101;17,101
7443;17,101;17,101;17,101;17,101;17,101;17,101;17,101;17,101;17,101;17,101
7444;41,381;41,381;41,381;41,381;41,381;41,381;41,381;41,381;41,381;41,381
7445;34,165;34,165;34,165;34,165;34,165;34,165;34,165;34,165;34,165;34,165
7446;51,465;51,465;51,465;51,465;51,465;51,465;51,465;51,465;51,465;51,465
7447;63,629;63,629;63,629;63,629;63,629;63,629;63,629;63,629;63,629;63,629
7448;52,661;52,661;52,661;52,661;52,661;52,661;52,661;52,661;52,661;52,661
7449;56,951;56,951;56,951;56,951;56,951;56,951;56,951;56,951;56,951;56,951
7450;57,119;57,119;57,119;57,119;57,119;57,119;57,119;57,119;57,119;57,119
7451;52,259;52,259;52,259;52,259;52,259;52,259;52,259;52,259;52,259;52,259
7452;42,623;42,623;42,623;42,623;42,623;42,623;42,623;42,623;42,623;42,623
7453;43,487;43,487;43,487;43,487;43,487;43,487;43,487;43,487;43,487;43,487
7454;41,327;41,327;41,327;41,327;41,327;41,327;41,327;41,327;41,327;41,327
7455;48,127;48,127;48,127;48,127;48,127;48,127;48,127;48,127;48,127;48,127
7456;55,167;55,167;55,167;55,167;55,167;55,167;55,167;55,167;55,167;55,167
7457;72,387;72,387;72,387;72,387;72,387;72,387;72,387;72,387;72,387;72,387
7458;80,067;80,067;80,067;80,067;80,067;80,067;80,067;80,067;80,067;80,067
7459;69,965;69,965;69,965;69,965;69,965;69,965;69,965;69,965;69,965;69,965
7460;51,829;51,829;51,829;51,829;51,829;51,829;51,829;51,829;51,829;51,829
7461;51,709;51,709;51,709;51,709;51,709;51,709;51,709;51,709;51,709;51,709
7462;41,381;41,381;41,381;41,381;41,381;41,381;41,381;41,381;41,381;41,381
7463;18,941;18,941;18,941;18,941;18,941;18,941;18,941;18,941;18,941;18,941
7464;18,941;18,941;18,941;18,941;18,941;18,941;18,941;18,941;18,941;18,941
7465;18,941;18,941;18,941;18,941;18,941;18,941;18,941;18,941;18,941;18,941
7466;17,101;17,101;17,101;17,101;17,101;17,101;17,101;17,101;17,101;17,101
7467;17,101;17,101;17,101;17,101;17,101;17,101;17,101;17,101;17,101;17,101
7468;41,381;41,381;41,381;41,381;41,381;41,381;41,381;41,381;41,381;41,381
7469;34,165;34,165;34,165;34,165;34,165;34,165;34,165;34,165;34,165;34,165
7470;51,465;51,465;51,465;51,465;51,465;51,465;51,465;51,465;51,465;51,465
7471;63,629;63,629;63,629;63,629;63,629;63,629;63,629;63,629;63,629;63,629
7472;52,661;52,661;52,661;52,661;52,661;52,661;52,661;52,661;52,661;52,661
7473;56,951;56,951;56,951;56,951;56,951;56,951;56,951;56,951;56,951;56,951
7474;57,119;57,119;57,119;57,119;57,119;57,119;57,119;57,119;57,119;57,119
7475;52,259;52,259;52,259;52,259;52,259;52,259;52,259;52,259;52,259;52,259
7476;42,623;42,623;42,623;42,623;42,623;42,623;42,623;42,623;42,623;42,623
7477;43,487;43,487;43,487;43,487;43,487;43,487;43,487;43,487;43,487;43,487
7478;41,327;41,327;41,327;41,327;41,327;41,327;41,327;41,327;41,327;41,327
7479;48,127;48,127;48,127;48,127;48,127;48,127;48,127;48,127;48,127;48,127
7480;55,167;55,167;55,167;55,167;55,167;55,167;55,167;55,167;55,167;55,167
7481;72,387;72,387;72,387;72,387;72,387;72,387;72,387;72,387;72,387;72,387
7482;80,067;80,067;80,067;80,067;80,067;80,067;80,067;80,067;80,067;80,067
7483;69,965;69,965;69,965;69,965;69,965;69,965;69,965;69,965;69,965;69,965
7484;51,829;51,829;51,829;51,829;51,829;51,829;51,829;51,829;51,829;51,829
7485;51,709;51,709;51,709;51,709;51,709;51,709;51,709;51,709;51,709;51,709
7486;41,381;41,381;41,381;41,381;41,381;41,381;41,381;41,381;41,381;41,381
7487;18,941;18,941;18,941;18,941;18,941;18,941;18,941;18,941;18,941;18,941
7488;18,941;18,941;18,941;18,941;18,941;18,941;18,941;18,941;18,941;18,941
7489;18,941;18,941;18,941;18,941;18,941;18,941;18,941;18,941;18,941;18,941
7490;17,101;17,101;17,101;17,101;17,101;17,101;17,101;17,101;17,101;17,101
7491;17,101;17,101;17,101;17,101;17,101;17,101;17,101;17,101;17,101;17,101
7492;41,381;41,381;41,381;41,381;41,381;41,381;41,381;41,381;41,381;41,381
7493;34,165;34,165;34,165;34,165;34,165;34,165;34,165;34,165;34,165;34,165
7494;51,465;51,465;51,465;51,465;51,465;51,465;51,465;51,465;51,465;51,465
7495;63,629;63,629;63,629;63,629;63,629;63,629;63,629;63,629;63,629;63,629
7496;52,661;52,661;52,661;52,661;52,661;52,661;52,661;52,661;52,661;52,661
7497;56,951;56,951;56,951;56,951;56,951;56,951;56,951;56,951;56,951;56,951
7498;57,119;57,119;57,119;57,119;57,119;57,119;57,119;57,119;57,119;57,119
7499;52,259;52,259;52,259;52,259;52,259;52,259;52,259;52,259;52,259;52,259
7500;42,623;42,623;42,623;42,623;42,623;42,623;42,623;42,623;42,623;42,623
7501;43,487;43,487;43,487;43,487;43,487;43,487;43,487;43,487;43,487;43,487
7502;41,327;41,327;41,327;41,327;41,327;41,327;41,327;41,327;41,327;41,327
7503;48,127;48,127;48,127;48,127;48,127;48,127;48,127;48,127;48,127;48,127
7504;55,167;55,167;55,167;55,167;55,167;55,167;55,167;55,167;55,167;55,167
7505;72,387;72,387;72,387;72,387;72,387;72,387;72,387;72,387;72,387;72,387
7506;80,067;80,067;80,067;80,067;80,067;80,067;80,067;80,067;80,067;80,067
7507;69,965;69,965;69,965;69,965;69,965;69,965;69,965;69,965;69,965;69,965
7508;51,829;51,829;51,829;51,829;51,829;51,829;51,829;51,829;51,829;51,829
7509;51,709;51,709;51,709;51,709;51,709;51,709;51,709;51,709;51,709;51,709
7510;41,381;41,381;41,381;41,381;41,381;41,381;41,381;41,381;41,381;41,381
7511;18,941;18,941;18,941;18,941;18,941;18,941;18,941;18,941;18,941;18,941
7512;18,941;18,941;18,941;18,941;18,941;18,941;18,941;18,941;18,941;18,941
7513;18,941;18,941;18,941;18,941;18,941;18,941;18,941;18,941;18,941;18,941
7514;17,101;17,101;17,101;17,101;17,101;17,101;17,101;17,101;17,101;17,101
7515;17,101;17,101;17,101;17,101;17,101;17,101;17,101;17,101;17,101;17,101
7516;41,381;41,381;41,381;41,381;41,381;41,381;41,381;41,381;41,381;41,381
7517;34,165;34,165;34,165;34,165;34,165;34,165;34,165;34,165;34,165;34,165
7518;51,465;51,465;51,465;51,465;51,465;51,465;51,465;51,465;51,465;51,465
7519;63,629;63,629;63,629;63,629;63,629;63,629;63,629;63,629;63,629;63,629
7520;52,661;52,661;52,661;52,661;52,661;52,661;52,661;52,661;52,661;52,661
7521;56,951;56,951;56,951;56,951;56,951;56,951;56,951;56,951;56,951;56,951
7522;57,119;57,119;57,119;57,119;57,119;57,119;57,119;57,119;57,119;57,119
7523;52,259;52,259;52,259;52,259;52,259;52,259;52,259;52,259;52,259;52,259
7524;42,623;42,623;42,623;42,623;42,623;42,623;42,623;42,623;42,623;42,623
7525;43,487;43,487;43,487;43,487;43,487;43,487;43,487;43,487;43,487;43,487
7526;41,327;41,327;41,327;41,327;41,327;41,327;41,327;41,327;41,327;41,327
7527;48,127;48,127;48,127;48,127;48,127;48,127;48,127;48,127;48,127;48,127
7528;55,167;55,167;55,167;55,167;55,167;55,167;55,167;55,167;55,167;55,167
7529;72,387;72,387;72,387;72,387;72,387;72,387;72,387;72,387;72,387;72,387
7530;80,067;80,067;80,067;80,067;80,067;80,067;80,067;80,067;80,067;80,067
7531;69,965;69,965;69,965;69,965;69,965;69,965;69,965;69,965;69,965;69,965
7532;51,829;51,829;51,829;51,829;51,829;51,829;51,829;51,829;51,829;51,829
7533;51,709;51,709;51,709;51,709;51,709;51,709;51,709;51,709;51,709;51,709
7534;41,381;41,381;41,381;41,381;41,381;41,381;41,381;41,381;41,381;41,381
7535;18,941;18,941;18,941;18,941;18,941;18,941;18,941;18,941;18,941;18,941
7536;18,941;18,941;18,941;18,941;18,941;18,941;18,941;18,941;18,941;18,941
7537;18,941;18,941;18,941;18,941;18,941;18,941;18,941;18,941;18,941;18,941
7538;17,101;17,101;17,101;17,101;17,101;17,101;17,101;17,101;17,101;17,101
7539;17,101;17,101;17,101;17,101;17,101;17,101;17,101;17,101;17,101;17,101
7540;41,381;41,381;41,381;41,381;41,381;41,381;41,381;41,381;41,381;41,381
7541;34,165;34,165;34,165;34,165;34,165;34,165;34,165;34,165;34,165;34,165
7542;51,465;51,465;51,465;51,465;51,465;51,465;51,465;51,465;51,465;51,465
7543;63,629;63,629;63,629;63,629;63,629;63,629;63,629;63,629;63,629;63,629
7544;52,661;52,661;52,661;52,661;52,661;52,661;52,661;52,661;52,661;52,661
7545;56,951;56,951;56,951;56,951;56,951;56,951;56,951;56,951;56,951;56,951
7546;57,119;57,119;57,119;57,119;57,119;57,119;57,119;57,119;57,119;57,119
7547;52,259;52,259;52,259;52,259;52,259;52,259;52,259;52,259;52,259;52,259
7548;42,623;42,623;42,623;42,623;42,623;42,623;42,623;42,623;42,623;42,623
7549;43,487;43,487;43,487;43,487;43,487;43,487;43,487;43,487;43,487;43,487
7550;41,327;41,327;41,327;41,327;41,327;41,327;41,327;41,327;41,327;41,327
7551;48,127;48,127;48,127;48,127;48,127;48,127;48,127;48,127;48,127;48,127
7552;55,167;55,167;55,167;55,167;55,167;55,167;55,167;55,167;55,167;55,167
7553;72,387;72,387;72,387;72,387;72,387;72,387;72,387;72,387;72,387;72,387
7554;80,067;80,067;80,067;80,067;80,067;80,067;80,067;80,067;80,067;80,067
7555;69,965;69,965;69,965;69,965;69,965;69,965;69,965;69,965;69,965;69,965
7556;51,829;51,829;51,829;51,829;51,829;51,829;51,829;51,829;51,829;51,829
7557;51,709;51,709;51,709;51,709;51,709;51,709;51,709;51,709;51,709;51,709
7558;41,381;41,381;41,381;41,381;41,381;41,381;41,381;41,381;41,381;41,381
7559;18,941;18,941;18,941;18,941;18,941;18,941;18,941;18,941;18,941;18,941
7560;18,941;18,941;18,941;18,941;18,941;18,941;18,941;18,941;18,941;18,941
7561;18,941;18,941;18,941;18,941;18,941;18,941;18,941;18,941;18,941;18,941
7562;17,101;17,101;17,101;17,101;17,101;17,101;17,101;17,101;17,101;17,101
7563;17,101;17,101;17,101;17,101;17,101;17,101;17,101;17,101;17,101;17,101
7564;41,381;41,381;41,381;41,381;41,381;41,381;41,381;41,381;41,381;41,381
7565;34,165;34,165;34,165;34,165;34,165;34,165;34,165;34,165;34,165;34,165
7566;51,465;51,465;51,465;51,465;51,465;51,465;51,465;51,465;51,465;51,465
7567;63,629;63,629;63,629;63,629;63,629;63,629;63,629;63,629;63,629;63,629
7568;52,661;52,661;52,661;52,661;52,661;52,661;52,661;52,661;52,661;52,661
7569;56,951;56,951;56,951;56,951;56,951;56,951;56,951;56,951;56,951;56,951
7570;57,119;57,119;57,119;57,119;57,119;57,119;57,119;57,119;57,119;57,119
7571;52,259;52,259;52,259;52,259;52,259;52,259;52,259;52,259;52,259;52,259
7572;42,623;42,623;42,623;42,623;42,623;42,623;42,623;42,623;42,623;42,623
7573;43,487;43,487;43,487;43,487;43,487;43,487;43,487;43,487;43,487;43,487
7574;41,327;41,327;41,327;41,327;41,327;41,327;41,327;41,327;41,327;41,327
7575;48,127;48,127;48,127;48,127;48,127;48,127;48,127;48,127;48,127;48,127
7576;55,167;55,167;55,167;55,167;55,167;55,167;55,167;55,167;55,167;55,167
7577;72,387;72,387;72,387;72,387;72,387;72,387;72,387;72,387;72,387;72,387
7578;80,067;80,067;80,067;80,067;80,067;80,067;80,067;80,067;80,067;80,067
7579;69,965;69,965;69,965;69,965;69,965;69,965;69,965;69,965;69,965;69,965
7580;51,829;51,829;51,829;51,829;51,829;51,829;51,829;51,829;51,829;51,829
7581;51,709;51,709;51,709;51,709;51,709;51,709;51,709;51,709;51,709;51,709
7582;41,381;41,381;41,381;41,381;41,381;41,381;41,381;41,381;41,381;41,381
7583;18,941;18,941;18,941;18,941;18,941;18,941;18,941;18,941;18,941;18,941
7584;18,941;18,941;18,941;18,941;18,941;18,941;18,941;18,941;18,941;18,941
7585;18,941;18,941;18,941;18,941;18,941;18,941;18,941;18,941;18,941;18,941
7586;17,101;17,101;17,101;17,101;17,101;17,101;17,101;17,101;17,101;17,101
7587;17,101;17,101;17,101;17,101;17,101;17,101;17,101;17,101;17,101;17,101
7588;41,381;41,381;41,381;41,381;41,381;41,381;41,381;41,381;41,381;41,381
7589;34,165;34,165;34,165;34,165;34,165;34,165;34,165;34,165;34,165;34,165
7590;51,465;51,465;51,465;51,465;51,465;51,465;51,465;51,465;51,465;51,465
7591;63,629;63,629;63,629;63,629;63,629;63,629;63,629;63,629;63,629;63,629
7592;52,661;52,661;52,661;52,661;52,661;52,661;52,661;52,661;52,661;52,661
7593;56,951;56,951;56,951;56,951;56,951;56,951;56,951;56,951;56,951;56,951
7594;57,119;57,119;57,119;57,119;57,119;57,119;57,119;57,119;57,119;57,119
7595;52,259;52,259;52,259;52,259;52,259;52,259;52,259;52,259;52,259;52,259
7596;42,623;42,623;42,623;42,623;42,623;42,623;42,623;42,623;42,623;42,623
7597;43,487;43,487;43,487;43,487;43,487;43,487;43,487;43,487;43,487;43,487
7598;41,327;41,327;41,327;41,327;41,327;41,327;41,327;41,327;41,327;41,327
7599;48,127;48,127;48,127;48,127;48,127;48,127;48,127;48,127;48,127;48,127
7600;55,167;55,167;55,167;55,167;55,167;55,167;55,167;55,167;55,167;55,167
7601;72,387;72,387;72,387;72,387;72,387;72,387;72,387;72,387;72,387;72,387
7602;80,067;80,067;80,067;80,067;80,067;80,067;80,067;80,067;80,067;80,067
7603;69,965;69,965;69,965;69,965;69,965;69,965;69,965;69,965;69,965;69,965
7604;51,829;51,829;51,829;51,829;51,829;51,829;51,829;51,829;51,829;51,829
7605;51,709;51,709;51,709;51,709;51,709;51,709;51,709;51,709;51,709;51,709
7606;41,381;41,381;41,381;41,381;41,381;41,381;41,381;41,381;41,381;41,381
7607;18,941;18,941;18,941;18,941;18,941;18,941;18,941;18,941;18,941;18,941
7608;18,941;18,941;18,941;18,941;18,941;18,941;18,941;18,941;18,941;18,941
7609;18,941;18,941;18,941;18,941;18,941;18,941;18,941;18,941;18,941;18,941
7610;17,101;17,101;17,101;17,101;17,101;17,101;17,101;17,101;17,101;17,101
7611;17,101;17,101;17,101;17,101;17,101;17,101;17,101;17,101;17,101;17,101
7612;41,381;41,381;41,381;41,381;41,381;41,381;41,381;41,381;41,381;41,381
7613;34,165;34,165;34,165;34,165;34,165;34,165;34,165;34,165;34,165;34,165
7614;51,465;51,465;51,465;51,465;51,465;51,465;51,465;51,465;51,465;51,465
7615;63,629;63,629;63,629;63,629;63,629;63,629;63,629;63,629;63,629;63,629
7616;52,661;52,661;52,661;52,661;52,661;52,661;52,661;52,661;52,661;52,661
7617;56,951;56,951;56,951;56,951;56,951;56,951;56,951;56,951;56,951;56,951
7618;57,119;57,119;57,119;57,119;57,119;57,119;57,119;57,119;57,119;57,119
7619;52,259;52,259;52,259;52,259;52,259;52,259;52,259;52,259;52,259;52,259
7620;42,623;42,623;42,623;42,623;42,623;42,623;42,623;42,623;42,623;42,623
7621;43,487;43,487;43,487;43,487;43,487;43,487;43,487;43,487;43,487;43,487
7622;41,327;41,327;41,327;41,327;41,327;41,327;41,327;41,327;41,327;41,327
7623;48,127;48,127;48,127;48,127;48,127;48,127;48,127;48,127;48,127;48,127
7624;55,167;55,167;55,167;55,167;55,167;55,167;55,167;55,167;55,167;55,167
7625;72,387;72,387;72,387;72,387;72,387;72,387;72,387;72,387;72,387;72,387
7626;80,067;80,067;80,067;80,067;80,067;80,067;80,067;80,067;80,067;80,067
7627;69,965;69,965;69,965;69,965;69,965;69,965;69,965;69,965;69,965;69,965
7628;51,829;51,829;51,829;51,829;51,829;51,829;51,829;51,829;51,829;51,829
7629;51,709;51,709;51,709;51,709;51,709;51,709;51,709;51,709;51,709;51,709
7630;41,381;41,381;41,381;41,381;41,381;41,381;41,381;41,381;41,381;41,381
7631;18,941;18,941;18,941;18,941;18,941;18,941;18,941;18,941;18,941;18,941
7632;18,941;18,941;18,941;18,941;18,941;18,941;18,941;18,941;18,941;18,941
7633;18,941;18,941;18,941;18,941;18,941;18,941;18,941;18,941;18,941;18,941
7634;17,101;17,101;17,101;17,101;17,101;17,101;17,101;17,101;17,101;17,101
7635;17,101;17,101;17,101;17,101;17,101;17,101;17,101;17,101;17,101;17,101
7636;41,381;41,381;41,381;41,381;41,381;41,381;41,381;41,381;41,381;41,381
7637;34,165;34,165;34,165;34,165;34,165;34,165;34,165;34,165;34,165;34,165
7638;51,465;51,465;51,465;51,465;51,465;51,465;51,465;51,465;51,465;51,465
7639;63,629;63,629;63,629;63,629;63,629;63,629;63,629;63,629;63,629;63,629
7640;52,661;52,661;52,661;52,661;52,661;52,661;52,661;52,661;52,661;52,661
7641;56,951;56,951;56,951;56,951;56,951;56,951;56,951;56,951;56,951;56,951
7642;57,119;57,119;57,119;57,119;57,119;57,119;57,119;57,119;57,119;57,119
7643;52,259;52,259;52,259;52,259;52,259;52,259;52,259;52,259;52,259;52,259
7644;42,623;42,623;42,623;42,623;42,623;42,623;42,623;42,623;42,623;42,623
7645;43,487;43,487;43,487;43,487;43,487;43,487;43,487;43,487;43,487;43,487
7646;41,327;41,327;41,327;41,327;41,327;41,327;41,327;41,327;41,327;41,327
7647;48,127;48,127;48,127;48,127;48,127;48,127;48,127;48,127;48,127;48,127
7648;55,167;55,167;55,167;55,167;55,167;55,167;55,167;55,167;55,167;55,167
7649;72,387;72,387;72,387;72,387;72,387;72,387;72,387;72,387;72,387;72,387
7650;80,067;80,067;80,067;80,067;80,067;80,067;80,067;80,067;80,067;80,067
7651;69,965;69,965;69,965;69,965;69,965;69,965;69,965;69,965;69,965;69,965
7652;51,829;51,829;51,829;51,829;51,829;51,829;51,829;51,829;51,829;51,829
7653;51,709;51,709;51,709;51,709;51,709;51,709;51,709;51,709;51,709;51,709
7654;41,381;41,381;41,381;41,381;41,381;41,381;41,381;41,381;41,381;41,381
7655;18,941;18,941;18,941;18,941;18,941;18,941;18,941;18,941;18,941;18,941
7656;18,941;18,941;18,941;18,941;18,941;18,941;18,941;18,941;18,941;18,941
7657;18,941;18,941;18,941;18,941;18,941;18,941;18,941;18,941;18,941;18,941
7658;17,101;17,101;17,101;17,101;17,101;17,101;17,101;17,101;17,101;17,101
7659;17,101;17,101;17,101;17,101;17,101;17,101;17,101;17,101;17,101;17,101
7660;41,381;41,381;41,381;41,381;41,381;41,381;41,381;41,381;41,381;41,381
7661;34,165;34,165;34,165;34,165;34,165;34,165;34,165;34,165;34,165;34,165
7662;51,465;51,465;51,465;51,465;51,465;51,465;51,465;51,465;51,465;51,465
7663;63,629;63,629;63,629;63,629;63,629;63,629;63,629;63,629;63,629;63,629
7664;52,661;52,661;52,661;52,661;52,661;52,661;52,661;52,661;52,661;52,661
7665;56,951;56,951;56,951;56,951;56,951;56,951;56,951;56,951;56,951;56,951
7666;57,119;57,119;57,119;57,119;57,119;57,119;57,119;57,119;57,119;57,119
7667;52,259;52,259;52,259;52,259;52,259;52,259;52,259;52,259;52,259;52,259
7668;42,623;42,623;42,623;42,623;42,623;42,623;42,623;42,623;42,623;42,623
7669;43,487;43,487;43,487;43,487;43,487;43,487;43,487;43,487;43,487;43,487
7670;41,327;41,327;41,327;41,327;41,327;41,327;41,327;41,327;41,327;41,327
7671;48,127;48,127;48,127;48,127;48,127;48,127;48,127;48,127;48,127;48,127
7672;55,167;55,167;55,167;55,167;55,167;55,167;55,167;55,167;55,167;55,167
7673;72,387;72,387;72,387;72,387;72,387;72,387;72,387;72,387;72,387;72,387
7674;80,067;80,067;80,067;80,067;80,067;80,067;80,067;80,067;80,067;80,067
7675;69,965;69,965;69,965;69,965;69,965;69,965;69,965;69,965;69,965;69,965
7676;51,829;51,829;51,829;51,829;51,829;51,829;51,829;51,829;51,829;51,829
7677;51,709;51,709;51,709;51,709;51,709;51,709;51,709;51,709;51,709;51,709
7678;41,381;41,381;41,381;41,381;41,381;41,381;41,381;41,381;41,381;41,381
7679;18,941;18,941;18,941;18,941;18,941;18,941;18,941;18,941;18,941;18,941
7680;18,941;18,941;18,941;18,941;18,941;18,941;18,941;18,941;18,941;18,941
7681;18,941;18,941;18,941;18,941;18,941;18,941;18,941;18,941;18,941;18,941
7682;17,101;17,101;17,101;17,101;17,101;17,101;17,101;17,101;17,101;17,101
7683;17,101;17,101;17,101;17,101;17,101;17,101;17,101;17,101;17,101;17,101
7684;41,381;41,381;41,381;41,381;41,381;41,381;41,381;41,381;41,381;41,381
7685;34,165;34,165;34,165;34,165;34,165;34,165;34,165;34,165;34,165;34,165
7686;51,465;51,465;51,465;51,465;51,465;51,465;51,465;51,465;51,465;51,465
7687;63,629;63,629;63,629;63,629;63,629;63,629;63,629;63,629;63,629;63,629
7688;52,661;52,661;52,661;52,661;52,661;52,661;52,661;52,661;52,661;52,661
7689;56,951;56,951;56,951;56,951;56,951;56,951;56,951;56,951;56,951;56,951
7690;57,119;57,119;57,119;57,119;57,119;57,119;57,119;57,119;57,119;57,119
7691;52,259;52,259;52,259;52,259;52,259;52,259;52,259;52,259;52,259;52,259
7692;42,623;42,623;42,623;42,623;42,623;42,623;42,623;42,623;42,623;42,623
7693;43,487;43,487;43,487;43,487;43,487;43,487;43,487;43,487;43,487;43,487
7694;41,327;41,327;41,327;41,327;41,327;41,327;41,327;41,327;41,327;41,327
7695;48,127;48,127;48,127;48,127;48,127;48,127;48,127;48,127;48,127;48,127
7696;55,167;55,167;55,167;55,167;55,167;55,167;55,167;55,167;55,167;55,167
7697;72,387;72,387;72,387;72,387;72,387;72,387;72,387;72,387;72,387;72,387
7698;80,067;80,067;80,067;80,067;80,067;80,067;80,067;80,067;80,067;80,067
7699;69,965;69,965;69,965;69,965;69,965;69,965;69,965;69,965;69,965;69,965
7700;51,829;51,829;51,829;51,829;51,829;51,829;51,829;51,829;51,829;51,829
7701;51,709;51,709;51,709;51,709;51,709;51,709;51,709;51,709;51,709;51,709
7702;41,381;41,381;41,381;41,381;41,381;41,381;41,381;41,381;41,381;41,381
7703;18,941;18,941;18,941;18,941;18,941;18,941;18,941;18,941;18,941;18,941
7704;18,941;18,941;18,941;18,941;18,941;18,941;18,941;18,941;18,941;18,941
7705;18,941;18,941;18,941;18,941;18,941;18,941;18,941;18,941;18,941;18,941
7706;17,101;17,101;17,101;17,101;17,101;17,101;17,101;17,101;17,101;17,101
7707;17,101;17,101;17,101;17,101;17,101;17,101;17,101;17,101;17,101;17,101
7708;41,381;41,381;41,381;41,381;41,381;41,381;41,381;41,381;41,381;41,381
7709;34,165;34,165;34,165;34,165;34,165;34,165;34,165;34,165;34,165;34,165
7710;51,465;51,465;51,465;51,465;51,465;51,465;51,465;51,465;51,465;51,465
7711;63,629;63,629;63,629;63,629;63,629;63,629;63,629;63,629;63,629;63,629
7712;52,661;52,661;52,661;52,661;52,661;52,661;52,661;52,661;52,661;52,661
7713;56,951;56,951;56,951;56,951;56,951;56,951;56,951;56,951;56,951;56,951
7714;57,119;57,119;57,119;57,119;57,119;57,119;57,119;57,119;57,119;57,119
7715;52,259;52,259;52,259;52,259;52,259;52,259;52,259;52,259;52,259;52,259
7716;42,623;42,623;42,623;42,623;42,623;42,623;42,623;42,623;42,623;42,623
7717;43,487;43,487;43,487;43,487;43,487;43,487;43,487;43,487;43,487;43,487
7718;41,327;41,327;41,327;41,327;41,327;41,327;41,327;41,327;41,327;41,327
7719;48,127;48,127;48,127;48,127;48,127;48,127;48,127;48,127;48,127;48,127
7720;55,167;55,167;55,167;55,167;55,167;55,167;55,167;55,167;55,167;55,167
7721;72,387;72,387;72,387;72,387;72,387;72,387;72,387;72,387;72,387;72,387
7722;80,067;80,067;80,067;80,067;80,067;80,067;80,067;80,067;80,067;80,067
7723;69,965;69,965;69,965;69,965;69,965;69,965;69,965;69,965;69,965;69,965
7724;51,829;51,829;51,829;51,829;51,829;51,829;51,829;51,829;51,829;51,829
7725;51,709;51,709;51,709;51,709;51,709;51,709;51,709;51,709;51,709;51,709
7726;41,381;41,381;41,381;41,381;41,381;41,381;41,381;41,381;41,381;41,381
7727;18,941;18,941;18,941;18,941;18,941;18,941;18,941;18,941;18,941;18,941
7728;18,941;18,941;18,941;18,941;18,941;18,941;18,941;18,941;18,941;18,941
7729;18,941;18,941;18,941;18,941;18,941;18,941;18,941;18,941;18,941;18,941
7730;17,101;17,101;17,101;17,101;17,101;17,101;17,101;17,101;17,101;17,101
7731;17,101;17,101;17,101;17,101;17,101;17,101;17,101;17,101;17,101;17,101
7732;41,381;41,381;41,381;41,381;41,381;41,381;41,381;41,381;41,381;41,381
7733;34,165;34,165;34,165;34,165;34,165;34,165;34,165;34,165;34,165;34,165
7734;51,465;51,465;51,465;51,465;51,465;51,465;51,465;51,465;51,465;51,465
7735;63,629;63,629;63,629;63,629;63,629;63,629;63,629;63,629;63,629;63,629
7736;52,661;52,661;52,661;52,661;52,661;52,661;52,661;52,661;52,661;52,661
7737;56,951;56,951;56,951;56,951;56,951;56,951;56,951;56,951;56,951;56,951
7738;57,119;57,119;57,119;57,119;57,119;57,119;57,119;57,119;57,119;57,119
7739;52,259;52,259;52,259;52,259;52,259;52,259;52,259;52,259;52,259;52,259
7740;42,623;42,623;42,623;42,623;42,623;42,623;42,623;42,623;42,623;42,623
7741;43,487;43,487;43,487;43,487;43,487;43,487;43,487;43,487;43,487;43,487
7742;41,327;41,327;41,327;41,327;41,327;41,327;41,327;41,327;41,327;41,327
7743;48,127;48,127;48,127;48,127;48,127;48,127;48,127;48,127;48,127;48,127
7744;55,167;55,167;55,167;55,167;55,167;55,167;55,167;55,167;55,167;55,167
7745;72,387;72,387;72,387;72,387;72,387;72,387;72,387;72,387;72,387;72,387
7746;80,067;80,067;80,067;80,067;80,067;80,067;80,067;80,067;80,067;80,067
7747;69,965;69,965;69,965;69,965;69,965;69,965;69,965;69,965;69,965;69,965
7748;51,829;51,829;51,829;51,829;51,829;51,829;51,829;51,829;51,829;51,829
7749;51,709;51,709;51,709;51,709;51,709;51,709;51,709;51,709;51,709;51,709
7750;41,381;41,381;41,381;41,381;41,381;41,381;41,381;41,381;41,381;41,381
7751;18,941;18,941;18,941;18,941;18,941;18,941;18,941;18,941;18,941;18,941
7752;18,941;18,941;18,941;18,941;18,941;18,941;18,941;18,941;18,941;18,941
7753;18,941;18,941;18,941;18,941;18,941;18,941;18,941;18,941;18,941;18,941
7754;17,101;17,101;17,101;17,101;17,101;17,101;17,101;17,101;17,101;17,101
7755;17,101;17,101;17,101;17,101;17,101;17,101;17,101;17,101;17,101;17,101
7756;41,381;41,381;41,381;41,381;41,381;41,381;41,381;41,381;41,381;41,381
7757;34,165;34,165;34,165;34,165;34,165;34,165;34,165;34,165;34,165;34,165
7758;51,465;51,465;51,465;51,465;51,465;51,465;51,465;51,465;51,465;51,465
7759;63,629;63,629;63,629;63,629;63,629;63,629;63,629;63,629;63,629;63,629
7760;52,661;52,661;52,661;52,661;52,661;52,661;52,661;52,661;52,661;52,661
7761;56,951;56,951;56,951;56,951;56,951;56,951;56,951;56,951;56,951;56,951
7762;57,119;57,119;57,119;57,119;57,119;57,119;57,119;57,119;57,119;57,119
7763;52,259;52,259;52,259;52,259;52,259;52,259;52,259;52,259;52,259;52,259
7764;42,623;42,623;42,623;42,623;42,623;42,623;42,623;42,623;42,623;42,623
7765;43,487;43,487;43,487;43,487;43,487;43,487;43,487;43,487;43,487;43,487
7766;41,327;41,327;41,327;41,327;41,327;41,327;41,327;41,327;41,327;41,327
7767;48,127;48,127;48,127;48,127;48,127;48,127;48,127;48,127;48,127;48,127
7768;55,167;55,167;55,167;55,167;55,167;55,167;55,167;55,167;55,167;55,167
7769;72,387;72,387;72,387;72,387;72,387;72,387;72,387;72,387;72,387;72,387
7770;80,067;80,067;80,067;80,067;80,067;80,067;80,067;80,067;80,067;80,067
7771;69,965;69,965;69,965;69,965;69,965;69,965;69,965;69,965;69,965;69,965
7772;51,829;51,829;51,829;51,829;51,829;51,829;51,829;51,829;51,829;51,829
7773;51,709;51,709;51,709;51,709;51,709;51,709;51,709;51,709;51,709;51,709
7774;41,381;41,381;41,381;41,381;41,381;41,381;41,381;41,381;41,381;41,381
7775;18,941;18,941;18,941;18,941;18,941;18,941;18,941;18,941;18,941;18,941
7776;18,941;18,941;18,941;18,941;18,941;18,941;18,941;18,941;18,941;18,941
7777;18,941;18,941;18,941;18,941;18,941;18,941;18,941;18,941;18,941;18,941
7778;17,101;17,101;17,101;17,101;17,101;17,101;17,101;17,101;17,101;17,101
7779;17,101;17,101;17,101;17,101;17,101;17,101;17,101;17,101;17,101;17,101
7780;41,381;41,381;41,381;41,381;41,381;41,381;41,381;41,381;41,381;41,381
7781;34,165;34,165;34,165;34,165;34,165;34,165;34,165;34,165;34,165;34,165
7782;51,465;51,465;51,465;51,465;51,465;51,465;51,465;51,465;51,465;51,465
7783;63,629;63,629;63,629;63,629;63,629;63,629;63,629;63,629;63,629;63,629
7784;52,661;52,661;52,661;52,661;52,661;52,661;52,661;52,661;52,661;52,661
7785;56,951;56,951;56,951;56,951;56,951;56,951;56,951;56,951;56,951;56,951
7786;57,119;57,119;57,119;57,119;57,119;57,119;57,119;57,119;57,119;57,119
7787;52,259;52,259;52,259;52,259;52,259;52,259;52,259;52,259;52,259;52,259
7788;42,623;42,623;42,623;42,623;42,623;42,623;42,623;42,623;42,623;42,623
7789;43,487;43,487;43,487;43,487;43,487;43,487;43,487;43,487;43,487;43,487
7790;41,327;41,327;41,327;41,327;41,327;41,327;41,327;41,327;41,327;41,327
7791;48,127;48,127;48,127;48,127;48,127;48,127;48,127;48,127;48,127;48,127
7792;55,167;55,167;55,167;55,167;55,167;55,167;55,167;55,167;55,167;55,167
7793;72,387;72,387;72,387;72,387;72,387;72,387;72,387;72,387;72,387;72,387
7794;80,067;80,067;80,067;80,067;80,067;80,067;80,067;80,067;80,067;80,067
7795;69,965;69,965;69,965;69,965;69,965;69,965;69,965;69,965;69,965;69,965
7796;51,829;51,829;51,829;51,829;51,829;51,829;51,829;51,829;51,829;51,829
7797;51,709;51,709;51,709;51,709;51,709;51,709;51,709;51,709;51,709;51,709
7798;41,381;41,381;41,381;41,381;41,381;41,381;41,381;41,381;41,381;41,381
7799;18,941;18,941;18,941;18,941;18,941;18,941;18,941;18,941;18,941;18,941
7800;18,941;18,941;18,941;18,941;18,941;18,941;18,941;18,941;18,941;18,941
7801;18,941;18,941;18,941;18,941;18,941;18,941;18,941;18,941;18,941;18,941
7802;17,101;17,101;17,101;17,101;17,101;17,101;17,101;17,101;17,101;17,101
7803;17,101;17,101;17,101;17,101;17,101;17,101;17,101;17,101;17,101;17,101
7804;41,381;41,381;41,381;41,381;41,381;41,381;41,381;41,381;41,381;41,381
7805;34,165;34,165;34,165;34,165;34,165;34,165;34,165;34,165;34,165;34,165
7806;51,465;51,465;51,465;51,465;51,465;51,465;51,465;51,465;51,465;51,465
7807;63,629;63,629;63,629;63,629;63,629;63,629;63,629;63,629;63,629;63,629
7808;52,661;52,661;52,661;52,661;52,661;52,661;52,661;52,661;52,661;52,661
7809;56,951;56,951;56,951;56,951;56,951;56,951;56,951;56,951;56,951;56,951
7810;57,119;57,119;57,119;57,119;57,119;57,119;57,119;57,119;57,119;57,119
7811;52,259;52,259;52,259;52,259;52,259;52,259;52,259;52,259;52,259;52,259
7812;42,623;42,623;42,623;42,623;42,623;42,623;42,623;42,623;42,623;42,623
7813;43,487;43,487;43,487;43,487;43,487;43,487;43,487;43,487;43,487;43,487
7814;41,327;41,327;41,327;41,327;41,327;41,327;41,327;41,327;41,327;41,327
7815;48,127;48,127;48,127;48,127;48,127;48,127;48,127;48,127;48,127;48,127
7816;55,167;55,167;55,167;55,167;55,167;55,167;55,167;55,167;55,167;55,167
7817;72,387;72,387;72,387;72,387;72,387;72,387;72,387;72,387;72,387;72,387
7818;80,067;80,067;80,067;80,067;80,067;80,067;80,067;80,067;80,067;80,067
7819;69,965;69,965;69,965;69,965;69,965;69,965;69,965;69,965;69,965;69,965
7820;51,829;51,829;51,829;51,829;51,829;51,829;51,829;51,829;51,829;51,829
7821;51,709;51,709;51,709;51,709;51,709;51,709;51,709;51,709;51,709;51,709
7822;41,381;41,381;41,381;41,381;41,381;41,381;41,381;41,381;41,381;41,381
7823;18,941;18,941;18,941;18,941;18,941;18,941;18,941;18,941;18,941;18,941
7824;18,941;18,941;18,941;18,941;18,941;18,941;18,941;18,941;18,941;18,941
7825;18,941;18,941;18,941;18,941;18,941;18,941;18,941;18,941;18,941;18,941
7826;17,101;17,101;17,101;17,101;17,101;17,101;17,101;17,101;17,101;17,101
7827;17,101;17,101;17,101;17,101;17,101;17,101;17,101;17,101;17,101;17,101
7828;41,381;41,381;41,381;41,381;41,381;41,381;41,381;41,381;41,381;41,381
7829;34,165;34,165;34,165;34,165;34,165;34,165;34,165;34,165;34,165;34,165
7830;51,465;51,465;51,465;51,465;51,465;51,465;51,465;51,465;51,465;51,465
7831;63,629;63,629;63,629;63,629;63,629;63,629;63,629;63,629;63,629;63,629
7832;52,661;52,661;52,661;52,661;52,661;52,661;52,661;52,661;52,661;52,661
7833;56,951;56,951;56,951;56,951;56,951;56,951;56,951;56,951;56,951;56,951
7834;57,119;57,119;57,119;57,119;57,119;57,119;57,119;57,119;57,119;57,119
7835;52,259;52,259;52,259;52,259;52,259;52,259;52,259;52,259;52,259;52,259
7836;42,623;42,623;42,623;42,623;42,623;42,623;42,623;42,623;42,623;42,623
7837;43,487;43,487;43,487;43,487;43,487;43,487;43,487;43,487;43,487;43,487
7838;41,327;41,327;41,327;41,327;41,327;41,327;41,327;41,327;41,327;41,327
7839;48,127;48,127;48,127;48,127;48,127;48,127;48,127;48,127;48,127;48,127
7840;55,167;55,167;55,167;55,167;55,167;55,167;55,167;55,167;55,167;55,167
7841;72,387;72,387;72,387;72,387;72,387;72,387;72,387;72,387;72,387;72,387
7842;80,067;80,067;80,067;80,067;80,067;80,067;80,067;80,067;80,067;80,067
7843;69,965;69,965;69,965;69,965;69,965;69,965;69,965;69,965;69,965;69,965
7844;51,829;51,829;51,829;51,829;51,829;51,829;51,829;51,829;51,829;51,829
7845;51,709;51,709;51,709;51,709;51,709;51,709;51,709;51,709;51,709;51,709
7846;41,381;41,381;41,381;41,381;41,381;41,381;41,381;41,381;41,381;41,381
7847;18,941;18,941;18,941;18,941;18,941;18,941;18,941;18,941;18,941;18,941
7848;18,941;18,941;18,941;18,941;18,941;18,941;18,941;18,941;18,941;18,941
7849;18,941;18,941;18,941;18,941;18,941;18,941;18,941;18,941;18,941;18,941
7850;17,101;17,101;17,101;17,101;17,101;17,101;17,101;17,101;17,101;17,101
7851;17,101;17,101;17,101;17,101;17,101;17,101;17,101;17,101;17,101;17,101
7852;41,381;41,381;41,381;41,381;41,381;41,381;41,381;41,381;41,381;41,381
7853;34,165;34,165;34,165;34,165;34,165;34,165;34,165;34,165;34,165;34,165
7854;51,465;51,465;51,465;51,465;51,465;51,465;51,465;51,465;51,465;51,465
7855;63,629;63,629;63,629;63,629;63,629;63,629;63,629;63,629;63,629;63,629
7856;52,661;52,661;52,661;52,661;52,661;52,661;52,661;52,661;52,661;52,661
7857;56,951;56,951;56,951;56,951;56,951;56,951;56,951;56,951;56,951;56,951
7858;57,119;57,119;57,119;57,119;57,119;57,119;57,119;57,119;57,119;57,119
7859;52,259;52,259;52,259;52,259;52,259;52,259;52,259;52,259;52,259;52,259
7860;42,623;42,623;42,623;42,623;42,623;42,623;42,623;42,623;42,623;42,623
7861;43,487;43,487;43,487;43,487;43,487;43,487;43,487;43,487;43,487;43,487
7862;41,327;41,327;41,327;41,327;41,327;41,327;41,327;41,327;41,327;41,327
7863;48,127;48,127;48,127;48,127;48,127;48,127;48,127;48,127;48,127;48,127
7864;55,167;55,167;55,167;55,167;55,167;55,167;55,167;55,167;55,167;55,167
7865;72,387;72,387;72,387;72,387;72,387;72,387;72,387;72,387;72,387;72,387
7866;80,067;80,067;80,067;80,067;80,067;80,067;80,067;80,067;80,067;80,067
7867;69,965;69,965;69,965;69,965;69,965;69,965;69,965;69,965;69,965;69,965
7868;51,829;51,829;51,829;51,829;51,829;51,829;51,829;51,829;51,829;51,829
7869;51,709;51,709;51,709;51,709;51,709;51,709;51,709;51,709;51,709;51,709
7870;41,381;41,381;41,381;41,381;41,381;41,381;41,381;41,381;41,381;41,381
7871;18,941;18,941;18,941;18,941;18,941;18,941;18,941;18,941;18,941;18,941
7872;18,941;18,941;18,941;18,941;18,941;18,941;18,941;18,941;18,941;18,941
7873;18,941;18,941;18,941;18,941;18,941;18,941;18,941;18,941;18,941;18,941
7874;17,101;17,101;17,101;17,101;17,101;17,101;17,101;17,101;17,101;17,101
7875;17,101;17,101;17,101;17,101;17,101;17,101;17,101;17,101;17,101;17,101
7876;41,381;41,381;41,381;41,381;41,381;41,381;41,381;41,381;41,381;41,381
7877;34,165;34,165;34,165;34,165;34,165;34,165;34,165;34,165;34,165;34,165
7878;51,465;51,465;51,465;51,465;51,465;51,465;51,465;51,465;51,465;51,465
7879;63,629;63,629;63,629;63,629;63,629;63,629;63,629;63,629;63,629;63,629
7880;52,661;52,661;52,661;52,661;52,661;52,661;52,661;52,661;52,661;52,661
7881;56,951;56,951;56,951;56,951;56,951;56,951;56,951;56,951;56,951;56,951
7882;57,119;57,119;57,119;57,119;57,119;57,119;57,119;57,119;57,119;57,119
7883;52,259;52,259;52,259;52,259;52,259;52,259;52,259;52,259;52,259;52,259
7884;42,623;42,623;42,623;42,623;42,623;42,623;42,623;42,623;42,623;42,623
7885;43,487;43,487;43,487;43,487;43,487;43,487;43,487;43,487;43,487;43,487
7886;41,327;41,327;41,327;41,327;41,327;41,327;41,327;41,327;41,327;41,327
7887;48,127;48,127;48,127;48,127;48,127;48,127;48,127;48,127;48,127;48,127
7888;55,167;55,167;55,167;55,167;55,167;55,167;55,167;55,167;55,167;55,167
7889;72,387;72,387;72,387;72,387;72,387;72,387;72,387;72,387;72,387;72,387
7890;80,067;80,067;80,067;80,067;80,067;80,067;80,067;80,067;80,067;80,067
7891;69,965;69,965;69,965;69,965;69,965;69,965;69,965;69,965;69,965;69,965
7892;51,829;51,829;51,829;51,829;51,829;51,829;51,829;51,829;51,829;51,829
7893;51,709;51,709;51,709;51,709;51,709;51,709;51,709;51,709;51,709;51,709
7894;41,381;41,381;41,381;41,381;41,381;41,381;41,381;41,381;41,381;41,381
7895;18,941;18,941;18,941;18,941;18,941;18,941;18,941;18,941;18,941;18,941
7896;18,941;18,941;18,941;18,941;18,941;18,941;18,941;18,941;18,941;18,941
7897;18,941;18,941;18,941;18,941;18,941;18,941;18,941;18,941;18,941;18,941
7898;17,101;17,101;17,101;17,101;17,101;17,101;17,101;17,101;17,101;17,101
7899;17,101;17,101;17,101;17,101;17,101;17,101;17,101;17,101;17,101;17,101
7900;41,381;41,381;41,381;41,381;41,381;41,381;41,381;41,381;41,381;41,381
7901;34,165;34,165;34,165;34,165;34,165;34,165;34,165;34,165;34,165;34,165
7902;51,465;51,465;51,465;51,465;51,465;51,465;51,465;51,465;51,465;51,465
7903;63,629;63,629;63,629;63,629;63,629;63,629;63,629;63,629;63,629;63,629
7904;52,661;52,661;52,661;52,661;52,661;52,661;52,661;52,661;52,661;52,661
7905;56,951;56,951;56,951;56,951;56,951;56,951;56,951;56,951;56,951;56,951
7906;57,119;57,119;57,119;57,119;57,119;57,119;57,119;57,119;57,119;57,119
7907;52,259;52,259;52,259;52,259;52,259;52,259;52,259;52,259;52,259;52,259
7908;42,623;42,623;42,623;42,623;42,623;42,623;42,623;42,623;42,623;42,623
7909;43,487;43,487;43,487;43,487;43,487;43,487;43,487;43,487;43,487;43,487
7910;41,327;41,327;41,327;41,327;41,327;41,327;41,327;41,327;41,327;41,327
7911;48,127;48,127;48,127;48,127;48,127;48,127;48,127;48,127;48,127;48,127
7912;55,167;55,167;55,167;55,167;55,167;55,167;55,167;55,167;55,167;55,167
7913;72,387;72,387;72,387;72,387;72,387;72,387;72,387;72,387;72,387;72,387
7914;80,067;80,067;80,067;80,067;80,067;80,067;80,067;80,067;80,067;80,067
7915;69,965;69,965;69,965;69,965;69,965;69,965;69,965;69,965;69,965;69,965
7916;51,829;51,829;51,829;51,829;51,829;51,829;51,829;51,829;51,829;51,829
7917;51,709;51,709;51,709;51,709;51,709;51,709;51,709;51,709;51,709;51,709
7918;41,381;41,381;41,381;41,381;41,381;41,381;41,381;41,381;41,381;41,381
7919;18,941;18,941;18,941;18,941;18,941;18,941;18,941;18,941;18,941;18,941
7920;18,941;18,941;18,941;18,941;18,941;18,941;18,941;18,941;18,941;18,941
7921;18,941;18,941;18,941;18,941;18,941;18,941;18,941;18,941;18,941;18,941
7922;17,101;17,101;17,101;17,101;17,101;17,101;17,101;17,101;17,101;17,101
7923;17,101;17,101;17,101;17,101;17,101;17,101;17,101;17,101;17,101;17,101
7924;41,381;41,381;41,381;41,381;41,381;41,381;41,381;41,381;41,381;41,381
7925;34,165;34,165;34,165;34,165;34,165;34,165;34,165;34,165;34,165;34,165
7926;51,465;51,465;51,465;51,465;51,465;51,465;51,465;51,465;51,465;51,465
7927;63,629;63,629;63,629;63,629;63,629;63,629;63,629;63,629;63,629;63,629
7928;52,661;52,661;52,661;52,661;52,661;52,661;52,661;52,661;52,661;52,661
7929;56,951;56,951;56,951;56,951;56,951;56,951;56,951;56,951;56,951;56,951
7930;57,119;57,119;57,119;57,119;57,119;57,119;57,119;57,119;57,119;57,119
7931;52,259;52,259;52,259;52,259;52,259;52,259;52,259;52,259;52,259;52,259
7932;42,623;42,623;42,623;42,623;42,623;42,623;42,623;42,623;42,623;42,623
7933;43,487;43,487;43,487;43,487;43,487;43,487;43,487;43,487;43,487;43,487
7934;41,327;41,327;41,327;41,327;41,327;41,327;41,327;41,327;41,327;41,327
7935;48,127;48,127;48,127;48,127;48,127;48,127;48,127;48,127;48,127;48,127
7936;55,167;55,167;55,167;55,167;55,167;55,167;55,167;55,167;55,167;55,167
7937;72,387;72,387;72,387;72,387;72,387;72,387;72,387;72,387;72,387;72,387
7938;80,067;80,067;80,067;80,067;80,067;80,067;80,067;80,067;80,067;80,067
7939;69,965;69,965;69,965;69,965;69,965;69,965;69,965;69,965;69,965;69,965
7940;51,829;51,829;51,829;51,829;51,829;51,829;51,829;51,829;51,829;51,829
7941;51,709;51,709;51,709;51,709;51,709;51,709;51,709;51,709;51,709;51,709
7942;41,381;41,381;41,381;41,381;41,381;41,381;41,381;41,381;41,381;41,381
7943;18,941;18,941;18,941;18,941;18,941;18,941;18,941;18,941;18,941;18,941
7944;18,941;18,941;18,941;18,941;18,941;18,941;18,941;18,941;18,941;18,941
7945;18,941;18,941;18,941;18,941;18,941;18,941;18,941;18,941;18,941;18,941
7946;17,101;17,101;17,101;17,101;17,101;17,101;17,101;17,101;17,101;17,101
7947;17,101;17,101;17,101;17,101;17,101;17,101;17,101;17,101;17,101;17,101
7948;41,381;41,381;41,381;41,381;41,381;41,381;41,381;41,381;41,381;41,381
7949;34,165;34,165;34,165;34,165;34,165;34,165;34,165;34,165;34,165;34,165
7950;51,465;51,465;51,465;51,465;51,465;51,465;51,465;51,465;51,465;51,465
7951;63,629;63,629;63,629;63,629;63,629;63,629;63,629;63,629;63,629;63,629
7952;52,661;52,661;52,661;52,661;52,661;52,661;52,661;52,661;52,661;52,661
7953;56,951;56,951;56,951;56,951;56,951;56,951;56,951;56,951;56,951;56,951
7954;57,119;57,119;57,119;57,119;57,119;57,119;57,119;57,119;57,119;57,119
7955;52,259;52,259;52,259;52,259;52,259;52,259;52,259;52,259;52,259;52,259
7956;42,623;42,623;42,623;42,623;42,623;42,623;42,623;42,623;42,623;42,623
7957;43,487;43,487;43,487;43,487;43,487;43,487;43,487;43,487;43,487;43,487
7958;41,327;41,327;41,327;41,327;41,327;41,327;41,327;41,327;41,327;41,327
7959;48,127;48,127;48,127;48,127;48,127;48,127;48,127;48,127;48,127;48,127
7960;55,167;55,167;55,167;55,167;55,167;55,167;55,167;55,167;55,167;55,167
7961;72,387;72,387;72,387;72,387;72,387;72,387;72,387;72,387;72,387;72,387
7962;80,067;80,067;80,067;80,067;80,067;80,067;80,067;80,067;80,067;80,067
7963;69,965;69,965;69,965;69,965;69,965;69,965;69,965;69,965;69,965;69,965
7964;51,829;51,829;51,829;51,829;51,829;51,829;51,829;51,829;51,829;51,829
7965;51,709;51,709;51,709;51,709;51,709;51,709;51,709;51,709;51,709;51,709
7966;41,381;41,381;41,381;41,381;41,381;41,381;41,381;41,381;41,381;41,381
7967;18,941;18,941;18,941;18,941;18,941;18,941;18,941;18,941;18,941;18,941
7968;18,941;18,941;18,941;18,941;18,941;18,941;18,941;18,941;18,941;18,941
7969;18,941;18,941;18,941;18,941;18,941;18,941;18,941;18,941;18,941;18,941
7970;17,101;17,101;17,101;17,101;17,101;17,101;17,101;17,101;17,101;17,101
7971;17,101;17,101;17,101;17,101;17,101;17,101;17,101;17,101;17,101;17,101
7972;41,381;41,381;41,381;41,381;41,381;41,381;41,381;41,381;41,381;41,381
7973;34,165;34,165;34,165;34,165;34,165;34,165;34,165;34,165;34,165;34,165
7974;51,465;51,465;51,465;51,465;51,465;51,465;51,465;51,465;51,465;51,465
7975;63,629;63,629;63,629;63,629;63,629;63,629;63,629;63,629;63,629;63,629
7976;52,661;52,661;52,661;52,661;52,661;52,661;52,661;52,661;52,661;52,661
7977;56,951;56,951;56,951;56,951;56,951;56,951;56,951;56,951;56,951;56,951
7978;57,119;57,119;57,119;57,119;57,119;57,119;57,119;57,119;57,119;57,119
7979;52,259;52,259;52,259;52,259;52,259;52,259;52,259;52,259;52,259;52,259
7980;42,623;42,623;42,623;42,623;42,623;42,623;42,623;42,623;42,623;42,623
7981;43,487;43,487;43,487;43,487;43,487;43,487;43,487;43,487;43,487;43,487
7982;41,327;41,327;41,327;41,327;41,327;41,327;41,327;41,327;41,327;41,327
7983;48,127;48,127;48,127;48,127;48,127;48,127;48,127;48,127;48,127;48,127
7984;55,167;55,167;55,167;55,167;55,167;55,167;55,167;55,167;55,167;55,167
7985;72,387;72,387;72,387;72,387;72,387;72,387;72,387;72,387;72,387;72,387
7986;80,067;80,067;80,067;80,067;80,067;80,067;80,067;80,067;80,067;80,067
7987;69,965;69,965;69,965;69,965;69,965;69,965;69,965;69,965;69,965;69,965
7988;51,829;51,829;51,829;51,829;51,829;51,829;51,829;51,829;51,829;51,829
7989;51,709;51,709;51,709;51,709;51,709;51,709;51,709;51,709;51,709;51,709
7990;41,381;41,381;41,381;41,381;41,381;41,381;41,381;41,381;41,381;41,381
7991;18,941;18,941;18,941;18,941;18,941;18,941;18,941;18,941;18,941;18,941
7992;18,941;18,941;18,941;18,941;18,941;18,941;18,941;18,941;18,941;18,941
7993;18,941;18,941;18,941;18,941;18,941;18,941;18,941;18,941;18,941;18,941
7994;17,101;17,101;17,101;17,101;17,101;17,101;17,101;17,101;17,101;17,101
7995;17,101;17,101;17,101;17,101;17,101;17,101;17,101;17,101;17,101;17,101
7996;41,381;41,381;41,381;41,381;41,381;41,381;41,381;41,381;41,381;41,381
7997;34,165;34,165;34,165;34,165;34,165;34,165;34,165;34,165;34,165;34,165
7998;51,465;51,465;51,465;51,465;51,465;51,465;51,465;51,465;51,465;51,465
7999;63,629;63,629;63,629;63,629;63,629;63,629;63,629;63,629;63,629;63,629
8000;52,661;52,661;52,661;52,661;52,661;52,661;52,661;52,661;52,661;52,661
8001;56,951;56,951;56,951;56,951;56,951;56,951;56,951;56,951;56,951;56,951
8002;57,119;57,119;57,119;57,119;57,119;57,119;57,119;57,119;57,119;57,119
8003;52,259;52,259;52,259;52,259;52,259;52,259;52,259;52,259;52,259;52,259
8004;42,623;42,623;42,623;42,623;42,623;42,623;42,623;42,623;42,623;42,623
8005;43,487;43,487;43,487;43,487;43,487;43,487;43,487;43,487;43,487;43,487
8006;41,327;41,327;41,327;41,327;41,327;41,327;41,327;41,327;41,327;41,327
8007;48,127;48,127;48,127;48,127;48,127;48,127;48,127;48,127;48,127;48,127
8008;55,167;55,167;55,167;55,167;55,167;55,167;55,167;55,167;55,167;55,167
8009;72,387;72,387;72,387;72,387;72,387;72,387;72,387;72,387;72,387;72,387
8010;80,067;80,067;80,067;80,067;80,067;80,067;80,067;80,067;80,067;80,067
8011;69,965;69,965;69,965;69,965;69,965;69,965;69,965;69,965;69,965;69,965
8012;51,829;51,829;51,829;51,829;51,829;51,829;51,829;51,829;51,829;51,829
8013;51,709;51,709;51,709;51,709;51,709;51,709;51,709;51,709;51,709;51,709
8014;41,381;41,381;41,381;41,381;41,381;41,381;41,381;41,381;41,381;41,381
8015;18,941;18,941;18,941;18,941;18,941;18,941;18,941;18,941;18,941;18,941
8016;18,941;18,941;18,941;18,941;18,941;18,941;18,941;18,941;18,941;18,941
8017;18,941;18,941;18,941;18,941;18,941;18,941;18,941;18,941;18,941;18,941
8018;17,101;17,101;17,101;17,101;17,101;17,101;17,101;17,101;17,101;17,101
8019;17,101;17,101;17,101;17,101;17,101;17,101;17,101;17,101;17,101;17,101
8020;41,381;41,381;41,381;41,381;41,381;41,381;41,381;41,381;41,381;41,381
8021;34,165;34,165;34,165;34,165;34,165;34,165;34,165;34,165;34,165;34,165
8022;51,465;51,465;51,465;51,465;51,465;51,465;51,465;51,465;51,465;51,465
8023;63,629;63,629;63,629;63,629;63,629;63,629;63,629;63,629;63,629;63,629
8024;52,661;52,661;52,661;52,661;52,661;52,661;52,661;52,661;52,661;52,661
8025;56,951;56,951;56,951;56,951;56,951;56,951;56,951;56,951;56,951;56,951
8026;57,119;57,119;57,119;57,119;57,119;57,119;57,119;57,119;57,119;57,119
8027;52,259;52,259;52,259;52,259;52,259;52,259;52,259;52,259;52,259;52,259
8028;42,623;42,623;42,623;42,623;42,623;42,623;42,623;42,623;42,623;42,623
8029;43,487;43,487;43,487;43,487;43,487;43,487;43,487;43,487;43,487;43,487
8030;41,327;41,327;41,327;41,327;41,327;41,327;41,327;41,327;41,327;41,327
8031;48,127;48,127;48,127;48,127;48,127;48,127;48,127;48,127;48,127;48,127
8032;55,167;55,167;55,167;55,167;55,167;55,167;55,167;55,167;55,167;55,167
8033;72,387;72,387;72,387;72,387;72,387;72,387;72,387;72,387;72,387;72,387
8034;80,067;80,067;80,067;80,067;80,067;80,067;80,067;80,067;80,067;80,067
8035;69,965;69,965;69,965;69,965;69,965;69,965;69,965;69,965;69,965;69,965
8036;51,829;51,829;51,829;51,829;51,829;51,829;51,829;51,829;51,829;51,829
8037;51,709;51,709;51,709;51,709;51,709;51,709;51,709;51,709;51,709;51,709
8038;41,381;41,381;41,381;41,381;41,381;41,381;41,381;41,381;41,381;41,381
8039;18,941;18,941;18,941;18,941;18,941;18,941;18,941;18,941;18,941;18,941
8040;18,941;18,941;18,941;18,941;18,941;18,941;18,941;18,941;18,941;18,941
8041;18,941;18,941;18,941;18,941;18,941;18,941;18,941;18,941;18,941;18,941
8042;17,101;17,101;17,101;17,101;17,101;17,101;17,101;17,101;17,101;17,101
8043;17,101;17,101;17,101;17,101;17,101;17,101;17,101;17,101;17,101;17,101
8044;41,381;41,381;41,381;41,381;41,381;41,381;41,381;41,381;41,381;41,381
8045;34,165;34,165;34,165;34,165;34,165;34,165;34,165;34,165;34,165;34,165
8046;51,465;51,465;51,465;51,465;51,465;51,465;51,465;51,465;51,465;51,465
8047;63,629;63,629;63,629;63,629;63,629;63,629;63,629;63,629;63,629;63,629
8048;52,661;52,661;52,661;52,661;52,661;52,661;52,661;52,661;52,661;52,661
8049;56,951;56,951;56,951;56,951;56,951;56,951;56,951;56,951;56,951;56,951
8050;57,119;57,119;57,119;57,119;57,119;57,119;57,119;57,119;57,119;57,119
8051;52,259;52,259;52,259;52,259;52,259;52,259;52,259;52,259;52,259;52,259
8052;42,623;42,623;42,623;42,623;42,623;42,623;42,623;42,623;42,623;42,623
8053;43,487;43,487;43,487;43,487;43,487;43,487;43,487;43,487;43,487;43,487
8054;41,327;41,327;41,327;41,327;41,327;41,327;41,327;41,327;41,327;41,327
8055;48,127;48,127;48,127;48,127;48,127;48,127;48,127;48,127;48,127;48,127
8056;55,167;55,167;55,167;55,167;55,167;55,167;55,167;55,167;55,167;55,167
8057;72,387;72,387;72,387;72,387;72,387;72,387;72,387;72,387;72,387;72,387
8058;80,067;80,067;80,067;80,067;80,067;80,067;80,067;80,067;80,067;80,067
8059;69,965;69,965;69,965;69,965;69,965;69,965;69,965;69,965;69,965;69,965
8060;51,829;51,829;51,829;51,829;51,829;51,829;51,829;51,829;51,829;51,829
8061;51,709;51,709;51,709;51,709;51,709;51,709;51,709;51,709;51,709;51,709
8062;41,381;41,381;41,381;41,381;41,381;41,381;41,381;41,381;41,381;41,381
8063;18,941;18,941;18,941;18,941;18,941;18,941;18,941;18,941;18,941;18,941
8064;18,941;18,941;18,941;18,941;18,941;18,941;18,941;18,941;18,941;18,941
8065;18,941;18,941;18,941;18,941;18,941;18,941;18,941;18,941;18,941;18,941
8066;17,101;17,101;17,101;17,101;17,101;17,101;17,101;17,101;17,101;17,101
8067;17,101;17,101;17,101;17,101;17,101;17,101;17,101;17,101;17,101;17,101
8068;41,381;41,381;41,381;41,381;41,381;41,381;41,381;41,381;41,381;41,381
8069;34,165;34,165;34,165;34,165;34,165;34,165;34,165;34,165;34,165;34,165
8070;51,465;51,465;51,465;51,465;51,465;51,465;51,465;51,465;51,465;51,465
8071;63,629;63,629;63,629;63,629;63,629;63,629;63,629;63,629;63,629;63,629
8072;52,661;52,661;52,661;52,661;52,661;52,661;52,661;52,661;52,661;52,661
8073;56,951;56,951;56,951;56,951;56,951;56,951;56,951;56,951;56,951;56,951
8074;57,119;57,119;57,119;57,119;57,119;57,119;57,119;57,119;57,119;57,119
8075;52,259;52,259;52,259;52,259;52,259;52,259;52,259;52,259;52,259;52,259
8076;42,623;42,623;42,623;42,623;42,623;42,623;42,623;42,623;42,623;42,623
8077;43,487;43,487;43,487;43,487;43,487;43,487;43,487;43,487;43,487;43,487
8078;41,327;41,327;41,327;41,327;41,327;41,327;41,327;41,327;41,327;41,327
8079;48,127;48,127;48,127;48,127;48,127;48,127;48,127;48,127;48,127;48,127
8080;55,167;55,167;55,167;55,167;55,167;55,167;55,167;55,167;55,167;55,167
8081;72,387;72,387;72,387;72,387;72,387;72,387;72,387;72,387;72,387;72,387
8082;80,067;80,067;80,067;80,067;80,067;80,067;80,067;80,067;80,067;80,067
8083;69,965;69,965;69,965;69,965;69,965;69,965;69,965;69,965;69,965;69,965
8084;51,829;51,829;51,829;51,829;51,829;51,829;51,829;51,829;51,829;51,829
8085;51,709;51,709;51,709;51,709;51,709;51,709;51,709;51,709;51,709;51,709
8086;41,381;41,381;41,381;41,381;41,381;41,381;41,381;41,381;41,381;41,381
8087;18,941;18,941;18,941;18,941;18,941;18,941;18,941;18,941;18,941;18,941
8088;18,941;18,941;18,941;18,941;18,941;18,941;18,941;18,941;18,941;18,941
8089;18,941;18,941;18,941;18,941;18,941;18,941;18,941;18,941;18,941;18,941
8090;17,101;17,101;17,101;17,101;17,101;17,101;17,101;17,101;17,101;17,101
8091;17,101;17,101;17,101;17,101;17,101;17,101;17,101;17,101;17,101;17,101
8092;41,381;41,381;41,381;41,381;41,381;41,381;41,381;41,381;41,381;41,381
8093;34,165;34,165;34,165;34,165;34,165;34,165;34,165;34,165;34,165;34,165
8094;51,465;51,465;51,465;51,465;51,465;51,465;51,465;51,465;51,465;51,465
8095;63,629;63,629;63,629;63,629;63,629;63,629;63,629;63,629;63,629;63,629
8096;52,661;52,661;52,661;52,661;52,661;52,661;52,661;52,661;52,661;52,661
8097;56,951;56,951;56,951;56,951;56,951;56,951;56,951;56,951;56,951;56,951
8098;57,119;57,119;57,119;57,119;57,119;57,119;57,119;57,119;57,119;57,119
8099;52,259;52,259;52,259;52,259;52,259;52,259;52,259;52,259;52,259;52,259
8100;42,623;42,623;42,623;42,623;42,623;42,623;42,623;42,623;42,623;42,623
8101;43,487;43,487;43,487;43,487;43,487;43,487;43,487;43,487;43,487;43,487
8102;41,327;41,327;41,327;41,327;41,327;41,327;41,327;41,327;41,327;41,327
8103;48,127;48,127;48,127;48,127;48,127;48,127;48,127;48,127;48,127;48,127
8104;55,167;55,167;55,167;55,167;55,167;55,167;55,167;55,167;55,167;55,167
8105;72,387;72,387;72,387;72,387;72,387;72,387;72,387;72,387;72,387;72,387
8106;80,067;80,067;80,067;80,067;80,067;80,067;80,067;80,067;80,067;80,067
8107;69,965;69,965;69,965;69,965;69,965;69,965;69,965;69,965;69,965;69,965
8108;51,829;51,829;51,829;51,829;51,829;51,829;51,829;51,829;51,829;51,829
8109;51,709;51,709;51,709;51,709;51,709;51,709;51,709;51,709;51,709;51,709
8110;41,381;41,381;41,381;41,381;41,381;41,381;41,381;41,381;41,381;41,381
8111;18,941;18,941;18,941;18,941;18,941;18,941;18,941;18,941;18,941;18,941
8112;18,941;18,941;18,941;18,941;18,941;18,941;18,941;18,941;18,941;18,941
8113;18,941;18,941;18,941;18,941;18,941;18,941;18,941;18,941;18,941;18,941
8114;17,101;17,101;17,101;17,101;17,101;17,101;17,101;17,101;17,101;17,101
8115;17,101;17,101;17,101;17,101;17,101;17,101;17,101;17,101;17,101;17,101
8116;41,381;41,381;41,381;41,381;41,381;41,381;41,381;41,381;41,381;41,381
8117;34,165;34,165;34,165;34,165;34,165;34,165;34,165;34,165;34,165;34,165
8118;51,465;51,465;51,465;51,465;51,465;51,465;51,465;51,465;51,465;51,465
8119;63,629;63,629;63,629;63,629;63,629;63,629;63,629;63,629;63,629;63,629
8120;52,661;52,661;52,661;52,661;52,661;52,661;52,661;52,661;52,661;52,661
8121;56,951;56,951;56,951;56,951;56,951;56,951;56,951;56,951;56,951;56,951
8122;57,119;57,119;57,119;57,119;57,119;57,119;57,119;57,119;57,119;57,119
8123;52,259;52,259;52,259;52,259;52,259;52,259;52,259;52,259;52,259;52,259
8124;42,623;42,623;42,623;42,623;42,623;42,623;42,623;42,623;42,623;42,623
8125;43,487;43,487;43,487;43,487;43,487;43,487;43,487;43,487;43,487;43,487
8126;41,327;41,327;41,327;41,327;41,327;41,327;41,327;41,327;41,327;41,327
8127;48,127;48,127;48,127;48,127;48,127;48,127;48,127;48,127;48,127;48,127
8128;55,167;55,167;55,167;55,167;55,167;55,167;55,167;55,167;55,167;55,167
8129;72,387;72,387;72,387;72,387;72,387;72,387;72,387;72,387;72,387;72,387
8130;80,067;80,067;80,067;80,067;80,067;80,067;80,067;80,067;80,067;80,067
8131;69,965;69,965;69,965;69,965;69,965;69,965;69,965;69,965;69,965;69,965
8132;51,829;51,829;51,829;51,829;51,829;51,829;51,829;51,829;51,829;51,829
8133;51,709;51,709;51,709;51,709;51,709;51,709;51,709;51,709;51,709;51,709
8134;41,381;41,381;41,381;41,381;41,381;41,381;41,381;41,381;41,381;41,381
8135;18,941;18,941;18,941;18,941;18,941;18,941;18,941;18,941;18,941;18,941
8136;18,941;18,941;18,941;18,941;18,941;18,941;18,941;18,941;18,941;18,941
8137;18,941;18,941;18,941;18,941;18,941;18,941;18,941;18,941;18,941;18,941
8138;17,101;17,101;17,101;17,101;17,101;17,101;17,101;17,101;17,101;17,101
8139;17,101;17,101;17,101;17,101;17,101;17,101;17,101;17,101;17,101;17,101
8140;41,381;41,381;41,381;41,381;41,381;41,381;41,381;41,381;41,381;41,381
8141;34,165;34,165;34,165;34,165;34,165;34,165;34,165;34,165;34,165;34,165
8142;51,465;51,465;51,465;51,465;51,465;51,465;51,465;51,465;51,465;51,465
8143;63,629;63,629;63,629;63,629;63,629;63,629;63,629;63,629;63,629;63,629
8144;52,661;52,661;52,661;52,661;52,661;52,661;52,661;52,661;52,661;52,661
8145;56,951;56,951;56,951;56,951;56,951;56,951;56,951;56,951;56,951;56,951
8146;57,119;57,119;57,119;57,119;57,119;57,119;57,119;57,119;57,119;57,119
8147;52,259;52,259;52,259;52,259;52,259;52,259;52,259;52,259;52,259;52,259
8148;42,623;42,623;42,623;42,623;42,623;42,623;42,623;42,623;42,623;42,623
8149;43,487;43,487;43,487;43,487;43,487;43,487;43,487;43,487;43,487;43,487
8150;41,327;41,327;41,327;41,327;41,327;41,327;41,327;41,327;41,327;41,327
8151;48,127;48,127;48,127;48,127;48,127;48,127;48,127;48,127;48,127;48,127
8152;55,167;55,167;55,167;55,167;55,167;55,167;55,167;55,167;55,167;55,167
8153;72,387;72,387;72,387;72,387;72,387;72,387;72,387;72,387;72,387;72,387
8154;80,067;80,067;80,067;80,067;80,067;80,067;80,067;80,067;80,067;80,067
8155;69,965;69,965;69,965;69,965;69,965;69,965;69,965;69,965;69,965;69,965
8156;51,829;51,829;51,829;51,829;51,829;51,829;51,829;51,829;51,829;51,829
8157;51,709;51,709;51,709;51,709;51,709;51,709;51,709;51,709;51,709;51,709
8158;41,381;41,381;41,381;41,381;41,381;41,381;41,381;41,381;41,381;41,381
8159;18,941;18,941;18,941;18,941;18,941;18,941;18,941;18,941;18,941;18,941
8160;18,941;18,941;18,941;18,941;18,941;18,941;18,941;18,941;18,941;18,941
8161;18,941;18,941;18,941;18,941;18,941;18,941;18,941;18,941;18,941;18,941
8162;17,101;17,101;17,101;17,101;17,101;17,101;17,101;17,101;17,101;17,101
8163;17,101;17,101;17,101;17,101;17,101;17,101;17,101;17,101;17,101;17,101
8164;41,381;41,381;41,381;41,381;41,381;41,381;41,381;41,381;41,381;41,381
8165;34,165;34,165;34,165;34,165;34,165;34,165;34,165;34,165;34,165;34,165
8166;51,465;51,465;51,465;51,465;51,465;51,465;51,465;51,465;51,465;51,465
8167;63,629;63,629;63,629;63,629;63,629;63,629;63,629;63,629;63,629;63,629
8168;52,661;52,661;52,661;52,661;52,661;52,661;52,661;52,661;52,661;52,661
8169;56,951;56,951;56,951;56,951;56,951;56,951;56,951;56,951;56,951;56,951
8170;57,119;57,119;57,119;57,119;57,119;57,119;57,119;57,119;57,119;57,119
8171;52,259;52,259;52,259;52,259;52,259;52,259;52,259;52,259;52,259;52,259
8172;42,623;42,623;42,623;42,623;42,623;42,623;42,623;42,623;42,623;42,623
8173;43,487;43,487;43,487;43,487;43,487;43,487;43,487;43,487;43,487;43,487
8174;41,327;41,327;41,327;41,327;41,327;41,327;41,327;41,327;41,327;41,327
8175;48,127;48,127;48,127;48,127;48,127;48,127;48,127;48,127;48,127;48,127
8176;55,167;55,167;55,167;55,167;55,167;55,167;55,167;55,167;55,167;55,167
8177;72,387;72,387;72,387;72,387;72,387;72,387;72,387;72,387;72,387;72,387
8178;80,067;80,067;80,067;80,067;80,067;80,067;80,067;80,067;80,067;80,067
8179;69,965;69,965;69,965;69,965;69,965;69,965;69,965;69,965;69,965;69,965
8180;51,829;51,829;51,829;51,829;51,829;51,829;51,829;51,829;51,829;51,829
8181;51,709;51,709;51,709;51,709;51,709;51,709;51,709;51,709;51,709;51,709
8182;41,381;41,381;41,381;41,381;41,381;41,381;41,381;41,381;41,381;41,381
8183;18,941;18,941;18,941;18,941;18,941;18,941;18,941;18,941;18,941;18,941
8184;18,941;18,941;18,941;18,941;18,941;18,941;18,941;18,941;18,941;18,941
8185;18,941;18,941;18,941;18,941;18,941;18,941;18,941;18,941;18,941;18,941
8186;17,101;17,101;17,101;17,101;17,101;17,101;17,101;17,101;17,101;17,101
8187;17,101;17,101;17,101;17,101;17,101;17,101;17,101;17,101;17,101;17,101
8188;41,381;41,381;41,381;41,381;41,381;41,381;41,381;41,381;41,381;41,381
8189;34,165;34,165;34,165;34,165;34,165;34,165;34,165;34,165;34,165;34,165
8190;51,465;51,465;51,465;51,465;51,465;51,465;51,465;51,465;51,465;51,465
8191;63,629;63,629;63,629;63,629;63,629;63,629;63,629;63,629;63,629;63,629
8192;52,661;52,661;52,661;52,661;52,661;52,661;52,661;52,661;52,661;52,661
8193;56,951;56,951;56,951;56,951;56,951;56,951;56,951;56,951;56,951;56,951
8194;57,119;57,119;57,119;57,119;57,119;57,119;57,119;57,119;57,119;57,119
8195;52,259;52,259;52,259;52,259;52,259;52,259;52,259;52,259;52,259;52,259
8196;42,623;42,623;42,623;42,623;42,623;42,623;42,623;42,623;42,623;42,623
8197;43,487;43,487;43,487;43,487;43,487;43,487;43,487;43,487;43,487;43,487
8198;41,327;41,327;41,327;41,327;41,327;41,327;41,327;41,327;41,327;41,327
8199;48,127;48,127;48,127;48,127;48,127;48,127;48,127;48,127;48,127;48,127
8200;55,167;55,167;55,167;55,167;55,167;55,167;55,167;55,167;55,167;55,167
8201;72,387;72,387;72,387;72,387;72,387;72,387;72,387;72,387;72,387;72,387
8202;80,067;80,067;80,067;80,067;80,067;80,067;80,067;80,067;80,067;80,067
8203;69,965;69,965;69,965;69,965;69,965;69,965;69,965;69,965;69,965;69,965
8204;51,829;51,829;51,829;51,829;51,829;51,829;51,829;51,829;51,829;51,829
8205;51,709;51,709;51,709;51,709;51,709;51,709;51,709;51,709;51,709;51,709
8206;41,381;41,381;41,381;41,381;41,381;41,381;41,381;41,381;41,381;41,381
8207;18,941;18,941;18,941;18,941;18,941;18,941;18,941;18,941;18,941;18,941
8208;18,941;18,941;18,941;18,941;18,941;18,941;18,941;18,941;18,941;18,941
8209;18,941;18,941;18,941;18,941;18,941;18,941;18,941;18,941;18,941;18,941
8210;17,101;17,101;17,101;17,101;17,101;17,101;17,101;17,101;17,101;17,101
8211;17,101;17,101;17,101;17,101;17,101;17,101;17,101;17,101;17,101;17,101
8212;41,381;41,381;41,381;41,381;41,381;41,381;41,381;41,381;41,381;41,381
8213;34,165;34,165;34,165;34,165;34,165;34,165;34,165;34,165;34,165;34,165
8214;51,465;51,465;51,465;51,465;51,465;51,465;51,465;51,465;51,465;51,465
8215;63,629;63,629;63,629;63,629;63,629;63,629;63,629;63,629;63,629;63,629
8216;52,661;52,661;52,661;52,661;52,661;52,661;52,661;52,661;52,661;52,661
8217;56,951;56,951;56,951;56,951;56,951;56,951;56,951;56,951;56,951;56,951
8218;57,119;57,119;57,119;57,119;57,119;57,119;57,119;57,119;57,119;57,119
8219;52,259;52,259;52,259;52,259;52,259;52,259;52,259;52,259;52,259;52,259
8220;42,623;42,623;42,623;42,623;42,623;42,623;42,623;42,623;42,623;42,623
8221;43,487;43,487;43,487;43,487;43,487;43,487;43,487;43,487;43,487;43,487
8222;41,327;41,327;41,327;41,327;41,327;41,327;41,327;41,327;41,327;41,327
8223;48,127;48,127;48,127;48,127;48,127;48,127;48,127;48,127;48,127;48,127
8224;55,167;55,167;55,167;55,167;55,167;55,167;55,167;55,167;55,167;55,167
8225;72,387;72,387;72,387;72,387;72,387;72,387;72,387;72,387;72,387;72,387
8226;80,067;80,067;80,067;80,067;80,067;80,067;80,067;80,067;80,067;80,067
8227;69,965;69,965;69,965;69,965;69,965;69,965;69,965;69,965;69,965;69,965
8228;51,829;51,829;51,829;51,829;51,829;51,829;51,829;51,829;51,829;51,829
8229;51,709;51,709;51,709;51,709;51,709;51,709;51,709;51,709;51,709;51,709
8230;41,381;41,381;41,381;41,381;41,381;41,381;41,381;41,381;41,381;41,381
8231;18,941;18,941;18,941;18,941;18,941;18,941;18,941;18,941;18,941;18,941
8232;18,941;18,941;18,941;18,941;18,941;18,941;18,941;18,941;18,941;18,941
8233;18,941;18,941;18,941;18,941;18,941;18,941;18,941;18,941;18,941;18,941
8234;17,101;17,101;17,101;17,101;17,101;17,101;17,101;17,101;17,101;17,101
8235;17,101;17,101;17,101;17,101;17,101;17,101;17,101;17,101;17,101;17,101
8236;41,381;41,381;41,381;41,381;41,381;41,381;41,381;41,381;41,381;41,381
8237;34,165;34,165;34,165;34,165;34,165;34,165;34,165;34,165;34,165;34,165
8238;51,465;51,465;51,465;51,465;51,465;51,465;51,465;51,465;51,465;51,465
8239;63,629;63,629;63,629;63,629;63,629;63,629;63,629;63,629;63,629;63,629
8240;52,661;52,661;52,661;52,661;52,661;52,661;52,661;52,661;52,661;52,661
8241;56,951;56,951;56,951;56,951;56,951;56,951;56,951;56,951;56,951;56,951
8242;57,119;57,119;57,119;57,119;57,119;57,119;57,119;57,119;57,119;57,119
8243;52,259;52,259;52,259;52,259;52,259;52,259;52,259;52,259;52,259;52,259
8244;42,623;42,623;42,623;42,623;42,623;42,623;42,623;42,623;42,623;42,623
8245;43,487;43,487;43,487;43,487;43,487;43,487;43,487;43,487;43,487;43,487
8246;41,327;41,327;41,327;41,327;41,327;41,327;41,327;41,327;41,327;41,327
8247;48,127;48,127;48,127;48,127;48,127;48,127;48,127;48,127;48,127;48,127
8248;55,167;55,167;55,167;55,167;55,167;55,167;55,167;55,167;55,167;55,167
8249;72,387;72,387;72,387;72,387;72,387;72,387;72,387;72,387;72,387;72,387
8250;80,067;80,067;80,067;80,067;80,067;80,067;80,067;80,067;80,067;80,067
8251;69,965;69,965;69,965;69,965;69,965;69,965;69,965;69,965;69,965;69,965
8252;51,829;51,829;51,829;51,829;51,829;51,829;51,829;51,829;51,829;51,829
8253;51,709;51,709;51,709;51,709;51,709;51,709;51,709;51,709;51,709;51,709
8254;41,381;41,381;41,381;41,381;41,381;41,381;41,381;41,381;41,381;41,381
8255;18,941;18,941;18,941;18,941;18,941;18,941;18,941;18,941;18,941;18,941
8256;18,941;18,941;18,941;18,941;18,941;18,941;18,941;18,941;18,941;18,941
8257;18,941;18,941;18,941;18,941;18,941;18,941;18,941;18,941;18,941;18,941
8258;17,101;17,101;17,101;17,101;17,101;17,101;17,101;17,101;17,101;17,101
8259;17,101;17,101;17,101;17,101;17,101;17,101;17,101;17,101;17,101;17,101
8260;41,381;41,381;41,381;41,381;41,381;41,381;41,381;41,381;41,381;41,381
8261;34,165;34,165;34,165;34,165;34,165;34,165;34,165;34,165;34,165;34,165
8262;51,465;51,465;51,465;51,465;51,465;51,465;51,465;51,465;51,465;51,465
8263;63,629;63,629;63,629;63,629;63,629;63,629;63,629;63,629;63,629;63,629
8264;52,661;52,661;52,661;52,661;52,661;52,661;52,661;52,661;52,661;52,661
8265;56,951;56,951;56,951;56,951;56,951;56,951;56,951;56,951;56,951;56,951
8266;57,119;57,119;57,119;57,119;57,119;57,119;57,119;57,119;57,119;57,119
8267;52,259;52,259;52,259;52,259;52,259;52,259;52,259;52,259;52,259;52,259
8268;42,623;42,623;42,623;42,623;42,623;42,623;42,623;42,623;42,623;42,623
8269;43,487;43,487;43,487;43,487;43,487;43,487;43,487;43,487;43,487;43,487
8270;41,327;41,327;41,327;41,327;41,327;41,327;41,327;41,327;41,327;41,327
8271;48,127;48,127;48,127;48,127;48,127;48,127;48,127;48,127;48,127;48,127
8272;55,167;55,167;55,167;55,167;55,167;55,167;55,167;55,167;55,167;55,167
8273;72,387;72,387;72,387;72,387;72,387;72,387;72,387;72,387;72,387;72,387
8274;80,067;80,067;80,067;80,067;80,067;80,067;80,067;80,067;80,067;80,067
8275;69,965;69,965;69,965;69,965;69,965;69,965;69,965;69,965;69,965;69,965
8276;51,829;51,829;51,829;51,829;51,829;51,829;51,829;51,829;51,829;51,829
8277;51,709;51,709;51,709;51,709;51,709;51,709;51,709;51,709;51,709;51,709
8278;41,381;41,381;41,381;41,381;41,381;41,381;41,381;41,381;41,381;41,381
8279;18,941;18,941;18,941;18,941;18,941;18,941;18,941;18,941;18,941;18,941
8280;18,941;18,941;18,941;18,941;18,941;18,941;18,941;18,941;18,941;18,941
8281;18,941;18,941;18,941;18,941;18,941;18,941;18,941;18,941;18,941;18,941
8282;17,101;17,101;17,101;17,101;17,101;17,101;17,101;17,101;17,101;17,101
8283;17,101;17,101;17,101;17,101;17,101;17,101;17,101;17,101;17,101;17,101
8284;41,381;41,381;41,381;41,381;41,381;41,381;41,381;41,381;41,381;41,381
8285;34,165;34,165;34,165;34,165;34,165;34,165;34,165;34,165;34,165;34,165
8286;51,465;51,465;51,465;51,465;51,465;51,465;51,465;51,465;51,465;51,465
8287;63,629;63,629;63,629;63,629;63,629;63,629;63,629;63,629;63,629;63,629
8288;52,661;52,661;52,661;52,661;52,661;52,661;52,661;52,661;52,661;52,661
8289;56,951;56,951;56,951;56,951;56,951;56,951;56,951;56,951;56,951;56,951
8290;57,119;57,119;57,119;57,119;57,119;57,119;57,119;57,119;57,119;57,119
8291;52,259;52,259;52,259;52,259;52,259;52,259;52,259;52,259;52,259;52,259
8292;42,623;42,623;42,623;42,623;42,623;42,623;42,623;42,623;42,623;42,623
8293;43,487;43,487;43,487;43,487;43,487;43,487;43,487;43,487;43,487;43,487
8294;41,327;41,327;41,327;41,327;41,327;41,327;41,327;41,327;41,327;41,327
8295;48,127;48,127;48,127;48,127;48,127;48,127;48,127;48,127;48,127;48,127
8296;55,167;55,167;55,167;55,167;55,167;55,167;55,167;55,167;55,167;55,167
8297;72,387;72,387;72,387;72,387;72,387;72,387;72,387;72,387;72,387;72,387
8298;80,067;80,067;80,067;80,067;80,067;80,067;80,067;80,067;80,067;80,067
8299;69,965;69,965;69,965;69,965;69,965;69,965;69,965;69,965;69,965;69,965
8300;51,829;51,829;51,829;51,829;51,829;51,829;51,829;51,829;51,829;51,829
8301;51,709;51,709;51,709;51,709;51,709;51,709;51,709;51,709;51,709;51,709
8302;41,381;41,381;41,381;41,381;41,381;41,381;41,381;41,381;41,381;41,381
8303;18,941;18,941;18,941;18,941;18,941;18,941;18,941;18,941;18,941;18,941
8304;18,941;18,941;18,941;18,941;18,941;18,941;18,941;18,941;18,941;18,941
8305;18,941;18,941;18,941;18,941;18,941;18,941;18,941;18,941;18,941;18,941
8306;17,101;17,101;17,101;17,101;17,101;17,101;17,101;17,101;17,101;17,101
8307;17,101;17,101;17,101;17,101;17,101;17,101;17,101;17,101;17,101;17,101
8308;41,381;41,381;41,381;41,381;41,381;41,381;41,381;41,381;41,381;41,381
8309;34,165;34,165;34,165;34,165;34,165;34,165;34,165;34,165;34,165;34,165
8310;51,465;51,465;51,465;51,465;51,465;51,465;51,465;51,465;51,465;51,465
8311;63,629;63,629;63,629;63,629;63,629;63,629;63,629;63,629;63,629;63,629
8312;52,661;52,661;52,661;52,661;52,661;52,661;52,661;52,661;52,661;52,661
8313;56,951;56,951;56,951;56,951;56,951;56,951;56,951;56,951;56,951;56,951
8314;57,119;57,119;57,119;57,119;57,119;57,119;57,119;57,119;57,119;57,119
8315;52,259;52,259;52,259;52,259;52,259;52,259;52,259;52,259;52,259;52,259
8316;42,623;42,623;42,623;42,623;42,623;42,623;42,623;42,623;42,623;42,623
8317;43,487;43,487;43,487;43,487;43,487;43,487;43,487;43,487;43,487;43,487
8318;41,327;41,327;41,327;41,327;41,327;41,327;41,327;41,327;41,327;41,327
8319;48,127;48,127;48,127;48,127;48,127;48,127;48,127;48,127;48,127;48,127
8320;55,167;55,167;55,167;55,167;55,167;55,167;55,167;55,167;55,167;55,167
8321;72,387;72,387;72,387;72,387;72,387;72,387;72,387;72,387;72,387;72,387
8322;80,067;80,067;80,067;80,067;80,067;80,067;80,067;80,067;80,067;80,067
8323;69,965;69,965;69,965;69,965;69,965;69,965;69,965;69,965;69,965;69,965
8324;51,829;51,829;51,829;51,829;51,829;51,829;51,829;51,829;51,829;51,829
8325;51,709;51,709;51,709;51,709;51,709;51,709;51,709;51,709;51,709;51,709
8326;41,381;41,381;41,381;41,381;41,381;41,381;41,381;41,381;41,381;41,381
8327;18,941;18,941;18,941;18,941;18,941;18,941;18,941;18,941;18,941;18,941
8328;18,941;18,941;18,941;18,941;18,941;18,941;18,941;18,941;18,941;18,941
8329;18,941;18,941;18,941;18,941;18,941;18,941;18,941;18,941;18,941;18,941
8330;17,101;17,101;17,101;17,101;17,101;17,101;17,101;17,101;17,101;17,101
8331;17,101;17,101;17,101;17,101;17,101;17,101;17,101;17,101;17,101;17,101
8332;41,381;41,381;41,381;41,381;41,381;41,381;41,381;41,381;41,381;41,381
8333;34,165;34,165;34,165;34,165;34,165;34,165;34,165;34,165;34,165;34,165
8334;51,465;51,465;51,465;51,465;51,465;51,465;51,465;51,465;51,465;51,465
8335;63,629;63,629;63,629;63,629;63,629;63,629;63,629;63,629;63,629;63,629
8336;52,661;52,661;52,661;52,661;52,661;52,661;52,661;52,661;52,661;52,661
8337;56,951;56,951;56,951;56,951;56,951;56,951;56,951;56,951;56,951;56,951
8338;57,119;57,119;57,119;57,119;57,119;57,119;57,119;57,119;57,119;57,119
8339;52,259;52,259;52,259;52,259;52,259;52,259;52,259;52,259;52,259;52,259
8340;42,623;42,623;42,623;42,623;42,623;42,623;42,623;42,623;42,623;42,623
8341;43,487;43,487;43,487;43,487;43,487;43,487;43,487;43,487;43,487;43,487
8342;41,327;41,327;41,327;41,327;41,327;41,327;41,327;41,327;41,327;41,327
8343;48,127;48,127;48,127;48,127;48,127;48,127;48,127;48,127;48,127;48,127
8344;55,167;55,167;55,167;55,167;55,167;55,167;55,167;55,167;55,167;55,167
8345;72,387;72,387;72,387;72,387;72,387;72,387;72,387;72,387;72,387;72,387
8346;80,067;80,067;80,067;80,067;80,067;80,067;80,067;80,067;80,067;80,067
8347;69,965;69,965;69,965;69,965;69,965;69,965;69,965;69,965;69,965;69,965
8348;51,829;51,829;51,829;51,829;51,829;51,829;51,829;51,829;51,829;51,829
8349;51,709;51,709;51,709;51,709;51,709;51,709;51,709;51,709;51,709;51,709
8350;41,381;41,381;41,381;41,381;41,381;41,381;41,381;41,381;41,381;41,381
8351;18,941;18,941;18,941;18,941;18,941;18,941;18,941;18,941;18,941;18,941
8352;18,941;18,941;18,941;18,941;18,941;18,941;18,941;18,941;18,941;18,941
8353;18,941;18,941;18,941;18,941;18,941;18,941;18,941;18,941;18,941;18,941
8354;17,101;17,101;17,101;17,101;17,101;17,101;17,101;17,101;17,101;17,101
8355;17,101;17,101;17,101;17,101;17,101;17,101;17,101;17,101;17,101;17,101
8356;41,381;41,381;41,381;41,381;41,381;41,381;41,381;41,381;41,381;41,381
8357;34,165;34,165;34,165;34,165;34,165;34,165;34,165;34,165;34,165;34,165
8358;51,465;51,465;51,465;51,465;51,465;51,465;51,465;51,465;51,465;51,465
8359;63,629;63,629;63,629;63,629;63,629;63,629;63,629;63,629;63,629;63,629
8360;52,661;52,661;52,661;52,661;52,661;52,661;52,661;52,661;52,661;52,661
8361;56,951;56,951;56,951;56,951;56,951;56,951;56,951;56,951;56,951;56,951
8362;57,119;57,119;57,119;57,119;57,119;57,119;57,119;57,119;57,119;57,119
8363;52,259;52,259;52,259;52,259;52,259;52,259;52,259;52,259;52,259;52,259
8364;42,623;42,623;42,623;42,623;42,623;42,623;42,623;42,623;42,623;42,623
8365;43,487;43,487;43,487;43,487;43,487;43,487;43,487;43,487;43,487;43,487
8366;41,327;41,327;41,327;41,327;41,327;41,327;41,327;41,327;41,327;41,327
8367;48,127;48,127;48,127;48,127;48,127;48,127;48,127;48,127;48,127;48,127
8368;55,167;55,167;55,167;55,167;55,167;55,167;55,167;55,167;55,167;55,167
8369;72,387;72,387;72,387;72,387;72,387;72,387;72,387;72,387;72,387;72,387
8370;80,067;80,067;80,067;80,067;80,067;80,067;80,067;80,067;80,067;80,067
8371;69,965;69,965;69,965;69,965;69,965;69,965;69,965;69,965;69,965;69,965
8372;51,829;51,829;51,829;51,829;51,829;51,829;51,829;51,829;51,829;51,829
8373;51,709;51,709;51,709;51,709;51,709;51,709;51,709;51,709;51,709;51,709
8374;41,381;41,381;41,381;41,381;41,381;41,381;41,381;41,381;41,381;41,381
8375;18,941;18,941;18,941;18,941;18,941;18,941;18,941;18,941;18,941;18,941
8376;18,941;18,941;18,941;18,941;18,941;18,941;18,941;18,941;18,941;18,941
8377;18,941;18,941;18,941;18,941;18,941;18,941;18,941;18,941;18,941;18,941
8378;17,101;17,101;17,101;17,101;17,101;17,101;17,101;17,101;17,101;17,101
8379;17,101;17,101;17,101;17,101;17,101;17,101;17,101;17,101;17,101;17,101
8380;41,381;41,381;41,381;41,381;41,381;41,381;41,381;41,381;41,381;41,381
8381;34,165;34,165;34,165;34,165;34,165;34,165;34,165;34,165;34,165;34,165
8382;51,465;51,465;51,465;51,465;51,465;51,465;51,465;51,465;51,465;51,465
8383;63,629;63,629;63,629;63,629;63,629;63,629;63,629;63,629;63,629;63,629
8384;52,661;52,661;52,661;52,661;52,661;52,661;52,661;52,661;52,661;52,661
8385;56,951;56,951;56,951;56,951;56,951;56,951;56,951;56,951;56,951;56,951
8386;57,119;57,119;57,119;57,119;57,119;57,119;57,119;57,119;57,119;57,119
8387;52,259;52,259;52,259;52,259;52,259;52,259;52,259;52,259;52,259;52,259
8388;42,623;42,623;42,623;42,623;42,623;42,623;42,623;42,623;42,623;42,623
8389;43,487;43,487;43,487;43,487;43,487;43,487;43,487;43,487;43,487;43,487
8390;41,327;41,327;41,327;41,327;41,327;41,327;41,327;41,327;41,327;41,327
8391;48,127;48,127;48,127;48,127;48,127;48,127;48,127;48,127;48,127;48,127
8392;55,167;55,167;55,167;55,167;55,167;55,167;55,167;55,167;55,167;55,167
8393;72,387;72,387;72,387;72,387;72,387;72,387;72,387;72,387;72,387;72,387
8394;80,067;80,067;80,067;80,067;80,067;80,067;80,067;80,067;80,067;80,067
8395;69,965;69,965;69,965;69,965;69,965;69,965;69,965;69,965;69,965;69,965
8396;51,829;51,829;51,829;51,829;51,829;51,829;51,829;51,829;51,829;51,829
8397;51,709;51,709;51,709;51,709;51,709;51,709;51,709;51,709;51,709;51,709
8398;41,381;41,381;41,381;41,381;41,381;41,381;41,381;41,381;41,381;41,381
8399;18,941;18,941;18,941;18,941;18,941;18,941;18,941;18,941;18,941;18,941
8400;18,941;18,941;18,941;18,941;18,941;18,941;18,941;18,941;18,941;18,941
8401;18,941;18,941;18,941;18,941;18,941;18,941;18,941;18,941;18,941;18,941
8402;17,101;17,101;17,101;17,101;17,101;17,101;17,101;17,101;17,101;17,101
8403;17,101;17,101;17,101;17,101;17,101;17,101;17,101;17,101;17,101;17,101
8404;41,381;41,381;41,381;41,381;41,381;41,381;41,381;41,381;41,381;41,381
8405;34,165;34,165;34,165;34,165;34,165;34,165;34,165;34,165;34,165;34,165
8406;51,465;51,465;51,465;51,465;51,465;51,465;51,465;51,465;51,465;51,465
8407;63,629;63,629;63,629;63,629;63,629;63,629;63,629;63,629;63,629;63,629
8408;52,661;52,661;52,661;52,661;52,661;52,661;52,661;52,661;52,661;52,661
8409;56,951;56,951;56,951;56,951;56,951;56,951;56,951;56,951;56,951;56,951
8410;57,119;57,119;57,119;57,119;57,119;57,119;57,119;57,119;57,119;57,119
8411;52,259;52,259;52,259;52,259;52,259;52,259;52,259;52,259;52,259;52,259
8412;42,623;42,623;42,623;42,623;42,623;42,623;42,623;42,623;42,623;42,623
8413;43,487;43,487;43,487;43,487;43,487;43,487;43,487;43,487;43,487;43,487
8414;41,327;41,327;41,327;41,327;41,327;41,327;41,327;41,327;41,327;41,327
8415;48,127;48,127;48,127;48,127;48,127;48,127;48,127;48,127;48,127;48,127
8416;55,167;55,167;55,167;55,167;55,167;55,167;55,167;55,167;55,167;55,167
8417;72,387;72,387;72,387;72,387;72,387;72,387;72,387;72,387;72,387;72,387
8418;80,067;80,067;80,067;80,067;80,067;80,067;80,067;80,067;80,067;80,067
8419;69,965;69,965;69,965;69,965;69,965;69,965;69,965;69,965;69,965;69,965
8420;51,829;51,829;51,829;51,829;51,829;51,829;51,829;51,829;51,829;51,829
8421;51,709;51,709;51,709;51,709;51,709;51,709;51,709;51,709;51,709;51,709
8422;41,381;41,381;41,381;41,381;41,381;41,381;41,381;41,381;41,381;41,381
8423;18,941;18,941;18,941;18,941;18,941;18,941;18,941;18,941;18,941;18,941
8424;18,941;18,941;18,941;18,941;18,941;18,941;18,941;18,941;18,941;18,941
8425;18,941;18,941;18,941;18,941;18,941;18,941;18,941;18,941;18,941;18,941
8426;17,101;17,101;17,101;17,101;17,101;17,101;17,101;17,101;17,101;17,101
8427;17,101;17,101;17,101;17,101;17,101;17,101;17,101;17,101;17,101;17,101
8428;41,381;41,381;41,381;41,381;41,381;41,381;41,381;41,381;41,381;41,381
8429;34,165;34,165;34,165;34,165;34,165;34,165;34,165;34,165;34,165;34,165
8430;51,465;51,465;51,465;51,465;51,465;51,465;51,465;51,465;51,465;51,465
8431;63,629;63,629;63,629;63,629;63,629;63,629;63,629;63,629;63,629;63,629
8432;52,661;52,661;52,661;52,661;52,661;52,661;52,661;52,661;52,661;52,661
8433;56,951;56,951;56,951;56,951;56,951;56,951;56,951;56,951;56,951;56,951
8434;57,119;57,119;57,119;57,119;57,119;57,119;57,119;57,119;57,119;57,119
8435;52,259;52,259;52,259;52,259;52,259;52,259;52,259;52,259;52,259;52,259
8436;42,623;42,623;42,623;42,623;42,623;42,623;42,623;42,623;42,623;42,623
8437;43,487;43,487;43,487;43,487;43,487;43,487;43,487;43,487;43,487;43,487
8438;41,327;41,327;41,327;41,327;41,327;41,327;41,327;41,327;41,327;41,327
8439;48,127;48,127;48,127;48,127;48,127;48,127;48,127;48,127;48,127;48,127
8440;55,167;55,167;55,167;55,167;55,167;55,167;55,167;55,167;55,167;55,167
8441;72,387;72,387;72,387;72,387;72,387;72,387;72,387;72,387;72,387;72,387
8442;80,067;80,067;80,067;80,067;80,067;80,067;80,067;80,067;80,067;80,067
8443;69,965;69,965;69,965;69,965;69,965;69,965;69,965;69,965;69,965;69,965
8444;51,829;51,829;51,829;51,829;51,829;51,829;51,829;51,829;51,829;51,829
8445;51,709;51,709;51,709;51,709;51,709;51,709;51,709;51,709;51,709;51,709
8446;41,381;41,381;41,381;41,381;41,381;41,381;41,381;41,381;41,381;41,381
8447;18,941;18,941;18,941;18,941;18,941;18,941;18,941;18,941;18,941;18,941
8448;18,941;18,941;18,941;18,941;18,941;18,941;18,941;18,941;18,941;18,941
8449;18,941;18,941;18,941;18,941;18,941;18,941;18,941;18,941;18,941;18,941
8450;17,101;17,101;17,101;17,101;17,101;17,101;17,101;17,101;17,101;17,101
8451;17,101;17,101;17,101;17,101;17,101;17,101;17,101;17,101;17,101;17,101
8452;41,381;41,381;41,381;41,381;41,381;41,381;41,381;41,381;41,381;41,381
8453;34,165;34,165;34,165;34,165;34,165;34,165;34,165;34,165;34,165;34,165
8454;51,465;51,465;51,465;51,465;51,465;51,465;51,465;51,465;51,465;51,465
8455;63,629;63,629;63,629;63,629;63,629;63,629;63,629;63,629;63,629;63,629
8456;52,661;52,661;52,661;52,661;52,661;52,661;52,661;52,661;52,661;52,661
8457;56,951;56,951;56,951;56,951;56,951;56,951;56,951;56,951;56,951;56,951
8458;57,119;57,119;57,119;57,119;57,119;57,119;57,119;57,119;57,119;57,119
8459;52,259;52,259;52,259;52,259;52,259;52,259;52,259;52,259;52,259;52,259
8460;42,623;42,623;42,623;42,623;42,623;42,623;42,623;42,623;42,623;42,623
8461;43,487;43,487;43,487;43,487;43,487;43,487;43,487;43,487;43,487;43,487
8462;41,327;41,327;41,327;41,327;41,327;41,327;41,327;41,327;41,327;41,327
8463;48,127;48,127;48,127;48,127;48,127;48,127;48,127;48,127;48,127;48,127
8464;55,167;55,167;55,167;55,167;55,167;55,167;55,167;55,167;55,167;55,167
8465;72,387;72,387;72,387;72,387;72,387;72,387;72,387;72,387;72,387;72,387
8466;80,067;80,067;80,067;80,067;80,067;80,067;80,067;80,067;80,067;80,067
8467;69,965;69,965;69,965;69,965;69,965;69,965;69,965;69,965;69,965;69,965
8468;51,829;51,829;51,829;51,829;51,829;51,829;51,829;51,829;51,829;51,829
8469;51,709;51,709;51,709;51,709;51,709;51,709;51,709;51,709;51,709;51,709
8470;41,381;41,381;41,381;41,381;41,381;41,381;41,381;41,381;41,381;41,381
8471;18,941;18,941;18,941;18,941;18,941;18,941;18,941;18,941;18,941;18,941
8472;18,941;18,941;18,941;18,941;18,941;18,941;18,941;18,941;18,941;18,941
8473;18,941;18,941;18,941;18,941;18,941;18,941;18,941;18,941;18,941;18,941
8474;17,101;17,101;17,101;17,101;17,101;17,101;17,101;17,101;17,101;17,101
8475;17,101;17,101;17,101;17,101;17,101;17,101;17,101;17,101;17,101;17,101
8476;41,381;41,381;41,381;41,381;41,381;41,381;41,381;41,381;41,381;41,381
8477;34,165;34,165;34,165;34,165;34,165;34,165;34,165;34,165;34,165;34,165
8478;51,465;51,465;51,465;51,465;51,465;51,465;51,465;51,465;51,465;51,465
8479;63,629;63,629;63,629;63,629;63,629;63,629;63,629;63,629;63,629;63,629
8480;52,661;52,661;52,661;52,661;52,661;52,661;52,661;52,661;52,661;52,661
8481;56,951;56,951;56,951;56,951;56,951;56,951;56,951;56,951;56,951;56,951
8482;57,119;57,119;57,119;57,119;57,119;57,119;57,119;57,119;57,119;57,119
8483;52,259;52,259;52,259;52,259;52,259;52,259;52,259;52,259;52,259;52,259
8484;42,623;42,623;42,623;42,623;42,623;42,623;42,623;42,623;42,623;42,623
8485;43,487;43,487;43,487;43,487;43,487;43,487;43,487;43,487;43,487;43,487
8486;41,327;41,327;41,327;41,327;41,327;41,327;41,327;41,327;41,327;41,327
8487;48,127;48,127;48,127;48,127;48,127;48,127;48,127;48,127;48,127;48,127
8488;55,167;55,167;55,167;55,167;55,167;55,167;55,167;55,167;55,167;55,167
8489;72,387;72,387;72,387;72,387;72,387;72,387;72,387;72,387;72,387;72,387
8490;80,067;80,067;80,067;80,067;80,067;80,067;80,067;80,067;80,067;80,067
8491;69,965;69,965;69,965;69,965;69,965;69,965;69,965;69,965;69,965;69,965
8492;51,829;51,829;51,829;51,829;51,829;51,829;51,829;51,829;51,829;51,829
8493;51,709;51,709;51,709;51,709;51,709;51,709;51,709;51,709;51,709;51,709
8494;41,381;41,381;41,381;41,381;41,381;41,381;41,381;41,381;41,381;41,381
8495;18,941;18,941;18,941;18,941;18,941;18,941;18,941;18,941;18,941;18,941
8496;18,941;18,941;18,941;18,941;18,941;18,941;18,941;18,941;18,941;18,941
8497;18,941;18,941;18,941;18,941;18,941;18,941;18,941;18,941;18,941;18,941
8498;17,101;17,101;17,101;17,101;17,101;17,101;17,101;17,101;17,101;17,101
8499;17,101;17,101;17,101;17,101;17,101;17,101;17,101;17,101;17,101;17,101
8500;41,381;41,381;41,381;41,381;41,381;41,381;41,381;41,381;41,381;41,381
8501;34,165;34,165;34,165;34,165;34,165;34,165;34,165;34,165;34,165;34,165
8502;51,465;51,465;51,465;51,465;51,465;51,465;51,465;51,465;51,465;51,465
8503;63,629;63,629;63,629;63,629;63,629;63,629;63,629;63,629;63,629;63,629
8504;52,661;52,661;52,661;52,661;52,661;52,661;52,661;52,661;52,661;52,661
8505;56,951;56,951;56,951;56,951;56,951;56,951;56,951;56,951;56,951;56,951
8506;57,119;57,119;57,119;57,119;57,119;57,119;57,119;57,119;57,119;57,119
8507;52,259;52,259;52,259;52,259;52,259;52,259;52,259;52,259;52,259;52,259
8508;42,623;42,623;42,623;42,623;42,623;42,623;42,623;42,623;42,623;42,623
8509;43,487;43,487;43,487;43,487;43,487;43,487;43,487;43,487;43,487;43,487
8510;41,327;41,327;41,327;41,327;41,327;41,327;41,327;41,327;41,327;41,327
8511;48,127;48,127;48,127;48,127;48,127;48,127;48,127;48,127;48,127;48,127
8512;55,167;55,167;55,167;55,167;55,167;55,167;55,167;55,167;55,167;55,167
8513;72,387;72,387;72,387;72,387;72,387;72,387;72,387;72,387;72,387;72,387
8514;80,067;80,067;80,067;80,067;80,067;80,067;80,067;80,067;80,067;80,067
8515;69,965;69,965;69,965;69,965;69,965;69,965;69,965;69,965;69,965;69,965
8516;51,829;51,829;51,829;51,829;51,829;51,829;51,829;51,829;51,829;51,829
8517;51,709;51,709;51,709;51,709;51,709;51,709;51,709;51,709;51,709;51,709
8518;41,381;41,381;41,381;41,381;41,381;41,381;41,381;41,381;41,381;41,381
8519;18,941;18,941;18,941;18,941;18,941;18,941;18,941;18,941;18,941;18,941
8520;18,941;18,941;18,941;18,941;18,941;18,941;18,941;18,941;18,941;18,941
8521;18,941;18,941;18,941;18,941;18,941;18,941;18,941;18,941;18,941;18,941
8522;17,101;17,101;17,101;17,101;17,101;17,101;17,101;17,101;17,101;17,101
8523;17,101;17,101;17,101;17,101;17,101;17,101;17,101;17,101;17,101;17,101
8524;41,381;41,381;41,381;41,381;41,381;41,381;41,381;41,381;41,381;41,381
8525;34,165;34,165;34,165;34,165;34,165;34,165;34,165;34,165;34,165;34,165
8526;51,465;51,465;51,465;51,465;51,465;51,465;51,465;51,465;51,465;51,465
8527;63,629;63,629;63,629;63,629;63,629;63,629;63,629;63,629;63,629;63,629
8528;52,661;52,661;52,661;52,661;52,661;52,661;52,661;52,661;52,661;52,661
8529;56,951;56,951;56,951;56,951;56,951;56,951;56,951;56,951;56,951;56,951
8530;57,119;57,119;57,119;57,119;57,119;57,119;57,119;57,119;57,119;57,119
8531;52,259;52,259;52,259;52,259;52,259;52,259;52,259;52,259;52,259;52,259
8532;42,623;42,623;42,623;42,623;42,623;42,623;42,623;42,623;42,623;42,623
8533;43,487;43,487;43,487;43,487;43,487;43,487;43,487;43,487;43,487;43,487
8534;41,327;41,327;41,327;41,327;41,327;41,327;41,327;41,327;41,327;41,327
8535;48,127;48,127;48,127;48,127;48,127;48,127;48,127;48,127;48,127;48,127
8536;55,167;55,167;55,167;55,167;55,167;55,167;55,167;55,167;55,167;55,167
8537;72,387;72,387;72,387;72,387;72,387;72,387;72,387;72,387;72,387;72,387
8538;80,067;80,067;80,067;80,067;80,067;80,067;80,067;80,067;80,067;80,067
8539;69,965;69,965;69,965;69,965;69,965;69,965;69,965;69,965;69,965;69,965
8540;51,829;51,829;51,829;51,829;51,829;51,829;51,829;51,829;51,829;51,829
8541;51,709;51,709;51,709;51,709;51,709;51,709;51,709;51,709;51,709;51,709
8542;41,381;41,381;41,381;41,381;41,381;41,381;41,381;41,381;41,381;41,381
8543;18,941;18,941;18,941;18,941;18,941;18,941;18,941;18,941;18,941;18,941
8544;18,941;18,941;18,941;18,941;18,941;18,941;18,941;18,941;18,941;18,941
8545;18,941;18,941;18,941;18,941;18,941;18,941;18,941;18,941;18,941;18,941
8546;17,101;17,101;17,101;17,101;17,101;17,101;17,101;17,101;17,101;17,101
8547;17,101;17,101;17,101;17,101;17,101;17,101;17,101;17,101;17,101;17,101
8548;41,381;41,381;41,381;41,381;41,381;41,381;41,381;41,381;41,381;41,381
8549;34,165;34,165;34,165;34,165;34,165;34,165;34,165;34,165;34,165;34,165
8550;51,465;51,465;51,465;51,465;51,465;51,465;51,465;51,465;51,465;51,465
8551;63,629;63,629;63,629;63,629;63,629;63,629;63,629;63,629;63,629;63,629
8552;52,661;52,661;52,661;52,661;52,661;52,661;52,661;52,661;52,661;52,661
8553;56,951;56,951;56,951;56,951;56,951;56,951;56,951;56,951;56,951;56,951
8554;57,119;57,119;57,119;57,119;57,119;57,119;57,119;57,119;57,119;57,119
8555;52,259;52,259;52,259;52,259;52,259;52,259;52,259;52,259;52,259;52,259
8556;42,623;42,623;42,623;42,623;42,623;42,623;42,623;42,623;42,623;42,623
8557;43,487;43,487;43,487;43,487;43,487;43,487;43,487;43,487;43,487;43,487
8558;41,327;41,327;41,327;41,327;41,327;41,327;41,327;41,327;41,327;41,327
8559;48,127;48,127;48,127;48,127;48,127;48,127;48,127;48,127;48,127;48,127
8560;55,167;55,167;55,167;55,167;55,167;55,167;55,167;55,167;55,167;55,167
8561;72,387;72,387;72,387;72,387;72,387;72,387;72,387;72,387;72,387;72,387
8562;80,067;80,067;80,067;80,067;80,067;80,067;80,067;80,067;80,067;80,067
8563;69,965;69,965;69,965;69,965;69,965;69,965;69,965;69,965;69,965;69,965
8564;51,829;51,829;51,829;51,829;51,829;51,829;51,829;51,829;51,829;51,829
8565;51,709;51,709;51,709;51,709;51,709;51,709;51,709;51,709;51,709;51,709
8566;41,381;41,381;41,381;41,381;41,381;41,381;41,381;41,381;41,381;41,381
8567;18,941;18,941;18,941;18,941;18,941;18,941;18,941;18,941;18,941;18,941
8568;18,941;18,941;18,941;18,941;18,941;18,941;18,941;18,941;18,941;18,941
8569;18,941;18,941;18,941;18,941;18,941;18,941;18,941;18,941;18,941;18,941
8570;17,101;17,101;17,101;17,101;17,101;17,101;17,101;17,101;17,101;17,101
8571;17,101;17,101;17,101;17,101;17,101;17,101;17,101;17,101;17,101;17,101
8572;41,381;41,381;41,381;41,381;41,381;41,381;41,381;41,381;41,381;41,381
8573;34,165;34,165;34,165;34,165;34,165;34,165;34,165;34,165;34,165;34,165
8574;51,465;51,465;51,465;51,465;51,465;51,465;51,465;51,465;51,465;51,465
8575;63,629;63,629;63,629;63,629;63,629;63,629;63,629;63,629;63,629;63,629
8576;52,661;52,661;52,661;52,661;52,661;52,661;52,661;52,661;52,661;52,661
8577;56,951;56,951;56,951;56,951;56,951;56,951;56,951;56,951;56,951;56,951
8578;57,119;57,119;57,119;57,119;57,119;57,119;57,119;57,119;57,119;57,119
8579;52,259;52,259;52,259;52,259;52,259;52,259;52,259;52,259;52,259;52,259
8580;42,623;42,623;42,623;42,623;42,623;42,623;42,623;42,623;42,623;42,623
8581;43,487;43,487;43,487;43,487;43,487;43,487;43,487;43,487;43,487;43,487
8582;41,327;41,327;41,327;41,327;41,327;41,327;41,327;41,327;41,327;41,327
8583;48,127;48,127;48,127;48,127;48,127;48,127;48,127;48,127;48,127;48,127
8584;55,167;55,167;55,167;55,167;55,167;55,167;55,167;55,167;55,167;55,167
8585;72,387;72,387;72,387;72,387;72,387;72,387;72,387;72,387;72,387;72,387
8586;80,067;80,067;80,067;80,067;80,067;80,067;80,067;80,067;80,067;80,067
8587;69,965;69,965;69,965;69,965;69,965;69,965;69,965;69,965;69,965;69,965
8588;51,829;51,829;51,829;51,829;51,829;51,829;51,829;51,829;51,829;51,829
8589;51,709;51,709;51,709;51,709;51,709;51,709;51,709;51,709;51,709;51,709
8590;41,381;41,381;41,381;41,381;41,381;41,381;41,381;41,381;41,381;41,381
8591;18,941;18,941;18,941;18,941;18,941;18,941;18,941;18,941;18,941;18,941
8592;18,941;18,941;18,941;18,941;18,941;18,941;18,941;18,941;18,941;18,941
8593;18,941;18,941;18,941;18,941;18,941;18,941;18,941;18,941;18,941;18,941
8594;17,101;17,101;17,101;17,101;17,101;17,101;17,101;17,101;17,101;17,101
8595;17,101;17,101;17,101;17,101;17,101;17,101;17,101;17,101;17,101;17,101
8596;41,381;41,381;41,381;41,381;41,381;41,381;41,381;41,381;41,381;41,381
8597;34,165;34,165;34,165;34,165;34,165;34,165;34,165;34,165;34,165;34,165
8598;51,465;51,465;51,465;51,465;51,465;51,465;51,465;51,465;51,465;51,465
8599;63,629;63,629;63,629;63,629;63,629;63,629;63,629;63,629;63,629;63,629
8600;52,661;52,661;52,661;52,661;52,661;52,661;52,661;52,661;52,661;52,661
8601;56,951;56,951;56,951;56,951;56,951;56,951;56,951;56,951;56,951;56,951
8602;57,119;57,119;57,119;57,119;57,119;57,119;57,119;57,119;57,119;57,119
8603;52,259;52,259;52,259;52,259;52,259;52,259;52,259;52,259;52,259;52,259
8604;42,623;42,623;42,623;42,623;42,623;42,623;42,623;42,623;42,623;42,623
8605;43,487;43,487;43,487;43,487;43,487;43,487;43,487;43,487;43,487;43,487
8606;41,327;41,327;41,327;41,327;41,327;41,327;41,327;41,327;41,327;41,327
8607;48,127;48,127;48,127;48,127;48,127;48,127;48,127;48,127;48,127;48,127
8608;55,167;55,167;55,167;55,167;55,167;55,167;55,167;55,167;55,167;55,167
8609;72,387;72,387;72,387;72,387;72,387;72,387;72,387;72,387;72,387;72,387
8610;80,067;80,067;80,067;80,067;80,067;80,067;80,067;80,067;80,067;80,067
8611;69,965;69,965;69,965;69,965;69,965;69,965;69,965;69,965;69,965;69,965
8612;51,829;51,829;51,829;51,829;51,829;51,829;51,829;51,829;51,829;51,829
8613;51,709;51,709;51,709;51,709;51,709;51,709;51,709;51,709;51,709;51,709
8614;41,381;41,381;41,381;41,381;41,381;41,381;41,381;41,381;41,381;41,381
8615;18,941;18,941;18,941;18,941;18,941;18,941;18,941;18,941;18,941;18,941
8616;18,941;18,941;18,941;18,941;18,941;18,941;18,941;18,941;18,941;18,941
8617;18,941;18,941;18,941;18,941;18,941;18,941;18,941;18,941;18,941;18,941
8618;17,101;17,101;17,101;17,101;17,101;17,101;17,101;17,101;17,101;17,101
8619;17,101;17,101;17,101;17,101;17,101;17,101;17,101;17,101;17,101;17,101
8620;41,381;41,381;41,381;41,381;41,381;41,381;41,381;41,381;41,381;41,381
8621;34,165;34,165;34,165;34,165;34,165;34,165;34,165;34,165;34,165;34,165
8622;51,465;51,465;51,465;51,465;51,465;51,465;51,465;51,465;51,465;51,465
8623;63,629;63,629;63,629;63,629;63,629;63,629;63,629;63,629;63,629;63,629
8624;52,661;52,661;52,661;52,661;52,661;52,661;52,661;52,661;52,661;52,661
8625;56,951;56,951;56,951;56,951;56,951;56,951;56,951;56,951;56,951;56,951
8626;57,119;57,119;57,119;57,119;57,119;57,119;57,119;57,119;57,119;57,119
8627;52,259;52,259;52,259;52,259;52,259;52,259;52,259;52,259;52,259;52,259
8628;42,623;42,623;42,623;42,623;42,623;42,623;42,623;42,623;42,623;42,623
8629;43,487;43,487;43,487;43,487;43,487;43,487;43,487;43,487;43,487;43,487
8630;41,327;41,327;41,327;41,327;41,327;41,327;41,327;41,327;41,327;41,327
8631;48,127;48,127;48,127;48,127;48,127;48,127;48,127;48,127;48,127;48,127
8632;55,167;55,167;55,167;55,167;55,167;55,167;55,167;55,167;55,167;55,167
8633;72,387;72,387;72,387;72,387;72,387;72,387;72,387;72,387;72,387;72,387
8634;80,067;80,067;80,067;80,067;80,067;80,067;80,067;80,067;80,067;80,067
8635;69,965;69,965;69,965;69,965;69,965;69,965;69,965;69,965;69,965;69,965
8636;51,829;51,829;51,829;51,829;51,829;51,829;51,829;51,829;51,829;51,829
8637;51,709;51,709;51,709;51,709;51,709;51,709;51,709;51,709;51,709;51,709
8638;41,381;41,381;41,381;41,381;41,381;41,381;41,381;41,381;41,381;41,381
8639;18,941;18,941;18,941;18,941;18,941;18,941;18,941;18,941;18,941;18,941
8640;18,941;18,941;18,941;18,941;18,941;18,941;18,941;18,941;18,941;18,941
8641;18,941;18,941;18,941;18,941;18,941;18,941;18,941;18,941;18,941;18,941
8642;17,101;17,101;17,101;17,101;17,101;17,101;17,101;17,101;17,101;17,101
8643;17,101;17,101;17,101;17,101;17,101;17,101;17,101;17,101;17,101;17,101
8644;41,381;41,381;41,381;41,381;41,381;41,381;41,381;41,381;41,381;41,381
8645;34,165;34,165;34,165;34,165;34,165;34,165;34,165;34,165;34,165;34,165
8646;51,465;51,465;51,465;51,465;51,465;51,465;51,465;51,465;51,465;51,465
8647;63,629;63,629;63,629;63,629;63,629;63,629;63,629;63,629;63,629;63,629
8648;52,661;52,661;52,661;52,661;52,661;52,661;52,661;52,661;52,661;52,661
8649;56,951;56,951;56,951;56,951;56,951;56,951;56,951;56,951;56,951;56,951
8650;57,119;57,119;57,119;57,119;57,119;57,119;57,119;57,119;57,119;57,119
8651;52,259;52,259;52,259;52,259;52,259;52,259;52,259;52,259;52,259;52,259
8652;42,623;42,623;42,623;42,623;42,623;42,623;42,623;42,623;42,623;42,623
8653;43,487;43,487;43,487;43,487;43,487;43,487;43,487;43,487;43,487;43,487
8654;41,327;41,327;41,327;41,327;41,327;41,327;41,327;41,327;41,327;41,327
8655;48,127;48,127;48,127;48,127;48,127;48,127;48,127;48,127;48,127;48,127
8656;55,167;55,167;55,167;55,167;55,167;55,167;55,167;55,167;55,167;55,167
8657;72,387;72,387;72,387;72,387;72,387;72,387;72,387;72,387;72,387;72,387
8658;80,067;80,067;80,067;80,067;80,067;80,067;80,067;80,067;80,067;80,067
8659;69,965;69,965;69,965;69,965;69,965;69,965;69,965;69,965;69,965;69,965
8660;51,829;51,829;51,829;51,829;51,829;51,829;51,829;51,829;51,829;51,829
8661;51,709;51,709;51,709;51,709;51,709;51,709;51,709;51,709;51,709;51,709
8662;41,381;41,381;41,381;41,381;41,381;41,381;41,381;41,381;41,381;41,381
8663;18,941;18,941;18,941;18,941;18,941;18,941;18,941;18,941;18,941;18,941
8664;18,941;18,941;18,941;18,941;18,941;18,941;18,941;18,941;18,941;18,941
8665;18,941;18,941;18,941;18,941;18,941;18,941;18,941;18,941;18,941;18,941
8666;17,101;17,101;17,101;17,101;17,101;17,101;17,101;17,101;17,101;17,101
8667;17,101;17,101;17,101;17,101;17,101;17,101;17,101;17,101;17,101;17,101
8668;41,381;41,381;41,381;41,381;41,381;41,381;41,381;41,381;41,381;41,381
8669;34,165;34,165;34,165;34,165;34,165;34,165;34,165;34,165;34,165;34,165
8670;51,465;51,465;51,465;51,465;51,465;51,465;51,465;51,465;51,465;51,465
8671;63,629;63,629;63,629;63,629;63,629;63,629;63,629;63,629;63,629;63,629
8672;52,661;52,661;52,661;52,661;52,661;52,661;52,661;52,661;52,661;52,661
8673;56,951;56,951;56,951;56,951;56,951;56,951;56,951;56,951;56,951;56,951
8674;57,119;57,119;57,119;57,119;57,119;57,119;57,119;57,119;57,119;57,119
8675;52,259;52,259;52,259;52,259;52,259;52,259;52,259;52,259;52,259;52,259
8676;42,623;42,623;42,623;42,623;42,623;42,623;42,623;42,623;42,623;42,623
8677;43,487;43,487;43,487;43,487;43,487;43,487;43,487;43,487;43,487;43,487
8678;41,327;41,327;41,327;41,327;41,327;41,327;41,327;41,327;41,327;41,327
8679;48,127;48,127;48,127;48,127;48,127;48,127;48,127;48,127;48,127;48,127
8680;55,167;55,167;55,167;55,167;55,167;55,167;55,167;55,167;55,167;55,167
8681;72,387;72,387;72,387;72,387;72,387;72,387;72,387;72,387;72,387;72,387
8682;80,067;80,067;80,067;80,067;80,067;80,067;80,067;80,067;80,067;80,067
8683;69,965;69,965;69,965;69,965;69,965;69,965;69,965;69,965;69,965;69,965
8684;51,829;51,829;51,829;51,829;51,829;51,829;51,829;51,829;51,829;51,829
8685;51,709;51,709;51,709;51,709;51,709;51,709;51,709;51,709;51,709;51,709
8686;41,381;41,381;41,381;41,381;41,381;41,381;41,381;41,381;41,381;41,381
8687;18,941;18,941;18,941;18,941;18,941;18,941;18,941;18,941;18,941;18,941
8688;18,941;18,941;18,941;18,941;18,941;18,941;18,941;18,941;18,941;18,941
8689;18,941;18,941;18,941;18,941;18,941;18,941;18,941;18,941;18,941;18,941
8690;17,101;17,101;17,101;17,101;17,101;17,101;17,101;17,101;17,101;17,101
8691;17,101;17,101;17,101;17,101;17,101;17,101;17,101;17,101;17,101;17,101
8692;41,381;41,381;41,381;41,381;41,381;41,381;41,381;41,381;41,381;41,381
8693;34,165;34,165;34,165;34,165;34,165;34,165;34,165;34,165;34,165;34,165
8694;51,465;51,465;51,465;51,465;51,465;51,465;51,465;51,465;51,465;51,465
8695;63,629;63,629;63,629;63,629;63,629;63,629;63,629;63,629;63,629;63,629
8696;52,661;52,661;52,661;52,661;52,661;52,661;52,661;52,661;52,661;52,661
8697;56,951;56,951;56,951;56,951;56,951;56,951;56,951;56,951;56,951;56,951
8698;57,119;57,119;57,119;57,119;57,119;57,119;57,119;57,119;57,119;57,119
8699;52,259;52,259;52,259;52,259;52,259;52,259;52,259;52,259;52,259;52,259
8700;42,623;42,623;42,623;42,623;42,623;42,623;42,623;42,623;42,623;42,623
8701;43,487;43,487;43,487;43,487;43,487;43,487;43,487;43,487;43,487;43,487
8702;41,327;41,327;41,327;41,327;41,327;41,327;41,327;41,327;41,327;41,327
8703;48,127;48,127;48,127;48,127;48,127;48,127;48,127;48,127;48,127;48,127
8704;55,167;55,167;55,167;55,167;55,167;55,167;55,167;55,167;55,167;55,167
8705;72,387;72,387;72,387;72,387;72,387;72,387;72,387;72,387;72,387;72,387
8706;80,067;80,067;80,067;80,067;80,067;80,067;80,067;80,067;80,067;80,067
8707;69,965;69,965;69,965;69,965;69,965;69,965;69,965;69,965;69,965;69,965
8708;51,829;51,829;51,829;51,829;51,829;51,829;51,829;51,829;51,829;51,829
8709;51,709;51,709;51,709;51,709;51,709;51,709;51,709;51,709;51,709;51,709
8710;41,381;41,381;41,381;41,381;41,381;41,381;41,381;41,381;41,381;41,381
8711;18,941;18,941;18,941;18,941;18,941;18,941;18,941;18,941;18,941;18,941
8712;18,941;18,941;18,941;18,941;18,941;18,941;18,941;18,941;18,941;18,941
8713;18,941;18,941;18,941;18,941;18,941;18,941;18,941;18,941;18,941;18,941
8714;17,101;17,101;17,101;17,101;17,101;17,101;17,101;17,101;17,101;17,101
8715;17,101;17,101;17,101;17,101;17,101;17,101;17,101;17,101;17,101;17,101
8716;41,381;41,381;41,381;41,381;41,381;41,381;41,381;41,381;41,381;41,381
8717;34,165;34,165;34,165;34,165;34,165;34,165;34,165;34,165;34,165;34,165
8718;51,465;51,465;51,465;51,465;51,465;51,465;51,465;51,465;51,465;51,465
8719;63,629;63,629;63,629;63,629;63,629;63,629;63,629;63,629;63,629;63,629
8720;52,661;52,661;52,661;52,661;52,661;52,661;52,661;52,661;52,661;52,661
8721;56,951;56,951;56,951;56,951;56,951;56,951;56,951;56,951;56,951;56,951
8722;57,119;57,119;57,119;57,119;57,119;57,119;57,119;57,119;57,119;57,119
8723;52,259;52,259;52,259;52,259;52,259;52,259;52,259;52,259;52,259;52,259
8724;42,623;42,623;42,623;42,623;42,623;42,623;42,623;42,623;42,623;42,623
8725;43,487;43,487;43,487;43,487;43,487;43,487;43,487;43,487;43,487;43,487
8726;41,327;41,327;41,327;41,327;41,327;41,327;41,327;41,327;41,327;41,327
8727;48,127;48,127;48,127;48,127;48,127;48,127;48,127;48,127;48,127;48,127
8728;55,167;55,167;55,167;55,167;55,167;55,167;55,167;55,167;55,167;55,167
8729;72,387;72,387;72,387;72,387;72,387;72,387;72,387;72,387;72,387;72,387
8730;80,067;80,067;80,067;80,067;80,067;80,067;80,067;80,067;80,067;80,067
8731;69,965;69,965;69,965;69,965;69,965;69,965;69,965;69,965;69,965;69,965
8732;51,829;51,829;51,829;51,829;51,829;51,829;51,829;51,829;51,829;51,829
8733;51,709;51,709;51,709;51,709;51,709;51,709;51,709;51,709;51,709;51,709
8734;41,381;41,381;41,381;41,381;41,381;41,381;41,381;41,381;41,381;41,381
8735;18,941;18,941;18,941;18,941;18,941;18,941;18,941;18,941;18,941;18,941
8736;18,941;18,941;18,941;18,941;18,941;18,941;18,941;18,941;18,941;18,941
8737;18,941;18,941;18,941;18,941;18,941;18,941;18,941;18,941;18,941;18,941
8738;17,101;17,101;17,101;17,101;17,101;17,101;17,101;17,101;17,101;17,101
8739;17,101;17,101;17,101;17,101;17,101;17,101;17,101;17,101;17,101;17,101
8740;41,381;41,381;41,381;41,381;41,381;41,381;41,381;41,381;41,381;41,381
8741;34,165;34,165;34,165;34,165;34,165;34,165;34,165;34,165;34,165;34,165
8742;51,465;51,465;51,465;51,465;51,465;51,465;51,465;51,465;51,465;51,465
8743;63,629;63,629;63,629;63,629;63,629;63,629;63,629;63,629;63,629;63,629
8744;52,661;52,661;52,661;52,661;52,661;52,661;52,661;52,661;52,661;52,661
8745;56,951;56,951;56,951;56,951;56,951;56,951;56,951;56,951;56,951;56,951
8746;57,119;57,119;57,119;57,119;57,119;57,119;57,119;57,119;57,119;57,119
8747;52,259;52,259;52,259;52,259;52,259;52,259;52,259;52,259;52,259;52,259
8748;42,623;42,623;42,623;42,623;42,623;42,623;42,623;42,623;42,623;42,623
8749;43,487;43,487;43,487;43,487;43,487;43,487;43,487;43,487;43,487;43,487
8750;41,327;41,327;41,327;41,327;41,327;41,327;41,327;41,327;41,327;41,327
8751;48,127;48,127;48,127;48,127;48,127;48,127;48,127;48,127;48,127;48,127
8752;55,167;55,167;55,167;55,167;55,167;55,167;55,167;55,167;55,167;55,167
8753;72,387;72,387;72,387;72,387;72,387;72,387;72,387;72,387;72,387;72,387
8754;80,067;80,067;80,067;80,067;80,067;80,067;80,067;80,067;80,067;80,067
8755;69,965;69,965;69,965;69,965;69,965;69,965;69,965;69,965;69,965;69,965
8756;51,829;51,829;51,829;51,829;51,829;51,829;51,829;51,829;51,829;51,829
8757;51,709;51,709;51,709;51,709;51,709;51,709;51,709;51,709;51,709;51,709
8758;41,381;41,381;41,381;41,381;41,381;41,381;41,381;41,381;41,381;41,381
8759;18,941;18,941;18,941;18,941;18,941;18,941;18,941;18,941;18,941;18,941
